Ax,Ay,Az,Gx,Gy,Gz
0.4952476238119059,0.4898674005504129,0.7525644233174882,0.5005947294068402,0.4941852555941189,0.5005197342030452
0.5110055027513757,0.425068801601201,0.7600700525394046,0.5315136822645063,0.5445611036503479,0.4728813854927882
0.5855427713856928,0.2659494620965725,0.4513385038779085,1.0,0.4221706751312416,0.5376179430385266
0.4954977488744371,0.490367775831874,0.7523142356767576,0.5005650801402236,0.4941399096569405,0.5005493834696618
0.4339669834917458,0.3007255441581187,0.7850888166124594,0.4403003296300818,0.8694002127770899,0.8071664021486997
0.4954977488744371,0.4901175881911435,0.7528146109582188,0.500687165355704,0.4941399096569405,0.5005493834696618
0.5645322661330665,0.3742807105328998,0.7035276457343008,0.2961333868182849,0.6871269860648447,0.518145351169402
0.5672836418209104,0.4275706780085065,0.7165374030522893,1.0,0.582988297260059,0.2644208800599961
0.4954977488744371,0.4898674005504129,0.7525644233174882,0.5007028620262658,0.4942462982018591,0.5005040375324834
0.4952476238119059,0.4901175881911435,0.7525644233174882,0.5006557720145804,0.4942009522646807,0.5004726441913598
0.4952476238119059,0.4901175881911435,0.7528146109582188,0.5006557720145804,0.4942462982018591,0.5004883408619216
0.4944972486243121,0.4883662747060296,0.7528146109582188,0.500610426077402,0.4941852555941189,0.5004569475207981
0.1998499249624812,0.4831123342506881,0.52964723542657,0.5898390219230165,0.0810035404712489,0.587123497915831
0.1588294147073536,0.4258193645233926,0.7990993244933702,0.4664265657428885,1.0,0.6735737830720129
0.4952476238119059,0.4901175881911435,0.7528146109582188,0.5005947294068402,0.4941852555941189,0.5004726441913598
0.6095547773886942,0.4253189892419315,0.7523142356767576,1.0,0.4084046950485724,0.5431885170134468
0.5872936468234117,0.2026519889917439,0.5251438578934201,1.0,0.2882118004081134,0.5653609362191953
0.5577788894447223,0.1551163372529397,0.5126344758568928,0.3881245966827703,0.6253047770200744,0.5948602124282749
0.4954977488744371,0.4898674005504129,0.7525644233174882,0.500610426077402,0.494171302998064,0.5004726441913598
0.4947473736868433,0.4883662747060296,0.7528146109582188,0.5005807768107854,0.4941556063275023,0.5004726441913598
0.4942471235617808,0.4888666499874907,0.7523142356767576,0.5007028620262658,0.4942009522646807,0.5004569475207981
0.7201100550275137,0.3955466599949964,0.5664248186139605,0.6006435634930324,0.9647016760556012,0.559792106318782
0.5307653826913457,0.3872904678508883,0.6745058794095573,1.0,0.1495700856340583,0.4462371592514432
0.4922461230615307,0.3755316487365525,0.6672504378283715,0.544407625093744,0.5780438460331025,0.7310305736261054
0.5855427713856928,0.2932199149362022,0.4756067050287716,1.0,0.2449343355948166,0.5982175558539861
0.4949974987493746,0.4898674005504129,0.7530647985989494,0.5006418194185256,0.4941556063275023,0.5005040375324834
0.4844922461230614,0.3875406554916188,0.3377533149862397,1.0,0.3682857491672044,0.7110853375656208
0.5080040020010005,0.4736052039029273,1.0000000000000002,0.5403195144496573,0.8985471859357832,0.4516996006069379
0.2248624312156077,0.417312984738554,0.4911183387540656,0.5249350332246193,0.8114550813610757,0.4708530268413066
0.4942471235617808,0.4896172129096824,0.7523142356767576,0.5007168146223206,0.4941242129863787,0.5005040375324834
0.5082541270635317,0.5556667500625471,0.581686264698524,0.3113469487416502,0.0,0.4114114794984042
0.5430215107553776,0.3277458093570179,0.5396547410557919,0.0,0.5945096534523955,0.2312747440570661
0.7526263131565782,0.3345008756567427,0.4953715286464849,0.3715663533146136,0.0,0.2269860648446901
0.5332666333166582,0.4660995746810109,0.9141856392294222,1.0,0.5730836981355844,0.5739836405811256
0.4949974987493746,0.4898674005504129,0.7530647985989494,0.5007482079634442,0.4941852555941189,0.5005336867991
0.5765382691345672,0.2874655991993996,0.3352514385789342,0.9514397335054152,0.4824807715785618,0.4167692763834871
0.4952476238119059,0.4901175881911435,0.7530647985989494,0.5006418194185256,0.4941852555941189,0.5005650801402236
0.4957478739369684,0.4906179634726046,0.7528146109582188,0.5007168146223206,0.4941852555941189,0.5005040375324834
0.5625312656328163,0.4425819364523394,0.8801601200900677,0.9658771822732268,0.5202347524286237,0.5947695205539181
0.4944972486243121,0.4883662747060296,0.7528146109582188,0.5007482079634442,0.4942323456058042,0.5004883408619216
0.2258629314657328,0.4155616712534402,0.4125594195646735,0.4853340774717896,0.3757939899192494,0.6747196400230218
0.0410205102551275,0.5013760320240181,0.7545659244433327,0.6118300573800513,1.0,0.6021399794199208
0.4954977488744371,0.4898674005504129,0.7530647985989494,0.5006557720145804,0.4941556063275023,0.5004883408619216
0.0577788894447223,0.4668501376032025,0.826870152614461,0.6567277674102238,0.9871200097668172,0.6889565202225438
0.4144572286143071,0.5814360770577935,0.6795096322241683,0.4538203952072832,1.0,0.5201597572248287
0.4949974987493746,0.4898674005504129,0.7530647985989494,0.5007168146223206,0.4941556063275023,0.5004116015836196
0.6918459229614806,0.375281461095822,0.7728296222166626,0.7617053560528106,0.8211294626506445,0.4438564975495753
0.4519759879939969,0.4218163622717039,0.662997247935952,0.1950311317299475,0.0,0.0
0.4944972486243121,0.4888666499874907,0.7533149862396799,0.5009609850532815,0.4940492177825836,0.5005493834696618
0.3649324662331165,0.3695271453590193,0.9074305729296974,0.3612658492770811,0.999618047682997,0.9051397875717252
0.4949974987493746,0.4896172129096824,0.7525644233174882,0.5006418194185256,0.4940945637197621,0.5004726441913598
0.4942471235617808,0.4886164623467602,0.7525644233174882,0.5005807768107854,0.4942166489352425,0.5005650801402236
0.584792396198099,0.3667750813109833,0.7695771828871656,0.2308317491323229,0.6409020353349495,0.3084169035701205
0.2216108054027013,0.4103077307980987,0.5486614961220917,0.4872577916528594,0.2326176814273506,0.5276209079651882
0.4949974987493746,0.4898674005504129,0.7530647985989494,0.500610426077402,0.4941242129863787,0.5004116015836196
0.5965482741370685,0.4650988241180886,0.591693770327746,1.0,0.0,0.5487573469138601
0.4874937468734366,0.4535901926444834,0.7265449086815112,0.0,0.4481748260285679,0.6729790536651725
0.4949974987493746,0.4898674005504129,0.7530647985989494,0.5006261227479638,0.494171302998064,0.5005807768107854
0.5267633816908454,0.4375781836377284,0.6865148861646235,0.5279889076861364,0.4457784676561382,0.4805884507386155
0.488744372186093,0.430572929697273,0.5854390793094822,0.0,0.6548040532291539,0.6263581980222195
0.577288644322161,0.2621966474856143,0.3822867150362773,0.4954375010900466,0.5057990477353193,0.5380609379632698
0.4949974987493746,0.4898674005504129,0.7525644233174882,0.5006418194185256,0.494171302998064,0.5005040375324834
0.5705352676338168,0.3662747060295223,0.741055791843883,0.5256535919214469,0.4760556010952788,0.5389451837382493
0.4944972486243121,0.4878658994245685,0.7530647985989494,0.500610426077402,0.4941852555941189,0.5005197342030452
0.4952476238119059,0.4898674005504129,0.7525644233174882,0.500610426077402,0.4941852555941189,0.5005197342030452
0.4952476238119059,0.4898674005504129,0.7530647985989494,0.5006418194185256,0.4942166489352425,0.5004883408619216
0.8399199599799898,0.3112334250688017,0.7260445334000502,0.5632715349599735,0.0959432826970368,0.3103859636883688
0.5102551275637819,0.4080560420315238,0.8001000750562923,1.0,0.74949683450477,0.3721610827214539
0.4954977488744371,0.4898674005504129,0.7528146109582188,0.500610426077402,0.4942009522646807,0.5003505589758794
0.2651325662831415,0.4428321240930699,0.6332249186890169,0.3113172994750336,1.0,0.7459563632558383
0.5435217608804401,0.3975481611208407,0.816862646985239,0.2273226712245147,0.4946282505188621,0.5015557144601217
0.6175587793896947,0.4235676757568177,0.6512384288216163,0.6282208695955491,1.0,0.633896088040881
0.5327663831915957,0.1943957968476358,0.5869402051538655,0.0,0.4157158553813419,0.4107853567504403
0.5582791395697848,0.2469352014010509,0.3742807105328997,1.0,0.5199609327310463,0.5770514676386975
0.4947473736868433,0.4893670252689518,0.7523142356767576,0.5006714686851422,0.4942323456058042,0.5005197342030452
0.5482741370685342,0.583937953465099,0.5586690017513136,0.4301672567452081,1.0,0.7540750300852852
0.5875437718859429,0.5306479859894923,0.741055791843883,0.0,0.68978146746429,0.4913319497008912
0.5405202601300649,0.399049286965224,0.691268451338504,0.0,0.3357186459005529,0.5253780281493625
0.3784392196098048,0.5626720040030024,0.4553415061295973,0.5645830789891344,1.0,1.0
0.4954977488744371,0.4898674005504129,0.7528146109582188,0.5005947294068402,0.4941556063275023,0.5005040375324834
0.5550275137568784,0.4280710532899676,0.7495621716287216,0.0047770200742975,0.6801210387707762,0.5257146345291871
0.2796398199099549,0.563422566925194,0.7368026019514637,0.3688194359663045,1.0,0.4512879990233183
0.7286143071535767,0.2476857643232425,0.9194395796847638,0.0,0.3279365854509304,0.1939480614611856
0.5597798899449724,0.3825369026770079,0.659744808606455,0.0,0.3995849102673666,0.4732179918726128
0.4954977488744371,0.4901175881911435,0.7530647985989494,0.5005947294068402,0.4942009522646807,0.5005336867991
0.4839919959979989,0.4791093319989993,0.4550913184888667,0.4568585729982385,0.0,0.3595706088564103
0.4952476238119059,0.4898674005504129,0.7528146109582188,0.5005197342030452,0.4942166489352425,0.5004726441913598
0.349424712356178,0.5689266950212661,0.7092819614711035,0.6075570748382371,1.0,0.6003087011877147
0.4939969984992495,0.4883662747060296,0.7525644233174882,0.5005493834696618,0.4942009522646807,0.5004726441913598
0.4957478739369684,0.4898674005504129,0.7525644233174882,0.5007028620262658,0.4941852555941189,0.5005493834696618
0.4952476238119059,0.4896172129096824,0.7530647985989494,0.5005947294068402,0.4941852555941189,0.5005197342030452
0.5175087543771886,0.3350012509382037,0.6084563422566927,0.0,0.5032963008179709,0.5760887385109092
0.7633816908454226,0.3204903677758319,0.5131348511383539,0.4139752690234927,0.9471527983675464,0.8374278389172785
0.4212106053026513,0.3920440330247687,0.4345759319489618,0.0,0.620574846957462,0.0468493294033521
0.4939969984992495,0.4888666499874907,0.7540655491618715,0.5006418194185256,0.4941399096569405,0.5004883408619216
0.5692846423211605,0.2419314485864399,0.6044533400050038,0.0,0.6148978844376232,0.5616844271587282
0.6570785392696348,0.302226670002502,0.6407305479109333,0.4479306555976071,0.0,0.5323979280394858
0.5425212606303151,0.394045534150613,0.7162872154115588,0.5464848178314178,0.6117533181017493,0.5203568376441041
0.4952476238119059,0.4898674005504129,0.7528146109582188,0.5005493834696618,0.4942009522646807,0.5005040375324834
0.4954977488744371,0.4898674005504129,0.7525644233174882,0.5007482079634442,0.4941399096569405,0.5004883408619216
0.5205102551275638,0.1396047035276458,0.3485113835376533,0.0864206358895652,0.6199033782723198,0.531696810087727
0.5057528764382191,0.4836127095321492,0.7322992244183139,0.3476986936881944,0.4261680939009714,0.4371871566353315
0.4952476238119059,0.4898674005504129,0.7530647985989494,0.5005807768107854,0.494171302998064,0.5004726441913598
0.4469734867433716,0.4638478859144359,0.7995996997748313,0.4424071716343722,0.0,1.5696670561837767e-05
0.4954977488744371,0.4901175881911435,0.7528146109582188,0.5005807768107854,0.494171302998064,0.5004429949247432
0.5450225112556277,0.4128096072054041,0.8836627470602954,0.0,0.326593648080646,0.3482934230950346
0.5075037518759379,0.3590192644483364,0.6825118839129348,0.0,0.4856235938399288,0.4250693269616478
0.6908454227113556,0.4015511633725295,0.4648486364773581,0.4603833475766085,1.0,0.9627797059490382
0.4052026013006503,0.5281461095821868,0.5681761320990744,0.4584910267366622,1.0,0.5907860543802431
0.4949974987493746,0.4896172129096824,0.7528146109582188,0.500610426077402,0.4942462982018591,0.5005197342030452
0.5605302651325662,0.2264198148611459,0.4863647735801852,0.9606885606153096,0.243300137781886,0.5756474876606729
0.6098049024512255,0.1436077057793345,0.3882912184138104,0.0,0.5124526919790013,0.5097964665050491
0.4954977488744371,0.4901175881911435,0.7525644233174882,0.5007325112928824,0.4941399096569405,0.5004569475207981
0.2841420710355177,0.5116337252939707,0.7225419064298225,0.5870781519786525,0.0,0.3205190365732424
0.4937468734367183,0.4886164623467602,0.7528146109582188,0.5005947294068402,0.4941556063275023,0.5004116015836196
0.4954977488744371,0.4901175881911435,0.7530647985989494,0.5006557720145804,0.4942009522646807,0.5004726441913598
0.4419709854927463,0.4906179634726046,0.662496872654491,1.0,0.859052618727872,0.4671904703768945
0.5577788894447223,0.2494370778083564,0.4348261195896923,0.9999389573922596,0.3321328287144427,0.2394248042276366
0.6000500250125061,0.4288216162121592,0.5466599949962473,1.0,0.5175035317508764,0.3368174128398765
0.371935967983992,0.4568426319739806,0.5223917938453841,0.5782880164640634,0.0,0.2997349006749569
0.604552276138069,0.4793595196397299,0.7843382536902679,0.9945061653033818,0.5539773619129009,0.5164658074192929
0.6078039019509754,0.4345759319489618,0.555666750062547,0.0,0.8837905715332159,0.2345413956084204
0.4197098549274637,0.4240680510382788,0.5949462096572431,0.6861189109998779,1.0,0.7107801245269199
0.4952476238119059,0.4898674005504129,0.7525644233174882,0.5006557720145804,0.4942323456058042,0.5005197342030452
0.2116058029014507,0.3350012509382037,0.558418814110583,0.403003296300818,0.9958037567364876,0.522280551825174
0.5632816408204101,0.3615211408556418,0.8593945459094322,0.5958822400892966,0.4666393428327258,0.4528594101540018
0.5542771385692846,0.4473355016262198,0.4195646735051289,0.0,0.8620140572405253,0.2410886513071838
0.4734867433716858,0.5481611208406306,0.7202902176632475,0.9977257268430506,0.6253361703611978,0.4692188290283761
0.3519259629814907,0.5566675006254692,0.6272204153114838,0.990050054938347,1.0,0.4489683799291906
0.1175587793896948,0.542406805103828,0.5771828871653741,0.5988436786019499,1.0,0.7394405008981983
0.568784392196098,0.341506129597198,0.7638228671503628,0.0,0.5110330153304149,0.5320473690636064
0.2068534267133566,0.4053039779834877,0.5323992994746061,0.5960357186459005,0.1881333170553046,0.4223381062839004
0.4947473736868433,0.4893670252689518,0.7525644233174882,0.5005947294068402,0.4942462982018591,0.5005040375324834
0.4939969984992495,0.4883662747060296,0.7525644233174882,0.5006261227479638,0.4942462982018591,0.5005336867991
0.4939969984992495,0.4883662747060296,0.7528146109582188,0.5006261227479638,0.4942776915429827,0.5003662556464412
0.24112056028014,0.5511633725293972,0.6572429321991495,0.2212341071210561,0.0,0.1351640302073704
0.4949974987493746,0.4898674005504129,0.7528146109582188,0.5005493834696618,0.4941242129863787,0.5005197342030452
0.5502751375687843,0.4240680510382788,0.8233675256442332,0.5900988890245391,0.0,0.4886007290231439
0.3786893446723361,0.2967225419064299,0.4438328746559921,6.104260774025816e-05,0.6955194725918692,0.830041683380714
0.5597798899449724,0.6067050287715788,0.4418313735301477,0.3683014458377662,1.0,0.9999703507333833
0.4949974987493746,0.4898674005504129,0.7528146109582188,0.500687165355704,0.4941556063275023,0.5004883408619216
0.0080040020010004,0.5566675006254692,0.5331498623967977,0.6724296701955108,0.0005493834696618,0.4871967490451192
0.4944972486243121,0.4881160870652991,0.7528146109582188,0.5007028620262658,0.4942166489352425,0.5005040375324834
0.4959979989994997,0.4886164623467602,0.7525644233174882,0.5006418194185256,0.4942009522646807,0.5005493834696618
0.5515257628814406,0.3890417813360021,0.6634976232174132,0.0,0.4110905697891414,0.5391283115614699
0.4954977488744371,0.4901175881911435,0.7528146109582188,0.5006418194185256,0.4942323456058042,0.5004569475207981
0.5385192596298148,0.3517638228671504,0.6067050287715787,0.0,0.2790100633099046,0.506119957444582
0.6988494247123561,0.1230923192394297,0.326494871153365,0.6961612920103947,0.3135915726319828,0.4833353680869247
0.8586793396698348,0.3595196397297974,0.7858393795346511,0.5542668782810402,0.3315834452447809,0.5088511781223294
0.3734367183591796,0.4005504128096073,0.6915186389792345,0.446252855922005,0.5785321868950242,0.5479951863543611
0.7358679339669834,0.3525143857893421,0.4415811858894171,0.4515775153914575,0.99647522542163,0.7132671747737063
0.344672336168084,0.5251438578934202,0.6112084063047286,0.435615745504648,1.0,0.3791513333449605
0.4954977488744371,0.3565173880410309,0.7010257693269953,0.0,0.6288766416101296,0.6132950799658161
0.8566783391695847,0.336502376782587,1.0000000000000002,0.7674730104470062,0.3722221253291941,0.3797914086889792
0.5975487743871936,0.359769827370528,0.4140605454090568,0.0,0.4329455674346408,0.2745853462859933
0.3404202101050525,0.4073054791093321,0.4873655241431074,0.4720267889844254,0.9778258367197448,0.5171826220416136
0.1838419209604802,0.4921190893169879,0.6710032524393297,0.6482271482637738,0.0,0.3501700472644191
0.4942471235617808,0.4888666499874907,0.7530647985989494,0.5006261227479638,0.4942323456058042,0.5004569475207981
0.5220110055027514,0.367525644233175,0.7888416312234177,1.0,0.4827563353506461,0.5579137380748905
0.4089544772386193,0.6014510883162374,0.6542406805103829,0.0721366656783578,0.0,0.0998657062629715
0.4952476238119059,0.490367775831874,0.7528146109582188,0.5006557720145804,0.4942323456058042,0.5005040375324834
0.5717858929464732,0.599449587190393,0.6892669502126596,0.4571934353035561,1.0,0.591869124649005
0.5477738869434716,0.4120590442832125,0.6619964973730299,0.8375045781955806,0.4203237002284737,0.5268134014685107
0.5485242621310654,0.5281461095821868,0.6487365524143108,0.5788060065926016,0.4914383382458098,0.4439332368278773
0.4977488744372185,0.4923692769577184,0.7535651738804104,0.5006714686851422,0.4940178244414601,0.5024120550429915
0.6455727863931965,0.4515886915186391,0.5018764073054792,1.0,0.502532396183965,0.5676195127055828
0.5427713856928463,0.5076307230422819,0.6927695771828872,1.0,0.0,0.750794425937876
0.5175087543771886,0.4926194645984489,0.8826619964973732,0.0,0.7311526588415858,0.5264314491515077
0.5140070035017508,0.4338253690267702,0.8056042031523645,0.0182674363848823,0.6664021486997924,0.4679683276069554
0.4954977488744371,0.4898674005504129,0.7528146109582188,0.5005197342030452,0.4941399096569405,0.5004726441913598
0.8274137068534266,0.1180885664248187,0.4906179634726045,0.8740847969025236,0.7292917313427629,0.5013586340408462
0.737368684342171,0.3767825869402053,0.7042782086564925,0.4794129445209899,0.3744353558784031,0.5506653644243682
0.165832916458229,0.3985489116837629,0.5176382286715037,0.4756736487782758,0.0386242740289865,0.6112963705809512
0.4942471235617808,0.4761070803102328,0.8216162121591195,0.535373319148194,0.0,0.5259134590229695
0.5007503751875937,0.4973730297723294,0.7535651738804104,0.5006261227479638,0.49449046863282,0.5128346442960043
0.5817908954477238,0.4951213410057544,0.6387290467850889,0.4878821703263163,0.5940823551982141,0.4663655231351483
0.5292646323161581,0.2989742306730049,0.5831873905429072,1.0,0.581765701030748,0.4724401346425519
0.4952476238119059,0.4898674005504129,0.7530647985989494,0.500687165355704,0.4942462982018591,0.5004569475207981
0.2078539269634817,0.3432574430823119,0.5081310983237429,0.5882222648551546,0.5301236548825365,0.3871932608961055
0.3196598299149574,0.4070552914686016,0.8181135851888919,0.3976472434902419,0.3208085529413816,0.5604478783333624
0.5870435217608804,0.1761320990743058,0.7237928446334753,0.976957287615327,0.6230322479376319,0.6391161030399218
0.0690345172586293,0.4053039779834877,0.5283962972229173,0.7718384289376843,0.9973751678671712,0.6310881280848317
0.4952476238119059,0.4901175881911435,0.7528146109582188,0.5005807768107854,0.4941852555941189,0.5005650801402236
0.4954977488744371,0.4898674005504129,0.7530647985989494,0.5006557720145804,0.4941556063275023,0.5005197342030452
0.4954977488744371,0.4901175881911435,0.7528146109582188,0.5005947294068402,0.4942009522646807,0.5004272982541814
0.22136068034017,0.4385789342006506,0.581185889417063,0.5815686206114725,0.5604618309294173,0.4102830632924638
0.5907953976988494,0.2717037778333751,0.550662997247936,0.0,0.5020911453337287,0.4852730348640494
0.4952476238119059,0.4901175881911435,0.7528146109582188,0.5005807768107854,0.4941399096569405,0.5005650801402236
0.3819409704852425,0.593945459094321,0.651988991743808,0.5485899157612013,1.0,0.1869281615710623
0.5787893946973486,0.4645984488366276,0.652489367025269,0.6054816261750702,0.0,0.5221584666096936
0.4957478739369684,0.4901175881911435,0.7520640480360272,0.5005947294068402,0.4941852555941189,0.5005197342030452
0.5157578789394697,0.5043782837127847,0.7535651738804104,0.5003209097092628,0.4938346966182395,0.5111864938870189
0.4927463731865932,0.4503377533149864,0.7353014761070804,0.1365366168442716,0.6824860038020825,0.5275755620280098
0.4952476238119059,0.4901175881911435,0.7523142356767576,0.5006714686851422,0.4942166489352425,0.5004726441913598
0.4939969984992495,0.4886164623467602,0.7528146109582188,0.5006557720145804,0.4943073408095993,0.5005197342030452
0.5022511255627813,0.5946960220165125,0.84013009757318,0.2876641610129585,1.0,0.7289708216335001
0.6378189094547273,0.4668501376032025,0.6642481861396048,0.3441739191098243,0.0,0.3388632122364267
0.4952476238119059,0.4898674005504129,0.7525644233174882,0.5006557720145804,0.4941852555941189,0.5003976489875648
0.4954977488744371,0.4908681511133351,0.7528146109582188,0.5006261227479638,0.4941556063275023,0.5004429949247432
0.5470235117558779,0.4008006004503379,0.576182136602452,0.4853654708129131,1.0,0.3551005458953206
0.6060530265132565,0.1050788091068302,0.4625969477107832,0.6388876292795228,0.8663777316566963,0.2863665695798524
0.7508754377188593,0.3385038779084314,0.6772579434575933,0.1362627971466941,0.0,0.3517885484067879
0.5287643821910955,0.4423317488116088,0.592194145609207,1.0,0.2309084884106249,0.726834330362593
0.5775387693846923,0.5506629972479361,0.4380785589191894,1.0,0.0371906447843452,0.8442192650470028
0.4952476238119059,0.4901175881911435,0.7530647985989494,0.500687165355704,0.494171302998064,0.5004569475207981
0.6158079039519759,0.3044783587690769,0.6860145108831625,0.5959746760381603,0.4234979158309643,0.5925248966635854
0.4954977488744371,0.4896172129096824,0.7528146109582188,0.5005807768107854,0.494171302998064,0.5005040375324834
0.5630315157578789,0.3975481611208407,0.709532149111834,0.5086837469696706,0.4695850846748173,0.587580445436629
0.6763381690845421,0.3377533149862398,0.5381536152114087,0.445335472731395,0.9875769572876154,0.5216090831400317
0.4952476238119059,0.4896172129096824,0.7530647985989494,0.500687165355704,0.4942166489352425,0.5004883408619216
0.4957478739369684,0.4898674005504129,0.7528146109582188,0.5007168146223206,0.4942323456058042,0.5005650801402236
0.4877438719359679,0.4505879409557169,0.6875156367275458,0.2817883739993372,0.5490329106859445,0.4347001063885449
0.6125562781390694,0.4550913184888668,0.7493119839879911,1.0,0.5765927760433925,0.2600415089732633
0.4867433716858428,0.5033775331498626,0.7553164873655243,0.5013882833074629,0.4943230374801611,0.5396009557528297
0.4919959979989994,0.4873655241431074,0.7525644233174882,0.5005040375324834,0.4941399096569405,0.5036625564644122
0.4717358679339669,0.3575181386039531,0.6877658243682763,0.5829412072483736,0.8161082721453861,0.5844533198458238
0.4937468734367183,0.487615711783838,0.751563672754566,0.5004272982541814,0.495254373266826,0.4863874984739348
0.4952476238119059,0.490367775831874,0.7525644233174882,0.5005947294068402,0.4940945637197621,0.5004429949247432
0.9117058529264632,0.4736052039029273,0.7458093570177634,0.583673718541256,0.0,0.3149798559394458
0.5215107553776888,0.4440830622967227,0.8931698774080562,0.0,0.6119364459249699,0.6258855538308596
0.0935467733866933,0.3580185138854141,0.5591693770327747,0.5011598095470639,0.749878786821773,0.6494323037480161
0.4944972486243121,0.4891168376282213,0.7528146109582188,0.5006557720145804,0.4942166489352425,0.5004726441913598
0.8434217108554276,0.4711033274956218,0.4213159869902427,0.4588415857125416,1.0,0.9677241571759944
0.1455727863931966,0.3980485364023018,0.5729296972729548,0.4643197237385981,1.0,0.7328618518583114
0.6560780390195097,0.5321491118338756,0.0,0.7940422414845563,0.1812355023806617,0.3806913511345204
0.1680840420210105,0.3530147610708032,0.5749311983987992,0.6397875717250641,0.7274447564399951,0.4096255472033765
0.4954977488744371,0.4896172129096824,0.7528146109582188,0.5006714686851422,0.4941399096569405,0.5004883408619216
0.4997498749374687,0.4971228421315988,0.7257943457593197,0.6483335368086924,0.0,0.453836091877845
0.0950475237618809,0.3370027520640481,0.738303727795847,0.6513699705251408,0.64209149414863,0.5625233269965293
0.4952476238119059,0.4898674005504129,0.7525644233174882,0.500687165355704,0.4942009522646807,0.5005336867991
0.5447723861930965,0.1966474856142107,0.3340005003752815,0.3576329420792856,0.6401991733086837,0.4046810959764201
0.5020010005002501,0.5734300725544159,0.4676007005253941,1.0,0.8266389940178245,0.7883495822941555
0.4942471235617808,0.4891168376282213,0.7530647985989494,0.5006714686851422,0.4942323456058042,0.5004569475207981
0.6478239119559779,0.1816362271703779,0.3812859644733551,0.1680956450459563,0.3470725709402306,0.5250885117812233
0.7576288144072035,0.3420065048786591,0.6695021265949463,0.3595863055269721,0.0,0.291754015731552
0.4952476238119059,0.4898674005504129,0.7525644233174882,0.5006261227479638,0.494171302998064,0.5005493834696618
0.4952476238119059,0.4901175881911435,0.7530647985989494,0.5006557720145804,0.4942323456058042,0.5005197342030452
0.4949974987493746,0.4898674005504129,0.7528146109582188,0.5005807768107854,0.4942009522646807,0.5005040375324834
0.6293146573286643,0.7865899424568428,0.717287965974481,0.2727226747126637,1.0,0.6088093203341647
0.8094047023511755,0.1831373530147612,0.3822867150362773,0.0099656417322148,0.4113347402201022,0.5032806041474092
0.6935967983991995,0.3209907430572931,0.8573930447835878,0.6225421630012034,0.1765962641924063,0.5870624553080908
0.5690345172586293,0.1526144608456343,0.3445083812859645,0.7896157803861381,0.4574986483422572,0.4165094092819645
0.4952476238119059,0.4898674005504129,0.7528146109582188,0.5005650801402236,0.4941852555941189,0.5005493834696618
0.1493246623311656,0.3732799599699776,0.8754065549161872,0.3840957845719169,0.6532483387690322,0.5803774177232851
0.7831415707853926,0.3324993745308983,0.6927695771828872,0.4018731360203708,0.715586793867834,0.6389783211538798
0.2133566783391696,0.5349011758819116,0.4370778083562673,0.6425344890733732,1.0,0.9142194394544536
0.4952476238119059,0.4896172129096824,0.7525644233174882,0.5006418194185256,0.494171302998064,0.5005040375324834
0.2576288144072036,0.479859894921191,0.5606705028771579,0.41318171512287,0.0,0.1953973873763887
0.3689344672336168,0.5336502376782588,0.6482361771328498,0.2385388143781502,0.0,0.0
0.4952476238119059,0.4898674005504129,0.7525644233174882,0.5007028620262658,0.4941852555941189,0.5005197342030452
0.6143071535767883,0.3745308981736303,0.6787590693019766,0.6325078047334182,0.0,0.6277168320630657
0.3041520760380189,0.4515886915186391,0.5659244433324995,0.5910145281406421,0.0,0.4568725255942933
0.5055027513756878,0.338754065549162,0.6692519389542158,0.0,0.6197045537785374,0.4519141217712821
0.4809904952476238,0.4518388791593696,0.7633224918689018,0.3783420827737761,0.4116713465999267,0.4891187191516821
0.6250625312656327,0.291718789091819,0.4408306229672255,1.0,0.2391038945183738,0.4471527983675463
0.4924962481240619,0.4881160870652991,0.7540655491618715,0.5005947294068402,0.4941556063275023,0.5004726441913598
0.4942471235617808,0.4886164623467602,0.7525644233174882,0.5006714686851422,0.4942166489352425,0.5004272982541814
0.534017008504252,0.234676007005254,0.2729547160370278,0.2944695397387377,0.6145612780577986,0.4562934928580149
0.6368184092046022,0.27395546659995,0.7998498874155617,0.2116504177058444,0.4155170308875595,0.8451662975042293
0.8941970985492745,0.3332499374530899,0.5539154365774331,0.6850201440605542,0.0,0.1127456964961543
0.4932466233116557,0.4148111083312485,0.3975481611208407,0.5135218096517083,1.0,0.7933097301916738
0.3041520760380189,0.4093069802351765,0.5183887915936953,0.702799239583515,0.0,0.2483823708948846
0.4952476238119059,0.4898674005504129,0.7533149862396799,0.5006418194185256,0.4941852555941189,0.5004883408619216
0.0865432716358179,0.3815361521140857,0.7045283962972231,0.4736749393934109,0.0051572283167937,0.541570015871078
0.5877938969484742,0.2539404553415062,0.4768576432324244,0.9666550395032876,0.692467342204859,0.3505676962519839
0.5562781390695347,0.4518388791593696,0.7555666750062549,0.0,0.375518426147165,0.5261419327833685
0.1843421710855427,1.0000000000000002,1.0000000000000002,1.0,0.943504194499189,0.3256169663568027
0.4947473736868433,0.4893670252689518,0.7525644233174882,0.5005650801402236,0.494108516315817,0.5005197342030452
0.4952476238119059,0.4898674005504129,0.7528146109582188,0.5006557720145804,0.4942009522646807,0.5005197342030452
0.4949974987493746,0.4898674005504129,0.7528146109582188,0.5005807768107854,0.4941852555941189,0.5005493834696618
0.4952476238119059,0.4861145859394547,0.7520640480360272,0.5006261227479638,0.4942776915429827,0.4979245513368331
0.5280140070035017,0.4523392544408307,0.8043532649487117,1.0,0.7229729494043986,0.5806058914836841
0.5325162581290644,0.3342506880160121,0.5053790342757069,1.0,0.403308509339519,0.355299370389103
0.0145072536268134,0.4330748061045785,0.8003502626970229,0.6642046148211451,0.9999546540628216,0.4690357012051555
0.5797898949474737,0.2494370778083564,0.4836127095321492,0.9800704606100772,0.4802675410293527,0.6562080332071786
0.0532766383191595,0.4368276207155367,0.7320490367775834,0.5442262413450303,0.0,0.2561190854073286
0.4942471235617808,0.4886164623467602,0.7528146109582188,0.5007028620262658,0.4942462982018591,0.5004429949247432
0.4952476238119059,0.4926194645984489,0.7528146109582188,0.5005336867991,0.4944451226956415,0.4990529675427734
0.5155077538769384,0.4143107330497874,0.7495621716287216,0.5633011842265901,0.3896506618762753,0.4735999441896157
0.465232616308154,0.5078809106830124,0.3277458093570178,0.486525280359977,1.0,1.0
0.465232616308154,0.5854390793094822,0.5043782837127847,0.5425920435320997,0.0,0.1438163838359175
0.3161580790395197,0.5434075556667501,0.7100325243932951,0.0602647505101417,0.0,0.3527198841934528
0.4949974987493746,0.4898674005504129,0.7528146109582188,0.5005947294068402,0.4942009522646807,0.5004116015836196
0.6028014007003502,0.3362521891418565,0.6717538153615212,1.0,0.3548563754643598,0.5527704623541517
0.5757878939469734,0.1868901676257193,0.4013009757317989,0.3848736418019778,0.564689467534053,0.5160542058356733
0.4944972486243121,0.4878658994245685,0.7528146109582188,0.5007028620262658,0.494171302998064,0.5004883408619216
0.6195597798899449,0.224168126094571,0.4665999499624719,1.0,0.3117602943997767,0.4677241571759946
0.549024512256128,0.5051288466349764,0.7603202401801352,0.6817238432425833,0.5495212515478661,0.5461482114515932
0.2026013006503251,0.5894420815611711,0.3845384038028522,0.6049008493642848,0.0,0.3417165181296545
0.7133566783391695,0.4175631723792846,0.490367775831874,0.4480980867502659,1.0,0.974056891710414
0.6183091545772885,0.4165624218163624,0.811358518889167,0.799947677764794,0.431632279330973,0.3753196016533826
0.4952476238119059,0.4901175881911435,0.7528146109582188,0.5006261227479638,0.4942166489352425,0.5005336867991
0.7071035517758879,0.3332499374530899,0.6427320490367777,0.4041020632401416,0.0,0.0658649737516787
0.5405202601300649,0.0197648236177133,0.2619464598448837,0.1298986692711512,0.3881245966827703,0.3782043008877339
0.5480240120060029,0.4143107330497874,0.735551663747811,0.0,0.6295620628913268,0.6670125747771944
0.4942471235617808,0.4898674005504129,0.7530647985989494,0.5008545965083628,0.4941556063275023,0.4967193958525908
0.001000500250125,0.3572679509632225,0.6262196647485615,0.6030242251949003,0.8575422502049288,0.6830214346756893
0.2816408204102051,0.414560920690518,0.5021265949462097,0.663060501944643,0.2612466644575056,0.381409909831348
0.5460230115057528,0.2852139104328247,0.3520140105078809,0.8086924673422049,0.4739801524321119,0.5148176570103075
0.1150575287643821,0.3915436577433075,0.558418814110583,0.4242461237944085,0.2344332629889949,0.629227200586009
0.3354177088544272,0.4453340005003754,0.6542406805103829,0.2819401084814343,1.0,0.7372726162861677
0.5450225112556277,0.4215661746309733,0.5666750062546911,0.5272406997226922,1.0,0.683584770741406
0.5750375187593796,0.4638478859144359,0.7370527895921942,0.8127509287196749,0.4842824005441512,0.5457366098679736
0.5250125062531265,0.4128096072054041,0.7535651738804104,0.0014039799780247,0.7591101731865986,0.4639552121666637
0.212856428214107,0.3867900925694272,0.500875656742557,0.4157455046479585,0.5156112109109301,0.6324014161884995
0.1608304152076037,0.3357518138603954,0.5173880410307732,0.5177320055112754,0.829966688176919,0.5727017458185814
0.6085542771385692,0.2819614711033276,0.6614961220915688,0.0,0.6835254722081727,0.4673265081884298
0.355927963981991,0.607705779334501,0.6642481861396048,0.4441303172471528,1.0,0.5701065629523694
0.4954977488744371,0.4896172129096824,0.7528146109582188,0.5006714686851422,0.4941852555941189,0.5004569475207981
0.3366683341670835,0.4073054791093321,0.673505128846635,0.4775973629593456,0.6979315276348605,0.5327031410781868
0.4954977488744371,0.4901175881911435,0.7528146109582188,0.5006418194185256,0.4940945637197621,0.5005947294068402
0.6885942971485742,0.4400800600450339,0.7445584188141107,0.6689502415543191,0.606732127596491,0.6423967071873311
0.4942471235617808,0.4886164623467602,0.7528146109582188,0.5006714686851422,0.494171302998064,0.5005040375324834
0.5807903951975988,0.3059794846134602,0.3477608206154616,1.0,0.2228369115928632,0.6813122416589636
0.5102551275637819,0.4295721791343508,0.7373029772329248,0.0061949526483772,0.5622181139578283,0.4608263425013517
0.5870435217608804,0.6019514635976984,0.8761571178383789,0.962413450302597,0.4277708983727785,0.5288731534611159
0.6775887943971985,0.443332499374531,0.8653990492869654,0.5132619425501858,0.3894204440413694,0.5354971484381813
0.4949974987493746,0.4893670252689518,0.7530647985989494,0.500610426077402,0.4942009522646807,0.5005040375324834
0.4954977488744371,0.4901175881911435,0.7528146109582188,0.5006714686851422,0.4942009522646807,0.5005197342030452
0.228864432216108,0.4150612959719791,0.545659244433325,0.467846242391475,0.5122695641557807,0.3988070530373057
0.00200100050025,0.4741055791843884,0.5644233174881161,0.284031253815163,0.3115614699059944,0.7873118579625722
0.2318659329664832,0.4253189892419315,0.5726795096322242,0.556495805500811,0.0092174337687706,0.5008545965083628
0.4954977488744371,0.4898674005504129,0.7530647985989494,0.5006261227479638,0.4941242129863787,0.5004569475207981
0.5727863931965982,0.4580935701776333,0.9274455841881412,0.6663097127509288,0.7029980640772974,0.55971536704048
0.1395697848924462,0.5176382286715038,0.5509131848886666,0.7851143240839249,1.0,0.648593403910215
0.0240120060030015,0.354766074555917,0.7047785839379536,0.4619547587072919,0.7006313549714844,0.6351029875996302
0.4952476238119059,0.4901175881911435,0.7530647985989494,0.5006261227479638,0.4941556063275023,0.5004883408619216
0.4624812406203101,0.5609206905178885,0.573930447835877,0.4657097511205679,0.0,0.0
0.4957478739369684,0.4901175881911435,0.7525644233174882,0.500687165355704,0.4941399096569405,0.5005650801402236
0.289144572286143,0.5544158118588943,0.6852639479609708,0.1940858433472278,0.0,0.3297975129497532
0.5412706353176587,0.4395796847635728,0.6424818613960471,0.0,0.1283412107365226,0.4933620524268797
0.125312656328164,0.4263197398048537,0.5651738804103078,0.6463191307532657,0.3118213370075169,0.615980954706385
0.5695347673836918,0.4488366274706031,0.6942707030272706,1.0,0.3680869246734221,0.4789246036590683
0.532016008004002,0.4233174881160871,0.7680760570427823,0.0,0.5484521338751591,0.5418298829726006
0.2263631815907953,0.3329997498123593,0.6244683512634477,0.3977379353645988,0.6004761323403736,0.4992064460993773
0.4942471235617808,0.4886164623467602,0.7530647985989494,0.5006714686851422,0.4942323456058042,0.5004429949247432
0.6305652826413206,0.4726044533400051,0.9759819864898676,0.0042572858712524,0.7131293928876641,0.5950590369220573
0.5867933966983491,0.4388291218413812,0.6594946209657244,0.0,0.4270994296876362,0.6132950799658161
0.4944972486243121,0.4886164623467602,0.7525644233174882,0.5006261227479638,0.4942619948724209,0.5005040375324834
0.4952476238119059,0.4901175881911435,0.7528146109582188,0.5006557720145804,0.4942009522646807,0.5005493834696618
0.4009504752376187,0.5276457343007257,0.5804353264948713,0.5824999563981373,0.0,0.2774839981163995
0.5092546273136568,0.3532649487115338,0.5441581185889418,1.0,0.2735929678915884,0.4718890070983832
0.5532766383191595,0.3094821115836879,0.6137102827120341,1.0,0.3992186546209254,0.3554511048712001
0.5615307653826913,0.4240680510382788,0.7205404053039781,0.0,0.2657795141008424,0.453454139560842
0.3501750875437718,0.513635226419815,0.7550662997247937,0.1279610024940265,1.0,0.787556028393533
0.5662831415707853,0.2929697272954717,0.6752564423317489,0.9372481992430716,0.5666131817151229,0.6055880147199888
0.157328664332166,0.388541406054541,0.4893670252689518,0.4653731447407433,0.2288033904808413,0.2770113539250396
0.4982491245622811,0.4978734050537904,0.7680760570427823,0.5001220852154804,0.4927062804122992,0.5362279156565568
0.3609304652326163,0.5038779084313236,0.6069552164123093,0.8135601792908593,0.0,0.254395939794548
0.6325662831415707,0.4035526644983739,0.4508381285964474,0.4799937213317753,1.0,0.8293859113661335
0.6190595297648823,0.2619464598448837,0.425068801601201,1.0,0.428107504752603,0.4460069414165373
0.4952476238119059,0.4901175881911435,0.7528146109582188,0.5006418194185256,0.4942166489352425,0.5004272982541814
0.534017008504252,0.5128846634976234,0.7102827120340256,0.5667352669306033,1.0,0.540882850515374
0.5625312656328163,0.2591943957968478,0.6267200400300226,0.0,0.4824197289708216,0.3645307567539285
0.5695347673836918,0.404053039779835,0.6792594445834377,0.6443047246978391,0.9036294190487816,0.5668870014127003
0.4832416208104051,0.3517638228671504,0.7202902176632475,0.0,0.4506618762753545,0.4648708512827668
0.3064032016008003,0.4215661746309733,0.714535901926445,0.6673020911453338,1.0,0.8512077715960026
0.4947473736868433,0.4893670252689518,0.7525644233174882,0.500610426077402,0.4941556063275023,0.5005493834696618
0.4669834917458729,0.4878658994245685,0.6354766074555918,0.0,0.4231020109179064,0.4360116504177058
0.4949974987493746,0.4898674005504129,0.7528146109582188,0.5006418194185256,0.4942323456058042,0.5005336867991
0.2826413206603301,0.581686264698524,0.7120340255191395,0.4280761114114795,0.0,0.3559237490625599
0.2593796898449224,0.4578433825369028,0.641981486114586,0.6835551214747894,0.0,0.2327711599839545
0.5550275137568784,0.42006504878659,0.6722541906429823,0.6558871234979158,0.0,0.3862776217800024
0.5607803901950975,0.472104078058544,0.5328996747560671,0.6148664910964996,0.5701536529640546,0.3334757660847272
0.546273136568284,0.430572929697273,0.7373029772329248,0.0733121718959833,0.4675096360116504,0.5135811081849416
0.576288144072036,0.4605954465849388,0.9409557167875908,0.6393759701414444,0.4990529675427734,0.6080907616373371
0.4952476238119059,0.490367775831874,0.7530647985989494,0.5005493834696618,0.4942619948724209,0.5005197342030452
0.4792396198099049,0.5011258443832876,0.8118588941706282,0.0,0.1377121230618972,0.5550900814482794
0.5787893946973486,0.3017262947210408,0.4968726544908682,0.0,0.5451558330571882,0.4776270122259622
0.5305152576288144,0.4148111083312485,0.8518889166875158,0.0,0.3983187121753841,0.7608647121405026
0.1193096548274136,0.4220665499124344,0.756567425569177,0.5486666550395033,1.0,0.7388597240874131
0.4949974987493746,0.4891168376282213,0.7525644233174882,0.5006261227479638,0.4941556063275023,0.5004883408619216
0.5700350175087543,0.3567675756817614,0.7380535401551165,0.0,0.4874862654132584,0.619734203045154
0.5620310155077538,0.391293470102577,0.691268451338504,1.0,0.4492578962973298,0.5711442872839527
0.9574787393696846,0.3029772329246936,0.6057042782086566,0.4479306555976071,0.2329228944660516,0.1706594345710448
0.4944972486243121,0.4893670252689518,0.7528146109582188,0.5006557720145804,0.4941556063275023,0.5005493834696618
0.263631815907954,0.4891168376282213,0.5681761320990744,0.3817447721366657,1.0,0.8590072727906937
0.5117558779389695,0.5038779084313236,0.67575681761321,0.2464743533843765,0.0,0.1636255820848667
0.4952476238119059,0.4898674005504129,0.7528146109582188,0.5005947294068402,0.4941242129863787,0.5004726441913598
0.5957978989494747,0.432824618463848,0.7723292469352014,0.6077245059908959,0.7299161100162199,0.4608716884385301
0.5985492746373186,0.2106579934951214,0.4023017262947211,1.0,0.4301986500863317,0.5251949003261419
0.4952476238119059,0.4901175881911435,0.7528146109582188,0.500610426077402,0.494171302998064,0.5004726441913598
0.4947473736868433,0.4886164623467602,0.7508131098323744,0.5002895163681392,0.4938189999476777,0.5109109301149345
0.4952476238119059,0.4901175881911435,0.7530647985989494,0.5006261227479638,0.4941556063275023,0.5005040375324834
0.5285142571285643,0.427820865649237,0.7373029772329248,0.0,0.6426722709594154,0.6964054624413555
0.9224612306153076,0.3187390542907181,0.7207905929447087,0.5798140816575684,0.2086732825226293,0.4032631634023405
0.5285142571285643,0.4073054791093321,0.7420565424068052,0.0,0.3605333379841987,0.4755986535744807
0.4954977488744371,0.4898674005504129,0.7530647985989494,0.5005807768107854,0.4942009522646807,0.5005197342030452
0.90120060030015,0.2631973980485365,0.7673254941205905,0.6251983884751556,0.0667038735894797,0.4526919790013429
0.3179089544772386,0.4028021015761822,0.4906179634726045,0.5077524111830057,0.5763486056124317,0.3861869299056455
0.4939969984992495,0.4891168376282213,0.7528146109582188,0.5006557720145804,0.4941399096569405,0.5005650801402236
0.2778889444722361,0.4230673004753566,0.571178383787841,0.4748957915482149,0.0072030277133439,0.4896070600136037
0.5510255127563781,0.396297222917188,0.7280460345258946,0.9971920400439508,0.409733679822802,0.62600763904634
0.4949974987493746,0.4898674005504129,0.7528146109582188,0.5006557720145804,0.494108516315817,0.5005197342030452
0.4942471235617808,0.4871153365023769,0.7528146109582188,0.5007325112928824,0.4942776915429827,0.4990233182761567
0.4954977488744371,0.4898674005504129,0.7530647985989494,0.5006261227479638,0.4941852555941189,0.5004726441913598
0.4942471235617808,0.4883662747060296,0.7530647985989494,0.5006261227479638,0.4942462982018591,0.5003348623053177
0.4947473736868433,0.4893670252689518,0.7530647985989494,0.5005650801402236,0.4942166489352425,0.500381952317003
0.4942471235617808,0.4888666499874907,0.7523142356767576,0.500610426077402,0.4944608193662033,0.4948567242792612
0.6363181590795397,0.2947210407805856,0.5228921691268452,1.0,0.2901041212480597,0.6296248495735738
0.5292646323161581,0.4320740555416563,0.2019014260695522,0.0,0.9999389573922596,0.5089436140711932
0.5755377688844422,0.2276707530647987,0.4275706780085064,1.0,0.5345658126515165,0.5139944538430682
0.3554277138569284,0.4733550162621968,0.6012009006755068,0.431327066292272,1.0,0.6557493416118737
0.4954977488744371,0.4898674005504129,0.7530647985989494,0.5005947294068402,0.4942009522646807,0.5005197342030452
0.750625312656328,0.333750312734551,0.6037027770828122,0.5838411496939149,0.7872054694176536,0.6693164972007604
0.4954977488744371,0.4898674005504129,0.7528146109582188,0.5006714686851422,0.4941852555941189,0.5005197342030452
0.5412706353176587,0.4493370027520642,0.8571428571428572,0.4413990965694054,0.6080750649667754,0.5389608804088111
0.5177588794397198,0.4400800600450339,0.7390542907180386,0.0,0.3073948759090988,0.587962397753632
0.5417708854427213,0.2954716037027772,0.5071303477608207,0.0,0.0004726441913598,0.1684165547552191
0.5485242621310654,0.4996247185389043,0.6439829872404305,0.4260930986971764,0.0,0.2768282261018191
0.4952476238119059,0.4898674005504129,0.7530647985989494,0.5006557720145804,0.4942009522646807,0.5004272982541814
0.7651325662831414,0.3995496622466851,0.6612459344508382,0.4558348012627099,0.9621378865305126,0.444496572893594
0.5215107553776888,0.3705278959219416,0.6039529647235428,0.0,0.5677415979210632,0.3809983082477283
0.4954977488744371,0.4901175881911435,0.7530647985989494,0.5005807768107854,0.4942619948724209,0.5005650801402236
0.5442721360680339,0.4293219914936203,0.3962972229171879,0.6003697437954549,1.0,0.7707239653277989
0.8261630815407703,0.1368526394796098,0.6805103827870904,0.45482847027225,0.4871043130962554,0.4076425344890734
0.5560280140070034,0.1996497373029773,0.4911183387540656,0.6815407154193627,0.5263861032143293,0.3965170832097947
0.5367683841920959,0.3785339004253191,0.8398799099324494,0.1885902645761027,0.541723494427682,0.625625686729337
0.605552776388194,0.2391793845384039,0.4343257443082312,0.0,0.4434291992953939,0.6160123480475086
0.4944972486243121,0.4898674005504129,0.7528146109582188,0.5006261227479638,0.4942776915429827,0.5005040375324834
0.5802901450725362,0.1508631473605204,0.4883662747060296,0.0,0.9050020056856828,0.2867171285557319
0.5635317658829414,0.3880410307730799,0.5273955466599951,0.0,0.4583375481800582,0.3579991977257268
0.4882441220610304,0.3217413059794847,0.7192894671003254,0.0,0.5030521303870101,0.3139735249489858
0.5685342671335667,0.4585939454590944,0.7132849637227923,0.0,0.0,0.4819924307166402
0.4944972486243121,0.4893670252689518,0.7525644233174882,0.5007325112928824,0.4941399096569405,0.5005947294068402
0.4947473736868433,0.4891168376282213,0.7528146109582188,0.5006557720145804,0.4941852555941189,0.5005336867991
0.4099549774887443,0.4986239679759821,0.6369777332999751,0.7254617437256919,0.0041508973263337,0.4221096325235014
0.4939969984992495,0.4891168376282213,0.7528146109582188,0.5006557720145804,0.4942323456058042,0.5004883408619216
0.1713356678339169,0.4003002251688767,0.6464848636477359,0.6153251826918046,0.5750056682421473,0.4813663079686764
0.7661330665332666,0.4178133600200151,0.6337252939704779,0.5746708059368296,0.0,0.188255402270785
0.6518259129564782,0.1183387540655492,0.4308231173380036,0.30722744475644,0.7100929591712157,0.4729424281005284
0.5472736368184091,0.3107330497873406,0.5278959219414562,0.3726197743167588,0.4982594136421508,0.3745731377644453
0.5982991495747874,0.4408306229672255,0.7027770828121092,0.0,0.6320665538831819,0.5945096534523955
0.4954977488744371,0.490367775831874,0.7525644233174882,0.500687165355704,0.4942619948724209,0.5004883408619216
0.4944972486243121,0.4891168376282213,0.7523142356767576,0.500610426077402,0.4941852555941189,0.5004883408619216
0.5940470235117559,0.4235676757568177,0.4743557668251189,0.4144182639482359,1.0,0.6333467045712193
0.4952476238119059,0.4898674005504129,0.7530647985989494,0.5005807768107854,0.494171302998064,0.5005040375324834
0.0760380190095047,0.3610207655741807,0.4751063297473106,0.6820900988890245,0.8678584509130229,0.762514606623995
0.4942471235617808,0.4878658994245685,0.7528146109582188,0.5006261227479638,0.4942009522646807,0.5005197342030452
0.6823411705852925,0.38353765323993,0.5956967725794347,0.4837626663411061,0.670340268936289,0.5254094214904861
0.6698349174587293,0.333750312734551,0.4731048286214662,0.0,0.4773845858695083,0.4194237577829325
0.4954977488744371,0.4913685263947962,0.7530647985989494,0.5002598671015226,0.4959258419519682,0.4775049270104818
0.7798899449724861,0.5293970477858395,0.7295471603702779,0.4819924307166402,0.9200795297975128,0.5408688979193191
0.5080040020010005,0.5121341005754317,0.7430572929697274,0.5002895163681392,0.4932085738702757,0.5547866124840853
0.4982491245622811,0.4988741556167126,0.7520640480360272,0.5004272982541814,0.4945515112405602,0.4946282505188621
0.5257628814407203,0.2171628721541156,0.461596197147861,1.0,0.4866927115126358,0.2895250885117812
0.5957978989494747,0.3557668251188393,0.3510132599449588,1.0,0.6661126323316532,0.2308020998657062
0.549024512256128,0.5066299724793597,0.6299724793595197,0.2135566911418456,0.0,0.0
0.1113056528264131,0.404053039779835,0.5741806354766076,0.6537663288975705,0.3661632104923522,0.4700437762701223
0.6113056528264131,0.2166624968726546,0.6062046534901177,0.0,0.4616966356802762,0.4930864886547953
0.656328164082041,0.2574430823117339,0.519139354515887,0.1631825871601234,0.4745452325723355,0.5218532535709925
0.6753376688344171,0.2419314485864399,0.4125594195646735,1.0,0.500687165355704,0.5716186755498195
0.1350675337668834,0.4778583937953466,0.6157117838378785,0.6026736662190209,0.9955735389015818,0.7499851753666916
0.5542771385692846,0.4811108331248437,0.6037027770828122,0.0,0.6604496224078693,0.5023492683607443
0.4954977488744371,0.4898674005504129,0.7528146109582188,0.5005650801402236,0.4941556063275023,0.5004883408619216
0.4952476238119059,0.4901175881911435,0.7525644233174882,0.5006261227479638,0.4942323456058042,0.5005336867991
0.3016508254127063,0.5626720040030024,0.652489367025269,0.2272773252873363,0.0,0.0
0.3611805902951475,0.474355766825119,0.6214660995746811,0.7309084884106248,0.0,0.3903988698397195
0.508504252126063,0.3590192644483364,0.6369777332999751,1.0,0.5309799954654063,0.472209916807646
0.4882441220610304,0.516387290467851,0.6715036277207908,0.6112806739103894,0.0,0.629455674346408
0.4952476238119059,0.4898674005504129,0.7528146109582188,0.5007028620262658,0.494171302998064,0.5005650801402236
0.6890945472736367,0.3937953465098825,0.7082812109081813,0.4312346303434082,0.9386975251582748,0.4084674817308195
0.7711355677838918,0.2461846384788592,0.3600200150112584,0.94327572073879,0.3655998744266355,0.5343669881577341
0.1630815407703851,0.4210657993495122,0.7057793345008758,0.4618030242251949,1.0,0.6847759736295934
0.5087543771885943,0.3002251688766576,0.3805354015511634,0.6248931754364546,0.5047159774665574,0.509111045223852
0.4947473736868433,0.4898674005504129,0.7523142356767576,0.500687165355704,0.4942323456058042,0.5005040375324834
0.6493246623311655,0.21916437327996,0.5631723792844634,0.0,0.4209812163175611,0.4745609292428973
0.6913456728364181,0.5621716287215412,0.7075306479859896,0.474194673596456,1.0,0.5286743289673335
0.5717858929464732,0.4448336252189143,0.7285464098073556,0.0,0.587962397753632,0.5250117725029213
0.3971985992996498,0.4365774330748062,0.4856142106579936,0.6330432356070251,1.0,0.8062961089697752
0.5210105052526263,0.2992244183137353,0.4883662747060296,0.0,0.0821337007516961,0.359434571044875
0.5627813906953476,0.3950462847135352,0.3107330497873405,0.8233426931998535,0.4315712367232328,0.6165599874426635
0.4884942471235617,0.5078809106830124,0.7375531648736553,0.5014493259152031,0.4997261803024225,0.3926713989221619
0.1675837918959479,0.5283962972229174,0.5714285714285715,0.9197900134293736,1.0,0.6793885274778938
0.4942471235617808,0.4883662747060296,0.7528146109582188,0.5005493834696618,0.4942462982018591,0.5004883408619216
0.4952476238119059,0.490367775831874,0.7528146109582188,0.5006557720145804,0.4942323456058042,0.5001674311526588
0.5417708854427213,0.3309982486865149,0.670252689517138,0.0,0.1172628494689293,0.4859288068786299
0.1555777888944472,0.5344008006004505,0.503127345509132,0.610319688857108,1.0,0.7238746359244467
0.545272636318159,0.4623467600700526,0.1035776832624468,0.0,0.8862619251094407,0.490355267977048
0.4954977488744371,0.4901175881911435,0.7525644233174882,0.500687165355704,0.4942009522646807,0.5005040375324834
0.5232616308154077,0.3740305228921692,0.4733550162621967,0.0,0.3331548563754644,0.5531995046828401
0.3804402201100549,0.5836877658243684,0.730047535651739,0.2943021085860788,0.0,0.2684200429042329
0.6945972986493246,0.4015511633725295,0.6514886164623469,0.2766137049374749,0.0,0.2608961054816262
0.4952476238119059,0.4896172129096824,0.7528146109582188,0.5006418194185256,0.4942166489352425,0.5005493834696618
0.5092546273136568,0.2967225419064299,0.4768576432324244,0.0,0.3908261680939009,0.5160385091651115
0.4949974987493746,0.4891168376282213,0.7523142356767576,0.5006714686851422,0.4941852555941189,0.5004726441913598
0.4952476238119059,0.4898674005504129,0.7525644233174882,0.5007028620262658,0.4942166489352425,0.5005197342030452
0.345672836418209,0.8348761571178386,1.0000000000000002,1.0,0.2287266512025393,0.3263494776496852
0.6815907953976987,0.2994746059544659,0.5544158118588942,0.0,0.4050473516228613,0.3631738667875892
0.728864432216108,0.4943707780835628,0.8061045784338254,1.0,0.206324014161885,0.2141688612937544
0.228864432216108,0.4370778083562673,0.6750062546910184,0.5330850933951898,1.0,0.5797530390498282
0.4954977488744371,0.4898674005504129,0.7528146109582188,0.500610426077402,0.4941556063275023,0.5004883408619216
0.666833416708354,0.2509382036527396,0.5436577433074807,0.0,0.5060118248251565,0.2903500357535274
0.4944972486243121,0.4888666499874907,0.7525644233174882,0.5006714686851422,0.4942323456058042,0.5004726441913598
0.5345172586293147,0.3782837127845885,0.7010257693269953,1.0,0.5223729877740377,0.5067303835219841
0.5495247623811905,0.3137353014761072,0.5118839129347011,1.0,0.3451959467708461,0.4569492648725953
0.2543771885942971,0.4295721791343508,0.591693770327746,0.5287510682456354,0.4081465720215568,0.4599403526518653
0.3376688344172086,0.5041280960720542,0.6467350512884664,0.4156844620402183,0.0,0.372680816924499
0.4942471235617808,0.4891168376282213,0.7528146109582188,0.5006714686851422,0.4941852555941189,0.5005040375324834
0.553776888444222,0.42006504878659,0.6352264198148613,0.526874444076251,0.6113417165181296,0.3731534611158589
0.4069534767383691,0.5936952714535904,0.6935201401050789,0.6709960409508694,0.0,0.5960200219753388
0.6598299149574787,0.2639479609707281,0.4761070803102327,0.2890977902575998,0.5823307811709716,0.4383923121195737
0.5765382691345672,0.4553415061295973,0.7740805604203154,0.581765701030748,0.4675863752899524,0.5550604321816628
0.6975987993996997,0.4310733049787342,0.6594946209657244,0.5982629017911645,0.1453267523588607,0.4789246036590683
0.4954977488744371,0.4898674005504129,0.7525644233174882,0.5005336867991,0.4940788670492003,0.5005197342030452
0.5272636318159079,0.4340755566675007,0.7057793345008758,0.0,0.4435355878403125,0.4523414200254635
0.2133566783391696,0.430072554415812,0.6634976232174132,0.6454034916371627,0.1040479969304289,0.4076878804262518
0.4994997498749374,0.2276707530647987,0.5021265949462097,1.0,0.3057624221706751,0.3690932556638819
0.4944972486243121,0.4881160870652991,0.7525644233174882,0.5006261227479638,0.4941852555941189,0.5004883408619216
0.1453226613306653,0.3209907430572931,0.5028771578684014,0.6392067949142788,0.6654254669759492,0.320077785723006
0.4952476238119059,0.4898674005504129,0.7528146109582188,0.5007028620262658,0.4941556063275023,0.5004883408619216
0.4947473736868433,0.4893670252689518,0.7525644233174882,0.5006418194185256,0.4941556063275023,0.5004883408619216
0.4947473736868433,0.4888666499874907,0.7528146109582188,0.5007028620262658,0.4941556063275023,0.5000906918743568
0.5640320160080039,0.5118839129347011,0.8271203402551915,0.5343059455499939,0.5994541046793519,0.6759544447738808
0.5477738869434716,0.2812109081811359,0.5168876657493121,0.0,0.5746237159251443,0.5143764061600712
0.5300150075037519,0.4258193645233926,0.7483112334250689,0.5623245025027469,0.5103458499747109,0.5217608176221288
0.4942471235617808,0.4891168376282213,0.7530647985989494,0.500687165355704,0.4942009522646807,0.5005040375324834
0.168584292146073,0.3179884913685264,0.5118839129347011,0.6156303957305056,0.4037358075937004,0.3584264959799083
0.6585792896448224,0.3717788341255943,0.5041280960720541,0.2709681357587596,0.0,0.0046845841254338
0.4439719859929965,0.2351763822867151,0.3690267700775582,1.0,0.5273174390009941,0.5446064495875264
0.5517758879439719,0.2852139104328247,0.5746810107580687,1.0,0.4714774055147636,0.4145856951008947
0.4952476238119059,0.4898674005504129,0.7528146109582188,0.5007482079634442,0.4942009522646807,0.5005493834696618
0.1308154077038519,0.4588441330998249,0.555666750062547,0.5056002232415369,0.0196871130334688,0.4710047613234037
0.4952476238119059,0.4898674005504129,0.7525644233174882,0.500610426077402,0.4942166489352425,0.5005197342030452
0.5315157578789395,0.4158118588941707,0.7102827120340256,0.670950695013691,0.6545302335315765,0.5482847027225003
0.3236618309154577,0.5399049286965225,0.6900175131348513,0.412724767602072,0.3477911296370581,0.2796675793989919
0.4952476238119059,0.4908681511133351,0.7530647985989494,0.5006557720145804,0.4941556063275023,0.4994349198597764
0.4949974987493746,0.4896172129096824,0.7530647985989494,0.5006261227479638,0.4941852555941189,0.5005807768107854
0.5182591295647824,0.3665248936702527,0.7370527895921942,0.3079599560493224,0.4260930986971764,0.4155013342169977
0.3401700850425212,0.1346009507130348,0.373029772329247,0.0,0.730435844219265,0.5075535866892233
0.7501250625312655,0.4340755566675007,0.0,0.9984285888693164,0.0,0.5425310009243595
0.4952476238119059,0.4896172129096824,0.7528146109582188,0.5006261227479638,0.4942166489352425,0.5005493834696618
0.2823911955977989,0.5486614961220917,0.709532149111834,0.5101784188220521,0.0,0.3026039032387463
0.6410705352676337,0.5001250938203654,0.7998498874155617,0.0,0.4219718506374592,0.3544901198179186
0.4952476238119059,0.4896172129096824,0.7528146109582188,0.500610426077402,0.4942166489352425,0.5005197342030452
0.4952476238119059,0.4898674005504129,0.7530647985989494,0.5005650801402236,0.4942166489352425,0.5004726441913598
0.3029014507253627,0.4188141105829373,0.6052039029271955,0.8263023876379999,0.8153147182447634,0.6095871775642255
0.4954977488744371,0.487615711783838,0.7523142356767576,0.500610426077402,0.4942323456058042,0.5004726441913598
0.5292646323161581,0.4488366274706031,0.7265449086815112,0.5506496677538064,0.600674956834156,0.4851056037113905
0.5355177588794396,0.294470853139855,0.3410057543157369,0.6880722744475644,0.4738580672166315,0.728986518304062
0.3036518259129565,0.4751063297473106,0.7465599199399551,0.6269075814918813,0.0,0.4140816575684113
0.4939969984992495,0.4886164623467602,0.7530647985989494,0.5008232031672393,0.4941852555941189,0.5005493834696618
0.4952476238119059,0.4898674005504129,0.7523142356767576,0.5006714686851422,0.494171302998064,0.5005197342030452
0.808904452226113,0.2982236677508132,0.5849387040280212,0.6221462580881455,0.3978757172506409,0.4942009522646807
0.5465232616308153,0.4028021015761822,0.659744808606455,1.0,0.6141200272075623,0.5121021330031219
0.8536768384192095,0.362521891418564,0.6740055041280961,0.5641261314683363,0.0880687862985507,0.333414723476987
0.4954977488744371,0.4896172129096824,0.7530647985989494,0.5006714686851422,0.494171302998064,0.5005197342030452
0.4947473736868433,0.4891168376282213,0.7525644233174882,0.500610426077402,0.4942776915429827,0.5005040375324834
0.550025012506253,0.4150612959719791,0.7285464098073556,0.0,0.4428030765474301,0.5239897448418996
0.1418209104552276,0.4253189892419315,0.6657493119839881,0.5169855416223381,0.846493538203952,0.5029300451715297
0.2498749374687343,0.5379034275706781,0.7055291468601452,0.3126445401747563,0.0,0.4783595235188447
0.0540270135067534,0.3024768576432325,0.7330497873405055,0.6409770305387446,0.4591624954218044,0.6085947991698205
0.2413706853426713,0.4165624218163624,0.5436577433074807,0.5167099778502537,0.96632017719797,0.3931754364546453
0.5335167583791895,0.4263197398048537,0.6529897423067301,0.4044386696199661,1.0,0.7856637075535866
0.2021010505252626,0.4403302476857644,0.5659244433324995,0.3509496485689869,0.0136125015260652,0.4727749969478696
0.2338669334667333,0.432824618463848,0.6319739804853641,0.4663969164762718,0.9947660324049044,0.5239740481713379
0.5200100050025012,0.4913685263947962,0.5874405804353265,0.253708774438844,1.0,0.6829150461307707
0.1210605302651325,0.354766074555917,0.6817613209907432,0.7128712698606484,0.6470062961089698,0.5473376702652737
0.5070035017508754,0.4508381285964474,0.7373029772329248,0.5420130107958212,0.5278057798629158,0.4469539738737639
0.4982491245622811,0.5694270703027272,0.717788341255942,0.135971536704048,0.4415211817848858,0.5649650313061374
0.4952476238119059,0.4911183387540657,0.7528146109582188,0.5005947294068402,0.4942009522646807,0.4999546540628216
0.576288144072036,0.2864648486364775,0.3877908431323493,0.4503566632366534,0.486677014842074,0.5034637319706298
0.6850925462731365,0.4293219914936203,0.5801851388541407,0.586359593281825,1.0,0.4973594711966095
0.5647823911955977,0.268451338503878,0.6262196647485615,0.4306242042660062,0.5655283673718541,0.5661544901198179
0.2633816908454227,0.4713535151363524,0.7080310232674507,0.0731743900099411,1.0,0.8251129288243193
0.7321160580290145,0.3057292969727296,0.7015261446084564,0.370619320857387,0.2397439698623925,0.3627308718628459
0.5967983991995998,0.4463347510632976,0.4886164623467601,0.5350994994506165,0.0,0.0813697961176901
0.5980490245122561,0.4893670252689518,0.6632474355766826,1.0,0.3881542459493869,0.4594380591938887
0.4959979989994997,0.4906179634726046,0.7518138603952966,0.5007168146223206,0.4940945637197621,0.5005040375324834
0.7041020510255127,0.4435826870152616,0.5566675006254692,0.5857805605455465,1.0,0.8139421316078623
0.4109554777388694,0.5103827870903179,0.592194145609207,0.4768195057292848,1.0,0.4619861520484155
0.2493746873436718,0.5093820365273957,0.6174630973229923,0.6087325810558627,1.0,0.6293946317386678
0.4952476238119059,0.4898674005504129,0.7528146109582188,0.5006557720145804,0.4941556063275023,0.5005040375324834
0.5535267633816908,0.3677758318739055,0.7270452839629724,0.3044508781415142,0.6144095435757015,0.5438896349652057
0.4952476238119059,0.4896172129096824,0.7528146109582188,0.500610426077402,0.4941852555941189,0.5004116015836196
0.4954977488744371,0.4901175881911435,0.7528146109582188,0.5005493834696618,0.4942323456058042,0.5004883408619216
0.4952476238119059,0.4901175881911435,0.7528146109582188,0.5005947294068402,0.4941556063275023,0.5004726441913598
0.4977488744372185,0.3782837127845885,0.8093570177633227,0.0,0.6425658824144967,0.5485131764828993
0.6500750375187593,0.5664248186139607,0.6782586940205155,0.541493276592776,1.0,0.837764445297103
0.6035517758879438,0.2554415811858895,0.5731798849136853,1.0,0.3329577759561888,0.3382527861590247
0.4954977488744371,0.4901175881911435,0.7525644233174882,0.5007028620262658,0.4941399096569405,0.5005197342030452
0.532016008004002,0.4623467600700526,0.707280460345259,0.0,0.1949247431850289,0.728145874391754
0.557528764382191,0.4285714285714287,0.4495871903927946,0.6366290527931353,1.0,0.7451471126846538
0.4952476238119059,0.4901175881911435,0.7528146109582188,0.5006557720145804,0.4942323456058042,0.5005197342030452
0.5492746373186592,0.430072554415812,0.6362271703777834,0.0,0.3948392835341926,0.6493102185325357
0.526513256628314,0.4283212409306981,0.8096072054040532,0.0586619460383347,0.4508450040985751,0.6537506322270088
0.7861430715357678,0.2331748811608707,0.735551663747811,0.4891501124928057,0.463480823900797,0.5018155815616443
0.3344172086043021,0.4640980735551665,0.664748561421066,0.7239949770654202,0.0,0.3792577218898791
0.4927463731865932,0.487615711783838,0.7538153615211409,0.5005807768107854,0.4942009522646807,0.5005040375324834
0.7233616808404202,0.1290968226169627,0.216412309231924,0.080544848875944,0.4909203481172716,0.2538465563248862
0.4552276138069034,0.5791843882912185,0.9044283212409308,0.0073251129288243,0.5931963653487277,0.5334060031044526
0.5027513756878439,0.5096322241681263,0.7508131098323744,0.500610426077402,0.4937422606693758,0.5381062839004482
0.4952476238119059,0.4901175881911435,0.7528146109582188,0.5005807768107854,0.4941242129863787,0.5005336867991
0.4929964982491245,0.4881160870652991,0.7540655491618715,0.5005807768107854,0.4942009522646807,0.5005197342030452
0.6463231615807903,0.3817863397548162,0.6880160120090069,0.2510072030277134,0.1221916040253239,0.6310584788182151
0.2318659329664832,0.4280710532899676,0.5033775331498624,0.5184034741964176,0.3908104714233392,0.3293859113661336
0.2661330665332666,0.4298223667750814,0.6487365524143108,0.227840661353053,1.0,0.5067914261297243
0.6490745372686342,0.4843632724543409,0.7165374030522893,1.0,0.5613931667160821,0.403765456860317
0.5390195097548773,0.4310733049787342,0.7187890918188643,0.0,0.3586863630814308,0.4539738737638872
0.5482741370685342,0.3302476857643233,0.5481611208406305,0.0,0.5321084116713466,0.3108132619425502
0.7623811905952975,0.4110582937202903,0.9091818864148112,0.4541726982576696,0.2680834365244083,0.49801524321119
0.864432216108054,0.3107330497873406,0.6777583187390543,0.8645778467656138,0.5225700681933132,0.6917801768491549
0.5782891445722861,0.4968726544908682,0.738804103077308,1.0,0.4345780211730645,0.5166646319130753
0.4942471235617808,0.4886164623467602,0.7525644233174882,0.5006714686851422,0.4942776915429827,0.5004883408619216
0.4954977488744371,0.4901175881911435,0.7525644233174882,0.5006418194185256,0.4942323456058042,0.5005493834696618
0.4939969984992495,0.4888666499874907,0.7528146109582188,0.5007325112928824,0.4942166489352425,0.5005947294068402
0.5737868934467233,0.4711033274956218,0.7595696772579437,0.3588537942340897,0.5768979890820936,0.5285068978146746
0.5015007503751875,0.5666750062546911,0.6720040030022518,0.5246158675898634,0.0,0.3206411217887228
0.5822911455727864,0.2266700025018765,0.5431573680260195,0.5401503392224916,0.4228735371575073,0.7555243560004883
0.4937468734367183,0.4901175881911435,0.7528146109582188,0.5006714686851422,0.4941852555941189,0.5005336867991
0.8781890945472735,0.2644483362521892,0.7167875906930199,0.4959397945480231,0.2213108463993581,0.2747231281720355
0.4384692346173086,0.3462596947710784,0.5934450838128598,0.0006400753440187,0.3307741946735965,0.5336030835237281
0.9262131065532764,0.2847135351513636,0.9559669752314236,0.4678148490503514,0.1497532134572789,0.3501403979978025
0.5502751375687843,0.1611208406304729,0.4498373780335252,0.986052636168617,0.4304881664544709,0.3497287964141828
0.9542271135567784,0.262947210407806,0.5211408556417314,0.3925336170361198,0.2001430141095627,0.3835464011022551
0.5852926463231616,0.2476857643232425,0.3450087565674256,0.4102220206847237,0.4210108655841778,0.636963915098453
0.5660330165082541,0.4896172129096824,0.6815111333500126,0.0,0.3408776182918534,0.573495299719204
0.4947473736868433,0.4893670252689518,0.7528146109582188,0.500687165355704,0.4942619948724209,0.5002738196975774
0.4942471235617808,0.4893670252689518,0.7528146109582188,0.5007482079634442,0.4942323456058042,0.5005040375324834
0.3236618309154577,0.4713535151363524,0.6429822366775082,0.1964804576451506,1.0,0.7441547342902489
0.6465732866433216,0.3860395296472355,0.5774330748061047,0.0,0.8298585555574933,0.4002720756230706
0.4937468734367183,0.4873655241431074,0.7528146109582188,0.500610426077402,0.4941242129863787,0.5004883408619216
0.4947473736868433,0.4908681511133351,0.7528146109582188,0.5006418194185256,0.4943387341507229,0.4987024085668939
0.4384692346173086,0.5173880410307732,0.777082812109082,0.5766852119922563,0.0,0.2246367964839458
0.693096548274137,0.4020515386539906,0.6094570928196148,0.6870955927237212,1.0,0.5968589218131398
0.4952476238119059,0.487615711783838,0.7525644233174882,0.5007168146223206,0.4941852555941189,0.5004726441913598
0.56128064032016,0.2807105328996748,0.5641731298473857,1.0,0.6931841568271797,0.366178907162914
0.4202101050525262,0.226920190142607,0.3732799599699775,0.4912255611559726,0.569054886024731,0.5008545965083628
0.5877938969484742,0.1656242181636228,0.7240430322742057,0.1498909953433211,0.4453825627430804,0.5342902488794321
0.2413706853426713,0.3915436577433075,0.7645734300725546,0.2807349529971921,1.0,0.5463313392748138
0.4952476238119059,0.4896172129096824,0.7525644233174882,0.5006714686851422,0.4942009522646807,0.5005493834696618
0.6035517758879438,0.2529397047785841,0.3192394295721792,0.9221549784606796,0.4459005528716186,0.4971466941067722
0.4954977488744371,0.4901175881911435,0.7528146109582188,0.5005807768107854,0.494171302998064,0.5005336867991
0.7661330665332666,0.4681010758068553,0.7888416312234177,0.6266023684531803,0.2246681898250693,0.4209341263058758
0.4139569784892446,0.3810357768326246,0.6920190142606957,0.4028969077558993,0.4972984285888693,0.5119800477876415
0.7988994497248623,0.3385038779084314,0.5198899174380787,0.4729267314299666,0.7574777194481748,0.688255402270785
0.5700350175087543,0.4921190893169879,0.5076307230422819,0.4564155780734953,0.0,0.1588014719988837
0.6585792896448224,0.3284963722792094,0.3587690768076058,0.3154681968013673,0.3191150565952177,0.7456511502171372
0.4619809904952475,0.5196397297973482,0.7538153615211409,0.5007028620262658,0.4937579573399375,0.5048537593525996
0.4942471235617808,0.4888666499874907,0.7528146109582188,0.5006418194185256,0.4942462982018591,0.5004569475207981
0.6900950475237618,0.4290718038528898,0.7968476357267953,0.6013917714564766,0.007659975234142,0.6161030399218654
0.5485242621310654,0.3630222667000251,0.6815111333500126,0.0,0.4551947259186912,0.6827005249664265
0.5880440220110055,0.2141606204653491,0.5073805354015513,1.0,0.4542633901320264,0.4464656330118423
0.493496748374187,0.4901175881911435,0.7525644233174882,0.500763904634006,0.4942009522646807,0.5005197342030452
0.5107553776888444,0.4303227420565425,0.8068551413560172,1.0,0.5770061217015191,0.6726895372970333
0.4952476238119059,0.4901175881911435,0.7525644233174882,0.5006714686851422,0.4941399096569405,0.5005197342030452
0.4954977488744371,0.4896172129096824,0.7528146109582188,0.500610426077402,0.494171302998064,0.5004726441913598
0.689344672336168,0.3172379284463348,0.5646735051288467,0.6278389172785461,0.0002755637720843,0.343975094616042
0.4952476238119059,0.4898674005504129,0.7525644233174882,0.5006418194185256,0.4941852555941189,0.5005197342030452
0.604552276138069,0.3134851138353766,0.4828621466099576,1.0,0.3872996494410241,0.537586549697403
0.4954977488744371,0.490367775831874,0.7528146109582188,0.5005807768107854,0.4942323456058042,0.5004569475207981
0.0730365182591295,0.4851138353765325,0.6074555916937704,0.6115701902785287,0.3183982419728971,0.6176744510525489
0.4949974987493746,0.4896172129096824,0.7530647985989494,0.5005947294068402,0.4941556063275023,0.5005493834696618
0.14032016008004,0.5328996747560671,0.5033775331498624,0.6384289376842178,0.2692589427420339,0.5110033660637983
0.4579789894947473,0.3437578183637729,0.4726044533400051,0.0,0.5310549906692014,0.4680293702146956
0.3261630815407703,0.4530898173630224,0.6925193895421567,0.2672741859532239,1.0,0.6925440814831609
0.4949974987493746,0.4896172129096824,0.7533149862396799,0.5008232031672393,0.4942619948724209,0.4924464133107766
0.4952476238119059,0.4898674005504129,0.7525644233174882,0.5006418194185256,0.4941852555941189,0.5004726441913598
0.682841420710355,0.318238679009257,0.6354766074555918,1.0,0.3894064914453145,0.2135723878124073
0.4942471235617808,0.4888666499874907,0.7528146109582188,0.5005807768107854,0.494171302998064,0.5005336867991
0.54152076038019,0.2444333249937454,0.5281461095821868,1.0,0.5497340286377034,0.4740272424437972
0.1978489244622311,0.4640980735551665,0.3242431823867902,0.8049688682700524,0.3808762230322479,0.6421525367563702
0.4954977488744371,0.4901175881911435,0.7533149862396799,0.5005650801402236,0.4942166489352425,0.5005040375324834
0.5597798899449724,0.4773580185138855,0.7483112334250689,0.056419066222509,0.6275023108987215,0.5484678305457209
0.0007503751875937,0.3355016262196648,0.4198148611458595,0.4444669236269774,0.938681828487713,0.7720965519646998
0.1278139069534767,0.38353765323993,0.652489367025269,0.6295481102952718,0.7639935818058148,0.5432792088878037
0.4952476238119059,0.4898674005504129,0.7530647985989494,0.5006418194185256,0.4942009522646807,0.5005040375324834
0.5602801400700349,0.5624218163622718,0.3770327745809357,0.0,0.5667649161972199,0.7029352773950504
0.2886443221610805,0.5016262196647487,0.5541656242181637,0.7924708303538727,1.0,0.8195127055827824
0.3011505752876438,0.4440830622967227,0.5744308231173381,0.6780612867781711,0.0,0.3305614175837592
0.4022011005502751,0.6159619714786091,0.6677508131098325,0.0097511205678706,0.0,0.0055252280377418
0.5395197598799399,0.2689517137853391,0.503627720790593,0.1082581927899959,0.4459319462127422,0.5195632837434815
0.1955977988994496,0.3987990993244935,0.4540905679259445,0.5371749481137834,0.4902942253693078,0.6107155937701658
0.5262631315657829,0.4488366274706031,0.741055791843883,1.0,0.7226066937579574,0.5164204614821145
0.1435717858929464,0.4555916937703279,0.646985238929197,0.5428972565708007,0.1261297242618204,0.5923731621814884
0.6118059029514756,0.5626720040030024,0.7865899424568428,1.0,0.2098487887402549,0.4847236513943875
0.5277638819409705,0.2144108081060796,0.4323242431823869,1.0,0.3516821598618693,0.5285365470812913
0.068784392196098,0.2551913935451589,0.659744808606455,0.5381516298376267,0.9889512879990232,0.7248513176482899
0.4952476238119059,0.4901175881911435,0.7530647985989494,0.500610426077402,0.4941556063275023,0.5005493834696618
0.5872936468234117,0.4961220915686766,0.7102827120340256,0.3695362505886251,0.4620768439227724,0.4413990965694054
0.6265632816408203,0.4573430072554417,0.6810107580685515,1.0,0.2083994628250519,0.4185848579451314
0.4952476238119059,0.4898674005504129,0.7523142356767576,0.500687165355704,0.4942009522646807,0.5004272982541814
0.4957478739369684,0.4898674005504129,0.7525644233174882,0.5007482079634442,0.494171302998064,0.5004726441913598
0.6090545272636317,0.4498373780335252,0.7813360020015012,0.0,0.7424158920069065,0.4612379440849713
0.5310155077538768,0.3917938453840381,0.5561671253440081,0.3513769468231683,1.0,0.4902942253693078
0.4947473736868433,0.4891168376282213,0.7525644233174882,0.5005947294068402,0.4942009522646807,0.5004883408619216
0.68184092046023,0.3740305228921692,0.4405804353264949,0.4775049270104818,1.0,0.805457209131974
0.7188594297148574,0.38353765323993,0.446084563422567,0.7953084395765386,1.0,0.7390585485811954
0.4952476238119059,0.4898674005504129,0.7528146109582188,0.5005807768107854,0.494171302998064,0.5005040375324834
0.4942471235617808,0.4886164623467602,0.7525644233174882,0.5005947294068402,0.4942009522646807,0.5005493834696618
0.4947473736868433,0.4888666499874907,0.7530647985989494,0.500610426077402,0.4942323456058042,0.5005336867991
0.8304152076038018,0.3422566925193896,0.7625719289467101,0.3663620349861346,0.1212916615797827,0.4373999337251687
0.6805902951475737,0.3254941205904429,0.5066299724793596,0.6470062961089698,0.0,0.3756876013743307
0.2346173086543271,0.5631723792844635,0.3790342757067801,0.6445192458621832,1.0,0.8094546279017039
0.4952476238119059,0.4898674005504129,0.7528146109582188,0.5006418194185256,0.4941556063275023,0.5005807768107854
0.4962481240620309,0.4901175881911435,0.7520640480360272,0.5007482079634442,0.4940631703786385,0.5006418194185256
0.565032516258129,0.3980485364023018,0.6492369276957719,1.0,0.4189197202504491,0.4748800948776531
0.513256628314157,0.32874655991994,0.5861896422316738,1.0,0.4145089558225927,0.4432600240682282
0.8879439719859928,0.2324243182386791,0.7375531648736553,0.6130823028759789,0.4709890646528419,0.3862165791722622
0.4942471235617808,0.4888666499874907,0.7528146109582188,0.5006261227479638,0.4942323456058042,0.5004883408619216
0.4924962481240619,0.2924693520140106,0.4801100825619215,0.7361895460174058,0.467769503113173,0.4938346966182395
0.4952476238119059,0.4898674005504129,0.7528146109582188,0.5005947294068402,0.4941852555941189,0.5005807768107854
0.4952476238119059,0.4898674005504129,0.7525644233174882,0.5005807768107854,0.494108516315817,0.5004726441913598
0.6288144072036017,0.1561170878158619,0.4368276207155367,0.9433978059542704,0.4429548110295271,0.5546174372569196
0.1753376688344172,0.4138103577683263,0.5471603702777084,0.4335089035003575,0.1127753457627709,0.3809355215654812
0.8369184592296147,0.2804603452589443,0.4030522892169128,0.5450337478417078,0.6137223782199975,0.629380679142613
0.5812906453226613,0.394045534150613,0.5263947960970728,1.0,0.3666062054170954,0.5809268011929469
0.4854927463731865,0.3082311733800351,0.3822867150362773,0.9993599246559812,0.5321851509496486,0.5828662120445786
0.4952476238119059,0.4898674005504129,0.7533149862396799,0.5006557720145804,0.4942166489352425,0.5005650801402236
0.4034517258629314,0.4258193645233926,0.6359769827370529,0.6019097615850149,0.8784798646598182,0.7601182482515654
0.5185092546273136,0.3512634475856894,0.6184638478859146,1.0,0.5445000610426077,0.4286865374888815
0.2948974487243622,0.3445083812859646,0.4390793094821116,0.5094302108586078,0.7674573137764445,0.4364860386835725
0.3424212106053026,0.4863647735801852,0.6870152614460847,0.565453372168059,0.0,0.2343722203812547
0.7866433216608303,0.4288216162121592,0.670252689517138,0.4062839004482271,0.7522280551825173,0.679221096325235
0.5180090045022511,0.1938954215661747,0.3552664498373781,0.968685142229276,0.3754120376022464,0.5376475923051433
0.44072036018009,0.3855391543657744,0.7373029772329248,1.0,0.8184906779217608,0.4433978059542703
0.4952476238119059,0.4901175881911435,0.7530647985989494,0.5006557720145804,0.494108516315817,0.5004726441913598
0.4954977488744371,0.4898674005504129,0.7528146109582188,0.5006557720145804,0.4941556063275023,0.5004429949247432
0.5422711355677838,0.2692019014260696,0.6147110332749564,0.0,0.215586793867834,0.4169053141950224
0.4814907453726862,0.4473355016262198,0.6579934951213411,0.0,0.3890402357988733,0.5948916057693985
0.4937468734367183,0.4883662747060296,0.7530647985989494,0.500763904634006,0.4942462982018591,0.5004883408619216
0.4454727363681841,0.5188891668751565,0.641981486114586,0.4239862566928859,0.0,0.2513577620035928
0.4952476238119059,0.4898674005504129,0.7523142356767576,0.5006714686851422,0.4941399096569405,0.5004883408619216
0.5080040020010005,0.3647735801851389,0.6925193895421567,0.0,0.5051432757207388,0.7015173448209707
0.5835417708854427,0.1496122091568677,0.3119839879909933,0.4631913075326578,0.6311805640336955,0.4553325078047334
0.4947473736868433,0.4893670252689518,0.7520640480360272,0.5006418194185256,0.4942166489352425,0.5004429949247432
0.4939969984992495,0.4886164623467602,0.7528146109582188,0.5006557720145804,0.4942009522646807,0.5004726441913598
0.5375187593796897,0.4613460095071304,0.7147860895671755,0.005661265849277,0.4790920348117271,0.5623541517693635
0.5267633816908454,0.4035526644983739,0.6987740805604205,0.0,0.5466818982506932,0.6807768107853567
0.4949974987493746,0.4896172129096824,0.7530647985989494,0.5005336867991,0.4941852555941189,0.5004883408619216
0.4947473736868433,0.4891168376282213,0.7528146109582188,0.500687165355704,0.4942323456058042,0.5018155815616443
0.4952476238119059,0.4898674005504129,0.7528146109582188,0.5005807768107854,0.4941399096569405,0.5005336867991
0.7541270635317658,0.3745308981736303,0.4828621466099576,0.2831923539773619,0.0,0.0863438966112632
0.108304152076038,0.4208156117087817,0.5311483612709533,0.2532971728552243,0.9939864311003366,0.5819488288539687
0.4954977488744371,0.490367775831874,0.7525644233174882,0.5006261227479638,0.4941852555941189,0.5005947294068402
0.4949974987493746,0.4898674005504129,0.7525644233174882,0.500763904634006,0.494171302998064,0.5004726441913598
0.546273136568284,0.4078058543907932,0.9096822616962724,0.860058949718332,0.5896715907703577,0.6336379650138654
0.7028514257128564,0.1918939204403303,0.2156617463097324,0.2040200917383191,0.3565498718105238,0.596157803861381
0.4952476238119059,0.4896172129096824,0.7528146109582188,0.5006261227479638,0.4942462982018591,0.5005336867991
0.2831415707853927,0.4470853139854892,0.5824368276207157,0.5861921621291661,0.0080122782845283,0.4413223572911035
0.4952476238119059,0.4898674005504129,0.7528146109582188,0.5005807768107854,0.494171302998064,0.5004883408619216
0.5945472736368184,0.2529397047785841,0.5531648736552415,1.0,0.5708861642569371,0.18572300608682
0.5617808904452225,0.1696272204153115,0.550662997247936,0.1370249577061932,0.3507211748085878,0.2721593386469469
0.4954977488744371,0.4896172129096824,0.7525644233174882,0.5006714686851422,0.4941556063275023,0.5005650801402236
0.5867933966983491,0.297222917187891,0.5416562421816363,0.0,0.52710291783665,0.4105725796606031
0.4952476238119059,0.4898674005504129,0.7528146109582188,0.500610426077402,0.4942009522646807,0.5005040375324834
0.4952476238119059,0.4893670252689518,0.7528146109582188,0.5005947294068402,0.4942009522646807,0.5004883408619216
0.4954977488744371,0.4898674005504129,0.7530647985989494,0.5007325112928824,0.4942323456058042,0.5004883408619216
0.3759379689844922,0.5654240680510384,0.7435576682511885,0.235640162547744,0.0,0.1473272058182326
0.6863431715857928,0.1285964473355016,0.38353765323993,0.3864293562620995,0.5016777996756021,0.5695432268866526
0.5232616308154077,0.3662747060295223,0.5283962972229173,0.0,0.3579224584474249,0.5039991628442367
0.8059029514757379,0.1731298473855392,0.9539654741055792,0.4785443954165722,0.3584735859915935,0.3322095679927446
0.5980490245122561,0.5226419814861147,0.6014510883162373,1.0,0.7477719448174825,0.5128346442960043
0.605552776388194,0.4248186139604705,0.6589942456842633,0.5023353157646895,0.4179430385266058,0.4324415299021574
0.4959979989994997,0.4893670252689518,0.7530647985989494,0.5005197342030452,0.4942009522646807,0.501374330711408
0.4944972486243121,0.4881160870652991,0.7528146109582188,0.5006418194185256,0.4941852555941189,0.5004883408619216
0.690345172586293,0.3607705779334502,0.4065549161871404,0.4437501090046566,0.51401015051363,0.5744562847724854
0.4949974987493746,0.4893670252689518,0.7525644233174882,0.5005947294068402,0.4942166489352425,0.5005197342030452
0.6823411705852925,0.257943457593195,0.7125344008006006,0.5274691734830912,0.3924882710989413,0.3721767793920156
0.5555277638819409,0.4195646735051289,0.8328746559919942,0.1923749062559952,1.0,0.7628494689293126
0.3119059529764882,0.2909682261696273,0.7075306479859896,0.7748295167169541,0.0,0.0714198510560371
0.4832416208104051,0.3455091318488867,0.6725043782837129,1.0,0.5160245565690567,0.4207056525454767
0.2626313156578289,0.5206404803602703,0.6017012759569678,0.3991419153426234,0.0,0.356610914418264
0.4954977488744371,0.4896172129096824,0.7530647985989494,0.5005807768107854,0.494171302998064,0.5005040375324834
0.3764382191095548,0.6322241681260947,0.774330748061046,0.3165373144740743,0.0,0.2289551249629384
0.4947473736868433,0.4891168376282213,0.7528146109582188,0.5007028620262658,0.4941399096569405,0.5004883408619216
0.3301650825412706,0.5869402051538656,0.7713284963722793,0.6183912656748696,0.0,0.3737028445855207
0.4952476238119059,0.4893670252689518,0.7525644233174882,0.5006418194185256,0.4942462982018591,0.5004569475207981
0.5660330165082541,0.4395796847635728,0.7793345008756569,0.0,0.6347663812198057,0.5562045450581649
0.512256128064032,0.5701776332249189,0.7295471603702779,0.8468597938503932,0.6009348239356785,0.5955002877722936
0.3769384692346172,0.4368276207155367,0.5171378533900426,0.554357570155397,0.0,0.3588084482969113
0.6163081540770384,0.3192394295721792,0.5489116837628222,0.0,0.7281005284545756,0.38960357186459
0.4947473736868433,0.4898674005504129,0.7525644233174882,0.5007325112928824,0.4942462982018591,0.5004726441913598
0.4952476238119059,0.4901175881911435,0.7530647985989494,0.5006714686851422,0.4942009522646807,0.5005807768107854
0.4952476238119059,0.490367775831874,0.7525644233174882,0.500610426077402,0.4941556063275023,0.5004726441913598
0.4954977488744371,0.4898674005504129,0.7525644233174882,0.5005947294068402,0.4941399096569405,0.5005197342030452
0.6965982991495747,0.3252439329497124,0.6867650738053541,0.5417531436942986,0.4531506705966479,0.4712489317543645
0.4952476238119059,0.4898674005504129,0.7523142356767576,0.5006418194185256,0.4942323456058042,0.5005807768107854
0.4954977488744371,0.4901175881911435,0.7528146109582188,0.5006714686851422,0.4941556063275023,0.5005040375324834
0.2776388194097048,0.4956217162872155,0.7060295221416063,0.5122695641557807,0.0,0.4177302614367686
0.2303651825912956,0.5594195646735053,0.684013009757318,0.2647574864398207,0.0,0.2265448139944538
0.4942471235617808,0.4883662747060296,0.7528146109582188,0.5006557720145804,0.4942619948724209,0.5004429949247432
0.4557278639319659,0.5479109331999,0.6514886164623469,0.6260686816540803,0.0,0.5693287057223084
0.5140070035017508,0.4573430072554417,0.7130347760820617,0.3988977449116626,0.4352948357953852,0.4619251094406753
0.2501250625312656,0.5391543657743308,0.5526644983737804,0.2463976141060746,0.0,0.176078274063868
0.5585292646323161,0.5306479859894923,0.6494871153365025,0.8831801454558139,0.5333606571672742,0.3941678148490504
0.4949974987493746,0.4891168376282213,0.7523142356767576,0.5007028620262658,0.4941556063275023,0.5004726441913598
0.8001500750375187,0.3214911183387542,0.6885163872904679,0.6829150461307707,0.5687793222526466,0.4791391248234125
0.2698849424712356,0.3722792094070554,0.5233925444083063,0.6651045572666864,0.2718070355965607,0.4094581160507177
0.2901450725362681,0.380785589191894,0.5313985489116838,0.4677398538465563,0.4357378307201284,0.4404834574533024
0.4732366183091545,0.4918689016762573,0.4836127095321492,0.5292394091075571,1.0,0.8623646162164047
0.6420710355177588,0.4678508881661247,0.8846634976232175,1.0,0.5669026980832621,0.4547377783978931
0.6220610305152575,0.3247435576682513,0.5936952714535904,0.0,0.615599002389382,0.7242705408375045
0.556528264132066,0.531898924193145,0.654741055791844,0.8339641069466488,0.0,0.2768596194429426
0.4949974987493746,0.4896172129096824,0.7533149862396799,0.5005650801402236,0.4942323456058042,0.5005040375324834
0.4952476238119059,0.4898674005504129,0.7525644233174882,0.5007168146223206,0.4941556063275023,0.5005336867991
0.5582791395697848,0.3930447835876909,0.6074555916937704,0.0,0.5336641261314683,0.4315869333937946
0.4237118559279639,0.3892919689767327,0.6117087815861897,0.2486422379964072,1.0,0.9972077367145123
0.4954977488744371,0.4896172129096824,0.7525644233174882,0.500610426077402,0.494171302998064,0.5005336867991
0.5057528764382191,0.3467600700525395,0.1606204653490117,1.0,0.4320752742557162,0.4829848091110452
0.0507753876938469,0.4025519139354517,0.557918438829122,0.7291086035195423,0.9245216875664928,0.6810977204946196
0.4639819909954977,0.3032274205654242,0.6012009006755068,0.0,0.4554842422868305,0.4718140118945881
0.072536268134067,0.469352014010508,0.651988991743808,0.1915830964298795,0.8565655684810854,0.6601461534436751
0.6453226613306653,0.5176382286715038,0.4400800600450338,0.5188778624622844,1.0,1.0
0.5562781390695347,0.4508381285964474,0.8643982987240432,0.9850288644330886,0.4404834574533024,0.4720424856549872
0.6155577788894446,0.4786089567175383,0.5213910432824619,0.3073041840347419,0.0,0.0
0.4944972486243121,0.4881160870652991,0.7525644233174882,0.500687165355704,0.4941399096569405,0.5004883408619216
0.5807903951975988,0.4115586690017514,0.6855141356017014,1.0,0.8576939846870258,0.7139089941922319
0.4952476238119059,0.4901175881911435,0.7530647985989494,0.5006261227479638,0.4941556063275023,0.5005493834696618
0.4957478739369684,0.4901175881911435,0.7523142356767576,0.5006261227479638,0.4942166489352425,0.5005040375324834
0.5137568784392196,0.4495871903927947,0.6830122591943959,0.322992134223974,0.6541779304811901,0.511871915168216
0.4952476238119059,0.4898674005504129,0.7530647985989494,0.5006261227479638,0.4941852555941189,0.5004726441913598
0.4957478739369684,0.4901175881911435,0.7528146109582188,0.5006714686851422,0.4942009522646807,0.5005336867991
0.749624812406203,0.2631973980485365,0.7963472604453341,0.6147147566144026,0.4112597450163071,0.425130369569388
0.4952476238119059,0.4898674005504129,0.7525644233174882,0.5006418194185256,0.4943073408095993,0.5005493834696618
0.6263131565782891,0.226920190142607,0.42006504878659,0.0247065594642203,0.5225247222561348,0.4084971309974362
0.523511755877939,0.5123842882161622,0.7350512884663498,0.6928632471179168,0.4704100319165635,0.4310515025201876
0.5280140070035017,0.1933950462847136,0.3840380285213911,0.9250553743655928,0.4017057048677119,0.5479794896837993
0.520760380190095,0.3517638228671504,0.6955216412309233,0.0,0.468913615989675,0.5591345902296946
0.484992496248124,0.5016262196647487,0.6462346760070053,0.6242217067513124,0.0,0.5350227601723145
0.2358679339669834,0.4298223667750814,0.6294721040780586,0.4916668120062089,1.0,0.6246647016760556
0.6068034017008503,0.3970477858393796,0.8553915436577435,0.9968100877269476,0.3918324990843609,0.3396567661370493
0.4527263631815907,0.5754315736802603,0.6920190142606957,0.8114393846905139,0.0,0.5705495578771125
0.7261130565282641,0.3089817363022268,0.6775081310983239,0.4724244379719902,0.0,0.3189476254425589
0.4432216108054027,0.3785339004253191,0.7075306479859896,0.5130631180564034,0.3900012208521548,0.57831766573068
0.72136068034017,0.3470102576932701,0.6332249186890169,0.6233357169018261,0.7842143816383835,0.6040776461970455
0.1280640320160079,0.5101325994495873,0.5419064298223669,0.4692048764323211,0.0,0.5269651359506078
0.4214607303651825,0.3495121341005756,0.69402051538654,1.0,0.0,0.3439593979454802
0.7263631815907954,0.3117338003502627,0.6089567175381537,0.775530634668713,0.8296614751382179,0.6520414392102831
0.4952476238119059,0.4896172129096824,0.7525644233174882,0.5006557720145804,0.4941852555941189,0.5005336867991
0.517008504252126,0.21916437327996,0.3505128846634977,0.0001674311526588,0.6051764131363692,0.5513978757172506
0.2611305652826413,0.5251438578934202,0.5989492119089318,0.5455988279819314,1.0,0.6326298899488987
0.4952476238119059,0.4893670252689518,0.7528146109582188,0.5005947294068402,0.4942323456058042,0.5005493834696618
0.6038019009504751,0.4325744308231175,0.6957718288716539,1.0,0.3082355198214068,0.3563057013795629
0.2858929464732366,0.4613460095071304,0.5749311983987992,0.5436751138008615,0.0,0.3482323804872944
0.5632816408204101,0.443332499374531,0.8093570177633227,0.3097144950032265,0.4584753300661004,0.4587195004970612
0.5032516258129064,0.4090567925944459,0.7140355266449838,0.0475975373667963,0.5519769084535291,0.5007935539006226
0.6520760380190094,0.5394045534150614,0.7498123592694522,0.0,0.6246647016760556,0.3868880478574045
0.6935967983991995,0.2094070552914687,0.4510883162371779,0.4388510037148787,0.498688455970839,0.482083122590997
0.4952476238119059,0.4901175881911435,0.7530647985989494,0.500610426077402,0.4941852555941189,0.5004726441913598
0.4949974987493746,0.4896172129096824,0.7530647985989494,0.5005807768107854,0.4942462982018591,0.5004569475207981
0.2991495747873937,0.673004753565174,0.8481361020765575,0.0,0.243071664021487,0.2348919545842998
0.4942471235617808,0.4893670252689518,0.7528146109582188,0.5007028620262658,0.4942323456058042,0.5004429949247432
0.834417208604302,0.294470853139855,0.6830122591943959,0.5678950764776671,0.0098435565167344,0.377808395974676
0.5782891445722861,0.3480110082561922,0.5769326995246435,1.0,0.705408375045782,0.3413345658126515
0.4942471235617808,0.4893670252689518,0.7530647985989494,0.5006261227479638,0.4942462982018591,0.5005040375324834
0.4959979989994997,0.490367775831874,0.7533149862396799,0.5007168146223206,0.4940492177825836,0.5037846416798926
0.5125062531265632,0.2694520890668002,0.4135601701275957,0.9969792629541132,0.6655789455325531,0.4264890036102342
0.4949974987493746,0.4896172129096824,0.7525644233174882,0.5007168146223206,0.4942619948724209,0.5005336867991
0.4954977488744371,0.4901175881911435,0.7528146109582188,0.5007028620262658,0.4942166489352425,0.5005807768107854
0.4944972486243121,0.4808606454841132,0.6454841130848137,0.0,0.2942567626489004,0.4544779112963706
0.5730365182591295,0.4060545409056794,0.7137853390042533,0.5216090831400317,0.5914575230653853,0.4760869944364023
0.5702851425712856,0.2214160620465349,0.404553415061296,0.666280063484312,0.4306555976071298,0.4732476411392294
0.4954977488744371,0.4901175881911435,0.7525644233174882,0.5007028620262658,0.4942166489352425,0.5005040375324834
0.4954977488744371,0.4898674005504129,0.7528146109582188,0.5007028620262658,0.4942166489352425,0.5005650801402236
0.5850425212606303,0.380785589191894,0.7600700525394046,0.5292847550447355,0.6282662155327275,0.5245234316409997
0.5117558779389695,0.370277708281211,0.7733299974981237,0.0227235467499171,0.3991419153426234,0.4803599769782165
0.4944972486243121,0.4891168376282213,0.7525644233174882,0.5007325112928824,0.4942462982018591,0.5005040375324834
0.4469734867433716,0.7045283962972231,0.5609206905178885,1.0,0.3426164605751958,0.8175279487939725
0.7076038019009504,0.1743807855891919,0.2486865148861646,0.2793763189563458,0.3856671957026004,0.6230915464708653
0.4952476238119059,0.4898674005504129,0.7528146109582188,0.500610426077402,0.4941852555941189,0.5004569475207981
0.4952476238119059,0.4898674005504129,0.7530647985989494,0.5006557720145804,0.4941242129863787,0.5005336867991
0.7143571785892946,0.3402551913935452,0.8056042031523645,0.3600293004517153,0.1603275371923888,0.3949910180162896
0.5880440220110055,0.1831373530147612,0.4135601701275957,1.0,0.3286830493398678,0.5738162094284668
0.4944972486243121,0.4883662747060296,0.7528146109582188,0.500838899837801,0.4941852555941189,0.5000906918743568
0.4767383691845922,0.5096322241681263,0.7222917187890919,0.0133369377539808,0.4021173064513316,0.4201405724052531
0.4954977488744371,0.4901175881911435,0.7530647985989494,0.5006557720145804,0.4941556063275023,0.5004272982541814
0.4949974987493746,0.4916187140355267,0.7528146109582188,0.5006261227479638,0.4941852555941189,0.4996023510124353
0.5755377688844422,0.2732049036777584,0.5233925444083063,0.2051799012853829,0.5521914296178733,0.4554999389573922
0.1945972986493246,0.5564173129847387,0.5979484613460097,0.6481504089854718,1.0,0.6731011388806529
0.6008004002001,0.3627720790592945,0.6449837378033526,0.5365034794286412,0.9958334060031044,0.4988558871234979
0.4952476238119059,0.4896172129096824,0.7525644233174882,0.5005947294068402,0.4941399096569405,0.5005040375324834
0.5780390195097548,0.3992994746059546,0.696272204153115,1.0,0.31273697612362,0.5166192859758969
0.0910455227613806,0.3907930948211159,0.5026269702276709,0.5430803843940213,0.2526850027033155,0.5370371662277412
0.5512756378189094,0.7120340255191395,0.6755066299724795,0.3952962310549907,1.0,0.4290527931353227
0.5600300150075037,0.435576682511884,0.6870152614460847,0.0,0.3942428100528454,0.6867136404067182
0.4954977488744371,0.4918689016762573,0.7528146109582188,0.5005197342030452,0.4945829045816837,0.4981390725011772
0.4952476238119059,0.4898674005504129,0.7530647985989494,0.5005947294068402,0.4941852555941189,0.5005336867991
0.5350175087543771,0.3362521891418565,0.552914686014511,0.0,0.4721488741999058,0.3134380940753789
0.4939969984992495,0.4883662747060296,0.7528146109582188,0.500838899837801,0.4940021277708983,0.5003976489875648
0.4879939969984992,0.2667000250187641,0.5293970477858395,0.0,0.5744562847724854,0.6192162129166158
0.4954977488744371,0.4898674005504129,0.7528146109582188,0.5006418194185256,0.4942009522646807,0.5005650801402236
0.4952476238119059,0.4898674005504129,0.7528146109582188,0.5005807768107854,0.494171302998064,0.5005040375324834
0.3821910955477738,0.4948711533650239,0.6087065298974231,0.3285766607949492,1.0,0.5976367790432007
0.4914957478739369,0.4843632724543409,0.49311983987991,0.5230287597886182,1.0,0.8433489718680782
0.625312656328164,0.3079809857393045,0.5826870152614462,1.0,0.5996215358320107,0.3596333955386574
0.2436218109054527,0.394045534150613,0.5389041781336003,0.6159199120986448,0.7434693130090517,0.5210893489369866
0.7723861930965481,0.1971478608956718,0.2189141856392294,0.0,0.6690112841620595,0.458429984128922
0.4954977488744371,0.4898674005504129,0.7525644233174882,0.500610426077402,0.4941242129863787,0.5005336867991
0.4952476238119059,0.4888666499874907,0.7523142356767576,0.500687165355704,0.4941399096569405,0.5004569475207981
0.4174587293646823,0.5328996747560671,0.678508881661246,0.4704553778537419,1.0,0.6915970490259343
0.5447723861930965,0.4558418814110584,0.7147860895671755,0.0,0.0909691822034637,0.389146624343792
0.4944972486243121,0.4878658994245685,0.7528146109582188,0.5006418194185256,0.4942462982018591,0.5005493834696618
0.4944972486243121,0.4883662747060296,0.7530647985989494,0.5006261227479638,0.4942323456058042,0.5005040375324834
0.1708354177088544,0.3980485364023018,0.5386539904928698,0.4453058234647784,0.1739557353890158,0.7025550691525542
0.4997498749374687,0.4901175881911435,0.7505629221916439,0.500763904634006,0.4945829045816837,0.4940021277708983
0.596048024012006,0.5436577433074807,0.7915936952714537,1.0,0.5506200184871898,0.4448331792734186
0.501000500250125,0.5103827870903179,0.7658243682762073,0.5014039799780247,0.4949631128241799,0.4904006139142264
0.2803901950975487,0.4886164623467602,0.6895171378533902,0.3374592322584021,1.0,0.4808483178401381
0.8479239619809904,0.3880410307730799,0.4425819364523393,0.5312084692258053,0.9903256187104312,0.9215602490538396
0.5767883941970985,0.2124093069802353,0.3309982486865149,0.0353436698815773,0.5088511781223294,0.5572422693897483
0.5512756378189094,0.2747060295221417,0.3827870903177384,1.0,0.2472539546889443,0.6644330885815442
0.4954977488744371,0.4898674005504129,0.7528146109582188,0.500687165355704,0.4941242129863787,0.5004726441913598
0.5087543771885943,0.2852139104328247,0.5834375781836378,0.776294539302719,0.5815843172820343,0.7449343355948166
0.7283641820910455,0.380785589191894,0.6119589692269203,0.0,0.0737080768090412,0.6183773130788147
0.7848924462231115,0.4175631723792846,0.8303727795846887,0.5570591415665277,6.104260774025816e-05,0.4861590247135358
0.1778389194597298,0.3637728296222168,0.6942707030272706,0.5316043741388632,0.9522489840765996,0.5296056647539983
0.4949974987493746,0.4898674005504129,0.7528146109582188,0.5007028620262658,0.494171302998064,0.5004429949247432
0.493496748374187,0.4891168376282213,0.7528146109582188,0.5005947294068402,0.4942619948724209,0.5004726441913598
0.2858929464732366,0.4575931948961722,0.4838628971728797,0.5850480492526641,1.0,0.6598095470638505
0.2981490745372686,0.4535901926444834,0.5901926444833626,0.509339518984251,0.0,0.2671521007377435
0.4289644822411205,0.5419064298223669,0.6582436827620717,0.2537384237054607,0.0,0.0040445087814152
0.4952476238119059,0.4898674005504129,0.7530647985989494,0.500610426077402,0.494171302998064,0.5005040375324834
0.368184092046023,0.3304978734050539,0.503127345509132,0.7352739069013028,0.0,0.3285470115283325
0.4319659829914957,0.5554165624218165,0.6334751063297475,0.4169663568027626,0.0,0.24398730313759
0.4944972486243121,0.4911183387540657,0.7528146109582188,0.5006714686851422,0.4942323456058042,0.5005197342030452
0.1108054027013506,0.3882912184138105,0.670252689517138,0.3361319915586794,0.999007621605595,0.6128067391038945
0.568784392196098,0.2004003002251689,0.4941205904428322,7.67392783019849e-05,0.4710204579939655,0.5457523065385353
0.5962981490745372,0.4776082061546161,0.7147860895671755,1.0,0.0,0.7523658370685595
0.2101050525262631,0.6219664748561422,0.8841631223417565,0.6078465912063763,0.0,0.3296754277342728
0.4954977488744371,0.4901175881911435,0.7528146109582188,0.500610426077402,0.494171302998064,0.5005336867991
0.4464732366183091,0.4568426319739806,0.5138854140605456,0.5348396323490939,1.0,0.8216631494497444
0.2116058029014507,0.5401551163372531,0.4358268701526145,0.5814465353959921,1.0,0.9891047665556272
0.7263631815907954,0.3592694520890669,0.7688266199649738,0.6143485009679613,0.0,0.4920034183860334
0.4954977488744371,0.4898674005504129,0.7530647985989494,0.5005807768107854,0.494171302998064,0.5005040375324834
0.6638319159579789,0.5459094320740556,0.8043532649487117,1.0,0.3683310951043829,0.3814395590979647
0.5120060030015007,0.4478358769076809,0.8541406054540908,0.1302806215881543,0.6773444721558505,0.4930707919842336
0.5420210105052525,0.4478358769076809,0.811358518889167,1.0,0.3734900674956834,0.5120410903953817
0.4952476238119059,0.2541906429822368,0.4883662747060296,1.0,0.1700490084936428,0.5499014597903622
0.2926463231615808,0.5659244433324995,0.7015261446084564,0.3464167989256501,0.0,0.2698536721488742
0.6028014007003502,0.5459094320740556,0.6579934951213411,0.7512513734586741,0.4453825627430804,0.2383417339588747
0.6478239119559779,0.2431823867900926,0.5679259444583439,0.999923260721698,0.6617018679037968,0.7259797338542302
0.0845422711355677,0.5121341005754317,0.5639229422066551,0.9747126637249944,1.0,0.8366499816872177
0.6050525262631314,0.4208156117087817,0.5188891668751564,0.123717669218829,0.0,0.0639883495822941
0.5060030015007503,0.4218163622717039,0.6532399299474607,0.0,0.4328531314857771,0.5109876693932365
0.5817908954477238,0.1110833124843633,0.5126344758568928,0.3315677485742191,0.5127579050177024,0.1861032143293161
0.3894447223611805,0.4475856892669503,0.5929447085313987,1.0,1.0,0.6956258611367878
0.2378689344672335,0.4320740555416563,0.7673254941205905,0.3337966757939899,1.0,0.6507752411183005
0.3204102051025512,0.5809357017763324,0.5826870152614462,0.4851213003819523,0.0,0.0424246123794408
0.5110055027513757,0.3652739554666,0.6099574681010759,0.0,0.422064286586323,0.3345902296946126
0.6493246623311655,0.3582687015261447,0.6677508131098325,0.2346320874827773,0.0,0.0213492160385091
0.6898449224612305,0.3985489116837629,0.4793595196397299,0.6965868461900693,0.9997104836318608,0.81075221933481
0.1150575287643821,0.3642732049036778,0.4691018263697774,0.5115527495334601,0.5618815075780037,0.7031201492927778
0.4949974987493746,0.4898674005504129,0.7530647985989494,0.5007168146223206,0.4942009522646807,0.5005040375324834
0.3619309654827413,0.5486614961220917,0.6649987490617965,0.1604967124195546,0.0,0.1129602176604984
0.5177588794397198,0.2929697272954717,0.4378283712784589,1.0,0.3696740324746673,0.6922074751033365
0.625312656328164,0.4480860645484114,0.7845884413309984,0.3192528384812599,1.0,0.6317909901110975
0.4952476238119059,0.4898674005504129,0.7525644233174882,0.5006418194185256,0.4942166489352425,0.5005040375324834
0.5055027513756878,0.4443332499374532,0.7140355266449838,1.0,0.637345867415456,0.4625355355180773
0.5630315157578789,0.3485113835376533,0.6567425569176883,1.0,0.4029736470342013,0.5299876170710013
0.5757878939469734,0.4143107330497874,0.4545909432074056,0.2547761480370441,0.0,0.1795577027050595
0.5757878939469734,0.2429321991493621,0.3860395296472355,0.0,0.559104940963078,0.5670544325653591
0.5120060030015007,0.3094821115836879,0.3540155116337253,0.539890472120969,0.5069745539529449,0.5592723721157368
0.3634317158579289,0.607705779334501,0.6307230422817114,0.0254844166942812,0.0,0.02962136142456
0.493496748374187,0.4898674005504129,0.7530647985989494,0.5006557720145804,0.494171302998064,0.5004726441913598
0.4944972486243121,0.4886164623467602,0.7523142356767576,0.5007028620262658,0.4941556063275023,0.5005197342030452
0.369184592296148,0.4796097072804605,0.6002001501125845,0.5535343669881577,0.0,0.3539407363482568
0.7808904452226112,0.4048036027020266,0.5596697523142358,0.4945218619739435,0.5262186720616705,0.5511537052862898
0.3051525762881441,0.5431573680260197,0.5554165624218165,0.6197498997157158,0.0,0.2479864659818267
0.4944972486243121,0.4893670252689518,0.7525644233174882,0.500687165355704,0.4942166489352425,0.5005650801402236
0.2431215607803902,0.4808606454841132,0.6464848636477359,0.535832010743499,0.0,0.5444547151054293
0.8366683341670835,0.2514385789342007,0.727795846885164,0.6182395311927725,0.205942061844882,0.6024608891291836
0.4954977488744371,0.4901175881911435,0.7528146109582188,0.500687165355704,0.494171302998064,0.500992378394405
0.4557278639319659,0.3760320240180136,0.973480110082562,1.0,0.3780525664056368,0.578089191970281
0.4952476238119059,0.4901175881911435,0.7528146109582188,0.5005807768107854,0.4942323456058042,0.5005807768107854
0.5175087543771886,0.3242431823867902,0.2559419564673506,0.0,0.9838237089488464,0.3341786281109929
0.597048524262131,0.5066299724793597,0.6895171378533902,0.36341803721855,1.0,0.5549993895739226
0.4937468734367183,0.4891168376282213,0.7528146109582188,0.500610426077402,0.4942166489352425,0.5005040375324834
0.3181590795397698,0.4458343757818365,0.6117087815861897,0.6727505799047735,0.0200376720093481,0.3470882676107923
0.5242621310655327,0.3842882161621217,0.6087065298974231,1.0,0.7021417234944277,0.4842667038735895
0.4952476238119059,0.4898674005504129,0.7530647985989494,0.5006261227479638,0.4942009522646807,0.5004272982541814
0.4952476238119059,0.4896172129096824,0.7528146109582188,0.5005947294068402,0.494171302998064,0.5004726441913598
0.3051525762881441,0.4465849387040281,0.6179634726044534,0.6247710902209742,0.4021643964630169,0.5209690077960131
0.4242121060530265,0.3770327745809358,0.5479109331999,0.542485654987181,1.0,0.5334060031044526
0.3864432216108053,0.2271703777833376,0.2892169126845134,0.9393393445768004,0.2835272162826796,0.7331827615675741
0.4947473736868433,0.4891168376282213,0.7525644233174882,0.5006418194185256,0.4942462982018591,0.5005493834696618
0.5417708854427213,0.4453340005003754,0.7875906930197649,0.8859270628041229,0.517381446535396,0.3537576085250362
0.7788894447223611,0.2822116587440582,0.5644233174881161,0.5947224305422327,0.6495090430263181,0.52005336867991
0.4952476238119059,0.487615711783838,0.7528146109582188,0.5005807768107854,0.4942462982018591,0.5004726441913598
0.5522761380690344,0.2651988991743809,0.3667750813109833,0.8688647819034829,0.3637372028533059,0.5183895216003628
0.2151075537768884,0.43832874655992,0.6189642231673756,0.5692380138479516,0.1923609536599403,0.4866613181715123
0.5927963981990995,0.4153114836127096,0.7525644233174882,0.4166925371051851,0.6307218724383905,0.4679822802030102
0.8649324662331165,0.2737052789592195,0.6760070052539405,0.6657306800146502,0.0957915482149397,0.4131677625268151
0.5487743871935967,0.4340755566675007,0.8834125594195648,0.998916929731238,0.4648237612710815,0.4279383295254373
0.4854927463731865,0.6800100075056293,1.0000000000000002,1.0,0.4987791478451959,0.4682735406456564
0.5672836418209104,0.4966224668501377,0.774330748061046,0.0786385754399427,0.6657306800146502,0.505204318328479
0.5610305152576287,0.2737052789592195,0.5158869151863898,0.0,0.5480108830249228,0.486830493398678
0.6048024012006002,0.360270202651989,0.7930948211158371,0.5177023562446588,0.4915150775241118,0.54570521652685
0.4944972486243121,0.4883662747060296,0.7525644233174882,0.5006714686851422,0.4942166489352425,0.5004569475207981
0.8519259629814906,0.3244933700275207,0.6537403052289218,0.5457662591345902,0.1675166123096779,0.5464237752236776
0.5205102551275638,0.6249687265449089,1.0000000000000002,0.9082372638959136,0.931555540052671,0.5686415403666044
0.4954977488744371,0.4898674005504129,0.7530647985989494,0.5006557720145804,0.4941242129863787,0.5005807768107854
0.4952476238119059,0.4896172129096824,0.7528146109582188,0.5006557720145804,0.494171302998064,0.5005336867991
0.6323161580790395,0.3214911183387542,0.4348261195896923,1.0,0.4014475818406962,0.593089976803809
0.4997498749374687,0.4691018263697775,0.6399799849887416,1.0,1.0,0.3796082808657586
0.4699849924962481,0.3665248936702527,0.4761070803102327,1.0,0.5426687828104017,0.3732458970647226
0.5127563781890945,0.380785589191894,0.6907680760570429,0.0,0.4428798158257321,0.744369255454593
0.5830415207603801,0.4020515386539906,0.6797598198648988,0.0,0.5454470934998343,0.7136491270907093
0.2431215607803902,0.6059544658493872,0.8061045784338254,0.3000697629802745,1.0,0.5789123951375202
0.4854927463731865,0.5156367275456594,0.6014510883162373,0.3529937038910302,1.0,0.4896681026213439
0.4957478739369684,0.4896172129096824,0.7528146109582188,0.500687165355704,0.4941556063275023,0.5005040375324834
0.6108054027013506,0.5218914185639231,0.5166374781085815,1.0,0.0148630029474859,0.6693478905418839
0.4954977488744371,0.4898674005504129,0.7530647985989494,0.5007028620262658,0.4941556063275023,0.5005197342030452
0.5242621310655327,0.4645984488366276,0.6925193895421567,0.1479219352250728,0.4885850323525821,0.499923260721698
0.6233116558279139,0.2702026519889918,0.47485614210658,1.0,0.5392503967769503,0.536519176099203
0.5585292646323161,0.4503377533149864,0.8038528896672505,0.8082651690880234,0.5144514013638662,0.6519960932731046
0.4954977488744371,0.4898674005504129,0.7528146109582188,0.5006714686851422,0.4942619948724209,0.5005807768107854
0.4949974987493746,0.4898674005504129,0.7523142356767576,0.5006714686851422,0.4941852555941189,0.5004429949247432
0.4847423711855927,0.43832874655992,0.751063297473105,0.0,0.5355424943753597,0.5251199051223469
0.2588794397198599,0.4215661746309733,0.5208906680010008,0.5379528053438443,0.331110801053421,0.4637406910023196
0.5495247623811905,0.4285714285714287,0.6544908681511135,0.5371592514432216,0.6555679578631599,0.3119887681601758
0.6128064032016007,0.3297473104828622,0.5208906680010008,1.0,0.4384987006644923,0.5975460871688438
0.4952476238119059,0.4898674005504129,0.7525644233174882,0.5005807768107854,0.4942323456058042,0.5004883408619216
0.5365182591295647,0.4325744308231175,0.8651488616462348,1.0,0.7123061897204248,0.4632227008737813
0.5937968984492246,0.3767825869402053,0.6662496872654492,1.0,0.3680869246734221,0.5492317351797269
0.6730865432716358,0.3350012509382037,0.5936952714535904,0.5408985471859358,0.9914836841829884,0.5173971432059578
0.4997498749374687,0.3277458093570179,0.5198899174380787,1.0,0.5521303870101331,0.4595444477388074
0.5832916458229114,0.3662747060295223,0.6880160120090069,0.638338245809861,1.0,0.484768997331566
0.4137068534267133,0.5238929196897675,0.7132849637227923,0.4277255524356,1.0,0.5283848125991942
0.5937968984492246,0.2174130597948462,0.3972979734801101,0.0,0.1778624622843888,0.6245879623977536
0.785392696348174,0.3720290217663248,0.4273204903677759,0.5673613896785671,0.932547918447076,0.8447233025794862
0.481240620310155,0.2379284463347511,0.3340005003752815,0.1004761323403736,0.4062071611699251,0.6184383556865549
0.4909954977488744,0.1473605203902928,0.5043782837127847,0.9877757817813976,0.3325897762352408,0.6489125695449709
0.4919959979989994,0.4888666499874907,0.7540655491618715,0.5005807768107854,0.4942009522646807,0.5004726441913598
0.8846923461730865,0.2186639979984989,0.6029522141606205,0.5199295393899227,0.6748870711756806,0.5216701257477719
0.4952476238119059,0.4898674005504129,0.7530647985989494,0.5006557720145804,0.494171302998064,0.5005650801402236
0.7978989494747373,0.4208156117087817,0.3705278959219415,0.3894814866491096,0.9575300416833809,0.9104958403823012
0.4952476238119059,0.4898674005504129,0.7528146109582188,0.5007325112928824,0.4941852555941189,0.5005197342030452
0.0,0.1115836877658244,0.5313985489116838,0.6810820238240578,0.3206411217887228,0.4748504456110365
0.2786393196598299,0.3660245183887917,0.6002001501125845,0.4138985297451907,1.0,0.6007656487085128
0.5167583791895948,0.4073054791093321,0.7215411558669003,0.266344594241066,0.5941277011353925,0.5541604897361215
0.4842421210605302,0.4603452589442083,0.665248936702527,0.0,0.4812913127648813,0.4900500549383469
0.5597798899449724,0.2251688766574932,0.4083062296722543,0.0,0.7996581613966549,0.4343181540715419
0.6218109054527263,0.4295721791343508,0.8311233425068802,1.0,0.5346722011964351,0.4440849713099744
0.6613306653326663,0.3430072554415813,0.816362271703778,0.6420147548703281,0.2891902262064635,0.531848544569824
0.4952476238119059,0.4896172129096824,0.7525644233174882,0.5006418194185256,0.4942009522646807,0.5005197342030452
0.3219109554777388,0.4688516387290469,0.5706780085063798,0.4887838568463645,1.0,0.5320473690636064
0.0617808904452226,0.4260695521641232,0.826870152614461,0.5931056734743708,1.0,0.544866316689049
0.6198099049524761,0.5709281961471104,0.3527645734300726,1.0,0.9276034672201195,0.9177145647662068
0.2438719359679839,0.4320740555416563,0.6594946209657244,0.6155536564522036,0.0,0.3138810890001221
0.4317158579289644,0.516387290467851,0.589942456842632,0.5921132950799658,0.0,0.5056769625198388
0.5202601300650325,0.1863897923442583,0.4660995746810108,0.0,0.5327502310898722,0.6611071384969566
0.6218109054527263,1.0000000000000002,1.0000000000000002,1.0,0.0692223171773898,0.3060676352093762
0.4982491245622811,0.3750312734550914,0.8266199649737305,1.0,0.5366552139107382,0.6701710937091232
0.5507753876938468,0.3495121341005756,0.7215411558669003,0.0,0.6516455342972252,0.4806181000052322
0.4944972486243121,0.4893670252689518,0.7530647985989494,0.5007028620262658,0.4942009522646807,0.5005493834696618
0.4949974987493746,0.4901175881911435,0.7533149862396799,0.5006557720145804,0.4942323456058042,0.5004726441913598
0.5277638819409705,0.5101325994495873,0.8986740055041282,0.000305213038701,0.8042520536477318,0.4995727017458186
0.4954977488744371,0.4881160870652991,0.7520640480360272,0.5006714686851422,0.4941852555941189,0.5004883408619216
0.4952476238119059,0.4896172129096824,0.7530647985989494,0.5005807768107854,0.4942166489352425,0.5004726441913598
0.7766383191595797,0.3605203902927196,0.659744808606455,0.3468144479132148,0.0,0.1817081465720215
0.4952476238119059,0.487615711783838,0.7528146109582188,0.5005807768107854,0.4941399096569405,0.5005197342030452
0.4944972486243121,0.4886164623467602,0.7528146109582188,0.5006557720145804,0.4942462982018591,0.5004726441913598
0.4942471235617808,0.4888666499874907,0.7525644233174882,0.5006418194185256,0.4942009522646807,0.5005336867991
0.4942471235617808,0.4888666499874907,0.7528146109582188,0.5006418194185256,0.494171302998064,0.5004726441913598
0.6370685342671335,0.4310733049787342,0.5476607455591694,0.3391370319340042,0.0,0.2125189668102621
0.4979989994997498,0.2434325744308232,0.0740555416562422,0.0,0.4889669846695851,0.6977327031410782
0.576288144072036,0.3825369026770079,0.8341255941956469,1.0,0.457360866456215,0.4829534157699217
0.2893946973486743,0.4913685263947962,0.6810107580685515,0.2104906081587805,1.0,0.704415996651377
0.1260630315157578,0.4220665499124344,0.6179634726044534,0.2556621378865305,0.9866630622460192,0.5902209742400195
0.6293146573286643,0.3027270452839631,0.568926695021266,0.0,0.2309241850811866,0.5792176081762213
0.4952476238119059,0.487615711783838,0.7523142356767576,0.5005947294068402,0.4941852555941189,0.5005336867991
0.4589794897448724,0.4530898173630224,0.7040280210157619,1.0,0.9629314404311352,0.389375098104191
0.7681340670335166,0.3865399049286966,0.8471353515136353,0.7051799012853829,0.4203690461656522,0.3880182081378516
0.8769384692346172,0.3029772329246936,0.7635726795096324,0.5174128398765195,0.0,0.2939498055356925
0.4299649824912456,0.4260695521641232,0.6777583187390543,0.4722709594153862,0.4086959554912186,0.4866613181715123
0.0397698849424712,0.2224168126094571,0.5494120590442833,0.6081221549784607,0.7836963915098454,0.3108586078797286
0.4952476238119059,0.4901175881911435,0.7528146109582188,0.5006557720145804,0.4941399096569405,0.5005650801402236
0.5707853926963481,0.4958719039279461,0.6289717287965976,0.5623541517693635,0.0,0.3612187592653958
0.4939969984992495,0.4886164623467602,0.7528146109582188,0.5007168146223206,0.4942009522646807,0.5005197342030452
0.4954977488744371,0.4898674005504129,0.7530647985989494,0.5006557720145804,0.4942166489352425,0.5004883408619216
0.4952476238119059,0.4898674005504129,0.7528146109582188,0.500687165355704,0.4942323456058042,0.5004883408619216
0.6325662831415707,0.6079559669752316,0.7895921941456093,1.0,0.5217922109632523,0.4247187679857683
0.4952476238119059,0.4896172129096824,0.7528146109582188,0.500610426077402,0.4942323456058042,0.5004569475207981
0.5252626313156578,0.4886164623467602,0.9559669752314236,0.0055548773043584,0.569893785862532,0.5540384045206411
0.1310655327663831,0.4263197398048537,0.6147110332749564,0.692008650609554,0.5640493921900344,0.6200708094249786
0.295647823911956,0.4090567925944459,0.5371528646484864,0.4379039712576521,0.9612379440849712,0.4827563353506461
0.4377188594297148,0.5096322241681263,0.6177132849637229,0.5213945619756876,1.0,0.5854596508362837
0.4424712356178089,0.5596697523142358,0.7665749311983989,0.4803442803076547,0.0,0.1795873519716762
0.4952476238119059,0.4886164623467602,0.7528146109582188,0.5006557720145804,0.4942619948724209,0.500151734482097
0.3376688344172086,0.4801100825619215,0.5539154365774331,0.7031654952299562,1.0,0.5896715907703577
0.712856428214107,0.3812859644733551,0.5591693770327747,0.5526030312014929,0.9156705094441636,0.7180738441146206
0.4944972486243121,0.4888666499874907,0.7528146109582188,0.5007028620262658,0.4941556063275023,0.5005336867991
0.0027513756878439,0.4938704028021017,0.7518138603952966,0.5915482149397422,0.0127422083471405,0.5643546052287354
0.0340170085042521,0.3850387790843133,0.5389041781336003,0.2981320962031498,0.7305736261053072,0.7036991820290562
0.3579289644822411,0.4165624218163624,0.4701025769326996,0.6897204248565498,0.0145891832499084,0.5418595322392172
0.4954977488744371,0.4901175881911435,0.7528146109582188,0.5006418194185256,0.494171302998064,0.5007935539006226
0.5890445222611305,0.2529397047785841,0.4838628971728797,0.0845893576573591,0.6601914993808535,0.4428937684217869
1.0,0.2104078058543909,0.8776582436827622,0.504745626733174,0.0,0.3986535744807018
0.7436218109054527,0.4088066049537154,0.5969477107830874,0.6738040009069187,1.0,0.8801733610059821
0.4954977488744371,0.4896172129096824,0.7528146109582188,0.5006557720145804,0.4942166489352425,0.5004883408619216
0.4952476238119059,0.4898674005504129,0.7528146109582188,0.5005493834696618,0.4941852555941189,0.5004883408619216
0.5630315157578789,0.4781085814360772,0.9061796347260448,1.0,0.0994070146676666,0.5068821180040811
0.4939969984992495,0.4893670252689518,0.7528146109582188,0.5006261227479638,0.4942462982018591,0.5004569475207981
0.477488744372186,0.4801100825619215,0.6682511883912936,0.4704850271203586,1.0,0.5122242182186023
0.5522761380690344,0.5251438578934202,0.7578183637728297,0.0017248896872874,0.5345187226398311,0.4937126114027591
0.4952476238119059,0.4898674005504129,0.7530647985989494,0.5007168146223206,0.4942166489352425,0.5004569475207981
0.4472236118059029,0.3482611958969228,0.4751063297473106,0.0,0.4302893419606886,0.6121195737481905
0.2508754377188594,0.414560920690518,0.5334000500375282,0.5739069013028236,0.2368453180319863,0.3170256553359959
0.532016008004002,0.5439079309482113,0.2887165374030523,0.641481068071228,1.0,1.0
0.1345672836418209,0.4188141105829373,0.3777833375031274,0.4344855852242008,0.0757992221427699,0.715586793867834
0.4232116058029014,0.602201651238429,0.4991243432574431,0.4024242635645395,1.0,0.67668870014127
0.8496748374187093,0.2992244183137353,0.7408056042031524,0.4811831801454558,0.0742121143415247,0.3315537959781642
0.3176588294147073,0.5486614961220917,0.6925193895421567,0.3879711181261663,0.0,0.093791094755568
0.584792396198099,0.3269952464348262,0.8188641481110834,1.0,0.1495247396968798,0.4607949491602281
0.6420710355177588,0.3432574430823119,0.7543157368026021,0.3700402881211085,0.0,0.2492980100109876
0.4949974987493746,0.4888666499874907,0.7518138603952966,0.5006261227479638,0.4942323456058042,0.5004883408619216
0.7776388194097048,0.257943457593195,0.6942707030272706,0.5450337478417078,0.2959188656539407,0.3894361407119312
0.5835417708854427,0.6454841130848138,0.873405053790343,0.0,0.154102935277395,0.3625634407101871
0.5827913956978489,0.378033525143858,0.6507380535401552,0.5159478172907547,0.0,0.7022498561138532
0.4949974987493746,0.4891168376282213,0.7528146109582188,0.5007028620262658,0.4942166489352425,0.5005040375324834
0.606553276638319,0.1841381035776834,0.3552664498373781,1.0,0.2582555766782357,0.3514676386975252
0.4592296148074036,0.2171628721541156,0.2874655991993996,0.0,0.9210265622547396,0.400012208521548
0.4954977488744371,0.4901175881911435,0.7528146109582188,0.5006261227479638,0.4941556063275023,0.5004569475207981
0.5870435217608804,0.4590943207405555,0.6614961220915688,1.0,0.4434902419031341,0.4939253884925964
0.493496748374187,0.5073805354015513,0.6437327995996999,1.0,1.0,0.7220276610216788
0.4927463731865932,0.3997998498874157,0.7280460345258946,0.0,0.5615152519315625,0.3320874827772643
0.5360180090045021,0.3319989992494372,0.6725043782837129,0.0,0.6952299562237299,0.5003662556464412
0.4954977488744371,0.4898674005504129,0.7528146109582188,0.5006557720145804,0.4941556063275023,0.5005947294068402
0.5465232616308153,0.3089817363022268,0.6204653490117589,0.0,0.5623245025027469,0.4961229223712437
0.7726363181590794,0.3710282712034026,0.6489867400550414,0.248275982349966,0.7796204893873067,0.7734412334094912
0.344672336168084,0.3910432824618465,0.7443082311733802,0.3776392207475103,0.0946613879344925,0.4266424821668382
0.7081040520260129,0.5394045534150614,0.4535901926444834,0.3527809268011929,0.0,0.0
0.7763881940970484,0.4048036027020266,0.6304728546409808,0.5648586427612188,0.9454436053508206,0.5296213614245601
0.6578289144572286,0.4863647735801852,0.994495871903928,0.2847794617786072,0.3605019446430751,0.6676997401328985
0.4952476238119059,0.4896172129096824,0.7528146109582188,0.5005493834696618,0.4942009522646807,0.5005040375324834
0.6575787893946973,0.4776082061546161,0.6279709782336753,0.0,0.1467307323368854,0.5517641313636918
0.2671335667833917,0.4568426319739806,0.5604203152364274,0.5741214224671678,0.0,0.2951567050944417
0.4944972486243121,0.4891168376282213,0.7533149862396799,0.500610426077402,0.4942776915429827,0.5000156966705618
0.648824412206103,0.0815611708781586,0.4418313735301477,0.4437954549418351,0.4235136125015261,0.4749271848893385
0.4944972486243121,0.4886164623467602,0.7523142356767576,0.5005650801402236,0.4941556063275023,0.5005336867991
0.4952476238119059,0.4898674005504129,0.7530647985989494,0.5006261227479638,0.4941556063275023,0.5004726441913598
0.4954977488744371,0.4888666499874907,0.7528146109582188,0.500687165355704,0.4942009522646807,0.5004726441913598
0.292896448224112,0.4778583937953466,0.6002001501125845,0.5517484346931301,0.0,0.3612187592653958
0.4952476238119059,0.4898674005504129,0.7528146109582188,0.5007028620262658,0.4941852555941189,0.5004569475207981
0.4954977488744371,0.4901175881911435,0.7528146109582188,0.5006418194185256,0.494171302998064,0.5005197342030452
0.5832916458229114,0.3550162621966476,0.605454090567926,0.0,0.3705129323124684,0.3861241432233985
0.4944972486243121,0.4883662747060296,0.7528146109582188,0.5005336867991,0.4942009522646807,0.5004726441913598
0.4839919959979989,0.4050537903427572,0.6512384288216163,0.0,0.344738999250048,0.5075239374226067
0.0530265132566283,0.4773580185138855,0.78533900425319,0.5690705826952928,1.0,0.6507595444477388
0.4942471235617808,0.4883662747060296,0.7525644233174882,0.5006557720145804,0.4942323456058042,0.5003662556464412
0.3956978489244622,0.4568426319739806,0.469852389291969,0.4847846940021277,1.0,0.698357081814535
0.349424712356178,0.5188891668751565,0.5406554916187142,0.6832342117655266,1.0,0.6249245687775782
0.4942471235617808,0.4891168376282213,0.7528146109582188,0.5006714686851422,0.4942009522646807,0.5004429949247432
0.5615307653826913,0.6307230422817114,0.9379534650988242,0.0,0.6133561225735563,0.5101487695554354
0.5440220110055027,0.2114085564173131,0.4660995746810108,1.0,0.4249786350872909,0.5354657550970577
0.4944972486243121,0.4886164623467602,0.7530647985989494,0.5005947294068402,0.4942009522646807,0.5005040375324834
0.6490745372686342,0.4048036027020266,0.495871903927946,0.4836702303922424,1.0,0.8048921289917506
0.4954977488744371,0.4901175881911435,0.7528146109582188,0.500610426077402,0.4942009522646807,0.5004116015836196
0.4952476238119059,0.4901175881911435,0.7530647985989494,0.5006261227479638,0.4942009522646807,0.5005040375324834
0.26088044022011,0.4498373780335252,0.691268451338504,0.6470062961089698,0.0039677695031131,0.3290039590491306
0.3604302151075537,0.5484113084813611,0.4125594195646735,0.6633343216422205,1.0,0.7899837801070861
0.4954977488744371,0.4901175881911435,0.7528146109582188,0.5006714686851422,0.494171302998064,0.5005040375324834
0.6345672836418208,0.6399799849887418,0.7082812109081813,0.5775851544377976,1.0,0.3999668625843696
0.5140070035017508,0.2596947710783088,0.4618463847885915,0.9967647417897691,0.5985524181593037,0.5204649702635297
0.5180090045022511,0.3184888666499876,0.581686264698524,1.0,0.186575858520676,0.6233828069135113
0.3029014507253627,0.5571678759069303,0.764823617713285,0.5432949055583655,0.0,0.4014475818406962
0.5225112556278139,0.5246434826119591,0.6932699524643484,0.0,0.4111219631302649,0.5958055008109946
0.2061030515257628,0.5118839129347011,0.6867650738053541,0.458735197167623,0.0,0.0846660969356611
0.6490745372686342,0.5496622466850138,0.7623217413059795,1.0,0.7552801855695275,0.3195737481905227
0.5305152576288144,0.3522641981486115,0.3900425318989242,0.5851701344681445,0.4581090744196592,0.499312834644296
0.4404702351175587,0.3792844633475107,0.443332499374531,0.9967647417897691,0.0,0.491042433332752
0.5405202601300649,0.0953214911183388,0.4658493870402803,0.0631180564033695,0.5335437849904948,0.7776985192807436
0.4949974987493746,0.4883662747060296,0.7535651738804104,0.5008092505711844,0.4940492177825836,0.5005807768107854
0.7943971985992996,0.1508631473605204,0.2151613710282712,0.3046636552313515,0.3179866403892774,0.481777909552296
0.3941970985492746,0.5253940455341507,0.6870152614460847,0.7486422379964072,0.0,0.3190086680502991
0.6928464232116057,0.2286715036277208,0.3340005003752815,0.1590159931632279,0.3638906814099099,0.4588415857125416
0.0317658829414707,0.2476857643232425,0.6124593445083814,0.694389312311422,0.6740621239339345,0.4585834626855259
0.4939969984992495,0.4891168376282213,0.7533149862396799,0.5006418194185256,0.4941242129863787,0.5004883408619216
0.5720360180090044,0.2034025519139355,0.4693520140105079,1.0,0.3837905715332159,0.5739836405811256
0.5795397698849424,0.2099074305729298,0.5466599949962473,0.921987547308021,0.4151350785705565,0.3583515007761131
0.4954977488744371,0.4898674005504129,0.7528146109582188,0.5006714686851422,0.494171302998064,0.5005040375324834
0.4952476238119059,0.4898674005504129,0.7528146109582188,0.500610426077402,0.4941399096569405,0.5005197342030452
0.4574787393696848,0.5308981736302228,0.6712534400800602,0.2353035561679194,0.0,0.0
0.5625312656328163,0.151113335001251,0.3662747060295221,0.0,0.5852922196836249,0.5837347611489963
0.4954977488744371,0.4901175881911435,0.7530647985989494,0.500687165355704,0.4942009522646807,0.5005040375324834
0.4949974987493746,0.4896172129096824,0.7530647985989494,0.500687165355704,0.494171302998064,0.5005493834696618
0.5915457728864432,0.4475856892669503,0.7390542907180386,0.9992988820482412,0.5259274116190243,0.4238345222107889
0.4649824912456227,0.2206654991243433,0.5336502376782588,1.0,0.2773933062420426,0.5225543715227514
0.5975487743871936,0.5316487365524144,0.816862646985239,1.0,0.3432722325897762,0.699120986448541
0.5700350175087543,0.3722792094070554,0.7500625469101827,7.67392783019849e-05,0.4746376685211992,0.2295498543697786
0.4944972486243121,0.4886164623467602,0.7530647985989494,0.5007168146223206,0.4942009522646807,0.5005493834696618
0.4904952476238118,0.4856142106579936,0.7563172379284464,0.5005650801402236,0.4942166489352425,0.5005040375324834
0.2531265632816408,0.3967975981986491,0.5341506129597199,0.5405479882100563,0.989211155100546,0.3757015539703856
0.4954977488744371,0.4901175881911435,0.7528146109582188,0.500610426077402,0.4942166489352425,0.5005493834696618
0.5492746373186592,0.3475106329747311,0.6544908681511135,0.4109998779147845,0.280201266198092,0.4919423757782932
0.4952476238119059,0.4898674005504129,0.7525644233174882,0.500687165355704,0.4941399096569405,0.5005197342030452
0.4942471235617808,0.1758819114335753,0.3515136352264199,0.9973751678671712,0.459268883966723,0.4838847515565865
0.6195597798899449,0.2169126845133851,0.2621966474856143,0.8142316479760014,0.5229816697769328,0.5903744527966235
0.5600300150075037,0.3957968476357269,0.7205404053039781,0.4288243193749237,0.4758724732720581,0.448403299788967
0.6005502751375688,0.3622717037778334,0.5589191893920441,0.4814587439175402,0.0,0.34940788670492
0.4937468734367183,0.4883662747060296,0.7535651738804104,0.5005807768107854,0.4942619948724209,0.5005040375324834
0.4924962481240619,0.5141356017012761,0.5901926444833626,0.3780054763939515,1.0,0.5888483876031184
0.7783891945972985,0.3152364273204905,0.8281210908181138,0.554357570155397,0.3263791269163019,0.4593613199155868
0.4954977488744371,0.4896172129096824,0.7530647985989494,0.500610426077402,0.4940788670492003,0.5005336867991
0.4954977488744371,0.4901175881911435,0.7528146109582188,0.5006261227479638,0.4942323456058042,0.5005040375324834
0.4954977488744371,0.4901175881911435,0.7528146109582188,0.5006557720145804,0.494171302998064,0.5005336867991
0.4954977488744371,0.4896172129096824,0.7525644233174882,0.500687165355704,0.494171302998064,0.5004883408619216
0.4344672336168083,0.4681010758068553,0.5999499624718541,0.6839527704623541,1.0,0.7195859567120707
0.5790395197598799,0.3900425318989243,0.6187140355266451,0.0,0.1125922179395504,0.4903099220398695
0.5337668834417209,0.4440830622967227,0.7155366524893672,0.3561993128346443,0.5619739435268675,0.4182796449064304
0.6073036518259128,0.271203402551914,0.5511633725293972,0.3306521094581161,0.5253326822121841,0.3631424734464656
0.4947473736868433,0.4891168376282213,0.7525644233174882,0.5006418194185256,0.4942323456058042,0.5005197342030452
0.4952476238119059,0.4896172129096824,0.7528146109582188,0.5006418194185256,0.494171302998064,0.5004883408619216
0.5255127563781891,0.422316737553165,0.4758568926695022,0.4059333414723477,1.0,0.6640214869979245
0.5540270135067533,0.5208906680010009,0.6442331748811609,0.6099987791478452,1.0,0.6824563545354657
0.4952476238119059,0.4901175881911435,0.7525644233174882,0.5005947294068402,0.494108516315817,0.5005197342030452
0.5902951475737868,0.2514385789342007,0.3897923442581937,0.0714041543854753,0.4775816662887838,0.4012784066135305
0.6690845422711356,0.2099074305729298,0.2714535901926445,0.3277220642865863,0.5522367755550517,0.2340530547464988
0.5432716358179089,0.4268201150863148,0.7490617963472606,1.0,0.7003871845405236,0.4873345309311613
0.4954977488744371,0.4898674005504129,0.7525644233174882,0.5007028620262658,0.4942323456058042,0.5004883408619216
0.5255127563781891,0.4348261195896924,0.7545659244433327,0.8874984739348064,0.4991000575544587,0.5293614943230375
0.4957478739369684,0.4901175881911435,0.7525644233174882,0.5005947294068402,0.4941399096569405,0.5005493834696618
0.4957478739369684,0.4901175881911435,0.7528146109582188,0.5006557720145804,0.4941852555941189,0.5005493834696618
0.2971485742871435,0.5043782837127847,0.6277207905929448,0.4270994296876362,1.0,0.6892931266023684
0.4954977488744371,0.4901175881911435,0.7528146109582188,0.5005807768107854,0.4942166489352425,0.5005493834696618
0.5942971485742871,0.4418313735301477,0.7495621716287216,1.0,0.5407921586410172,0.4315712367232328
0.5822911455727864,0.3777833375031275,0.4590943207405555,1.0,0.578928091808082,0.4666707361738493
0.5635317658829414,0.4275706780085065,0.6002001501125845,0.3985628826063449,0.0,0.253098348361442
0.717608804402201,0.3292469352014011,0.7287965974480862,0.3956328374348152,0.6365976594520117,0.5255611559725831
0.4942471235617808,0.4886164623467602,0.7533149862396799,0.5004883408619216,0.4942916441390376,0.5004883408619216
0.0,0.4285714285714287,0.6464848636477359,0.6050089819837103,0.9799937213317752,0.6797861764654586
0.6128064032016007,0.4708531398548913,0.5581686264698524,0.4701048188778625,1.0,0.59232781624431
0.3961980990495247,0.4170627970978234,0.7045283962972231,0.4051694368383417,0.4387428710954532,0.528247030713152
0.2991495747873937,0.5504128096072055,0.5809357017763324,0.3358267785199783,0.0,0.1036660446134258
0.5032516258129064,0.4315736802601952,0.8121090818113587,0.489591363343042,0.5753579712925336,0.4784362627971467
0.4952476238119059,0.4893670252689518,0.7525644233174882,0.500610426077402,0.4942323456058042,0.5005197342030452
0.3369184592296148,0.4706029522141607,0.6194645984488367,0.6640668329351029,0.0,0.3602124282749359
0.1703351675837918,0.4418313735301477,0.5909432074055543,0.6035282627273837,0.320473690636064,0.4438408008790135
0.3941970985492746,0.4480860645484114,0.6509882411808858,0.7235990721523624,1.0,0.6743062943648952
0.5580290145072535,0.1396047035276458,0.3097322992244183,0.6116626262273924,0.5754643598374523,0.5470342013010796
0.4947473736868433,0.4893670252689518,0.7528146109582188,0.500610426077402,0.4941556063275023,0.5005650801402236
0.2383691845922961,0.4090567925944459,0.6464848636477359,0.7479550726407032,0.0,0.4802989343704763
0.8319159579789894,0.396297222917188,0.6489867400550414,0.407977396794391,0.0,0.238249298010011
0.5497748874437218,0.5026269702276709,0.7150362772079061,0.2742940858433472,0.5993930620716117,0.5562969810070286
0.4952476238119059,0.4898674005504129,0.7530647985989494,0.5007168146223206,0.494108516315817,0.5004726441913598
0.5945472736368184,0.4673505128846636,0.6705028771578685,1.0,0.5615919912098645,0.4473969687985071
0.7821410705352675,0.3302476857643233,0.6900175131348513,0.6410398172209917,0.201424908872107,0.2977658405567086
0.516008004002001,0.3952964723542658,0.7988491368526396,0.0,0.537968502014406,0.5878089191970282
0.4942471235617808,0.4886164623467602,0.7528146109582188,0.5005493834696618,0.4942166489352425,0.5005493834696618
0.497248624312156,0.4913685263947962,0.7505629221916439,0.5008092505711844,0.4942916441390376,0.5004429949247432
0.7183591795897948,0.4105579184388293,0.8266199649737305,0.3953119277255524,0.0,0.2894936951706577
0.2538769384692346,0.4703527645734302,0.4978734050537904,0.4874862654132584,0.0,0.2619181331426479
0.4952476238119059,0.4898674005504129,0.7530647985989494,0.5006418194185256,0.4942323456058042,0.5004883408619216
0.5327663831915957,0.3970477858393796,0.3715286464848637,0.0,0.6146083680694839,0.5809128485968921
0.4449724862431215,0.597197898423818,1.0000000000000002,0.3003139334112353,1.0,0.4571637860369395
0.676088044022011,0.2732049036777584,0.4510883162371779,1.0,0.4178366499816872,0.4697525158274761
0.4952476238119059,0.4901175881911435,0.7525644233174882,0.5007482079634442,0.4943073408095993,0.5004272982541814
0.5790395197598799,0.3482611958969228,0.6549912434325745,0.5394492212707327,0.0,0.4478539163193051
0.5935467733866933,0.4318238679009258,0.7603202401801352,0.568062507630326,0.5694507909377888,0.4429408584334723
0.4942471235617808,0.4886164623467602,0.7530647985989494,0.5006714686851422,0.4942462982018591,0.5005040375324834
0.4952476238119059,0.4898674005504129,0.7533149862396799,0.5005947294068402,0.494171302998064,0.5005040375324834
0.2343671835917958,0.4971228421315988,0.6792594445834377,0.4318921464324956,0.0,0.3838516141409561
0.6188094047023511,0.2566925193895423,0.4205654240680511,1.0,0.4495491567399759,0.3782967368365976
0.4952476238119059,0.4896172129096824,0.7530647985989494,0.5006418194185256,0.4941852555941189,0.5005807768107854
0.4974987493746873,0.4841130848136103,0.7523142356767576,0.5045485463138986,0.4986117166925371,0.3800059298533233
0.5182591295647824,0.4500875656742558,0.991243432574431,1.0,0.0013272406997227,0.6291661579782688
0.5305152576288144,0.4168126094570929,0.6800100075056293,0.1551703088755952,0.565376632889757,0.500228473760399
0.4952476238119059,0.4898674005504129,0.7528146109582188,0.5005650801402236,0.4942009522646807,0.5005650801402236
0.4449724862431215,0.5931948961721293,0.5041280960720541,0.3878804262518094,0.0,0.0833231595653766
0.765632816408204,0.3952964723542658,0.82186639979985,0.5923731621814884,0.217953502973647,0.4270697804210196
0.6085542771385692,0.2231673755316488,0.4763572679509633,0.8533460069414165,0.5544796553708774,0.6523937422606694
0.4732366183091545,0.4713535151363524,0.8278709031773832,0.4774456284772485,0.0,0.1597938503932888
0.508504252126063,0.148361270953215,0.3440080060045034,0.2829324868758394,0.4580637284824808,0.6603432338629507
0.3416708354177088,0.5436577433074807,0.7418063547660747,0.6735284371348343,0.0,0.42520710884769
0.4939969984992495,0.4893670252689518,0.7528146109582188,0.5007028620262658,0.494171302998064,0.5004883408619216
0.4954977488744371,0.4898674005504129,0.7530647985989494,0.5006418194185256,0.4942323456058042,0.5004429949247432
0.6005502751375688,0.5411558669001753,0.6800100075056293,0.0381516298376266,0.5729912621867206,0.6950154350593858
0.4952476238119059,0.4898674005504129,0.7528146109582188,0.500687165355704,0.4942009522646807,0.5005197342030452
0.4767383691845922,0.4671003252439331,0.7530647985989494,0.500992378394405,0.4950102028358651,0.4732336885431745
0.2276138069034517,0.5138854140605456,0.8158618964223168,0.3527809268011929,0.0,0.262743080384394
0.4944972486243121,0.4891168376282213,0.7530647985989494,0.5005947294068402,0.4941242129863787,0.500610426077402
0.4944972486243121,0.4883662747060296,0.7525644233174882,0.5007028620262658,0.4942009522646807,0.5005197342030452
0.5542771385692846,0.3417563172379285,0.5344008006004505,1.0,0.2062943648952683,0.5298341385143973
0.601800900450225,0.2261696272204154,0.3515136352264199,0.0,0.3494689293126602,0.5528472016324537
0.4952476238119059,0.4896172129096824,0.7528146109582188,0.5006261227479638,0.4942323456058042,0.5004429949247432
0.4947473736868433,0.4891168376282213,0.7528146109582188,0.500687165355704,0.4942009522646807,0.5005197342030452
0.4954977488744371,0.4896172129096824,0.7525644233174882,0.5006557720145804,0.4941852555941189,0.5005947294068402
0.4949974987493746,0.4898674005504129,0.7525644233174882,0.5007168146223206,0.4942323456058042,0.5004726441913598
0.4952476238119059,0.4901175881911435,0.7528146109582188,0.5005493834696618,0.4941852555941189,0.5004569475207981
0.0102551275637819,0.406805103827871,0.7990993244933702,0.7290475609118021,0.7281929644034393,0.5853375656208033
0.5907953976988494,0.4073054791093321,0.6995246434826121,0.6134625111184749,0.3889791931911331,0.407215236234892
0.2301150575287643,0.4065549161871404,0.5786840130097575,0.5104993285313149,0.0085773584247519,0.5789891344158222
0.4957478739369684,0.5218914185639231,0.6379784838628972,0.6544988401904529,0.0,0.0922196836248844
0.7046023011505752,0.38353765323993,0.6609957468101078,0.4748957915482149,0.0,0.1653487276976473
0.4952476238119059,0.4896172129096824,0.7530647985989494,0.5006557720145804,0.4941852555941189,0.5004429949247432
0.7023511755877938,0.3370027520640481,0.769326995246435,0.42520710884769,0.54111306835028,0.4489230339920121
0.2111055527763881,0.4065549161871404,0.7623217413059795,0.3466923626977344,1.0,0.4978792053996547
0.4949974987493746,0.4896172129096824,0.7525644233174882,0.5007028620262658,0.4942323456058042,0.5005197342030452
0.5730365182591295,0.4045534150612961,0.7690768076057044,0.4048642237996407,0.2134956485341054,0.5205870554790101
0.5567783891945972,0.1263447585689268,0.3062296722541907,0.2731203237002284,0.6500270331548563,0.3645150600833667
0.5182591295647824,0.4018013510132601,0.6960220165123844,0.0,0.3981966269599037,0.5059978722291016
0.4089544772386193,0.5041280960720542,0.6817613209907432,0.4226433193226014,1.0,0.6738650435146589
0.1720860430215107,0.3965474105579185,0.589442081561171,0.5858102098121631,0.2737464464481922,0.5794774752777438
0.4057028514257128,0.5288966725043784,0.6980235176382288,0.6429460906569928,0.0,0.4159443291417409
0.4954977488744371,0.4898674005504129,0.7530647985989494,0.500687165355704,0.4941556063275023,0.5005650801402236
0.3911955977988994,0.4165624218163624,0.7715786840130099,0.5445454069797862,0.8586863630814308,0.4820988192615588
0.5930465232616308,0.2546910182636979,0.4718538904178134,1.0,0.3457139368993843,0.3589148368418299
0.6343171585792896,0.3292469352014011,0.6995246434826121,0.6051607164658074,0.0039520728325514,0.490660481015749
0.4954977488744371,0.4898674005504129,0.7530647985989494,0.5007028620262658,0.4941852555941189,0.5004726441913598
0.6378189094547273,0.14610958218664,0.2579434575931949,0.0,0.4430629436489527,0.4962607042572858
0.4039519759879939,0.4986239679759821,0.6670002501876409,0.5906936184313794,0.0,0.4530128887106057
0.606553276638319,0.3610207655741807,0.6792594445834377,1.0,0.5784397509461604,0.3519873729005703
0.4949974987493746,0.4898674005504129,0.7530647985989494,0.5006557720145804,0.494171302998064,0.5004116015836196
0.4949974987493746,0.4898674005504129,0.7528146109582188,0.5006261227479638,0.4943230374801611,0.5005040375324834
0.5475237618809404,0.4515886915186391,0.6880160120090069,1.0,0.7091319741179343,0.3162931440431135
0.4952476238119059,0.4901175881911435,0.7528146109582188,0.5005807768107854,0.494108516315817,0.5005947294068402
0.4949974987493746,0.4901175881911435,0.7530647985989494,0.5005807768107854,0.4941242129863787,0.5005040375324834
0.5720360180090044,0.5339004253189894,0.7127845884413311,0.6346442960043253,0.4442227531960165,0.6089767514868235
0.6873436718359178,0.6087065298974232,0.7327995996997749,1.0,0.5078587997279244,0.3048467830545721
0.7441220610305151,0.4035526644983739,0.7450587940955717,0.5018766241693845,0.4567661370493747,0.6904982820866108
0.569784892446223,0.4245684263197399,0.7235426569927447,1.0,0.4424821668381673,0.4792158641017144
0.6183091545772885,0.3925444083062298,0.464348261195897,0.4464359837452256,1.0,0.6436175593421352
0.4952476238119059,0.490367775831874,0.7530647985989494,0.5005197342030452,0.4941556063275023,0.5004726441913598
0.449224612306153,0.3697773329997499,0.5489116837628222,0.0,0.9317090186092748,0.5966461447233026
0.4952476238119059,0.4886164623467602,0.7523142356767576,0.5005040375324834,0.4942462982018591,0.5005197342030452
0.4954977488744371,0.4898674005504129,0.7525644233174882,0.5006557720145804,0.4942009522646807,0.5005040375324834
0.7118559279639819,0.2469352014010509,0.6747560670502878,0.5864973751678672,0.2815285068978147,0.2803843940213126
0.6063031515757878,0.4550913184888668,0.7057793345008758,0.0,0.4227967978792054,0.5497950712454436
0.4952476238119059,0.4901175881911435,0.7530647985989494,0.5006261227479638,0.4940945637197621,0.5005807768107854
0.4954977488744371,0.4901175881911435,0.7523142356767576,0.500687165355704,0.4941399096569405,0.5004883408619216
0.5360180090045021,0.4120590442832125,0.7260445334000502,0.4564766206812355,0.5579904773531925,0.3545197690845353
0.6898449224612305,0.409557167875907,0.5411558669001753,0.3571289045468022,0.0,0.3878490329106859
0.4952476238119059,0.4901175881911435,0.7528146109582188,0.5006261227479638,0.4941242129863787,0.5004569475207981
0.6355677838919459,0.4475856892669503,0.6604953715286466,0.5513821790466888,0.0,0.2651690880234403
0.4867433716858428,0.2104078058543909,0.8196147110332751,0.3617838394056194,1.0,0.7680677398538465
0.5760380190095047,0.2114085564173131,0.4153114836127096,0.8540471248931754,0.3234194324781555,0.5145891832499084
0.2788894447223611,0.4838628971728798,0.7533149862396799,0.4578509513926435,1.0,0.6791600537174948
0.4952476238119059,0.4898674005504129,0.7528146109582188,0.500610426077402,0.4942009522646807,0.5005650801402236
0.5365182591295647,0.3812859644733551,0.6992744558418815,1.0,0.4853654708129131,0.489896576381743
0.593296648324162,0.4403302476857644,0.7035276457343008,1.0,0.6174756265587666,0.4712646284249263
0.1498249124562281,0.3632724543407556,0.4818613960470354,0.5803617210527233,0.362043706507142,0.3610373755166821
0.2003501750875437,0.4961220915686766,0.5709281961471104,0.6957932922894465,0.0,0.5008702931789246
0.2803901950975487,0.3922942206654992,0.5644233174881161,0.6278999598862863,0.0617594223625233,0.4338751591467987
0.4954977488744371,0.4898674005504129,0.7528146109582188,0.500610426077402,0.494171302998064,0.5004883408619216
0.664832416208104,0.3995496622466851,0.6762571928946711,0.5090656992866736,0.416158850306085,0.6921464324955962
0.5117558779389695,0.4343257443082313,0.7267950963222418,0.0,0.4075971885518949,0.547766712593962
0.6895947973986993,0.2074055541656243,0.3462596947710784,0.1755131939236444,0.5130631180564034,0.4485410816750091
0.4939969984992495,0.4896172129096824,0.7528146109582188,0.5006261227479638,0.4942009522646807,0.5003976489875648
0.6088044022011004,0.2054040530397799,0.3144858643982988,0.935005319427246,0.3095924097877461,0.7537541203760225
0.6598299149574787,0.4055541656242183,0.8098573930447838,0.3671416362907023,0.8067704972356419,0.4510438285923575
0.4944972486243121,0.487615711783838,0.7538153615211409,0.5006557720145804,0.4941852555941189,0.5005493834696618
0.5515257628814406,0.3324993745308983,0.5048786589942458,1.0,0.3894361407119312,0.5391440082320317
0.7361180590295147,0.4423317488116088,0.557918438829122,0.4359663044805274,1.0,0.567985768352024
0.28064032016008,0.3795346509882413,0.4846134600950714,0.6489125695449709,0.6452657097511205,0.3954183162704711
0.4949974987493746,0.4893670252689518,0.7528146109582188,0.500687165355704,0.4941399096569405,0.5005197342030452
0.3689344672336168,0.4308231173380036,0.4553415061295973,0.6913232293283569,1.0,0.7599647696949614
0.8744372186093046,0.2394295721791344,0.665248936702527,0.5064705164204615,0.244445994732895,0.4252838481259919
0.4582291145572786,0.4746059544658495,0.5111333500125095,1.0,0.6403073059281092,0.4574219090639552
0.1833416708354177,0.3815361521140857,0.4295721791343508,0.4325165251059525,0.7745853462859933,0.5126654690688386
0.4952476238119059,0.4898674005504129,0.7528146109582188,0.5006418194185256,0.4942009522646807,0.5005807768107854
0.4317158579289644,0.4148111083312485,0.542406805103828,0.5347018504630517,1.0,0.7581038421961386
0.4952476238119059,0.4896172129096824,0.7530647985989494,0.5007168146223206,0.4941556063275023,0.5004726441913598
0.4837418709354676,0.1523642732049038,0.2794595946960221,1.0,0.5521303870101331,0.5829272546523188
0.4779889944972486,0.4583437578183639,0.8436327245434077,0.941582224392626,0.637192388858852,0.5342762962833772
0.5597798899449724,0.3882912184138105,0.701776332249187,0.0,0.439368993843417,0.473048816645447
0.546273136568284,0.5859394545909433,0.9201901426069554,0.6725360587404294,0.4429705077000889,0.5686572370371662
0.5065032516258129,0.5641731298473857,0.9927445584188144,0.0,0.1842108934893698,0.4603066082983065
0.6298149074537268,0.4776082061546161,0.80810607955967,1.0,0.4406369360099063,0.5648725953572736
0.4952476238119059,0.4898674005504129,0.7530647985989494,0.5007482079634442,0.494171302998064,0.500610426077402
0.4944972486243121,0.4883662747060296,0.7528146109582188,0.5007168146223206,0.4942323456058042,0.5005197342030452
0.4944972486243121,0.4886164623467602,0.7528146109582188,0.5007168146223206,0.4942166489352425,0.5005493834696618
0.3054027013506752,0.5576682511883915,0.7265449086815112,0.4930568393881787,0.0,0.4316479760015348
0.1715857928964482,0.5103827870903179,0.659744808606455,0.4439332368278773,0.0,0.3225194900326142
0.4957478739369684,0.4901175881911435,0.7525644233174882,0.5006418194185256,0.494171302998064,0.5004429949247432
0.3789394697348674,0.5298974230673006,0.8631473605203904,0.0,0.271013481695938,0.4164483666742243
0.5897948974487243,0.4696022016512385,0.5814360770577934,1.0,0.8277220642865863,0.7422013708425624
0.2058529264632316,0.4255691768826621,0.8183637728296222,0.4373545877879903,1.0,0.6057868392137712
0.5392696348174086,0.4463347510632976,0.7363022266700026,0.0145281406421682,0.5309799954654063,0.5060118248251565
0.4954977488744371,0.4896172129096824,0.7525644233174882,0.5006418194185256,0.494171302998064,0.5004569475207981
0.4437218609304652,0.3630222667000251,0.4418313735301477,1.0,0.1306154838934719,0.4983065036538361
0.6858429214607302,0.354766074555917,0.6742556917688267,0.5656521966618414,0.934532675235886,0.4489230339920121
0.4519759879939969,0.2471853890417814,0.4170627970978234,0.0149711355669114,0.5967071873310428,0.7278110120864363
0.2393696848424211,0.4293219914936203,0.5749311983987992,0.5440727627884263,0.1291051153705286,0.4288696653121021
0.5785392696348174,0.4811108331248437,0.95421566174631,0.6404747370807681,1.0,0.2414549069536251
0.4939969984992495,0.4901175881911435,0.7528146109582188,0.5007168146223206,0.4942462982018591,0.5005947294068402
0.6398199099549774,0.3640230172629473,0.8438829121841382,0.9996023510124352,0.5343826848282959,0.3782967368365976
0.4942471235617808,0.4886164623467602,0.7528146109582188,0.5006714686851422,0.4942166489352425,0.5005197342030452
0.5557778889444722,0.3342506880160121,0.5946960220165125,0.0,0.3849800303468964,0.6826848282958647
0.0765382691345673,0.4753565173880412,0.5323992994746061,0.5651935050665364,1.0,0.7117568062507631
0.4944972486243121,0.4888666499874907,0.7530647985989494,0.5006714686851422,0.4947206864677259,0.4943840800879013
0.5942971485742871,0.4663497623217414,0.5028771578684014,1.0,0.2432390951741458,0.3307131520658563
0.1625812906453226,0.4263197398048537,0.5496622466850138,0.5291940631703786,0.0467289882623785,0.5825749516019324
0.6393196598299149,0.4385789342006506,0.8138603952964725,0.4394771264628425,0.7395608420391719,0.5315136822645063
0.4952476238119059,0.4898674005504129,0.7530647985989494,0.500687165355704,0.4942323456058042,0.5005040375324834
0.3001500750375187,0.47485614210658,0.7393044783587692,0.2059734551860055,1.0,0.504365418490678
0.4954977488744371,0.4901175881911435,0.7528146109582188,0.5005947294068402,0.4942009522646807,0.5005336867991
0.6245622811405702,0.3647735801851389,0.5941956467350514,0.4554842422868305,0.7393794582904581,0.6969687985070723
0.2436218109054527,0.3710282712034026,0.610457843382537,0.4554702896907756,0.8465685334077471,0.4558661946038335
0.4954977488744371,0.4901175881911435,0.7530647985989494,0.500687165355704,0.4941556063275023,0.5005336867991
0.504752376188094,0.3292469352014011,0.3252439329497123,0.332026440169524,0.5419205748469574,0.5464080785531158
0.4952476238119059,0.4901175881911435,0.7530647985989494,0.5005947294068402,0.4942009522646807,0.5005040375324834
0.5417708854427213,0.43832874655992,0.8704028021015764,0.9939114358965416,0.5726407032108412,0.2889303591049409
0.3564282141070535,0.5666750062546911,0.5871903927945961,0.3308823272930219,0.0,0.3240141618849957
0.6443221610805402,0.4120590442832125,0.7730798098573932,0.4188290283760922,0.7762631459615954,0.5213352634424543
0.4952476238119059,0.4911183387540657,0.7533149862396799,0.5004883408619216,0.4943683834173396,0.4999843033294382
0.6303151575787893,0.5596697523142358,0.9051788841631224,1.0,0.2787658928789438,0.2310759195632837
0.4947473736868433,0.4878658994245685,0.7523142356767576,0.5007935539006226,0.494108516315817,0.5004883408619216
0.6518259129564782,0.3042281711283463,0.8538904178133602,0.5246158675898634,0.4621692798716361,0.4785443954165722
0.8091545772886442,0.3327495621716288,0.7440580435326496,0.4949038142909465,0.1082128468528175,0.3064949334635576
0.4609804902451225,0.2584438328746561,0.3650237678258694,0.0,0.7296736836597659,0.5079965816139665
0.3631815907953977,0.4393294971228422,0.6950212659494622,0.5874130142839702,0.7244240193941085,0.4836859270628041
0.2283641820910454,0.4025519139354517,0.6562421816362273,0.2338088843155379,1.0,0.7708913964804576
0.7416208104052024,0.4518388791593696,0.659744808606455,0.4935137869089767,1.0,0.9956049322427054
0.5202601300650325,0.3512634475856894,0.6790092569427071,0.0,0.470669899018086,0.224392626052985
0.5647823911955977,0.4490868151113336,0.5431573680260195,0.6782147653347751,1.0,0.694389312311422
0.6350675337668834,0.312734550913185,0.6572429321991495,1.0,0.4136090133770514,0.3217555853986082
0.5777888944472236,0.2366775081310984,0.5339004253189893,1.0,0.5649650313061374,0.3537872577916529
0.4954977488744371,0.4901175881911435,0.7525644233174882,0.5005493834696618,0.4941399096569405,0.5005040375324834
0.5120060030015007,0.391293470102577,0.6539904928696524,0.0,0.4429408584334723,0.4146170884420182
0.5532766383191595,0.4803602702026521,0.751563672754566,0.5199295393899227,0.5502694595113103,0.5353890158187558
0.5327663831915957,0.4203152364273206,0.7478108581436078,1.0,0.6376964263913354,0.4600170919301672
0.6418209104552275,0.23742807105329,0.3082311733800351,1.0,0.1370092610356315,0.5109562760521129
0.4952476238119059,0.4898674005504129,0.7528146109582188,0.5007168146223206,0.4942009522646807,0.5003976489875648
0.3026513256628313,0.4133099824868653,0.5889417062797099,0.2500758672410486,0.9821912552104226,0.6944050089819837
0.4949974987493746,0.4898674005504129,0.7525644233174882,0.500610426077402,0.4941556063275023,0.5005947294068402
0.3376688344172086,0.563422566925194,0.5746810107580687,0.454218044194848,0.0,0.272464551685648
0.4947473736868433,0.4886164623467602,0.7535651738804104,0.5007168146223206,0.4942166489352425,0.5005807768107854
0.5867933966983491,0.2954716037027772,0.4633475106329748,0.9918516839039364,0.2678253134973926,0.3612344559359576
0.4947473736868433,0.4888666499874907,0.7528146109582188,0.5007028620262658,0.4942009522646807,0.5005197342030452
0.5165082541270635,0.362521891418564,0.6387290467850889,1.0,0.3629296963566283,0.5479637930132375
0.2706353176588294,0.4788591443582688,0.589442081561171,0.5763486056124317,0.0,0.209772049461953
0.4434717358679339,0.2329246935201401,0.4578433825369027,0.0,0.5510769660079878,0.5463470359453756
0.6398199099549774,0.2449337002752065,0.4585939454590944,1.0,0.2898146048799205,0.4976960775764341
0.6175587793896947,0.1751313485113836,0.2954716037027771,0.5798594275947468,0.5841620594031777,0.445488951287999
0.3416708354177088,0.4691018263697775,0.5979484613460097,0.4906901302823657,0.0,0.3287144426809913
0.5582791395697848,0.4555916937703279,0.7900925694270704,1.0,0.4397666428309817,0.4032631634023405
0.7858929464732365,0.3385038779084314,0.7343007255441583,0.419760364162757,0.2045991244745975,0.48391614489771
0.517008504252126,0.3585188891668752,0.5248936702526896,1.0,0.0,0.5096604286935138
0.9932466233116556,0.193144858643983,0.7007755816862649,0.6669061862322758,0.1384603310253414,0.3747091755759806
0.4954977488744371,0.4901175881911435,0.7525644233174882,0.500610426077402,0.4942009522646807,0.5005493834696618
0.4952476238119059,0.4901175881911435,0.7530647985989494,0.5005336867991,0.4942009522646807,0.5005650801402236
0.8629314657328664,0.3462596947710784,0.7220415311483614,0.4061164692955683,0.2606519350506653,0.4886303782897605
0.7653826913456727,0.3662747060295223,0.399049286965224,0.6642360081622687,0.0957148089366377,0.3522611925981478
0.3636818409204602,0.5569176882661998,0.5991993995496624,0.532535709925528,0.0,0.0
0.4952476238119059,0.4898674005504129,0.7525644233174882,0.5006418194185256,0.4941556063275023,0.5005336867991
0.4952476238119059,0.4898674005504129,0.7528146109582188,0.5006261227479638,0.4941399096569405,0.5005040375324834
0.4952476238119059,0.4898674005504129,0.7530647985989494,0.5006261227479638,0.4941556063275023,0.5005336867991
0.3141570785392696,0.5376532399299476,0.5896922692019015,0.2472382580183825,0.0,0.1026579695484591
0.4977488744372185,0.4891168376282213,0.7483112334250689,0.4991611001621989,0.4929957967804385,0.5394038753335543
0.4952476238119059,0.4896172129096824,0.7528146109582188,0.5005947294068402,0.494171302998064,0.5004569475207981
0.5570285142571285,0.4938704028021017,0.7538153615211409,0.0,0.4150443866961997,0.4969478696129898
0.4954977488744371,0.4898674005504129,0.7525644233174882,0.5006261227479638,0.494171302998064,0.5005040375324834
0.2723861930965482,0.4058043532649488,0.5251438578934201,0.5579137380748905,0.3162007080942498,0.4086349128834783
0.4947473736868433,0.4891168376282213,0.7525644233174882,0.5006418194185256,0.494171302998064,0.5004429949247432
0.5480240120060029,0.4063047285464099,0.6765073805354016,1.0,0.7618727872054694,0.6738179535029737
0.6070535267633816,0.3390042531898925,0.6880160120090069,1.0,0.4472905802535884,0.5660481015748993
0.56128064032016,0.4333249937453091,0.7688266199649738,0.0,0.8914208975007412,0.4954218044194848
0.5397698849424711,0.3375031273455092,0.6367275456592445,1.0,0.4595584003348623,0.4060100807506497
0.5347673836918458,0.3174881160870654,0.4005504128096073,0.0,0.4942916441390376,0.6714686851422292
0.4952476238119059,0.4898674005504129,0.7528146109582188,0.5005947294068402,0.494171302998064,0.5005650801402236
0.1313156578289144,0.3685263947960971,0.5649236927695773,0.4928737115649581,0.666051589723913,0.6632575823639186
0.4834917458729364,0.3284963722792094,0.2997247935951964,0.0,0.7761567574166768,0.6000331374156304
0.4939969984992495,0.4888666499874907,0.7530647985989494,0.5006418194185256,0.4942166489352425,0.5004272982541814
0.549024512256128,0.599449587190393,0.71228421315987,0.969234525698938,0.347653347751016,0.3595566562603555
0.5155077538769384,0.3074806104578435,0.6397297973480112,0.0,0.366407380923313,0.5955316811134171
0.4954977488744371,0.4901175881911435,0.7525644233174882,0.5005336867991,0.4942462982018591,0.500610426077402
0.3514257128564282,0.51588691518639,0.6920190142606957,0.3854840678793798,1.0,0.6335455290650016
0.572536268134067,0.4008006004503379,0.6484863647735803,0.6110365034794286,0.0,0.3240455552261193
0.5440220110055027,0.3722792094070554,1.0000000000000002,1.0,0.351406596089785,0.3443413502624832
0.4759879939969984,0.3410057543157369,0.4953715286464849,0.9904773531925284,0.5607060013603781,0.5780281493625408
0.5087543771885943,0.3380035026269703,0.3375031273455092,0.0,0.6328740603798595,0.5593177180529152
0.552776388194097,0.2134100575431575,0.4540905679259445,0.0682752847201632,0.4857770723965328,0.4594066658527652
0.4969984992496247,0.4243182386790093,0.1813860395296473,0.9974815564120898,0.8074262692502223,0.4797338542302527
0.1140570285142571,0.5181386039529648,0.7445584188141107,0.865950433402515,1.0,0.7613234037358076
0.4952476238119059,0.4901175881911435,0.7525644233174882,0.500687165355704,0.4941852555941189,0.5004569475207981
0.5512756378189094,0.4063047285464099,0.7338003502626972,0.0,0.3876816017580271,0.4813052653609362
0.212856428214107,0.3977983487615713,0.5979484613460097,0.6177965362680293,0.5629192319095871,0.6370110051101383
0.672336168084042,0.336502376782587,0.628721541155867,9.06918743569518e-05,0.4070164117411096,0.5488340861921621
0.4952476238119059,0.4901175881911435,0.7528146109582188,0.5007028620262658,0.4942462982018591,0.5005197342030452
0.501000500250125,0.4163122341756318,0.7778333750312736,0.3126288435041945,0.4373092418508119,0.4110155745853463
0.2243621810905452,0.5028771578684015,0.7012759569677259,0.5843608838969601,1.0,0.4170587927516264
0.4962481240620309,0.4898674005504129,0.7535651738804104,0.5005336867991,0.4942776915429827,0.5003209097092628
0.6628314157078539,0.5471603702777084,0.8701526144608458,1.0,0.4249629384167291,0.3741301428397021
0.4937468734367183,0.4893670252689518,0.7525644233174882,0.5006261227479638,0.494108516315817,0.5005336867991
0.9997498749374686,0.8033525143857896,0.6577433074806106,0.6964054624413555,0.0053421002145211,0.0155205190365732
0.6618309154577288,0.2376782586940206,0.3760320240180136,0.973584247519054,1.0,0.6921167832289795
0.4952476238119059,0.4898674005504129,0.7523142356767576,0.500610426077402,0.4942462982018591,0.5005197342030452
0.606553276638319,0.3915436577433075,0.5714285714285715,0.6424124038578928,0.9766974205138044,0.6163472103528262
0.273136568284142,0.5491618714035528,0.3837878408806605,0.6523937422606694,1.0,0.7541203760224637
0.4952476238119059,0.4896172129096824,0.7525644233174882,0.5006418194185256,0.494108516315817,0.5005040375324834
0.4382191095547773,0.5459094320740556,0.8666499874906182,0.0,0.5042572858712524,0.307073966199836
0.583791895947974,0.3510132599449588,0.6174630973229923,0.0,0.2693513786908976,0.6216282679596072
0.8016508254127063,0.2982236677508132,0.7272954716037029,0.3713535762247763,0.4047892285958456,0.5761497811186493
0.4939969984992495,0.4886164623467602,0.7530647985989494,0.5006418194185256,0.4942009522646807,0.5005197342030452
0.5075037518759379,0.5021265949462098,0.7535651738804104,0.5016185011423688,0.4941556063275023,0.5200376720093483
0.4949974987493746,0.4901175881911435,0.7525644233174882,0.5005947294068402,0.494171302998064,0.5004569475207981
0.7796398199099549,0.3252439329497124,0.6379784838628972,0.5091720878315922,0.4254669759492125,0.4304428205172925
0.4952476238119059,0.490367775831874,0.7530647985989494,0.500687165355704,0.494108516315817,0.5005336867991
0.48024012006003,0.5226419814861147,0.6464848636477359,0.5458273017423304,1.0,0.7376092226659923
0.4942471235617808,0.4898674005504129,0.7520640480360272,0.5007028620262658,0.4942462982018591,0.5004429949247432
0.4954977488744371,0.4901175881911435,0.7523142356767576,0.5006418194185256,0.494171302998064,0.5004726441913598
0.6333166583291645,0.338754065549162,0.591693770327746,0.0,0.5598217555853986,0.3076843922772381
0.5987993996998499,0.4373279959969979,0.7553164873655243,0.1837539459685718,0.6329961455953398,0.6505310706873397
0.4939969984992495,0.4888666499874907,0.7528146109582188,0.5006557720145804,0.4942776915429827,0.5004726441913598
0.4952476238119059,0.4901175881911435,0.7525644233174882,0.5006261227479638,0.4941852555941189,0.5004726441913598
0.5295147573786892,0.4158118588941707,0.6059544658493872,0.634813471231491,1.0,0.7989413467743343
0.1340670335167583,0.3727795846885164,0.6424818613960471,0.5518565673125556,0.9715837940596822,0.7536320351605421
0.5217608804402201,0.5168876657493121,0.6034525894420817,0.1694246298201859,0.0,0.0
0.6238119059529764,0.3762822116587442,0.701776332249187,0.4714024103109684,0.7255367389294871,0.5187086872351186
0.4944972486243121,0.4891168376282213,0.7530647985989494,0.5005947294068402,0.4940631703786385,0.5004883408619216
0.3451725862931465,0.4628471353515138,0.5676757568176133,0.7115440291609257,1.0,0.7715785618361617
0.8121560780390193,0.2144108081060796,0.7873405053790343,0.4464499363412805,0.0462545999965118,0.379807105359541
0.5875437718859429,0.3977983487615713,0.550662997247936,1.0,0.2211120219055758,0.7112527687182797
0.545272636318159,0.4440830622967227,0.5694270703027271,0.3899244815738528,0.4283813244501805,0.4515007761131555
0.5285142571285643,0.3109832374280711,0.6274706029522142,1.0,0.5268883966723058,0.6602211486474703
0.4952476238119059,0.4898674005504129,0.7525644233174882,0.5007325112928824,0.4941242129863787,0.5005040375324834
0.6748374187093547,0.3012259194395797,0.5629221916437329,0.0,0.3628372604077646,0.3402201022027661
0.4949974987493746,0.4891168376282213,0.7530647985989494,0.5007028620262658,0.4942916441390376,0.5004883408619216
0.4409704852426213,0.5126344758568928,0.5449086815111335,0.764131363691857,1.0,0.6772066902698083
0.4954977488744371,0.4901175881911435,0.7530647985989494,0.5006557720145804,0.4942009522646807,0.5004883408619216
0.7643821910955477,0.341506129597198,0.591693770327746,0.5167570678619391,0.633896088040881,0.6955491218584857
0.5630315157578789,0.5048786589942458,0.9527145359019268,0.6356366743987303,0.5338019080175105,0.4020266145769747
0.5360180090045021,0.51588691518639,0.5944458343757819,0.1284493433559481,0.0,0.0024120550429914
0.6248124062031015,0.2189141856392294,0.6222166624968728,0.1858136979611769,0.52005336867991,0.555121474789403
0.5455227613806903,0.3152364273204905,0.5586690017513136,0.0,0.4383626628529571,0.5037392957427141
0.2358679339669834,0.4555916937703279,0.5559169377032775,0.4545389539041108,1.0,0.4799466313200899
0.4854927463731865,0.3560170127595697,0.4743557668251189,1.0,0.4381027957514345,0.347653347751016
0.4942471235617808,0.4881160870652991,0.7530647985989494,0.5005947294068402,0.4942166489352425,0.5005197342030452
0.5872936468234117,0.2496872654490869,0.404053039779835,0.013779932678724,0.4370807680904128,0.2620855642953067
0.534017008504252,0.2682011508631474,0.4275706780085064,0.0,0.6388265866717826,0.0367772991262186
0.4454727363681841,0.2119089316987741,0.7780835626720042,0.7811622512513734,0.0,0.5183895216003628
0.4967483741870935,0.4926194645984489,0.7530647985989494,0.500610426077402,0.4942916441390376,0.5000906918743568
0.7153576788394196,0.399049286965224,0.7235426569927447,0.6356209777281685,0.7155100545895321,0.4831068943265256
0.5137568784392196,0.3297473104828622,0.5126344758568928,1.0,0.2494497444930847,0.6809599386085774
0.7178589294647323,0.4603452589442083,0.5731798849136853,0.4319078431030573,0.9691577864206358,0.5249664265657429
0.606553276638319,0.3647735801851389,0.7690768076057044,0.0,0.412419554563371,0.5348256797530391
0.4947473736868433,0.4881160870652991,0.7525644233174882,0.5006557720145804,0.4940945637197621,0.5005493834696618
0.5385192596298148,0.612709532149112,0.9256942707030272,0.2576765439419572,0.434851840870642,0.5395102638784729
0.4944972486243121,0.4893670252689518,0.7528146109582188,0.5006557720145804,0.4941852555941189,0.5005197342030452
0.2271135567783891,0.4568426319739806,0.6817613209907432,0.31075221933481,0.0,0.2095592723721157
0.4949974987493746,0.4901175881911435,0.7530647985989494,0.5006418194185256,0.4941852555941189,0.5005040375324834
0.4229614807403701,0.4598448836627472,0.7528146109582188,0.5803006784449831,0.0,0.4056734743708251
0.5172586293146573,0.3455091318488867,0.5454090567925945,0.0,0.5770514676386975,0.4676020719605142
0.4952476238119059,0.4898674005504129,0.7523142356767576,0.500610426077402,0.4941556063275023,0.5005650801402236
0.5710355177588794,0.286715036277208,0.592194145609207,0.2249873554598252,0.4504490991855172,0.5794321293405654
0.4952476238119059,0.4901175881911435,0.7525644233174882,0.5006261227479638,0.4942166489352425,0.5005650801402236
0.5515257628814406,0.372529397047786,0.6867650738053541,0.0,0.5289498927394178,0.5041665939968956
0.5367683841920959,0.4135601701275958,0.5964473355016263,0.0639273069745539,0.7226066937579574,0.4673265081884298
0.6185592796398198,0.3652739554666,0.730047535651739,0.4554842422868305,0.2818633692031324,0.56928335978513
0.4954977488744371,0.4896172129096824,0.7525644233174882,0.5006261227479638,0.494171302998064,0.5005493834696618
0.4739869934967483,0.1501125844383288,0.4490868151113336,0.0,0.6706297853044282,0.7675044037881298
0.1210605302651325,0.3952964723542658,0.6297222917187892,0.5334670457121928,0.8103859636883688,0.4513647383016202
0.6238119059529764,0.4115586690017514,0.8376282211658745,0.4896070600136037,0.4544168686886304,0.5446674921952666
0.1258129064532266,0.5221416062046537,0.7335501626219666,0.4007604164849922,0.0014650225857648,0.3793187644976193
0.5937968984492246,0.4498373780335252,0.5544158118588942,0.3394422449727052,0.0,0.2262082076146293
0.4939969984992495,0.4883662747060296,0.7525644233174882,0.5007325112928824,0.4941556063275023,0.5003976489875648
0.4952476238119059,0.4898674005504129,0.7525644233174882,0.5006714686851422,0.494171302998064,0.5005197342030452
0.5880440220110055,0.3432574430823119,0.6932699524643484,0.0,0.4755672602333571,0.7170064705164204
0.653576788394197,0.2409306980235177,0.2667000250187641,0.0921289917505276,0.3680712280028603,0.4393846905139787
0.4954977488744371,0.4901175881911435,0.7525644233174882,0.5007482079634442,0.4942462982018591,0.5005040375324834
0.5755377688844422,0.396297222917188,0.589942456842632,0.0,0.0813854927882519,0.4465266756195825
0.4952476238119059,0.4898674005504129,0.7528146109582188,0.5006261227479638,0.494171302998064,0.5004726441913598
0.4952476238119059,0.4898674005504129,0.7528146109582188,0.5005807768107854,0.4941556063275023,0.5004883408619216
0.5895447723861931,0.2161621215911934,0.6249687265449088,0.0060135688996633,0.4118091284859689,0.4020423112475365
0.7423711855927964,0.1498623967975983,0.5936952714535904,0.0850933951898424,0.5654987181052374,0.6156303957305056
0.5667833916958479,0.4821115836877659,0.7870903177383038,0.998458238135933,0.4590857561435024,0.4837626663411061
0.4442221110555277,0.3329997498123593,0.3727795846885164,0.0,0.6524844341350262,0.6577951410084238
0.5285142571285643,0.4220665499124344,0.6675006254691019,1.0,0.6092959171215795,0.4947049897971641
0.4954977488744371,0.4898674005504129,0.7523142356767576,0.5006261227479638,0.4942776915429827,0.5005197342030452
0.6603301650825412,0.3772829622216663,0.8581436077057795,0.4656783577794443,0.2060798437309242,0.5202347524286237
0.4942471235617808,0.490367775831874,0.7523142356767576,0.5006557720145804,0.4942166489352425,0.5005040375324834
0.2786393196598299,0.6529897423067302,0.6880160120090069,0.6086872351186843,1.0,0.4695397387376389
0.5470235117558779,0.2927195396547412,0.5641731298473857,0.0,0.1949247431850289,0.4074908000069763
0.4089544772386193,0.414560920690518,0.407305479109332,0.3634319898146049,1.0,0.5418595322392172
0.4949974987493746,0.4898674005504129,0.7533149862396799,0.5007325112928824,0.4942462982018591,0.5004726441913598
0.5557778889444722,0.2311733800350263,0.258443832874656,0.7612780577986291,0.5411270209463348,0.5396933917016935
0.2313656828414206,0.3735301476107081,0.508631473605204,0.5368854317456442,0.1193539948026579,0.65112580009418
0.4952476238119059,0.4901175881911435,0.7528146109582188,0.5007168146223206,0.494171302998064,0.5005040375324834
0.4954977488744371,0.4898674005504129,0.7528146109582188,0.5005807768107854,0.4941556063275023,0.5005336867991
0.4352176088044021,0.3304978734050539,0.3254941205904429,0.0,0.9104504944451226,0.641481068071228
0.5535267633816908,0.8021015761821368,0.612709532149112,0.2225003052130387,1.0,0.8087692066205068
0.6398199099549774,0.427820865649237,0.7715786840130099,1.0,0.5539006226345989,0.389908784903291
0.3794397198599299,0.4508381285964474,0.618213660245184,0.8059298533233339,0.0,0.4120532989169297
0.4954977488744371,0.4898674005504129,0.7525644233174882,0.5005650801402236,0.4942619948724209,0.5004569475207981
0.4952476238119059,0.4898674005504129,0.7530647985989494,0.5006261227479638,0.4941852555941189,0.5005040375324834
0.5662831415707853,0.4103077307980987,0.6009507130347762,1.0,0.066445750562464,0.5880844829691124
0.4954977488744371,0.490367775831874,0.7525644233174882,0.5006714686851422,0.4941399096569405,0.5004429949247432
0.4952476238119059,0.4851138353765325,0.7533149862396799,0.5007168146223206,0.4942776915429827,0.5004883408619216
0.2748874437218609,0.4991243432574432,0.6642481861396048,0.6372848248077158,1.0,0.666128329002215
0.0670335167583791,0.2236677508131099,0.7920940705529148,0.2458342780403579,0.961330380033835,0.990278528698746
0.7158579289644822,0.4113084813610209,0.5616712534400802,0.8268378185116068,0.0025934387917052,0.3041439210283063
0.4939969984992495,0.4883662747060296,0.7528146109582188,0.5007028620262658,0.4942166489352425,0.5005336867991
0.6755877938969483,0.3995496622466851,0.7175381536152116,1.0,0.1637319706297852,0.3114690339571306
0.8131565782891444,0.3174881160870654,0.6542406805103829,0.4893471929120812,0.0,0.6565899855241816
0.8141570785392696,0.4318238679009258,0.8929196897673256,0.4758114306643179,0.5959432826970368,0.4472295376458482
0.4952476238119059,0.4901175881911435,0.7528146109582188,0.500610426077402,0.494171302998064,0.5005947294068402
0.569784892446223,0.3647735801851389,0.7583187390542908,1.0,0.2891431361947782,0.4600624378673457
0.4942471235617808,0.4886164623467602,0.7528146109582188,0.5006714686851422,0.4942462982018591,0.5004569475207981
0.0027513756878439,0.3362521891418565,0.5996997748311235,0.5325671032666516,0.9020719605141532,0.706629227200586
0.6030515257628813,0.2279209407055292,0.2912184138103578,0.4367441617105883,0.4461447233025795,0.605649057327729
0.4952476238119059,0.4898674005504129,0.7530647985989494,0.5006261227479638,0.4941242129863787,0.5004883408619216
0.4939969984992495,0.4883662747060296,0.7525644233174882,0.500610426077402,0.4942009522646807,0.5005493834696618
0.6043021510755378,0.2914686014510884,0.5829372029021768,0.1233671102429496,0.5069135113452047,0.7690147723110732
0.4772386193096548,0.2589442081561172,0.4120590442832125,0.0,0.6783508031463104,0.4457645150600833
0.6340670335167583,0.3640230172629473,0.4976232174130598,0.0,0.5896105481626175,0.6633203690461656
0.5672836418209104,0.370277708281211,0.719539654741056,0.6628459807802989,0.3664230775938748,0.5931963653487277
0.5437718859429714,0.3820365273955468,0.597197898423818,1.0,0.4932242705408375,0.5720913197411793
0.8191595797898948,0.2994746059544659,0.6682511883912936,0.3686677014842074,0.2679770479794897,0.4776897989082093
0.4954977488744371,0.4898674005504129,0.7523142356767576,0.5007028620262658,0.4942462982018591,0.5005197342030452
0.312656328164082,0.5334000500375283,0.5116337252939706,0.3896960078134538,0.0,0.0797983849870066
0.617808904452226,0.3475106329747311,0.5211408556417314,1.0,0.4930097493764934,0.3380382649946806
0.5642821410705352,0.9982486865148864,0.5306479859894923,1.0,0.9800547639395156,0.5738458586950834
0.4949974987493746,0.4898674005504129,0.7525644233174882,0.5006418194185256,0.494171302998064,0.5005650801402236
0.553776888444222,0.32874655991994,0.4058043532649488,1.0,0.4876083506287388,0.4312206777473534
0.4954977488744371,0.4901175881911435,0.7528146109582188,0.5005650801402236,0.4942462982018591,0.5005650801402236
0.6790895447723861,0.3174881160870654,0.4535901926444834,0.5249978199068664,0.3362680293702147,0.4116416973333101
0.493496748374187,0.4886164623467602,0.7530647985989494,0.500610426077402,0.4942166489352425,0.5004429949247432
0.535767883941971,0.4263197398048537,0.717788341255942,1.0,0.5559760712977658,0.485532901965572
0.5750375187593796,0.3455091318488867,0.6992744558418815,1.0,0.3416101295847358,0.4664876083506287
0.6965982991495747,0.1926444833625219,0.0305228921691269,0.0011755062176255,0.634965205713588,0.3345134904163106
0.5470235117558779,0.3472604453340006,0.6427320490367777,0.5183424315886774,0.5229520205103162,0.5100877269476952
0.4949974987493746,0.4901175881911435,0.7530647985989494,0.5007028620262658,0.4942462982018591,0.5004429949247432
0.4942471235617808,0.4881160870652991,0.7533149862396799,0.5007028620262658,0.4942166489352425,0.5004883408619216
0.4947473736868433,0.4891168376282213,0.7530647985989494,0.500687165355704,0.4941399096569405,0.5005493834696618
0.2798899449724862,0.4203152364273206,0.8116087065298976,0.366789333240316,0.1208486666550395,0.49899366900954
0.4952476238119059,0.4898674005504129,0.7528146109582188,0.5006418194185256,0.4941399096569405,0.5005650801402236
0.5252626313156578,0.4718538904178135,0.7753314986239681,0.3054275598653574,0.5929975408549453,0.5377853741911854
0.6388194097048524,0.1293470102576933,0.0460345258944208,0.0002895163681392,0.8181383748713744,0.1327223258977623
0.5162581290645322,0.4851138353765325,0.7588191143357519,0.7432547918447076,0.465160367650906,0.6113103231770061
0.5542771385692846,0.3965474105579185,0.6860145108831625,1.0,0.5266913162530303,0.4737516786717128
0.3066533266633316,0.4598448836627472,0.5969477107830874,0.417852346652249,0.0,0.4462057659103197
0.0,0.4263197398048537,0.6247185389041783,0.6078622878769381,1.0,0.8567329996337443
0.4942471235617808,0.4886164623467602,0.7530647985989494,0.5007482079634442,0.4941556063275023,0.5005197342030452
0.1625812906453226,0.3687765824368277,0.3317488116087066,0.3928545267453825,0.5945393027190121,0.6673788304236357
0.2491245622811406,0.4443332499374532,0.5859394545909433,0.5183895216003628,0.0,0.2736697071698903
0.4944972486243121,0.4891168376282213,0.7525644233174882,0.500610426077402,0.4942166489352425,0.5004883408619216
0.1858429214607303,0.4801100825619215,0.6412309231923944,0.5902052775694577,0.0,0.2959188656539407
0.4952476238119059,0.4901175881911435,0.7525644233174882,0.500610426077402,0.4941399096569405,0.5005336867991
0.4657328664332165,0.6242181636227172,0.6044533400050038,0.6050996738580672,0.0,0.0310863840103249
0.6895947973986993,0.4878658994245685,0.3082311733800351,0.5076303259675253,1.0,0.9998325688473412
0.8456728364182089,0.3420065048786591,0.717788341255942,0.4690967438128957,0.0147269651359506,0.4417496555452849
0.4949974987493746,0.4901175881911435,0.7530647985989494,0.5006261227479638,0.4942009522646807,0.5005040375324834
0.1805902951475738,0.5313985489116839,0.7077808356267201,0.5,0.0,0.0389765770793728
0.5230115057528764,0.4478358769076809,0.7885914435826871,0.2665277220642865,1.0,0.5596229310916162
0.520760380190095,0.385789342006505,0.662997247935952,0.0,0.6023841498508816,0.5533215898983205
1.0,0.3385038779084314,0.4003002251688767,0.6267087569980989,0.0053874461516996,0.1416345466278319
0.2441220610305152,0.336502376782587,0.4170627970978234,0.4804053229153949,0.5590735476219544,0.6007813453790746
0.4424712356178089,0.2434325744308232,0.5836877658243684,0.0058600903430595,0.7872508153548319,0.8919859776409648
0.4957478739369684,0.4901175881911435,0.7525644233174882,0.5007028620262658,0.4941852555941189,0.5004726441913598
0.4932466233116557,0.4891168376282213,0.7530647985989494,0.5005807768107854,0.4943387341507229,0.5005197342030452
0.6725862931465731,0.4971228421315988,0.7645734300725546,0.5511537052862898,0.0,0.2852521059699671
0.4954977488744371,0.4898674005504129,0.7530647985989494,0.500610426077402,0.4940788670492003,0.5004883408619216
0.1618309154577288,0.3825369026770079,0.5589191893920441,0.5092174337687706,0.937065071419851,0.4833510647574864
0.7738869434717357,0.278959219414561,0.5524143107330499,0.8396864154036661,0.5587386853166367,0.7004482271482637
0.2183591795897949,0.4008006004503379,0.5471603702777084,0.5088197847812058,1.0,0.3979821057955596
0.4954977488744371,0.4898674005504129,0.7528146109582188,0.5007168146223206,0.494171302998064,0.5004569475207981
0.4952476238119059,0.4898674005504129,0.7528146109582188,0.5006261227479638,0.4941852555941189,0.5005040375324834
0.3819409704852425,0.5331498623967977,0.7075306479859896,0.6021085860787972,0.0,0.3772590125050142
0.4947473736868433,0.4878658994245685,0.7528146109582188,0.5005807768107854,0.4942776915429827,0.5005040375324834
0.2611305652826413,0.5564173129847387,0.8053540155116339,0.6052217590735476,1.0,0.508041927551145
0.5237618809404702,0.2216662496872655,0.2932199149362022,0.890367476498596,0.3825383260372883,0.5666271343111777
0.5602801400700349,0.4716037027770829,0.6004503377533151,0.4832743254791845,1.0,0.5654830214346757
0.5352676338169083,0.3800350262697024,0.673505128846635,0.4619861520484155,0.5618658109074419,0.499923260721698
0.1538269134567284,0.4756067050287717,0.7350512884663498,0.518984251007203,0.0,0.3333240316026301
0.4754877438719359,0.3740305228921692,0.6144608456342258,0.4691281371540192,0.0,0.4692502223694996
0.5855427713856928,0.4803602702026521,0.6935201401050789,0.2615972234333851,0.4468475853288453,0.6622355547028969
0.5057528764382191,0.5073805354015513,0.7545659244433327,0.5004429949247432,0.4936201754538954,0.5509409281964526
0.1140570285142571,0.4133099824868653,0.6474856142106581,0.4727749969478696,0.8349564853410538,0.4688229241153182
0.5370185092546272,0.3362521891418565,0.5544158118588942,0.0,0.5071576817761655,0.4329595200306957
0.4982491245622811,0.4963722792094072,0.7528146109582188,0.5012051554842423,0.4940178244414601,0.5259727575562028
0.4722361180590295,0.4120590442832125,0.5088816612459346,0.0,0.6094790449448,0.6128974309782513
0.4952476238119059,0.4901175881911435,0.7530647985989494,0.5006714686851422,0.4941556063275023,0.5005040375324834
0.5737868934467233,0.641981486114586,0.6247185389041783,0.389451837382493,1.0,0.5536250588625146
0.5925462731365683,0.4928696522391795,0.8343757818363774,1.0,0.6216125712890455,0.395877007865776
0.512256128064032,0.391293470102577,0.6407305479109333,1.0,0.4895774107469871,0.4350349686938626
0.4944972486243121,0.4878658994245685,0.7530647985989494,0.5006418194185256,0.4942619948724209,0.5005040375324834
0.3591795897948974,0.4563422566925195,0.5756817613209908,0.5980047787641488,1.0,0.7236304654934859
0.2301150575287643,0.5496622466850138,0.7798348761571179,0.4625355355180773,0.0,0.291462755288906
0.1870935467733867,0.4500875656742558,0.5193895421566176,0.5851387411270209,0.0,0.2924708303538727
0.1933466733366683,0.6057042782086566,0.8051038278709033,0.4746673177878159,1.0,0.7361895460174058
0.593296648324162,0.1481110833124844,0.557918438829122,0.0,0.3820499851753667,0.454523257233549
0.4939969984992495,0.4093069802351765,0.714535901926445,0.0,0.4513647383016202,0.4429251617629105
0.4944972486243121,0.4883662747060296,0.7525644233174882,0.5006418194185256,0.4942619948724209,0.5004883408619216
0.4952476238119059,0.4898674005504129,0.7525644233174882,0.500687165355704,0.4940945637197621,0.5005493834696618
0.4942471235617808,0.4896172129096824,0.7525644233174882,0.500610426077402,0.4942462982018591,0.5005197342030452
0.5425212606303151,0.4003002251688767,0.722792094070553,0.273317404119504,0.5252105969967037,0.5824999563981373
0.664832416208104,0.278959219414561,0.5411558669001753,0.0,0.7013499136683119,0.312126550046218
0.5512756378189094,0.4333249937453091,0.7350512884663498,0.0,0.5355878403125381,0.5407607652998936
0.1955977988994496,0.4856142106579936,0.7683262446835127,0.5473987128730139,0.0,0.2749359052618728
0.5397698849424711,0.3985489116837629,0.7758318739054292,0.7755463313392748,0.5662015801315032,0.2956293492858015
0.6330665332666332,0.2131598699024269,0.4510883162371779,1.0,0.7077436908104714,0.3622111376598008
0.4952476238119059,0.4898674005504129,0.7528146109582188,0.500687165355704,0.4942009522646807,0.5005040375324834
0.3959479739869934,0.5429071803852891,0.6960220165123844,0.4010499328531315,1.0,0.658238135933167
0.5165082541270635,0.3069802351763824,0.6690017513134853,0.1566806773985385,0.5208469225805327,0.4684723651394387
0.4949974987493746,0.4893670252689518,0.7528146109582188,0.5007168146223206,0.4941556063275023,0.5005040375324834
0.237368684342171,0.422316737553165,0.5469101826369778,0.4751556586497375,0.8599525611734133,0.4207213492160385
0.4004502251125562,0.4866149612209158,0.5961971478608958,0.6956415578073495,0.0,0.3992186546209254
0.6745872936468233,0.5419064298223669,0.7022767075306481,0.0,0.6185290475609118,0.7319776060833318
0.5255127563781891,0.3790342757067802,0.7403052289216914,1.0,0.6130962554720337,0.4959101452814064
0.321160580290145,0.5111333500125095,0.4633475106329748,0.6232136316863457,1.0,0.7437274360360675
0.2573786893446723,0.555166374781086,0.52964723542657,0.3487660672863945,0.0,0.0
0.2341170585292646,0.4083062296722543,0.652489367025269,0.4508153548319584,0.9973751678671712,0.5653452395486335
0.4944972486243121,0.4881160870652991,0.7528146109582188,0.5007325112928824,0.494108516315817,0.5005807768107854
0.2303651825912956,0.5974480860645486,1.0000000000000002,0.96081064583079,1.0,0.3674154559882798
0.2761380690345172,0.3840380285213911,0.5281461095821868,0.5560528105760678,0.5465144670980344,0.3412438739382947
0.3674337168584292,0.4973730297723294,0.7408056042031524,0.5526640738092331,0.0,0.0680921568969426
0.4952476238119059,0.4901175881911435,0.7530647985989494,0.5006418194185256,0.4941852555941189,0.5005040375324834
0.4679839919959979,0.4841130848136103,0.6179634726044534,0.180441948480039,0.0,0.0
0.5270135067533767,0.4463347510632976,0.743807855891919,0.5265238851003715,0.5710535954095959,0.4932539198074542
0.2436218109054527,0.3527645734300726,0.5344008006004505,0.2543802431239863,0.9975879449570086,0.6932765927760434
0.4387193596798399,0.5151363522641983,0.5801851388541407,0.3934196068856062,1.0,0.8736871479149588
0.0,0.4055541656242183,0.7167875906930199,0.6627099429687636,1.0,0.5811709716239077
0.553776888444222,0.409557167875907,0.8116087065298976,0.3785409072675584,0.5739679439105638,0.674550464795856
0.4952476238119059,0.4901175881911435,0.7528146109582188,0.5005807768107854,0.494171302998064,0.5005947294068402
0.6020510255127562,0.3837878408806606,0.6439829872404305,0.0,0.0068367720669027,0.4064984216125713
0.5470235117558779,0.2749562171628722,0.3430072554415813,1.0,0.4874252228055182,0.5546784798646598
0.6420710355177588,0.3370027520640481,0.5796847635726796,1.0,0.4660149641592689,0.4877304358442192
0.5125062531265632,0.4168126094570929,0.8013510132599451,0.8017493067303836,0.490583741737447,0.5158257320752743
0.4942471235617808,0.4888666499874907,0.7528146109582188,0.500610426077402,0.4941852555941189,0.5004883408619216
0.4939969984992495,0.4886164623467602,0.7528146109582188,0.5008092505711844,0.4942916441390376,0.5001377818860422
0.577288644322161,0.3937953465098825,0.7943457593194898,1.0,0.4411392294678828,0.4518984251007203
0.5602801400700349,0.2524393294971229,0.3037277958468852,0.8937248199243071,0.373978408357605,0.3159565376632889
0.5497748874437218,0.4303227420565425,0.7555666750062549,0.0051432757207388,0.3665765561504787,0.495254373266826
0.5617808904452225,0.4485864398298725,0.6865148861646235,1.0,0.5288121108533756,0.5299405270593159
0.5510255127563781,0.1831373530147612,0.4650988241180886,0.7806285644522734,0.3477143903587561,0.5650400265099325
0.4954977488744371,0.4901175881911435,0.7528146109582188,0.5006714686851422,0.494108516315817,0.5005336867991
0.5270135067533767,0.6402301726294722,1.0000000000000002,0.0603711390550604,1.0,0.4833510647574864
0.2248624312156077,0.5116337252939707,0.6937703277458095,0.5715105429303939,1.0,0.6128224357744563
0.4954977488744371,0.4901175881911435,0.7530647985989494,0.500610426077402,0.494171302998064,0.5005336867991
0.4954977488744371,0.4901175881911435,0.7525644233174882,0.500687165355704,0.494171302998064,0.5004569475207981
0.4952476238119059,0.4898674005504129,0.7528146109582188,0.5005807768107854,0.4941399096569405,0.5004726441913598
0.1783391695847924,0.3900425318989243,0.7860895671753816,0.3135444826202975,1.0,0.6775119033085093
0.6363181590795397,0.260695521641231,0.4350763072304229,1.0,0.2945602316130945,0.3753352983239444
0.306153076538269,0.4595946960220166,0.6790092569427071,0.2904860735650627,1.0,0.7958578230462006
0.264632316158079,0.5536652489367027,0.6945208906680012,0.4183249908436088,0.0,0.1266791077314823
0.2283641820910454,0.5471603702777084,0.8383787840880661,0.7186249716587892,0.0,0.6003836963915099
0.1050525262631315,0.5123842882161622,0.664748561421066,0.7342204858991576,1.0,0.7393794582904581
0.4949974987493746,0.490367775831874,0.7528146109582188,0.500610426077402,0.4941852555941189,0.5005040375324834
0.4944972486243121,0.4873655241431074,0.7528146109582188,0.5006714686851422,0.4942462982018591,0.5005493834696618
0.7631315657828914,0.3697773329997499,0.7480610457843384,0.6488532710117376,0.4920958543348971,0.3651115335647139
0.8534267133566782,0.3332499374530899,0.571178383787841,0.5162826795960723,0.3330484678305457,0.6099691298812285
0.5552776388194096,0.3294971228421317,0.6087065298974231,0.0,0.4157298079773968,0.5275145194202696
0.2671335667833917,0.4205654240680511,0.6302226670002503,0.4892878943788478,0.0600973193574829,0.5961107138496956
0.549024512256128,0.305479109331999,0.6227170377783339,0.0,0.2505345588363535,0.500915639116103
0.4952476238119059,0.4901175881911435,0.7528146109582188,0.5006714686851422,0.4942323456058042,0.5005650801402236
0.5657828914457228,0.3234926194645985,0.5981986489867401,1.0,0.426276226520397,0.4464202870746638
0.6410705352676337,0.190392794595947,0.3852889667250438,0.9289010586532256,0.5089279174006314,0.4751103127125591
0.4954977488744371,0.490367775831874,0.7530647985989494,0.5006261227479638,0.4941556063275023,0.5005197342030452
0.4952476238119059,0.4898674005504129,0.7530647985989494,0.5006418194185256,0.4941556063275023,0.5005336867991
0.5260130065032516,0.4055541656242183,0.5391543657743308,0.4018888326909325,1.0,0.318474981251199
0.6340670335167583,0.5016262196647487,0.8646484863647736,0.7656277796187453,0.321007377435164,0.4502816680328583
0.4952476238119059,0.4901175881911435,0.7528146109582188,0.5006714686851422,0.494171302998064,0.5004726441913598
0.5255127563781891,0.5011258443832876,0.8819114335751814,0.8970664666794566,0.5812791042433333,0.4745748818389521
0.6223111555777888,0.2519389542156618,0.3450087565674256,0.9219578980414044,0.5630884071367529,0.588267610792333
0.6580790395197598,0.3412559419564674,0.6344758568926696,0.7512060275214957,0.9547220817273314,0.6568498526257042
0.4952476238119059,0.4898674005504129,0.7528146109582188,0.5006557720145804,0.494108516315817,0.5005947294068402
0.2531265632816408,0.6114585939454592,0.7740805604203154,0.453912831156147,0.0,0.1307846591206376
0.4954977488744371,0.4898674005504129,0.7528146109582188,0.5006557720145804,0.4941852555941189,0.5005650801402236
0.5695347673836918,0.3425068801601202,0.5639229422066551,0.0,0.366178907162914,0.5190156443483266
0.3626813406703351,0.4065549161871404,0.7307980985739306,0.6062751800756928,0.0,0.3366046357500392
0.535767883941971,0.2747060295221417,0.3560170127595697,0.0,0.4068943265256292,0.6158431728203428
0.4952476238119059,0.4896172129096824,0.7528146109582188,0.500610426077402,0.4942166489352425,0.5005040375324834
0.4952476238119059,0.4898674005504129,0.7528146109582188,0.5006418194185256,0.4942166489352425,0.5005197342030452
0.5840420210105052,0.2349261946459845,0.2531898924193145,1.0,0.3747859148542826,0.4081919179587352
0.4952476238119059,0.490367775831874,0.7530647985989494,0.5005493834696618,0.4941556063275023,0.5005807768107854
0.17983991995998,0.3652739554666,0.5749311983987992,0.5810349338123725,0.850719430734081,0.4781781397701309
0.5652826413206603,0.3039779834876158,0.4230673004753565,0.0,0.7807506496677538,0.4328374348152153
0.5202601300650325,0.404053039779835,0.6062046534901177,1.0,0.5004569475207981,0.6125015260651935
0.4937468734367183,0.4886164623467602,0.7533149862396799,0.5006418194185256,0.4941399096569405,0.5004726441913598
0.6353176588294146,0.3782837127845885,0.7320490367775834,1.0,0.6452517571550657,0.4682735406456564
0.8726863431715857,0.3299974981235928,0.5771828871653741,0.5765927760433925,0.443504194499189,0.5692676631145682
0.3229114557278639,0.3592694520890669,0.5861896422316738,0.3505990895931074,1.0,0.6374226066937579
0.4947473736868433,0.4918689016762573,0.751563672754566,0.5004429949247432,0.4949945061653034,0.4923696740324746
0.4957478739369684,0.4898674005504129,0.7523142356767576,0.5005947294068402,0.4942776915429827,0.5005040375324834
0.4947473736868433,0.487615711783838,0.7525644233174882,0.5007778572300609,0.4941399096569405,0.500610426077402
0.5147573786893446,0.1028271203402552,0.3380035026269703,0.1117986640389277,0.5246001709193017,0.5448506200184872
0.5267633816908454,0.3525143857893421,0.6139604703527647,0.0,0.4612989866927115,0.5647208608751766
0.1345672836418209,0.4205654240680511,0.5649236927695773,0.4802675410293527,0.6476167221863718,0.5347175471336135
0.6063031515757878,0.2026519889917439,0.519139354515887,1.0,0.2752568149711356,0.5553813418909256
0.532016008004002,0.4560920690517889,0.7363022266700026,1.0,0.4329909133718193,0.5112614890908139
0.4942471235617808,0.4888666499874907,0.7528146109582188,0.5006714686851422,0.494171302998064,0.5005336867991
0.4584792396198098,0.385789342006505,0.2604453340005004,0.0,0.5571358808448297,0.4457784676561382
0.4557278639319659,0.5096322241681263,0.6712534400800602,0.4590247135357622,1.0,0.5558225927411619
0.4947473736868433,0.4891168376282213,0.7528146109582188,0.5006557720145804,0.4942323456058042,0.5005493834696618
0.5530265132566282,0.1070803102326746,0.2722041531148361,0.0728081343635,0.7358843329787048,0.3829359750248531
0.5467733866933466,0.3169877408056043,0.7478108581436078,0.056876013743307,0.5251199051223469,0.4531803198632645
0.5685342671335667,0.430572929697273,0.7255441581185891,1.0,0.6557650382824354,0.5697560039764898
0.5487743871935967,0.4726044533400051,0.6905178884163123,0.1504246821424211,0.322686921185273,0.3904128224357744
0.629064532266133,0.119589692269202,0.3294971228421316,0.7476795088686189,0.6087936236636029,0.4724854805797304
0.610305152576288,0.0,0.337002752064048,0.0253169855416223,0.9495631093360308,0.3865671381481417
0.4942471235617808,0.4886164623467602,0.7525644233174882,0.5005650801402236,0.4942323456058042,0.5005807768107854
0.1198099049524762,0.5056292219164374,0.4918689016762573,0.7427368017161693,1.0,0.8055339484102761
0.4952476238119059,0.4901175881911435,0.7528146109582188,0.5005807768107854,0.4941852555941189,0.5005493834696618
0.6303151575787893,0.3157368026019516,0.5759319489617214,0.0,0.2644976193382981,0.5603554423844986
0.4949974987493746,0.4898674005504129,0.7525644233174882,0.500687165355704,0.4942009522646807,0.5005040375324834
0.4947473736868433,0.4891168376282213,0.7528146109582188,0.5007168146223206,0.4942009522646807,0.5005040375324834
0.8479239619809904,0.357017763322492,0.8041030773079811,0.4446029614385126,0.0430803843940213,0.3719326089610548
0.4954977488744371,0.4898674005504129,0.7530647985989494,0.5006261227479638,0.4942166489352425,0.5005197342030452
0.2728864432216107,0.4791093319989993,0.6710032524393297,0.4178680433228107,1.0,0.6746132514781031
0.6083041520760379,0.2141606204653491,0.5436577433074807,0.1303416641958945,0.768648516664632,0.2015626907581492
0.024512256128064,0.3362521891418565,0.5454090567925945,0.3919545842998413,0.5810802797495509,0.6740324746673177
0.4944972486243121,0.4883662747060296,0.7528146109582188,0.5005947294068402,0.4942166489352425,0.5005336867991
0.4942471235617808,0.4886164623467602,0.7523142356767576,0.5002598671015226,0.4945061653033817,0.5004883408619216
0.2331165582791395,0.4570928196147111,0.6084563422566927,0.4734621623035736,1.0,0.5360761811744598
0.5177588794397198,0.3867900925694272,0.5749311983987992,1.0,0.3455325531506706,0.5637284824807716
0.4609804902451225,0.4888666499874907,0.8226169627220417,0.3464324955962118,0.7505642081029702,0.4695554354082006
0.4954977488744371,0.4896172129096824,0.7528146109582188,0.5006714686851422,0.4941556063275023,0.5005197342030452
0.584792396198099,0.409557167875907,0.7538153615211409,0.6159966513769468,0.8606850724662958,0.7046758637528996
0.4947473736868433,0.490367775831874,0.7525644233174882,0.5006418194185256,0.4942009522646807,0.5004883408619216
0.4949974987493746,0.4883662747060296,0.7528146109582188,0.5006557720145804,0.4942323456058042,0.5003348623053177
0.4949974987493746,0.4898674005504129,0.7528146109582188,0.5006714686851422,0.4941852555941189,0.5004726441913598
0.4574787393696848,0.4896172129096824,0.5776832624468352,0.3441878717058793,1.0,0.5356645795908401
0.4952476238119059,0.4898674005504129,0.7528146109582188,0.5005807768107854,0.4942166489352425,0.5005493834696618
0.4952476238119059,0.4898674005504129,0.7528146109582188,0.5006557720145804,0.4942009522646807,0.5005947294068402
0.5380190095047523,0.3072304228171129,0.2764573430072555,0.7191586584578893,0.5254094214904861,0.565681845928458
0.4962481240620309,0.495371528646485,0.7528146109582188,0.5007028620262658,0.4942462982018591,0.4995570050752568
0.6325662831415707,0.7403052289216914,0.0017513134851138,0.0,0.0099656417322148,0.0015557144601217
0.4944972486243121,0.4888666499874907,0.7528146109582188,0.500687165355704,0.4942323456058042,0.5004272982541814
0.5707853926963481,0.4403302476857644,0.6667500625469103,1.0,0.3058077681078536,0.5354343617559342
0.5075037518759379,0.4078058543907932,0.6317237928446335,0.0,0.6086715384481225,0.5438285923574655
0.5525262631315657,0.1351013259944959,0.2551913935451589,0.0929068489805884,0.5015103685229433,0.5697717006470516
0.3629314657328664,0.6234676007005255,0.6594946209657244,0.818551720529501,1.0,0.5136438948671888
0.5522761380690344,0.3895421566174632,0.7205404053039781,0.0,0.4493049863090151,0.6985419537122626
0.5272636318159079,0.583937953465099,0.9949962471853891,0.0234403613722378,0.4047735319252838,0.592479550726407
0.706353176588294,0.3239929947460597,0.8068551413560172,0.4624430995692136,0.5678497305404887,0.4892721977082861
0.4959979989994997,0.490367775831874,0.7523142356767576,0.5006557720145804,0.494171302998064,0.5005040375324834
0.2838919459729865,0.4638478859144359,0.5874405804353265,0.095699112266076,0.991637162739592,0.759218305806024
0.4944972486243121,0.4881160870652991,0.7525644233174882,0.5005807768107854,0.494171302998064,0.5004883408619216
0.4944972486243121,0.4891168376282213,0.7523142356767576,0.5005807768107854,0.4942462982018591,0.5005336867991
0.4554777388694346,0.6189642231673756,0.6960220165123844,0.2418194185255594,1.0,0.7693810279575144
0.5787893946973486,0.3400050037528147,0.7142857142857144,0.0,0.5882519141217712,0.5011144636098854
0.5877938969484742,0.4986239679759821,0.7287965974480862,0.8817447721366657,0.5219299928492945,0.4627029666707362
0.4947473736868433,0.4891168376282213,0.7525644233174882,0.5007168146223206,0.494171302998064,0.5004726441913598
0.1140570285142571,0.3304978734050539,0.6357267950963224,0.3997523414200254,0.76258960182779,0.5828191220328932
0.4952476238119059,0.4898674005504129,0.7528146109582188,0.500687165355704,0.4941556063275023,0.5004569475207981
0.4942471235617808,0.4888666499874907,0.7530647985989494,0.5006557720145804,0.4942166489352425,0.5004429949247432
0.4942471235617808,0.4886164623467602,0.7528146109582188,0.500687165355704,0.4942009522646807,0.5005197342030452
0.4807403701850924,0.1858894170627972,0.3124843632724544,0.5897779793152763,0.3318572649423583,0.4377208434344315
0.2266133066533266,0.4808606454841132,0.834625969477108,0.4149833440884594,1.0,0.725079791408689
0.4997498749374687,0.4951213410057544,0.7295471603702779,1.0,0.7340077088093203,0.5363813942131608
0.4952476238119059,0.4891168376282213,0.7528146109582188,0.5006714686851422,0.4942323456058042,0.5001988244937824
0.5577788894447223,0.3557668251188393,0.7002752064048037,1.0,0.381409909831348,0.6927272093063815
0.4942471235617808,0.4883662747060296,0.7525644233174882,0.5005807768107854,0.4942323456058042,0.5004429949247432
0.4954977488744371,0.4898674005504129,0.7530647985989494,0.5005807768107854,0.4942166489352425,0.5005807768107854
0.2101050525262631,0.4565924443332501,0.641481110833125,0.7686642133351937,0.0,0.4768491549959014
0.2178589294647324,0.4248186139604705,0.3907930948211159,0.0,0.1830353872717443,0.6595043340251495
0.4942471235617808,0.4888666499874907,0.7528146109582188,0.5006714686851422,0.4941852555941189,0.5005336867991
0.4962481240620309,0.490367775831874,0.7518138603952966,0.5007325112928824,0.4941399096569405,0.5005040375324834
0.4314657328664332,0.5471603702777084,0.5806855141356018,0.7245147112684653,0.0,0.3182918534279784
0.4952476238119059,0.4896172129096824,0.7528146109582188,0.5005947294068402,0.494171302998064,0.5005650801402236
0.4952476238119059,0.4901175881911435,0.7528146109582188,0.500610426077402,0.4941852555941189,0.5005650801402236
0.4952476238119059,0.4901175881911435,0.7530647985989494,0.5006418194185256,0.494171302998064,0.5005197342030452
0.4947473736868433,0.4886164623467602,0.7525644233174882,0.5007028620262658,0.4942776915429827,0.5004883408619216
0.5482741370685342,0.4413309982486866,0.597197898423818,0.5901756283028411,0.0,0.6422292760346722
0.1860930465232616,0.3765323992994747,0.5256442331748813,0.5504054973228456,0.711910284807367,0.4872124457156809
0.373936968484242,0.6715036277207908,0.8391293470102579,0.3972495945026771,1.0,0.3900779601304567
0.5585292646323161,0.3662747060295223,0.6767575681761322,0.0,0.5410049357308544,0.4496694978809494
0.5692846423211605,0.4766074555916939,0.7685764323242433,0.0501473742958298,0.5527251164169733,0.5858102098121631
0.3601800900450225,0.4701025769326996,0.6137102827120341,0.535373319148194,0.0,0.3476062577393306
0.4949974987493746,0.490367775831874,0.7528146109582188,0.5006418194185256,0.4941556063275023,0.5005336867991
0.3711855927963982,0.5509131848886666,0.5831873905429072,0.0757695728761532,0.0,0.0539163193051607
0.0642821410705352,0.4165624218163624,0.5939454590943208,0.4667317787815895,1.0,0.5959432826970368
0.6108054027013506,0.2604453340005005,0.5288966725043783,1.0,0.6578404869456023,0.69377888623402
0.4952476238119059,0.4901175881911435,0.7528146109582188,0.5005807768107854,0.494171302998064,0.5005947294068402
0.6503251625812906,0.1976482361771329,0.5389041781336003,1.0,0.4086506095540401,0.6877827580794251
0.5902951475737868,0.3742807105328998,0.6572429321991495,0.0,0.6828383068524687,0.4223851962955857
0.4952476238119059,0.4901175881911435,0.7530647985989494,0.5006261227479638,0.4941399096569405,0.5005197342030452
0.1188094047023511,0.5118839129347011,0.6965223917938455,0.7798350105516507,1.0,0.5726860491480196
0.1670835417708854,0.4898674005504129,0.6379784838628972,0.3703455011598096,1.5696670561837767e-05,0.3902296946125538
0.1913456728364181,0.3985489116837629,0.5153865399049288,0.5846050543279209,0.7338838795193331,0.4963060501944643
0.4622311155577788,0.3375031273455092,0.7140355266449838,0.0,0.7713186947346391,0.5273174390009941
0.4952476238119059,0.4898674005504129,0.7528146109582188,0.5006418194185256,0.494171302998064,0.5005040375324834
0.5715357678839419,0.1976482361771329,0.5006254691018265,0.101131904354954,0.526110539442245,0.6435111707972164
0.4444722361180589,0.2974731048286215,0.6284713535151365,1.0,0.6397718750545023,0.4065437675497497
0.5622811405702851,0.4363272454340757,0.8026019514635978,1.0,0.4817168669445558,0.3659818267436385
0.5315157578789395,0.425068801601201,0.6379784838628972,0.1562237298777404,0.5478277552017022,0.5895495055548773
0.4947473736868433,0.4888666499874907,0.7525644233174882,0.500763904634006,0.4941852555941189,0.5005040375324834
0.1913456728364181,0.3580185138854141,0.5326494871153366,0.6386591555191238,0.3936027347088268,0.4818093028934196
0.4509754877438718,0.3742807105328998,0.6662496872654492,0.0,0.5562359383992884,0.6000488340861921
0.4939969984992495,0.4888666499874907,0.7528146109582188,0.5005807768107854,0.4943073408095993,0.5004726441913598
0.4954977488744371,0.4898674005504129,0.7525644233174882,0.5006418194185256,0.4941852555941189,0.5005807768107854
0.5117558779389695,0.4420815611708782,0.7823367525644234,0.4714024103109684,0.3700245914505468,0.5394492212707327
0.4952476238119059,0.4898674005504129,0.7525644233174882,0.500610426077402,0.4942323456058042,0.5004726441913598
0.4957478739369684,0.4901175881911435,0.7523142356767576,0.5007168146223206,0.494171302998064,0.5005197342030452
0.5662831415707853,0.4135601701275958,0.7005253940455343,0.5350384568428763,0.6076024207754155,0.5311770758846818
0.8444222111055526,0.2924693520140106,0.6619964973730299,0.3606711198702408,0.2970176325932644,0.4565062699478521
0.4937468734367183,0.4893670252689518,0.7530647985989494,0.5006714686851422,0.4941852555941189,0.5004726441913598
0.4954977488744371,0.4896172129096824,0.7530647985989494,0.5007325112928824,0.4942323456058042,0.5005040375324834
0.5935467733866933,0.4635976982737054,0.8336252189141857,0.572197708286098,0.5038003383504543,0.3903064338908558
0.2151075537768884,0.5228921691268452,0.5291468601451089,0.3749690426775032,0.0,0.2580114062472749
0.7486243121560779,0.3722792094070554,0.5954465849387042,0.7313061373981896,0.9334182116260006,0.5257599804663655
0.5157578789394697,0.0853139854891169,0.3457593194896172,0.7833144391928423,0.5481626175070199,0.5141304916546034
0.5510255127563781,0.373029772329247,0.6937703277458095,1.0,0.3373057537017981,0.216961124579242
0.4432216108054027,0.5386539904928698,0.9847385539154369,0.0,0.4475033573434257,0.3909168599682578
0.4954977488744371,0.4898674005504129,0.7528146109582188,0.5007028620262658,0.4941242129863787,0.5005040375324834
0.4884942471235617,0.6389792344258195,0.5814360770577934,0.4161884995727017,1.0,0.5321991035457034
0.645072536268134,0.3267450587940956,0.6137102827120341,0.5071262884350419,0.0,0.4235589584387045
0.7683841920960479,0.3465098824118089,0.5906930197648237,0.3284249263128521,0.0,0.4283202818424403
0.2151075537768884,0.3427570678008507,0.4743557668251189,0.6570626297155414,0.7651690880234403,0.6110522001499904
0.4927463731865932,0.4846134600950714,0.7505629221916439,0.5003348623053177,0.4954375010900466,0.4852730348640494
0.4949974987493746,0.4891168376282213,0.7523142356767576,0.5005947294068402,0.4942009522646807,0.5005197342030452
0.6518259129564782,0.3487615711783839,0.7778333750312736,0.5379388527477894,0.7049967734621623,0.5254251181610479
0.5592796398199099,0.3690267700775582,0.7408056042031524,0.0,0.5966304480527408,0.4676788112388161
0.4757378689344672,0.5106329747310484,0.7167875906930199,0.6239775363203516,0.0,0.2766294016080367
0.4954977488744371,0.4898674005504129,0.7530647985989494,0.5005947294068402,0.4941852555941189,0.5005807768107854
0.5385192596298148,0.4058043532649488,0.6039529647235428,0.0,0.8756108620960288,0.320702164396463
0.4952476238119059,0.4901175881911435,0.7525644233174882,0.5006418194185256,0.4942009522646807,0.5004883408619216
0.549024512256128,0.5048786589942458,0.8211158368776583,1.0,0.3596630448052741,0.482159861869299
0.493496748374187,0.4881160870652991,0.7535651738804104,0.500610426077402,0.494171302998064,0.5004726441913598
0.4947473736868433,0.4893670252689518,0.7528146109582188,0.5005650801402236,0.4942009522646807,0.5004883408619216
0.4939969984992495,0.4893670252689518,0.7525644233174882,0.5006714686851422,0.4941399096569405,0.5005197342030452
0.5107553776888444,0.2764573430072555,0.406805103827871,0.0,0.7284371348344001,0.4110609205225247
0.4607303651825912,0.4866149612209158,0.6334751063297475,0.5479341437466209,1.0,0.6394666620158013
0.7668834417208603,0.3297473104828622,0.7032774580935703,0.6025969269407189,0.5284144618658109,0.4550272947660324
0.5570285142571285,0.3425068801601202,0.6004503377533151,0.59638627762178,0.8431204981076792,0.5879920470202487
0.3344172086043021,0.5744308231173382,0.6687515636727547,0.2080489038491724,0.0,0.2229433001377819
0.4949974987493746,0.4898674005504129,0.7528146109582188,0.5007325112928824,0.494171302998064,0.5005807768107854
0.4952476238119059,0.4891168376282213,0.7528146109582188,0.5005947294068402,0.4942323456058042,0.5004272982541814
0.4279639819909954,0.1636227170377784,0.4520890668001001,0.8936480806460052,0.5283691159286324,0.2628494689293127
0.5495247623811905,0.3767825869402053,0.4063047285464098,0.0,0.7748748626541326,0.302009173831906
0.4954977488744371,0.4896172129096824,0.7528146109582188,0.5005650801402236,0.4941399096569405,0.5005650801402236
0.468984492246123,0.3585188891668752,0.7588191143357519,1.0,0.301107487311858,0.488738510909186
0.5435217608804401,0.2476857643232425,0.3417563172379285,0.3782653434954741,0.4187819383644069,0.6767183494078867
0.4932466233116557,0.4878658994245685,0.7530647985989494,0.5006557720145804,0.4942323456058042,0.5004883408619216
0.508504252126063,0.4490868151113336,0.6770077558168628,0.0,0.4598636133735633,0.132828714442681
0.4952476238119059,0.4896172129096824,0.7533149862396799,0.500610426077402,0.494171302998064,0.5005493834696618
0.5615307653826913,0.4603452589442083,0.7475606705028772,0.6424281005284546,0.4568882222648551,0.5144060554266878
0.5842921460730365,0.440580435326495,0.8531398548911685,0.7192964403439315,0.5711599839545145,0.4726825609990058
0.4952476238119059,0.4901175881911435,0.7528146109582188,0.5005807768107854,0.4942323456058042,0.5005197342030452
0.4942471235617808,0.4883662747060296,0.7528146109582188,0.5005650801402236,0.494171302998064,0.5004726441913598
0.5075037518759379,0.3960470352764574,0.6532399299474607,1.0,0.4759335158797984,0.5769747283603955
0.4954977488744371,0.4898674005504129,0.7528146109582188,0.500610426077402,0.494171302998064,0.5005807768107854
0.5322661330665333,0.4428321240930699,0.58443832874656,0.8619826638994018,0.0,0.2264523780455901
0.4947473736868433,0.4891168376282213,0.7525644233174882,0.5005947294068402,0.4942323456058042,0.5005336867991
0.4939969984992495,0.4883662747060296,0.7525644233174882,0.5008702931789246,0.4942462982018591,0.5005336867991
0.3796898449224612,0.2967225419064299,0.6815111333500126,0.7295812477109022,0.9379650138653924,0.7127020946334828
0.3884442221110555,0.4818613960470354,0.5804353264948713,0.2840155571446012,1.0,0.5177320055112754
0.1248124062031015,0.4228171128346261,0.6212159119339505,0.4965973106371104,0.8462040218358128,0.4447878333362401
0.7218609304652326,0.3872904678508883,0.6514886164623469,0.5475364947590561,0.0,0.0
0.4954977488744371,0.4898674005504129,0.7525644233174882,0.5006714686851422,0.494108516315817,0.5005197342030452
0.3704352176088044,0.4380785589191895,0.8178633975481613,0.3134223974048171,0.0002895163681392,0.4117934318154072
0.7236118059029514,0.3565173880410309,0.6139604703527647,0.4394300364511572,0.0,0.0500392416764043
0.193096548274137,0.3610207655741807,0.7490617963472606,0.4244292516176291,0.9996947869612988,0.5981268639796292
0.4957478739369684,0.4901175881911435,0.7528146109582188,0.5007028620262658,0.494108516315817,0.5005493834696618
0.4944972486243121,0.4888666499874907,0.7528146109582188,0.500763904634006,0.4942166489352425,0.5005336867991
0.4952476238119059,0.4898674005504129,0.7530647985989494,0.500687165355704,0.4942166489352425,0.5004429949247432
0.4952476238119059,0.4896172129096824,0.7528146109582188,0.5007028620262658,0.4941852555941189,0.5005336867991
0.5990495247623812,0.3507630723042283,0.6549912434325745,1.0,0.4489230339920121,0.5431117777351449
0.4949974987493746,0.4898674005504129,0.7528146109582188,0.5006714686851422,0.4941556063275023,0.5004569475207981
0.4952476238119059,0.4898674005504129,0.7528146109582188,0.5006714686851422,0.4941556063275023,0.5004883408619216
0.4749874937468734,0.4380785589191895,0.5756817613209908,0.4666253902366709,1.0,0.6156460924010674
0.5747873936968484,0.2486865148861647,0.3642732049036778,0.5851701344681445,0.4852573381934876,0.4933917016934963
0.5615307653826913,0.3655241431073306,0.4821115836877659,0.0,0.4144025672776741,0.4849538692292934
0.4944972486243121,0.4881160870652991,0.7525644233174882,0.500610426077402,0.494108516315817,0.5005336867991
0.5635317658829414,0.2226670002501877,0.4198148611458595,0.0,0.8388632122364268,0.3169785653243107
0.4952476238119059,0.4898674005504129,0.7525644233174882,0.5007168146223206,0.4940788670492003,0.5005040375324834
0.4952476238119059,0.4898674005504129,0.7525644233174882,0.5006714686851422,0.4941556063275023,0.5005197342030452
0.5607803901950975,0.1703777833375032,0.27395546659995,0.4808326211695763,0.7448715489125695,0.4345169785653243
0.4954977488744371,0.4901175881911435,0.7530647985989494,0.5007028620262658,0.4942323456058042,0.5004883408619216
0.3584292146073036,0.5511633725293972,0.5541656242181637,0.4284284144618658,1.0,0.8780211730645133
0.4942471235617808,0.4886164623467602,0.7528146109582188,0.5007028620262658,0.4942619948724209,0.5005040375324834
0.4942471235617808,0.4883662747060296,0.7530647985989494,0.5006418194185256,0.4942323456058042,0.5005040375324834
0.7121060530265132,0.3430072554415813,0.5956967725794347,0.5617140764253449,0.9133508903500356,0.721096325235014
0.4954977488744371,0.4898674005504129,0.7525644233174882,0.5006714686851422,0.494171302998064,0.5005040375324834
0.7393696848424212,0.4708531398548913,0.4876157117838379,0.5460261262361128,1.0,0.8475609118021522
0.4944972486243121,0.4886164623467602,0.7523142356767576,0.5005493834696618,0.4941852555941189,0.5005947294068402
0.4947473736868433,0.4891168376282213,0.7528146109582188,0.500687165355704,0.4942009522646807,0.5004569475207981
0.1995997998999499,0.4683512634475858,0.6084563422566927,0.6407485567783455,0.0,0.2901198179186215
0.4944972486243121,0.4891168376282213,0.7528146109582188,0.5005947294068402,0.4942323456058042,0.5004726441913598
0.6033016508254126,0.4956217162872155,1.0000000000000002,0.8374278389172785,0.6459825243734412,0.1397561783839406
0.5562781390695347,0.3837878408806606,0.7282962221666252,0.292988820482411,0.6486997924551337,0.5392503967769503
0.4949974987493746,0.4898674005504129,0.7528146109582188,0.5006418194185256,0.4941852555941189,0.5004883408619216
0.5592796398199099,0.3037277958468852,0.472104078058544,0.0,0.4189807628581893,0.3721000401137136
0.4942471235617808,0.4883662747060296,0.7530647985989494,0.5005947294068402,0.4942776915429827,0.5004569475207981
0.5467733866933466,0.4388291218413812,0.7505629221916439,1.0,0.4142037427838917,0.6098156513246246
0.4984992496248123,0.4683512634475858,0.7010257693269953,0.5389137903971257,0.0,0.5456755672602334
0.5090045022511255,0.4958719039279461,0.7863397548161122,0.0012818947625443,0.6954427333135671,0.5056455691787153
0.4962481240620309,0.4951213410057544,0.7528146109582188,0.5005493834696618,0.4948113783420828,0.4930411427176169
0.5230115057528764,0.4120590442832125,0.7690768076057044,0.4696618239531193,0.4988715837940596,0.4084814343268744
0.4949974987493746,0.4896172129096824,0.7533149862396799,0.5005650801402236,0.4942166489352425,0.5005493834696618
0.3806903451725862,0.6017012759569679,0.5881911433575182,0.5019533634476865,0.0,0.5407607652998936
0.1500750375187594,0.4108081060795598,0.7625719289467101,0.4050177023562447,1.0,0.6280220451017667
0.3799399699849924,0.4208156117087817,0.7002752064048037,0.4446953973873764,0.4247030713152065,0.5490329106859445
0.7051025512756377,0.2599449587190394,0.3417563172379285,0.9325932643842544,0.4987181052374557,0.4869368819435966
0.4649824912456227,0.3455091318488867,0.6517388041030774,0.0,0.5796309538343478,0.5401817325636151
0.4952476238119059,0.4901175881911435,0.7530647985989494,0.5006418194185256,0.4942009522646807,0.5004569475207981
0.4632316158079039,0.3219914936202153,0.3632724543407556,0.0,0.2500915639116103,0.497467603816035
0.6630815407703852,0.1978984238178635,0.258443832874656,0.1736819156914383,0.4630692223171774,0.6149118370336781
0.0780390195097548,0.5361521140855643,0.6915186389792345,0.2767375342274621,0.0,0.6321572457575387
0.5925462731365683,0.3119839879909933,0.3109832374280711,1.0,0.2425676264890036,0.648989308823273
0.4949974987493746,0.490367775831874,0.7530647985989494,0.500687165355704,0.4942009522646807,0.5004429949247432
0.5562781390695347,0.4320740555416563,0.7833375031273456,1.0,0.6074349896227567,0.5043950677572946
0.5205102551275638,0.5088816612459346,0.7928446334751065,0.6681113417165181,0.5232118876118388,0.426656434762893
0.3674337168584292,0.5464098073555168,0.6725043782837129,0.2125346634808239,0.0,0.3880321607339065
0.56128064032016,0.383037277958469,0.6632474355766826,0.0,0.5213195667718925,0.751190330850934
0.2383691845922961,0.4983737803352516,0.6747560670502878,0.4622756684165547,1.0,0.5343826848282959
0.5822911455727864,0.399049286965224,0.4846134600950714,0.0,0.6832499084360883,0.3024504246821424
0.4952476238119059,0.4901175881911435,0.7525644233174882,0.500687165355704,0.4941556063275023,0.5004569475207981
0.5710355177588794,0.172129096822617,0.443332499374531,0.9568882222648551,0.6297765840556708,0.431403805570574
0.4927463731865932,0.372529397047786,0.899924943707781,1.0,0.4182953415769921,0.6483038875420758
0.0,0.4458343757818365,0.832374280710533,0.7499694786961298,1.0,0.6655475521914296
0.7493746873436717,0.4438328746559921,0.6204653490117589,0.4214992064460994,0.0,0.0837661544901198
0.7301150575287643,0.396297222917188,0.5263947960970728,0.4387132218288365,0.9971153007656488,0.6018801123183982
0.4942471235617808,0.4883662747060296,0.7528146109582188,0.5007482079634442,0.4942462982018591,0.5004726441913598
0.4952476238119059,0.4891168376282213,0.7533149862396799,0.500687165355704,0.494171302998064,0.5005040375324834
0.4954977488744371,0.4901175881911435,0.7525644233174882,0.5005947294068402,0.4942323456058042,0.5005197342030452
0.6180590295147573,0.2932199149362022,0.3797848386289718,0.3426478539163193,0.4406979786176465,0.5386242740289865
0.2441220610305152,0.4128096072054041,0.4956217162872155,0.5074175488776881,0.5122992134223974,0.4621082372638959
0.7501250625312655,0.2912184138103578,0.7140355266449838,0.5383958002685875,0.1089000122085215,0.3861712332350838
0.0575287643821911,0.396297222917188,0.5399049286965225,0.3052130387010133,0.9978478120585312,0.6298062333222876
0.826913456728364,0.3850387790843133,0.5013760320240181,0.4706838516141409,0.8939079477475278,0.8119730714896141
0.6063031515757878,0.2792094070552915,0.3645233925444083,0.8281650592113294,0.5636220939358529,0.4419327833685055
0.6570785392696348,0.2359269452089067,0.451588691518639,0.0,0.1632279330973019,0.4702565533599595
0.5605302651325662,0.5549161871403554,0.6337252939704779,0.4115806547255698,0.0,0.3897727470917557
0.4482241120560279,0.4923692769577184,0.6112084063047286,0.4687147914958927,0.0,0.1596107225700682
0.4954977488744371,0.4898674005504129,0.7528146109582188,0.5006261227479638,0.4941399096569405,0.5006261227479638
0.7833916958479239,0.3457593194896173,0.6805103827870904,0.4892878943788478,0.0,0.2349686938626017
0.6560780390195097,0.2754565924443333,0.6617463097322993,0.0,0.335246001709193,0.5512304445645918
0.5295147573786892,0.4753565173880412,0.5181386039529648,0.2483823708948846,0.0,0.0
0.035767883941971,0.4630973229922443,0.5041280960720541,0.6703699182029056,1.0,0.9018888326909326
0.4954977488744371,0.4901175881911435,0.7528146109582188,0.500610426077402,0.4942166489352425,0.5005493834696618
0.5242621310655327,0.2131598699024269,0.4633475106329748,0.8589619268535151,0.510103423618257,0.4414758358477074
0.5707853926963481,0.3600200150112586,0.5419064298223669,0.0,0.3509792978356035,0.2762945393027191
0.6988494247123561,0.2506880160120091,0.6604953715286466,1.0,0.3166593996895547,0.5059978722291016
0.4954977488744371,0.4896172129096824,0.7530647985989494,0.5005947294068402,0.4941852555941189,0.5005197342030452
0.5212606303151576,0.4846134600950714,0.5379034275706781,0.3310497584456808,0.0,0.0
0.4952476238119059,0.4898674005504129,0.7528146109582188,0.5005807768107854,0.4942009522646807,0.5005493834696618
0.4952476238119059,0.4898674005504129,0.7528146109582188,0.5006418194185256,0.4941852555941189,0.5004726441913598
0.4989994997498749,0.4963722792094072,0.7505629221916439,0.5000610426077402,0.4944747719622582,0.4934073983640581
0.5800400200100049,0.2244183137353015,0.4563422566925195,0.0445314543837312,0.6934754172698258,0.4622913650871165
0.4952476238119059,0.4898674005504129,0.7525644233174882,0.5006418194185256,0.494171302998064,0.5005493834696618
0.880440220110055,0.268451338503878,0.6079559669752315,0.2296265936480806,0.0,0.1830981739539913
0.4829914957478738,0.3367525644233176,0.798098573930448,1.0,0.4226136700559848,0.5761811744597729
0.7016008004002,0.3302476857643233,0.8756567425569178,0.5385335821546297,0.4787728691769712,0.484768997331566
0.4504752376188093,0.4330748061045785,0.6474856142106581,0.4763311648673631,0.3714285714285714,0.5068053787257791
0.4952476238119059,0.4898674005504129,0.7528146109582188,0.5006557720145804,0.4942009522646807,0.5005040375324834
0.4952476238119059,0.4896172129096824,0.7530647985989494,0.500687165355704,0.4942009522646807,0.5005040375324834
0.8024012006003001,0.2947210407805856,0.8336252189141857,0.3630971275092872,0.0,0.2856637075535867
0.4952476238119059,0.4896172129096824,0.7528146109582188,0.5006418194185256,0.4942166489352425,0.5005650801402236
0.6115557778889444,0.1501125844383288,0.2429321991493621,0.0,0.417011702739941,0.563163402340548
0.5587793896948473,0.4480860645484114,0.7423067300475358,0.6802884699234351,0.5290859305509531,0.4559568864781903
0.1713356678339169,0.4323242431823869,0.7373029772329248,0.7661911156844621,0.8346355756317909,0.6124090901163297
0.5747873936968484,0.3845384038028522,0.6304728546409808,1.0,0.4048956171407643,0.5445000610426077
0.1973486743371685,0.3510132599449588,0.6464848636477359,0.5844986657830022,0.9999843033294382,0.6233985035840731
0.4952476238119059,0.4898674005504129,0.7525644233174882,0.5006261227479638,0.4942166489352425,0.5004726441913598
0.5787893946973486,0.2849637227920941,0.342006504878659,0.5538709733679823,0.5852154804053229,0.4352023998465214
0.5100050025012506,0.2989742306730049,0.5391543657743308,0.0,0.5204649702635297,0.6977937457488184
0.6428214107053526,0.2256692519389543,0.4188141105829372,0.6467307323368854,0.5803320717861067,0.5201283638837051
0.6135567783891945,0.1215911933950463,0.4731048286214662,0.966304480527408,0.3756108620960288,0.5059664788879781
0.5607803901950975,0.3707780835626721,0.3930447835876908,0.0,0.5693757957339938,0.2844428553987826
0.1805902951475738,0.3695271453590193,0.5308981736302227,0.4356610914418264,0.9993285313148578,0.593243455360413
0.4947473736868433,0.4058043532649488,0.8248686514886165,0.7212341071210562,1.0,0.582147653347751
0.6423211605802901,0.2181636227170378,0.4788591443582687,0.0001063885449186,0.3592043532099691,0.4146624343791967
0.6493246623311655,0.4203152364273206,0.5436577433074807,0.3945480230915464,0.0,0.0556098156513246
0.5422711355677838,0.2997247935951965,0.5681761320990744,0.0,0.7248809669149066,0.2262849468929312
0.4947473736868433,0.4893670252689518,0.7525644233174882,0.5007168146223206,0.494171302998064,0.5005197342030452
0.2491245622811406,0.4640980735551665,0.8088566424818615,0.3777473533669358,0.9552557685264312,0.6308596543244327
0.4954977488744371,0.4901175881911435,0.7530647985989494,0.5005947294068402,0.4942462982018591,0.5005650801402236
0.4947473736868433,0.4896172129096824,0.7530647985989494,0.5005040375324834,0.4942323456058042,0.5005336867991
0.4957478739369684,0.4896172129096824,0.7528146109582188,0.500610426077402,0.4941556063275023,0.5004883408619216
0.5110055027513757,0.5223917938453841,0.8256192144108083,0.0,0.7200429042328689,0.619582468563057
0.577288644322161,0.3347510632974732,0.6332249186890169,0.0,0.2979175750388056,0.4650993250431658
0.5952976488244122,0.2677007755816863,0.5146359769827371,1.0,0.2249577061932086,0.5667806128677817
0.3454227113556778,0.4418313735301477,0.8153615211408558,0.4633901320264402,0.7219212724767602,0.50352477457837
0.2453726863431715,0.484863647735802,0.7085313985489118,0.6609693566109144,0.0,0.2767671834940788
0.6735867933966982,0.3447585689266951,0.581185889417063,0.6800756928335978,0.6627395922353803,0.5654987181052374
0.4942471235617808,0.4886164623467602,0.7528146109582188,0.5006714686851422,0.494171302998064,0.5005040375324834
0.5050025012506253,0.375281461095822,0.7760820615461598,0.0,0.4845248269006052,0.4748661422815983
0.6888444222111054,0.2549412059044284,0.6544908681511135,0.0,0.666585276523013,0.5348867223607793
0.4949974987493746,0.4898674005504129,0.7528146109582188,0.5005807768107854,0.4941556063275023,0.5005336867991
0.513256628314157,0.5876907680760571,0.7495621716287216,1.0,0.4056891710413869,0.565453372168059
0.3101550775387693,0.5749311983987992,0.7483112334250689,0.4161431536355233,1.0,0.6418926696548477
0.4944972486243121,0.4891168376282213,0.7525644233174882,0.5005947294068402,0.4941242129863787,0.5005947294068402
0.2786393196598299,0.5666750062546911,0.7165374030522893,0.4585520693444024,1.0,0.6265413258454401
0.1753376688344172,0.4508381285964474,0.7002752064048037,0.3985018399986048,1.0,0.6941765352215846
0.6035517758879438,0.3462596947710784,0.4345759319489618,1.0,0.5935329717285522,0.3829202783542913
0.4974987493746873,0.6592444333249939,0.5849387040280212,0.2156478364755742,1.0,0.3701170273994105
0.4947473736868433,0.4893670252689518,0.7525644233174882,0.500687165355704,0.4940631703786385,0.5004116015836196
0.4952476238119059,0.4901175881911435,0.7530647985989494,0.500610426077402,0.4942462982018591,0.5005197342030452
0.56128064032016,0.5133850387790845,0.7220415311483614,1.0,0.628693513786909,0.7160297887925772
0.6000500250125061,0.4150612959719791,0.6975231423567677,0.0,0.4434588485620105,0.3007569283359785
0.549024512256128,0.3677758318739055,0.9216912684513386,0.8372761044351814,0.3456389416955892,0.7193557388771649
0.4949974987493746,0.4898674005504129,0.7530647985989494,0.5005807768107854,0.4942166489352425,0.5005336867991
0.690345172586293,0.3467600700525395,0.3880410307730799,0.1546052287353716,0.2899523867659627,0.4016760556010953
0.4954977488744371,0.4898674005504129,0.7525644233174882,0.5006261227479638,0.494171302998064,0.5005197342030452
0.4952476238119059,0.4898674005504129,0.7530647985989494,0.5006557720145804,0.4942009522646807,0.5005493834696618
0.2623811905952976,0.3795346509882413,0.4816112084063048,0.6256867293370773,0.2755620280098366,0.3704065437675498
0.0310155077538769,0.3840380285213911,0.816362271703778,0.5810488864084273,1.0,0.5656364999912796
0.4952476238119059,0.4898674005504129,0.7525644233174882,0.5005947294068402,0.4941556063275023,0.5005650801402236
0.4942471235617808,0.4891168376282213,0.7525644233174882,0.5006557720145804,0.4942462982018591,0.5005040375324834
0.54152076038019,0.4390793094821117,0.6995246434826121,0.0,0.4241083419083663,0.6974117934318154
0.4952476238119059,0.4898674005504129,0.7533149862396799,0.5005650801402236,0.4941852555941189,0.5005650801402236
0.4952476238119059,0.4896172129096824,0.7525644233174882,0.5006557720145804,0.4941556063275023,0.5004883408619216
0.4954977488744371,0.4898674005504129,0.7525644233174882,0.5006418194185256,0.4941242129863787,0.5004883408619216
0.5680340170085042,0.2419314485864399,0.4000500375281461,1.0,0.4948427716832063,0.4470760590892443
0.4952476238119059,0.4896172129096824,0.7528146109582188,0.5006714686851422,0.4941399096569405,0.5004883408619216
0.4699849924962481,0.2329246935201401,0.6399799849887416,0.0,0.7907616373371471,0.5469417653522158
0.597048524262131,0.3875406554916188,0.6790092569427071,0.4828016812878246,0.9768962450075866,0.5085913110208068
0.0580290145072536,0.5261446084563424,0.6589942456842633,0.6823796152571637,1.0,0.5624622843887891
0.5430215107553776,0.4318238679009258,0.7070302727045286,0.0068681654080262,0.6117079721645708,0.5824389137903971
0.7491245622811404,0.3129847385539155,0.4703527645734301,0.4848160873432513,0.4468929312660237,0.7365087116521618
0.4952476238119059,0.4898674005504129,0.7528146109582188,0.500610426077402,0.4941242129863787,0.5004883408619216
0.5605302651325662,0.2902176632474357,0.6887665749311985,1.0,0.3712000976681724,0.441277011353925
0.6260630315157578,0.4520890668001002,0.7110332749562173,0.5530460261262361,0.0,0.3026806425170483
0.5550275137568784,0.4923692769577184,0.7207905929447087,0.1009487765317334,0.5487573469138601,0.531466592252821
0.8574287143571785,0.3845384038028522,0.8674005504128097,0.555960374627204,0.068596194429426,0.4816872176779392
0.4954977488744371,0.4891168376282213,0.7525644233174882,0.5006714686851422,0.4942009522646807,0.4997558295690392
0.5395197598799399,0.3867900925694272,0.701776332249187,0.6371173936550569,0.5309799954654063,0.3449831696810088
0.7151075537768884,0.394045534150613,0.6167125344008006,0.383012714303155,0.9766206812355024,0.7248199243071665
0.3656828414207103,0.5459094320740556,0.6644983737803354,0.4727749969478696,0.0,0.3018243019341786
0.2018509254627313,0.5559169377032775,0.2699524643482612,0.5052339675950956,1.0,0.9171965746376683
0.4942471235617808,0.4888666499874907,0.7525644233174882,0.5006557720145804,0.4941852555941189,0.5005040375324834
0.2751375687843921,0.4030522892169128,0.6252189141856394,0.2769189179761759,0.9871653557039956,0.5932120620192894
0.6495747873936968,0.1843882912184138,0.4245684263197399,0.6519960932731046,0.4906447843451872,0.6085651499032039
0.7338669334667333,0.3825369026770079,0.6217162872154116,0.14209149414863,0.0,0.0070809424978635
0.0967983991995997,0.4365774330748062,0.6822616962722042,0.6123497915830964,1.0,0.7118474981251199
0.5857928964482241,0.2914686014510884,0.5406554916187142,1.0,0.3632802553325078,0.4558661946038335
0.5840420210105052,0.2151613710282713,0.3247435576682512,0.0070966391684253,0.6329351029875996,0.5604007883216771
0.4952476238119059,0.4893670252689518,0.7528146109582188,0.5006261227479638,0.4942166489352425,0.5004883408619216
0.4952476238119059,0.4868651488616464,0.7525644233174882,0.5006418194185256,0.4942323456058042,0.5005650801402236
0.5472736368184091,0.2444333249937454,0.3452589442081561,1.0,0.2688926870955928,0.4053386120655074
0.5075037518759379,0.5554165624218165,0.8886664998749063,0.136276749742749,0.3825540227078501,0.6518426147165006
0.568784392196098,0.5674255691768828,0.6922692019014262,0.6212463156426042,0.0,0.2599647696949614
0.4942471235617808,0.4888666499874907,0.7530647985989494,0.5008092505711844,0.4940631703786385,0.5004883408619216
0.4954977488744371,0.4901175881911435,0.7530647985989494,0.5006557720145804,0.4941242129863787,0.5004883408619216
0.4939969984992495,0.4888666499874907,0.7518138603952966,0.5007482079634442,0.4941852555941189,0.5001988244937824
0.2348674337168584,0.3645233925444084,0.5639229422066551,0.4663201771979699,0.9857160297887926,0.6071611699251792
0.4942471235617808,0.4883662747060296,0.7528146109582188,0.5006714686851422,0.4942166489352425,0.5004726441913598
0.4954977488744371,0.490367775831874,0.7525644233174882,0.500687165355704,0.4941852555941189,0.5004883408619216
0.4952476238119059,0.4896172129096824,0.7528146109582188,0.5006418194185256,0.4942462982018591,0.5005650801402236
0.673336668334167,0.4678508881661247,0.4648486364773581,0.6733767026527373,1.0,0.9151054293039398
0.4954977488744371,0.4901175881911435,0.7528146109582188,0.5006261227479638,0.4942009522646807,0.5005493834696618
0.4754877438719359,0.1315986990242682,0.2436827620715537,0.0674067356157455,0.367171285557319,0.9991000575544586
0.2266133066533266,0.406805103827871,0.6880160120090069,0.3374888815250187,0.9985053281476184,0.5938521373633081
0.4952476238119059,0.4898674005504129,0.7528146109582188,0.500610426077402,0.4941399096569405,0.5003662556464412
0.4952476238119059,0.4901175881911435,0.7528146109582188,0.5005650801402236,0.494171302998064,0.5005336867991
0.4952476238119059,0.4901175881911435,0.7530647985989494,0.5006418194185256,0.4941852555941189,0.5005040375324834
0.8031515757878938,0.299974981235927,0.6935201401050789,0.2206079843730924,0.0,0.1588485620105691
0.7346173086543271,0.4553415061295973,0.5434075556667501,0.7422170675131241,1.0,0.5888937335402968
0.4932466233116557,0.4868651488616464,0.7530647985989494,0.5004569475207981,0.4942619948724209,0.5010534210021452
0.6465732866433216,0.3219914936202153,0.6690017513134853,0.9792612100388928,0.3031986326455866,0.4028044718070356
0.4952476238119059,0.4888666499874907,0.7520640480360272,0.5007028620262658,0.4942323456058042,0.500381952317003
0.5027513756878439,0.2694520890668002,0.4956217162872155,0.4638017336100598,0.5418595322392172,0.7786595043340252
0.7081040520260129,0.3882912184138105,0.6247185389041783,0.4536686607251862,0.0,0.2231264279610025
0.4942471235617808,0.4893670252689518,0.7525644233174882,0.5006714686851422,0.4941852555941189,0.5005197342030452
0.6613306653326663,0.2069051788841632,0.2194145609206905,0.5246315642604252,0.2727540680537872,0.7899837801070861
0.3859429714857428,0.495371528646485,0.5288966725043783,0.5981408165756841,0.0,0.2522577044491341
0.4947473736868433,0.4883662747060296,0.7525644233174882,0.500687165355704,0.4942166489352425,0.5004883408619216
0.4952476238119059,0.4898674005504129,0.7528146109582188,0.500687165355704,0.494171302998064,0.5005197342030452
0.5710355177588794,0.3777833375031275,0.7583187390542908,0.0,0.4723790920348117,0.5596543244327398
0.7078539269634816,0.3810357768326246,0.8376282211658745,0.4869682752847201,0.0,0.4279383295254373
0.6805902951475737,0.2326745058794097,0.3932949712284214,1.0,0.4646406334478609,0.4657550970577463
0.3726863431715858,0.1986489867400551,0.3715286464848637,0.960962380312887,0.1472801158065472,0.481244222753196
0.4942471235617808,0.4888666499874907,0.7523142356767576,0.5007482079634442,0.494171302998064,0.5004726441913598
0.5840420210105052,0.4941205904428322,1.0000000000000002,0.8286987460104296,0.2235223328740603,0.6915203097476323
0.4952476238119059,0.4896172129096824,0.7528146109582188,0.5007028620262658,0.494171302998064,0.5005197342030452
0.5460230115057528,0.3610207655741807,0.5411558669001753,0.4623070617576783,1.0,0.6168808971519263
0.4942471235617808,0.4886164623467602,0.7528146109582188,0.500687165355704,0.4942009522646807,0.5004429949247432
0.6783391695847923,0.2524393294971229,0.5471603702777084,0.990737220294051,0.5483300486596787,0.7231264279610025
0.4952476238119059,0.4898674005504129,0.7528146109582188,0.5005336867991,0.4941852555941189,0.5005336867991
0.1970985492746372,0.3985489116837629,0.5411558669001753,0.6231229398119887,0.3282871444268099,0.4937126114027591
0.5877938969484742,0.4078058543907932,0.5211408556417314,0.0,0.5522367755550517,0.7101993477161345
0.4954977488744371,0.4898674005504129,0.7528146109582188,0.5005807768107854,0.494171302998064,0.5005040375324834
0.4957478739369684,0.4898674005504129,0.7525644233174882,0.5006418194185256,0.4941556063275023,0.5004726441913598
0.5130065032516258,0.4515886915186391,0.7880910683012261,0.0,0.3563510473167414,0.4715698414636273
0.2946473236618309,0.4053039779834877,0.5203902927195397,0.6400770880932034,0.0,0.4736906360639726
0.5915457728864432,0.2549412059044284,0.5076307230422819,1.0,0.533451349041631,0.4302736452901268
0.4947473736868433,0.4886164623467602,0.7530647985989494,0.5005807768107854,0.494171302998064,0.5005040375324834
0.5962981490745372,0.4741055791843884,0.7538153615211409,0.7851300207544867,1.0,0.8840957845719168
0.2873936968484242,0.4613460095071304,0.6044533400050038,0.5834609414514188,0.0,0.3907651254861607
0.5325162581290644,0.4028021015761822,0.7840880660495373,0.1043532099691298,0.5281109929016168,0.5015103685229433
0.5447723861930965,0.2814610958218665,0.5809357017763324,1.0,0.6064426112283516,0.3296143851265326
0.4549774887443721,0.5188891668751565,0.6302226670002503,0.6604496224078693,1.0,0.6310288295515984
0.6038019009504751,0.3732799599699776,0.5729296972729548,0.0,0.565299893611455,0.3247466731778782
0.1743371685842921,0.4193144858643984,0.6372279209407057,0.467310811517868,0.0,0.5910598740778206
0.4949974987493746,0.4896172129096824,0.7528146109582188,0.5005807768107854,0.494171302998064,0.5005040375324834
0.4947473736868433,0.4891168376282213,0.7523142356767576,0.5005807768107854,0.4940945637197621,0.5004726441913598
0.3581790895447724,0.3029772329246936,0.3980485364023018,0.2108115178680433,0.8196958334060032,0.6974274901023771
0.3716858429214607,0.4691018263697775,0.5629221916437329,0.5408218079076338,1.0,0.9032178174651622
0.6053026513256627,0.2076557418063548,0.3627720790592945,0.8172837783630116,0.38202033590875,0.5177320055112754
0.5270135067533767,0.3217413059794847,0.7332999749812361,0.0,0.403385248617821,0.4466034148978844
0.4954977488744371,0.4901175881911435,0.7528146109582188,0.5006557720145804,0.4942323456058042,0.5004883408619216
0.4952476238119059,0.4898674005504129,0.7528146109582188,0.5006261227479638,0.494171302998064,0.5005650801402236
0.737368684342171,0.3635226419814862,0.3902927195396548,0.5348256797530391,0.9005929853323333,0.7271395434012942
0.6553276638319159,0.3440080060045035,0.7403052289216914,0.5673142996668817,0.6641592688839667,0.7304672375603886
0.4374687343671835,0.5849387040280212,0.7077808356267201,0.4932853131485777,1.0,0.2854038404520641
0.4947473736868433,0.4893670252689518,0.7525644233174882,0.5006557720145804,0.4942166489352425,0.5005040375324834
0.5360180090045021,0.4525894420815612,0.6544908681511135,0.2992308631424735,0.0,0.0744562847724855
0.6100550275137568,0.5178884163122343,0.5771828871653741,0.5130945113975269,1.0,0.7239496311282418
0.6515757878939469,0.3620215161371029,0.8336252189141857,0.7562115213561923,0.3079756527198842,0.5906796658353245
0.4947473736868433,0.4891168376282213,0.7530647985989494,0.5005807768107854,0.4942323456058042,0.5004726441913598
0.2178589294647324,0.3812859644733551,0.5286464848636478,0.5522210788844899,0.1928335978513002,0.5122381708146572
0.6370685342671335,0.5171378533900427,0.5554165624218165,0.4867084081831976,1.0,0.6817238432425833
0.5510255127563781,0.4648486364773581,0.9964973730297724,1.0,0.532917662242531,0.4508310515025202
0.5037518759379689,0.2334250688016013,0.6344758568926696,1.0,0.4105115370528629,0.5890925580340792
0.5225112556278139,0.32874655991994,0.651988991743808,0.0,0.4466173674939393,0.5463313392748138
0.4029514757378689,0.6089567175381537,0.60270202651989,0.2435757015539704,1.0,0.6847916703001552
0.3159079539769884,0.4891168376282213,0.6664998749061798,0.450998482655179,1.0,0.6950607809965641
0.4944972486243121,0.4893670252689518,0.7530647985989494,0.5005650801402236,0.4942323456058042,0.5005040375324834
0.4942471235617808,0.4888666499874907,0.7525644233174882,0.5007325112928824,0.4942166489352425,0.5004726441913598
0.4954977488744371,0.4901175881911435,0.7528146109582188,0.5005947294068402,0.4941242129863787,0.5005197342030452
0.4949974987493746,0.4896172129096824,0.7525644233174882,0.5005336867991,0.4942323456058042,0.5005040375324834
0.4954977488744371,0.4906179634726046,0.7530647985989494,0.5005650801402236,0.494171302998064,0.5003976489875648
0.549024512256128,0.3102326745058795,0.5846885163872906,1.0,0.3188551894936952,0.4514868235171007
0.4947473736868433,0.4898674005504129,0.7525644233174882,0.5007028620262658,0.4941852555941189,0.5004883408619216
0.6085542771385692,0.2784588441330999,0.6579934951213411,0.9395067757294592,0.3048171337879554,0.3533756562080332
0.4954977488744371,0.4901175881911435,0.7528146109582188,0.5006261227479638,0.494171302998064,0.5005197342030452
0.456728364182091,0.5056292219164374,0.5799349512134102,0.579691996442088,1.0,0.6678985646266808
0.4987493746873436,0.4936202151613711,0.7545659244433327,0.500305213038701,0.4934841376423601,0.517458185813698
0.533016508254127,0.4463347510632976,0.7915936952714537,0.0,0.1019411549261384,0.462641924062996
0.4952476238119059,0.4901175881911435,0.7528146109582188,0.500687165355704,0.4942462982018591,0.5004272982541814
0.3566783391695848,0.5516637478108583,0.7210407805854392,0.3694002127770898,1.0,0.6399096569405445
0.4954977488744371,0.490367775831874,0.7528146109582188,0.500687165355704,0.4941852555941189,0.5005336867991
0.4952476238119059,0.4901175881911435,0.7525644233174882,0.5006714686851422,0.4941852555941189,0.5004883408619216
0.4954977488744371,0.4898674005504129,0.7530647985989494,0.5006418194185256,0.4941556063275023,0.5005493834696618
0.1133066533266633,0.5198899174380787,0.9046785088816612,0.6067478242670526,1.0,0.4445279662347176
0.5495247623811905,0.2499374530898174,0.2291718789091819,0.9995413084046952,0.3408619216212917,0.4804210195859567
0.4912456228114056,0.3945459094320742,0.6369777332999751,0.0,0.64706733871671,0.4799466313200899
0.4949974987493746,0.4898674005504129,0.7528146109582188,0.5005650801402236,0.4941852555941189,0.5005197342030452
0.6240620310155077,0.3069802351763824,0.6457343007255443,0.0023039224235659,0.366712593962014,0.515231002668434
0.1568284142071035,0.4530898173630224,0.5914435826870154,0.4890733732145037,0.9913929923086314,0.4811064408671538
0.4939969984992495,0.4888666499874907,0.7528146109582188,0.5006557720145804,0.4942009522646807,0.5005807768107854
0.4952476238119059,0.4896172129096824,0.7528146109582188,0.500610426077402,0.4942166489352425,0.5004569475207981
0.5737868934467233,0.3760320240180136,0.7970978233675258,1.0,0.3409229642290319,0.3379772223869404
0.6400700350175087,0.2742056542406806,0.4638478859144359,1.0,0.4819924307166402,0.4668242147304532
0.4942471235617808,0.4888666499874907,0.7530647985989494,0.5005336867991,0.4943230374801611,0.5004272982541814
0.6323161580790395,1.0000000000000002,0.3772829622216663,1.0,0.6632279330973019,0.5364127875542843
0.4942471235617808,0.4893670252689518,0.7528146109582188,0.5006714686851422,0.494171302998064,0.5004883408619216
0.4954977488744371,0.4901175881911435,0.7528146109582188,0.5005947294068402,0.4942009522646807,0.5005040375324834
0.5777888944472236,0.6004503377533151,0.8041030773079811,1.0,0.6025358843329787,0.3839876519524914
0.4952476238119059,0.4896172129096824,0.7528146109582188,0.5006418194185256,0.4942323456058042,0.5004883408619216
0.6180590295147573,0.5316487365524144,0.9717287965974482,0.5523135148333537,0.606412961961735,0.4895006714686851
0.5510255127563781,0.1158368776582437,0.3817863397548162,0.0024417043096081,0.7422013708425624,0.3979681531995047
0.4944972486243121,0.4886164623467602,0.7525644233174882,0.5006557720145804,0.494171302998064,0.5005197342030452
0.5740370185092546,0.5854390793094822,0.9609707280460348,0.8527041875228909,0.428489457069606,0.7369830999180285
0.8081540770385192,0.3222416812609458,0.8511383537653241,0.6186214835097755,0.4794896837992919,0.4230095749690427
0.0,0.3840380285213911,0.5203902927195397,0.7126114027591258,1.0,0.6117376214311875
0.5315157578789395,0.2984738553915437,0.5354015511633726,1.5696670561837767e-05,0.6382004639238188,0.3417932574079565
0.4167083541770885,0.4090567925944459,0.5806855141356018,0.8898634389661126,0.3821720703908471,0.5927237211573678
0.3404202101050525,0.5969477107830875,0.4215661746309733,0.0017248896872874,1.0,0.9999843033294382
0.1388194097048524,0.4470853139854892,0.6489867400550414,0.5514885675916075,0.0,0.3369551947259187
0.4952476238119059,0.4898674005504129,0.7528146109582188,0.5006261227479638,0.4941399096569405,0.5005040375324834
0.3306653326663331,0.539654741055792,0.500875656742557,0.8514833353680868,1.0,0.7324188569335682
0.682841420710355,0.5243932949712286,0.8904178133600201,0.3508572126201231,0.6132183406875141,0.5073861555365645
0.284392196098049,0.430572929697273,0.6102076557418065,0.6220695188098435,0.0,0.2505345588363535
0.6163081540770384,0.2561921441080811,0.6102076557418065,0.0,0.3290196557196924,0.5844533198458238
0.3884442221110555,0.5291468601451089,0.2196647485614211,0.5344280307654743,1.0,1.0
0.2873936968484242,0.4936202151613711,0.6897673254941207,0.2650923487451384,1.0,0.6869892041788025
0.4954977488744371,0.4901175881911435,0.7525644233174882,0.500610426077402,0.4942462982018591,0.5005197342030452
0.609304652326163,0.5143857893420066,0.5874405804353265,0.7487032806041474,1.0,0.7832220032439785
0.4954977488744371,0.4901175881911435,0.7528146109582188,0.5006714686851422,0.4942009522646807,0.5005493834696618
0.4952476238119059,0.4898674005504129,0.7528146109582188,0.5006261227479638,0.494171302998064,0.5005336867991
0.9272136068034016,0.1988991743807857,0.7788341255941957,0.6707658231159636,0.0727017458185814,0.5112021905575806
0.6200600300150074,0.1541155866900176,0.4265699274455842,0.8394422449727053,0.5073704588660027,0.33486404939219
0.3146573286643321,0.5288966725043784,0.6382286715036278,0.4031707274534768,0.0,0.1084116713465999
0.6778389194597297,0.4070552914686016,0.5934450838128598,0.4285644522734011,0.0,0.0955770270505956
0.5520260130065032,0.4140605454090569,0.6995246434826121,0.0,0.6391161030399218,0.5707483823708949
0.3309154577288644,0.4838628971728798,0.5356517388041032,0.5699844777368889,0.0,0.3218323246769102
0.1193096548274136,0.4933700275206406,0.6254691018263698,0.417011702739941,0.0,0.3029248129480091
0.7436218109054527,0.3124843632724544,0.8786589942456844,0.6137991174982995,0.1420008022742732,0.5857195179378063
0.690345172586293,0.208656492369277,0.2909682261696272,0.0,0.3567486963043061,0.9825121649196852
0.6445722861430714,0.404053039779835,0.6394796097072806,0.4810924882710989,0.9908750021800932,0.5274238275459128
0.5412706353176587,0.3627720790592945,0.5719289467100326,0.0,0.352627448244589,0.5998970996040951
0.535767883941971,0.3657743307480611,0.5721791343507632,1.0,0.3183982419728971,0.5352669306032753
0.1230615307653827,0.215911933950463,0.3282461846384789,0.6183162704710745,0.6983727784850968,0.3888257146345292
0.1680840420210105,0.3972979734801102,0.7855891918939206,0.3250222369499625,0.1405654289551249,0.5709768561312939
0.4922461230615307,0.4891168376282213,0.7540655491618715,0.500610426077402,0.494108516315817,0.5004726441913598
0.5130065032516258,0.4188141105829373,0.4568426319739805,0.4470603624186825,1.0,0.618284877129951
0.5447723861930965,0.2757067800850639,0.4435826870152615,0.097607129776584,0.5750667108498875,0.6533076373022655
0.4944972486243121,0.4891168376282213,0.7530647985989494,0.5006557720145804,0.4942009522646807,0.5005650801402236
0.2208604302151075,0.6157117838378785,0.6109582186639981,0.6951078710082494,1.0,0.6246176116643702
0.5430215107553776,0.3322491868901677,0.4450838128596448,1.0,0.3365121998011755,0.5098278598461726
0.5877938969484742,0.352014010507881,0.6537403052289218,0.9328374348152152,0.558951462406474,0.4323490939532937
0.4944972486243121,0.4881160870652991,0.7530647985989494,0.500687165355704,0.4942009522646807,0.5004726441913598
0.7383691845922961,0.3452589442081562,0.7340505379034277,0.4534087936236636,0.0,0.2791774944625634
0.4949974987493746,0.4898674005504129,0.7530647985989494,0.5006418194185256,0.4941556063275023,0.5005650801402236
0.3661830915457728,0.425068801601201,0.6977733299974982,0.4218497654219788,0.5026405288033905,0.4995570050752568
0.6000500250125061,0.2474355766825119,0.3640230172629473,0.0,0.5011598095470639,0.5971030922441006
0.4297148574287143,0.4778583937953466,0.589942456842632,0.2878315921656173,0.0,0.2683590002964927
0.4952476238119059,0.4898674005504129,0.7528146109582188,0.500610426077402,0.4942323456058042,0.5005807768107854
0.8311655827913956,0.3114836127095323,0.6337252939704779,0.4011720180686119,0.5367023039224236,0.5654987181052374
0.573536768384192,0.3367525644233176,0.7635726795096324,0.999785478835656,0.5178087447895774,0.4794286411915517
0.6550775387693846,0.443332499374531,0.6572429321991495,1.0,0.4952229799257024,0.5107591956328374
0.1678339169584792,0.3575181386039531,0.49311983987991,0.7056839388178663,0.0,0.2913720634145491
0.4944972486243121,0.4886164623467602,0.7530647985989494,0.500610426077402,0.4942323456058042,0.5005493834696618
0.5685342671335667,0.451088316237178,0.7418063547660747,0.2762945393027191,0.5338786472958125,0.482008127387202
0.94272136068034,0.3677758318739055,0.7207905929447087,0.5223869403700926,0.1396811831801454,0.4386068332839179
0.4954977488744371,0.4898674005504129,0.7528146109582188,0.5006557720145804,0.4941852555941189,0.5004569475207981
0.6398199099549774,0.1618714035526645,0.4005504128096073,1.0,0.7201806861189111,0.4455953398329176
0.6865932966483241,0.5303977983487617,0.4350763072304229,0.0,0.998779147845196,0.4322113120672515
0.7353676838419209,0.3345008756567427,0.8028521391043284,0.4950555487730436,0.7313811326019848,0.4879589096046183
0.4952476238119059,0.4898674005504129,0.7525644233174882,0.5006418194185256,0.4942009522646807,0.5004883408619216
0.4949974987493746,0.4893670252689518,0.7525644233174882,0.5007168146223206,0.4942166489352425,0.5005807768107854
0.4942471235617808,0.4891168376282213,0.751563672754566,0.5004569475207981,0.4948427716832063,0.4902488794321293
0.2556278139069534,0.4811108331248437,0.625969477107831,0.4868601426652946,0.0,0.2905942061844882
0.5740370185092546,0.2181636227170378,0.221916437327996,0.0141461883251652,0.421987547308021,0.7099412246891187
0.2926463231615808,0.4986239679759821,0.5701776332249188,0.6071297765840556,1.0,0.7661300730767218
0.9307153576788392,0.3760320240180136,0.6980235176382288,0.6060013603781154,0.0,0.3075483544657028
0.2976488244122061,0.4543407555666751,0.7540655491618715,0.4207666951532169,0.8841254338385336,0.493866089959363
0.484992496248124,0.5248936702526896,0.6424818613960471,0.7806128677817117,0.0,0.1913685752655353
0.5835417708854427,0.3382536902677009,0.6229672254190644,1.0,0.531696810087727,0.3021905575806198
0.2736368184092045,0.4648486364773581,0.542406805103828,0.5294835795385179,0.2525332682212184,0.4494881141322357
0.6113056528264131,0.4490868151113336,0.6905178884163123,0.2609571480893664,0.4890733732145037,0.5546784798646598
0.7083541770885442,0.4233174881160871,0.4888666499874907,0.5314822889233828,0.0,0.1387341507229189
0.4354677338669334,0.4160620465349013,0.4891168376282213,0.3995552610007499,1.0,0.5166035893053351
0.5380190095047523,0.4828621466099576,0.7940955716787592,0.0048677119486544,0.6157978268831644,0.5892756858572998
0.8364182091045522,0.409557167875907,0.8101075806855143,0.6840888082738894,0.0447599281441303,0.4804977588642586
0.1545772886443221,0.4065549161871404,0.5956967725794347,0.5734499537820256,0.4967961351308927,0.5106981530250972
0.6448224112056027,0.3500125093820366,0.5326494871153366,0.0,0.4986570626297155,0.4503427106405985
0.573536768384192,0.2491868901676258,0.558418814110583,0.0,0.2494357918970298,0.5990721523623489
0.5055027513756878,0.3937953465098825,0.7100325243932951,0.5138252786159024,0.5561435024504247,0.5276836946474354
0.5002501250625312,0.3745308981736303,0.7070302727045286,0.3569771700647052,1.0,0.564079041456651
0.3394197098549274,0.526394796097073,0.7037778333750314,0.4379510612693374,0.0,0.3393358564277866
0.4952476238119059,0.4898674005504129,0.7528146109582188,0.500687165355704,0.4942619948724209,0.5004272982541814
0.4952476238119059,0.4898674005504129,0.7525644233174882,0.5006557720145804,0.4942009522646807,0.5005336867991
0.5957978989494747,0.5256442331748813,0.9249437077808358,0.9998168721767792,0.6246803983466174,0.5512304445645918
0.4944972486243121,0.4896172129096824,0.7530647985989494,0.5006557720145804,0.4943840800879013,0.4999686066588765
0.3886943471735867,0.4963722792094072,0.6244683512634477,0.0,0.1632732790344804,0.444801785932295
0.613056528264132,0.6157117838378785,0.8909181886414812,0.0,0.7421874182465075,0.8061129811465546
0.5700350175087543,0.4060545409056794,0.82186639979985,0.0,0.47236339536425,0.6488672236077925
0.4982491245622811,0.6239679759819866,0.6865148861646235,0.3821267244536687,1.0,0.5887559516542547
0.6348174087043521,0.2139104328246185,0.2629472104078059,0.2983466173674939,0.5871078012452692,0.4266878281040166
0.2031015507753876,0.4225669251938955,0.5804353264948713,0.5848038788217033,0.6357884088808274,0.4409874949857858
0.6185592796398198,0.5571678759069303,0.6820115086314738,0.5290248879432129,0.4799326787240351,0.3874688246681898
0.7261130565282641,0.3425068801601202,0.6705028771578685,0.5223729877740377,0.7128852224567033,0.5849259640371837
0.4957478739369684,0.4898674005504129,0.7528146109582188,0.5005947294068402,0.4941852555941189,0.5005197342030452
0.593296648324162,0.4613460095071304,0.850637978483863,0.2137712123061897,0.6663097127509288,0.4286115422850864
0.5145072536268134,0.5704278208656494,0.4438328746559921,0.5071873310427821,1.0,0.5939602699827337
0.4949974987493746,0.487615711783838,0.7540655491618715,0.500610426077402,0.4942462982018591,0.5004272982541814
0.4952476238119059,0.4891168376282213,0.7525644233174882,0.5007168146223206,0.4941852555941189,0.5005493834696618
0.5222611305652826,0.3760320240180136,0.6572429321991495,1.0,0.6499659905471162,0.3617541901390027
0.5920460230115057,0.3204903677758319,0.7302977232924694,0.4175610862096028,0.0,0.1771456476620681
0.1483241620810405,0.3900425318989243,0.5258944208156118,0.6183319671416363,0.0,0.3799605839161449
0.4952476238119059,0.4898674005504129,0.7525644233174882,0.5007325112928824,0.4941852555941189,0.5004726441913598
0.4942471235617808,0.4886164623467602,0.7528146109582188,0.5002598671015226,0.4944294260250798,0.5004883408619216
0.4984992496248123,0.179884913685264,0.3322491868901677,0.5641714774055148,0.5293457976524757,0.4653888414113051
0.4844922461230614,0.1911433575181386,0.2061546159619715,0.0,0.2896471737272617,0.6804262518094772
0.4952476238119059,0.4898674005504129,0.7525644233174882,0.500687165355704,0.4942619948724209,0.5004569475207981
0.5222611305652826,0.4275706780085065,0.7325494120590444,0.0,0.569435094267227,0.3685595688647819
0.5775387693846923,0.2261696272204154,0.513635226419815,0.0,0.5248286446797007,0.6034968693862601
0.2188594297148574,0.4128096072054041,0.7430572929697274,0.306768753161135,1.0,0.6055130195161937
0.4954977488744371,0.4901175881911435,0.7528146109582188,0.5006261227479638,0.4942323456058042,0.5005493834696618
0.5632816408204101,0.4393294971228422,0.738303727795847,0.4153792490015173,0.0,0.366789333240316
0.5217608804402201,0.3252439329497124,0.683512634475857,0.0,0.4026527373249385,0.5381062839004482
0.2028514257128564,0.4816112084063048,0.741055791843883,0.4784362627971467,1.0,0.6465633011842266
0.5770385192596298,0.4453340005003754,0.5591693770327747,0.0,0.5705356052810576,0.4064216823342693
0.4952476238119059,0.4898674005504129,0.7528146109582188,0.5006418194185256,0.4941852555941189,0.5005807768107854
0.4944972486243121,0.4878658994245685,0.7530647985989494,0.5006714686851422,0.494171302998064,0.5004569475207981
0.4942471235617808,0.4883662747060296,0.7530647985989494,0.5006714686851422,0.4940335211120219,0.5031742156024905
0.4952476238119059,0.4898674005504129,0.7528146109582188,0.5006261227479638,0.4941242129863787,0.5005807768107854
0.4952476238119059,0.4901175881911435,0.7528146109582188,0.5006557720145804,0.4942166489352425,0.5004726441913598
0.6565782891445722,0.4503377533149864,0.8263697773329999,1.0,0.5447285348030068,0.4120829481835464
0.5887943971985993,0.3342506880160121,0.3109832374280711,0.6195528192964403,0.6140275912586985,0.6237647592305143
0.4952476238119059,0.4898674005504129,0.7528146109582188,0.5005040375324834,0.4941556063275023,0.5004883408619216
0.4954977488744371,0.4901175881911435,0.7528146109582188,0.5006557720145804,0.494171302998064,0.5006418194185256
0.2431215607803902,0.526895171378534,0.6589942456842633,0.2614001430141095,1.0,0.4416729162669829
0.7726363181590794,0.2341756317237929,0.4408306229672255,0.0,0.7281162251251373,0.4568428763276767
0.5060030015007503,0.3980485364023018,0.4983737803352515,0.5393881786629925,1.0,0.7821232363046549
0.5080040020010005,0.3064798598949213,0.5911933950462848,0.0,0.4263215724575754,0.5828191220328932
0.8884442221110553,0.3134851138353766,0.3902927195396548,0.2371348344001256,0.0,0.0799815128102273
0.237368684342171,0.5496622466850138,0.8178633975481613,0.3808762230322479,1.0,0.7674119678392661
0.4957478739369684,0.4901175881911435,0.7530647985989494,0.5006261227479638,0.4942462982018591,0.5005197342030452
0.8374187093546772,0.3297473104828622,0.6417312984738555,0.6090831400317421,0.50198475678881,0.5646755149379982
0.7351175587793896,0.2722041531148362,0.6925193895421567,0.4634197812930568,0.587200237194133,0.4545389539041108
0.6770885442721359,0.3692769577182888,0.6454841130848137,0.4422379964072065,0.5199609327310463,0.5723808361093186
0.2153576788394197,0.4811108331248437,0.6572429321991495,0.5389905296754277,1.0,0.5579451314160141
0.1938469234617308,0.5246434826119591,0.5566675006254692,0.7150077611315555,1.0,0.7774683014458378
0.5967983991995998,0.2054040530397799,0.3780335251438579,0.0,0.516771020457994,0.408359349111394
0.5790395197598799,0.2749562171628722,0.5836877658243684,0.0,0.2878926347733575,0.5488183895216003
0.7441220610305151,0.430572929697273,0.8276207155366526,0.491881333170553,0.5300015696670561,0.4326386103214329
0.5895447723861931,0.4628471353515138,0.7608206154615963,0.1305701379562935,0.7539529448698048,0.4803442803076547
0.4949974987493746,0.4891168376282213,0.7518138603952966,0.5006418194185256,0.4942619948724209,0.5004116015836196
0.56128064032016,0.2964723542656994,0.6234676007005255,1.0,0.5188778624622844,0.3871025690217486
0.4949974987493746,0.4896172129096824,0.7530647985989494,0.5006418194185256,0.4941556063275023,0.5005197342030452
0.4952476238119059,0.4901175881911435,0.7530647985989494,0.5006714686851422,0.4941242129863787,0.5004883408619216
0.5770385192596298,0.4100575431573681,0.7000250187640732,1.0,0.4742853654708129,0.4188133317055305
0.5642821410705352,0.3627720790592945,0.3922942206654992,0.9949334635575632,0.5033573434257111,0.4037358075937004
0.4944972486243121,0.4893670252689518,0.7530647985989494,0.5007325112928824,0.4941399096569405,0.5004883408619216
0.5227613806903451,0.4013009757317989,0.6905178884163123,0.0,0.4919266791077314,0.6496764741789769
0.3731865932966483,0.5188891668751565,0.6670002501876409,0.3351535657603293,0.0,0.0662765753352983
0.4952476238119059,0.4898674005504129,0.7528146109582188,0.5005650801402236,0.4942323456058042,0.5005040375324834
0.2218609304652326,0.3867900925694272,0.6047035276457344,0.5481783141775817,0.5280499502938766,0.3608682002895164
0.4952476238119059,0.4901175881911435,0.7530647985989494,0.5005650801402236,0.4942323456058042,0.5005040375324834
0.4952476238119059,0.4898674005504129,0.7525644233174882,0.5006714686851422,0.4942619948724209,0.5005197342030452
0.8701850925462731,0.2774580935701777,0.7262947210407807,0.3405410119120289,0.217266337617943,0.3629296963566283
0.5215107553776888,0.5356517388041032,0.6745058794095573,0.4344855852242008,0.0,0.3936027347088268
0.4954977488744371,0.4901175881911435,0.7528146109582188,0.500610426077402,0.4942009522646807,0.5005040375324834
0.4947473736868433,0.4881160870652991,0.7528146109582188,0.5006557720145804,0.4942462982018591,0.5005040375324834
0.8651825912956477,0.307730798098574,0.7330497873405055,0.7539075989326264,0.003219561539669,0.4418420914941486
0.3759379689844922,0.5871903927945961,0.5851888916687517,0.6762910511537052,1.0,0.5717861067024783
0.7216108054027013,0.1833875406554917,0.3937953465098824,0.3717494811378342,0.5813540994471283,0.3380993076024208
0.1918459229614807,0.4530898173630224,0.5931948961721292,0.5322148002162652,0.1973350541535135,0.389375098104191
0.6398199099549774,0.3610207655741807,0.7625719289467101,0.4995570050752568,0.8406334478608926,0.5408218079076338
0.6708354177088544,0.4213159869902428,0.5496622466850138,0.5594554999389574,0.9739051572283168,0.7430263180843085
0.4952476238119059,0.4898674005504129,0.7525644233174882,0.500687165355704,0.4942916441390376,0.5005040375324834
0.7773886943471735,0.3537653239929949,0.7280460345258946,0.6318677293893995,0.0,0.4288696653121021
0.2273636818409204,0.3732799599699776,0.5744308231173381,0.5807890193069047,0.5917313427629628,0.4091999930237019
0.5757878939469734,0.3587690768076058,0.680760570427821,0.0,0.3856671957026004,0.4875473080209986
0.5877938969484742,0.3087315486614962,0.4390793094821116,0.9701501648150408,0.3137433071140799,0.6471580305910669
0.5752876438219109,0.2129096822616963,0.6324743557668252,0.999785478835656,0.4226590159931632,0.4831365435931423
0.4952476238119059,0.4898674005504129,0.7528146109582188,0.5006714686851422,0.494171302998064,0.5005197342030452
0.5457728864432215,0.2957217913435077,0.5514135601701277,0.4504630517815721,0.4418263948235869,0.6742469958316619
0.7078539269634816,0.4588441330998249,0.4713535151363524,0.3153304149153252,1.0,0.9423757782932488
0.4942471235617808,0.4891168376282213,0.7528146109582188,0.5006261227479638,0.4942776915429827,0.5005493834696618
0.5937968984492246,0.3537653239929949,0.7360520390292721,0.9536529640546244,0.6016359418874374,0.3594799169820535
0.2163581790895448,0.3580185138854141,0.4841130848136103,0.5809424978635087,0.374602787031062,0.4687008388998378
0.5820410205102551,0.5023767825869403,0.7650738053540156,0.0,0.955042991436594,0.3878961229223712
0.4952476238119059,0.4901175881911435,0.7533149862396799,0.500610426077402,0.494108516315817,0.5004272982541814
0.4979989994997498,0.4916187140355267,0.7523142356767576,0.5007482079634442,0.4941242129863787,0.5027922632854875
0.4954977488744371,0.4901175881911435,0.7525644233174882,0.5007325112928824,0.4941242129863787,0.5005336867991
0.4952476238119059,0.4901175881911435,0.7530647985989494,0.5007028620262658,0.4942009522646807,0.5004726441913598
0.2471235617808904,0.3430072554415813,0.5421566174630974,0.4007900657516089,0.8221985803233514,0.6181627919144705
0.4947473736868433,0.4891168376282213,0.7528146109582188,0.5006714686851422,0.4942009522646807,0.5003662556464412
0.4949974987493746,0.485364023017263,0.7533149862396799,0.5004272982541814,0.494795681671521,0.4928737115649581
0.4952476238119059,0.4896172129096824,0.7530647985989494,0.5006418194185256,0.4941556063275023,0.5005040375324834
0.3839419709854927,0.3882912184138105,0.6607455591693772,0.4579869892041788,0.4887681601758027,0.5144827947049898
0.5087543771885943,0.4468351263447587,0.7425569176882663,0.4581701170273994,0.4885553830859654,0.5011598095470639
0.4464732366183091,0.5046284713535153,0.6202151613710284,0.7140764253448908,0.0,0.3675375412037602
0.8121560780390193,0.4035526644983739,0.7895921941456093,0.3945340704954916,0.5862235554702897,0.5075082407520449
0.66008004002001,0.3847885914435828,0.6032024018013511,0.5067303835219841,0.8564120899244816,0.5357866648063205
0.4949974987493746,0.4898674005504129,0.7533149862396799,0.5006714686851422,0.494171302998064,0.5005650801402236
0.2041020510255127,0.5306479859894923,0.6204653490117589,0.3255559237490625,0.0,0.0006714686851422
0.6100550275137568,0.3695271453590193,0.4130597948461347,0.162068123550238,0.0,0.1954130840469505
0.528264132066033,0.3362521891418565,0.9249437077808358,0.9703489893088232,0.3905506043218166,0.3613722378219998
0.614057028514257,0.378033525143858,0.9712284213159872,1.0,0.2814517676195127,0.2463069222317177
0.5250125062531265,0.2451838879159371,0.2631973980485365,0.8900779601304567,0.5200062786682247,0.5327188377487486
0.493496748374187,0.5218914185639231,0.558418814110583,0.3354291295324136,0.0,0.0
0.508504252126063,0.5181386039529648,0.6675006254691019,0.7802309154647087,0.0,0.5693287057223084
0.164832416208104,0.3197398048536403,0.6294721040780586,0.5155658649737517,0.6851579259465964,0.7642377522367756
0.668584292146073,0.5959469602201652,0.4280710532899675,0.2893123114219439,1.0,1.0
0.4024512256128063,0.5126344758568928,0.5066299724793596,0.384552732092715,0.0,0.0550150862444844
0.26088044022011,0.5256442331748813,0.5754315736802603,0.3867956119085407,1.0,0.522357291103476
0.5342671335667833,0.4310733049787342,0.7287965974480862,0.4965659172959868,0.5514589183249908,0.5373423792664422
0.1000500250125062,0.367525644233175,0.7295471603702779,0.1961752446064495,1.0,0.7319305160716466
0.3319159579789894,0.6104578433825371,0.5614210657993496,0.2091162774473726,0.0,0.0005493834696618
0.5900450225112556,0.461596197147861,0.6609957468101078,1.0,0.2941486300294749,0.5106981530250972
0.5782891445722861,0.3985489116837629,0.7408056042031524,0.1948026579695484,0.547384760276959,0.3715820499851754
0.86168084042021,0.2924693520140106,0.610457843382537,0.5114760102551581,0.47289708216335,0.4787728691769712
0.4944972486243121,0.4883662747060296,0.7525644233174882,0.5007482079634442,0.4942619948724209,0.5005040375324834
0.2046023011505752,0.5211408556417314,0.4213159869902427,0.5961264105202574,1.0,0.8719640023021783
0.2206103051525763,0.3907930948211159,0.3517638228671504,0.6170186790379685,0.1596107225700682,0.4482655179029248
0.4954977488744371,0.4901175881911435,0.7523142356767576,0.5005947294068402,0.4941852555941189,0.5005493834696618
0.4957478739369684,0.4901175881911435,0.7528146109582188,0.5005807768107854,0.4941852555941189,0.5005197342030452
0.4952476238119059,0.4898674005504129,0.7530647985989494,0.5006714686851422,0.4942166489352425,0.5005336867991
0.54152076038019,0.3239929947460597,0.7480610457843384,0.0,0.5513368331095104,0.4112283516751835
0.5425212606303151,0.5986990242682013,0.6707530647985991,0.0,0.6171093709123254,0.5065158623576399
0.5130065032516258,0.399049286965224,0.790342757067801,0.0,0.6319427245931946,0.5804838062682037
0.4732366183091545,0.4148111083312485,0.8376282211658745,0.0,0.3750457819558052,0.2711216143153635
0.5992996498249124,0.3390042531898925,0.8076057042782088,0.0,0.4287632767671835,0.3876048624797251
0.5797898949474737,0.4533400050037529,0.7120340255191395,0.0,0.666051589723913,0.5335123916493713
0.6820910455227613,0.4083062296722543,0.7713284963722793,0.2071472173291242,0.0,0.408130875350995
0.4704852426213106,0.4488366274706031,0.6029522141606205,0.0,0.646990599438408,0.5536111062664597
0.5442721360680339,0.372529397047786,0.7630723042281713,1.0,0.5435076826482027,0.3725883809756353
0.6035517758879438,0.3525143857893421,0.2869652239179385,0.3349250919999302,0.4064059856637075,0.6452203638139421
0.4949974987493746,0.4896172129096824,0.7528146109582188,0.5006557720145804,0.4941242129863787,0.5005040375324834
0.4939969984992495,0.4883662747060296,0.7528146109582188,0.5005807768107854,0.4941852555941189,0.5004883408619216
0.5022511255627813,0.3950462847135352,0.4878658994245685,0.7505956014440937,1.0,0.8457610269110696
0.5745372686343171,0.4313234926194647,0.7628221165874407,0.0,0.4194691037201109,0.5685804977588642
0.550025012506253,0.3174881160870654,0.5198899174380787,0.8366342850166559,0.4691281371540192,0.2954915673997593
0.4989994997498749,0.5068801601200902,0.5414060545409057,1.0,0.97336972635471,0.7903186424124038
0.4949974987493746,0.490367775831874,0.7523142356767576,0.5005947294068402,0.4942166489352425,0.5004883408619216
0.5512756378189094,0.289467100325244,0.6800100075056293,1.0,0.4392626052984983,0.5265988803041666
0.4949974987493746,0.4891168376282213,0.7523142356767576,0.500687165355704,0.4942009522646807,0.5004116015836196
0.4954977488744371,0.4898674005504129,0.7528146109582188,0.5006261227479638,0.4942009522646807,0.5005197342030452
0.193096548274137,0.3955466599949964,0.5011258443832876,0.5075082407520449,0.9875926539581772,0.5530460261262361
0.5300150075037519,0.3299974981235928,0.4203152364273205,0.2665887646720268,0.5224340303817779,0.5244170430960811
0.449224612306153,0.427820865649237,0.5043782837127847,0.5398294295132288,1.0,0.846279017039608
0.1725862931465733,0.5511633725293972,0.8829121841381037,0.4802989343704763,1.0,0.6304323560702513
0.4954977488744371,0.4901175881911435,0.7525644233174882,0.5006261227479638,0.4941556063275023,0.5005650801402236
0.5947973986993496,0.3545158869151865,0.7448086064548413,1.0,0.3967316043741389,0.4332507804733418
0.6225612806403201,0.1818864148111084,0.4115586690017514,0.2130840469504857,0.6212759649092209,0.5094005615919912
0.7941470735367683,0.2694520890668002,0.7765824368276208,0.5351448453877949,0.3864293562620995,0.4295568306678061
0.8821910955477739,0.3052289216912686,0.5108831623717789,0.2626506444355303,0.0,0.1547883565585922
0.4942471235617808,0.4886164623467602,0.7528146109582188,0.5007778572300609,0.4941852555941189,0.5004726441913598
0.5512756378189094,0.3269952464348262,0.5394045534150614,0.0,0.4486945602316131,0.4761480370441425
0.4952476238119059,0.4898674005504129,0.7528146109582188,0.5006557720145804,0.4942166489352425,0.5005197342030452
0.4302151075537768,0.4310733049787342,0.7202902176632475,0.3947625442558906,1.0,0.5773095906657132
0.5157578789394697,0.2224168126094571,0.446084563422567,0.2118178488585032,0.6534314665922528,0.4026684339955003
0.6208104052026012,0.3472604453340006,0.5856892669502127,0.0,0.2259640371836685,0.3884908523292115
0.256128064032016,0.4130597948461347,0.5251438578934201,0.4786054380243124,0.5839789315799571,0.3326525629174878
0.8121560780390193,0.3642732049036778,0.4608456342256693,0.1414671154751731,0.1448837574341175,0.4305335123916494
0.2993996998499249,0.4713535151363524,0.610457843382537,0.5682752847201632,0.0,0.4730348640493922
0.5877938969484742,0.2426820115086316,0.5366524893670254,0.651889704728186,0.3799448872455832,0.5472783717320404
0.5657828914457228,0.0853139854891169,0.4188141105829372,0.2317944782601113,0.8050299108777927,0.4678915883286534
0.5520260130065032,0.3847885914435828,0.8959219414560922,0.5752969286847934,0.9973141252594312,0.5395870031567749
0.2741370685342671,0.4570928196147111,0.6552414310733051,0.5571515775153915,0.0020301027259884,0.4440082320316724
0.5455227613806903,0.4533400050037529,0.6217162872154116,0.0,0.6268761881507579,0.6838446378429286
0.5570285142571285,0.451088316237178,0.8193645233925445,0.8444948288190871,0.4591781920923662,0.5111097546087169
0.372936468234117,0.4590943207405555,0.5253940455341507,0.3834243158867747,1.0,0.6979611769014772
0.4672336168084041,0.3297473104828622,0.6109582186639981,0.0,0.569665312102133,0.5275755620280098
0.4949974987493746,0.4898674005504129,0.7525644233174882,0.5006714686851422,0.4942619948724209,0.5004883408619216
0.4952476238119059,0.4901175881911435,0.7530647985989494,0.5006714686851422,0.4941399096569405,0.5005040375324834
0.1183091545772886,0.4681010758068553,0.71228421315987,0.1466696897291452,1.0,0.5437971990163419
0.6813406703351674,0.3787840880660497,0.503127345509132,0.2809948200987146,0.9906447843451872,0.8891623210143538
0.6765882941470734,0.2474355766825119,0.6622466850137605,0.5576538709733679,0.4419170866979437,0.4341803721854997
0.4954977488744371,0.4896172129096824,0.7530647985989494,0.500838899837801,0.4940945637197621,0.5005040375324834
0.5985492746373186,0.464348261195897,0.7803352514385791,0.0,0.5480562289621013,0.5444547151054293
0.5982991495747874,0.2494370778083564,0.3550162621966475,0.9701187714739176,0.5837347611489963,0.4990843608838969
0.5347673836918458,0.432824618463848,0.6830122591943959,0.4632680468109598,0.5924185081186668,0.4915307741946736
0.4044522261130565,0.1943957968476358,0.42006504878659,0.2536477318311038,0.6135845963339553,0.5884350419449919
0.4954977488744371,0.4901175881911435,0.7528146109582188,0.5006261227479638,0.4942323456058042,0.5005807768107854
0.4942471235617808,0.4883662747060296,0.7528146109582188,0.500610426077402,0.4942166489352425,0.5005040375324834
0.5480240120060029,0.464348261195897,0.7968476357267953,0.2790711059176448,0.42067600327886,0.4978181627919145
0.4507253626813406,0.3660245183887917,0.2591943957968476,0.2462162303573609,0.6005825208852922,0.5765631267767759
0.352176088044022,0.5111333500125095,0.5561671253440081,0.4929487067687532,1.0,0.4350820587055479
0.4954977488744371,0.4901175881911435,0.7525644233174882,0.500687165355704,0.4941399096569405,0.5005650801402236
0.1075537768884442,0.4833625218914187,0.5236427320490369,0.4235432617681427,0.0,0.5359087500218009
0.4954977488744371,0.4901175881911435,0.7528146109582188,0.5005947294068402,0.4942166489352425,0.5005493834696618
0.4867433716858428,0.4673505128846636,0.5749311983987992,0.9086802588206568,0.0,0.4767427664509828
0.4762381190595297,0.2324243182386791,0.2226670002501876,1.0,0.6147757992221428,0.4726372150618274
0.4952476238119059,0.4901175881911435,0.7525644233174882,0.5006261227479638,0.4942166489352425,0.5005493834696618
0.5580290145072535,0.4323242431823869,0.8053540155116339,0.042408915708879,0.4871810523745574,0.5412804995029388
0.1895947973986993,0.4098073555166376,0.534650988241181,0.4383626628529571,0.0540070111795176,0.6565428955124963
0.4944972486243121,0.4886164623467602,0.7530647985989494,0.5007168146223206,0.4942166489352425,0.5005493834696618
0.8219109554777387,0.3665248936702527,0.5379034275706781,0.5948445157577131,0.8970978600205801,0.661762910511537
0.4954977488744371,0.4901175881911435,0.7528146109582188,0.5007168146223206,0.494171302998064,0.5005040375324834
0.0692846423211606,0.2929697272954717,0.6172129096822618,0.4009888902453913,1.0,0.5955613303800338
0.4962481240620309,0.4928696522391795,0.7528146109582188,0.5006418194185256,0.4941556063275023,0.4999686066588765
0.184592296148074,0.4425819364523394,0.6792594445834377,0.4438721942201371,1.0,0.4869979245513368
0.4952476238119059,0.4898674005504129,0.7523142356767576,0.5006261227479638,0.4941852555941189,0.5005040375324834
0.2283641820910454,0.3657743307480611,0.5011258443832876,0.5407921586410172,0.9947660324049044,0.4462982018591834
0.5065032516258129,0.4841130848136103,0.7525644233174882,0.5013586340408462,0.4948113783420828,0.5287214189790188
0.6453226613306653,0.3680260195146361,0.6109582186639981,1.0,0.2942410659783386,0.4005005493834697
0.4992496248124061,0.1456092069051789,0.8056042031523645,1.0,0.3372604077646197,0.4034759404921778
0.6418209104552275,0.1521140855641732,0.4023017262947211,0.3773654010499329,0.4080087901355146,0.5323682787728692
0.4944972486243121,0.4881160870652991,0.7530647985989494,0.5006418194185256,0.4942166489352425,0.5004569475207981
0.810905452726363,0.5401551163372531,0.3279959969977484,0.5673753422746219,1.0,1.0
0.3556778389194597,0.5834375781836378,0.7785839379534653,0.4014772311073129,0.0,0.1392992308631425
0.6898449224612305,0.2206654991243433,0.2827120340255192,0.6732075274255716,0.3546261576294539,0.5848492247588817
0.4902451225612806,0.4883662747060296,0.7538153615211409,0.5010830702687619,0.4930411427176169,0.537968502014406
0.5590295147573786,0.304978734050538,0.4608456342256693,0.5204492735929679,0.3645307567539285,0.7216614053752376
0.4942471235617808,0.4883662747060296,0.7525644233174882,0.5006714686851422,0.4942776915429827,0.5004726441913598
0.5145072536268134,0.394045534150613,0.4085564173129848,0.000151734482097,0.0,0.2326333780979123
0.6625812906453226,0.3772829622216663,0.7988491368526396,1.0,0.2282540070111795,0.2846870258297435
0.4952476238119059,0.4898674005504129,0.7530647985989494,0.5005807768107854,0.4941852555941189,0.5005807768107854
0.6313156578289144,0.4033024768576433,0.7553164873655243,1.0,0.3082041264802833,0.4931632279330973
0.7476238119059528,0.182136602451839,0.4761070803102327,0.0022271831452639,0.5057833510647575,0.4431082895861311
0.5355177588794396,0.4445834375781837,0.4288216162121592,0.0,0.5580968658981111,0.448326560510665
0.8439219609804902,0.3382536902677009,0.6267200400300226,0.513474719640023,0.686347384760277,0.5997750143886147
0.376688344172086,0.5156367275456594,0.6049537152864649,0.6333170553046026,0.0,0.2893873066257391
0.2056028014007003,0.4736052039029273,0.6112084063047286,0.4505240943893123,0.0001831278232206,0.2770410031916563
0.4949974987493746,0.4898674005504129,0.7530647985989494,0.5006557720145804,0.4941852555941189,0.5005040375324834
0.606553276638319,0.2404303227420566,0.3890417813360021,0.0540680537872578,0.6542703664300539,0.3867956119085407
0.5592796398199099,0.464348261195897,0.7010257693269953,0.0633168808971519,0.5358930533512392,0.551291487172332
0.5217608804402201,0.5048786589942458,0.1843882912184138,0.0013429373702844,0.3884298097214713,0.2890210509792978
0.4924962481240619,0.4523392544408307,0.8328746559919942,0.0,0.4667614280482062,0.5677119486544465
0.1503251625812906,0.3995496622466851,0.5449086815111335,0.4562167535797129,0.4439018434867537,0.3956467900308701
0.7043521760880439,0.4263197398048537,0.7733299974981237,0.3937701658614856,0.9798716361162948,0.3738702757381795
0.5840420210105052,0.4350763072304229,0.7485614210657995,0.5280639028899314,0.4651743202469609,0.4514100842387987
0.6378189094547273,0.5926945208906681,0.8929196897673256,0.1723843242583323,0.5435844219265047,0.284259727575562
0.4939969984992495,0.4888666499874907,0.7528146109582188,0.5007778572300609,0.494171302998064,0.5005807768107854
0.4952476238119059,0.4898674005504129,0.7528146109582188,0.500610426077402,0.4941852555941189,0.5005336867991
0.5620310155077538,0.4956217162872155,0.7993495121341008,0.9828923731621816,0.6549418351151961,0.4859445035491916
0.5397698849424711,0.312734550913185,0.3925444083062297,0.9465266756195824,0.8733051955979559,0.4902331827615676
0.6245622811405702,0.378033525143858,0.6032024018013511,0.0,0.6123794408497131,0.5682752847201632
0.4589794897448724,0.5484113084813611,0.7718288716537405,0.5797983849870066,0.0,0.2132218288365279
0.6830915457728863,0.1793845384038029,0.42006504878659,0.4728674328967333,0.3848282958647993,0.6882257530041683
0.3186593296648324,0.3992994746059546,0.1273455091318489,0.0,0.1567574166768404,0.7130840469504858
0.5610305152576287,0.571178383787841,0.7037778333750314,0.9998011755062176,0.591487172332002,0.4761480370441425
0.4952476238119059,0.4896172129096824,0.7528146109582188,0.5006557720145804,0.4942009522646807,0.5004883408619216
0.5130065032516258,0.3750312734550914,0.683512634475857,0.0,0.5487276976472435,0.4898826237856881
0.4952476238119059,0.4901175881911435,0.7525644233174882,0.5007482079634442,0.4942323456058042,0.5005197342030452
0.5045022511255627,0.4686014510883163,0.6137102827120341,0.4778868793274848,0.0,0.4181732563615117
0.4947473736868433,0.4891168376282213,0.7528146109582188,0.5005650801402236,0.4942323456058042,0.5005040375324834
0.523511755877939,0.3064798598949213,0.6409807355516639,0.113462511118475,0.4998011755062176,0.4658004429949247
0.4944972486243121,0.4893670252689518,0.7530647985989494,0.5006714686851422,0.4942009522646807,0.5004429949247432
0.5375187593796897,0.2249186890167626,0.5786840130097575,0.6822889233828069,0.5425466975949212,0.6678828679561191
0.7606303151575787,0.3047285464098074,0.69402051538654,0.6050996738580672,0.001297591433106,0.4635872124457156
0.5200100050025012,0.5183887915936954,0.5991993995496624,0.3631110801053421,0.7717616896593822,0.5200062786682247
0.4954977488744371,0.4898674005504129,0.7525644233174882,0.500610426077402,0.4941556063275023,0.5004883408619216
0.4952476238119059,0.4901175881911435,0.7533149862396799,0.5005947294068402,0.4942166489352425,0.5004569475207981
0.1528264132066033,0.4053039779834877,0.5929447085313987,0.5540994471283813,0.0,0.4144479132148525
0.1830915457728864,0.4488366274706031,0.5701776332249188,0.4487399061687915,0.0203725343146659,0.3620123131660184
0.727863931965983,0.4588441330998249,0.6517388041030774,0.3500479620489387,0.9991907494288156,0.8523693252175732
0.228864432216108,0.4888666499874907,0.6497373029772331,0.5942340896803111,1.0,0.7304201475487033
0.4954977488744371,0.4896172129096824,0.7528146109582188,0.5006714686851422,0.4941242129863787,0.5005493834696618
0.4954977488744371,0.4901175881911435,0.7530647985989494,0.5006261227479638,0.4941556063275023,0.5005947294068402
0.5215107553776888,0.2436827620715537,0.2569427070302728,0.2139246908627937,0.6377888623401992,0.5409909831347995
0.6008004002001,0.4358268701526145,0.7378033525143859,1.0,0.5328705722308457,0.4984128921987547
0.5442721360680339,0.4711033274956218,0.7345509131848887,0.4462668085180599,0.8420374278389173,0.6248931754364546
0.6123061530765382,0.291718789091819,0.4991243432574431,0.0,0.2748591659835708,0.575174843469313
0.5897948974487243,0.4638478859144359,0.6602451838879161,1.0,0.5074315014737429,0.6522402637040654
0.5072536268134067,0.5556667500625471,0.4843632724543408,0.2974449308474458,0.0,0.0
0.4944972486243121,0.4886164623467602,0.7530647985989494,0.5006418194185256,0.4942462982018591,0.5004883408619216
0.3344172086043021,0.4568426319739806,0.482611958969227,0.6464412159687462,0.0,0.4300451715297277
0.4949974987493746,0.4901175881911435,0.7533149862396799,0.5006557720145804,0.4942166489352425,0.5004429949247432
0.1585792896448224,0.3717788341255943,0.7212909682261698,0.3651725761724541,1.0,0.6709193016725674
0.7798899449724861,0.3172379284463348,0.8098573930447838,0.5400125573364494,0.0,0.4587195004970612
0.5435217608804401,0.464348261195897,0.7498123592694522,0.0,0.629914365941713,0.6103650347942864
0.5225112556278139,0.4635976982737054,0.683512634475857,1.0,0.533069396724628,0.4427577306102517
0.4949974987493746,0.4901175881911435,0.7530647985989494,0.5006714686851422,0.4942323456058042,0.5004429949247432
0.749624812406203,0.1423567675756819,0.5846885163872906,0.4476550918255227,0.6967560214172349,0.4975582956903919
0.5850425212606303,0.2231673755316488,0.6347260445334002,0.9892565010377244,0.3851021155623768,0.5264000558103842
0.5402701350675337,0.5666750062546911,0.4375781836377284,1.0,0.8340408462249507,0.5636063972652912
0.4954977488744371,0.4898674005504129,0.7523142356767576,0.5005947294068402,0.4941556063275023,0.5005040375324834
0.6873436718359178,0.2664498373780336,0.628721541155867,0.0,0.2114062472748836,0.487364180197778
0.4949974987493746,0.4893670252689518,0.7528146109582188,0.5007778572300609,0.4940945637197621,0.5005336867991
0.5082541270635317,0.6735051288466352,0.5386539904928698,0.3242583323159566,1.0,0.2698850654899977
0.689344672336168,0.4260695521641232,0.4640980735551664,0.4136700559847917,1.0,0.8374435355878402
0.4944972486243121,0.4891168376282213,0.7525644233174882,0.500687165355704,0.4942462982018591,0.5004116015836196
0.4954977488744371,0.490367775831874,0.7525644233174882,0.5007168146223206,0.4942009522646807,0.5005040375324834
0.5835417708854427,0.2994746059544659,0.5103827870903178,0.0,0.4435966304480527,0.3744196592078413
0.5552776388194096,0.2506880160120091,0.4243182386790093,1.0,0.3829202783542913,0.5811099290161675
0.5247623811905953,0.6217162872154117,0.7548161120840631,0.074487678113609,1.0,0.7958578230462006
0.4942471235617808,0.4888666499874907,0.7525644233174882,0.5007325112928824,0.4942166489352425,0.5004883408619216
0.1465732866433216,0.5048786589942458,0.7470602952214161,0.3592810924882711,0.0682002895163682,0.5052950102028358
0.017008504252126,0.4125594195646736,0.652489367025269,0.7375778293248687,1.0,0.7632924638540559
0.9349674837418708,0.4153114836127096,0.6122091568676509,0.6620977728168547,0.0013429373702844,0.1742766450982786
0.4349674837418709,0.4778583937953466,0.4798598949211909,0.4559568864781903,1.0,0.47642185674172
0.5882941470735367,0.4896172129096824,0.6662496872654492,0.4362558208486666,1.0,0.5752812320142316
0.2988994497248624,0.5834375781836378,0.6164623467600702,0.772769764724349,1.0,0.6360325793117882
0.4944972486243121,0.4888666499874907,0.7528146109582188,0.5006418194185256,0.494171302998064,0.5005040375324834
0.1680840420210105,0.4603452589442083,0.6109582186639981,0.6999912796274657,1.0,0.5846660969356611
0.5705352676338168,0.4883662747060296,0.7963472604453341,0.9749882274970788,0.4193330659085756,0.6072065158623576
0.450225112556278,0.5434075556667501,0.6797598198648988,0.5727017458185814,0.0,0.1894919510961508
0.4942471235617808,0.4883662747060296,0.7525644233174882,0.5006714686851422,0.4941852555941189,0.5005807768107854
0.5657828914457228,0.1683762822116588,0.5426569927445585,0.0,0.6195528192964403,0.4177145647662068
0.4062031015507753,0.5496622466850138,0.4746059544658494,0.0006557720145804,1.0,0.7841690357012052
0.4944972486243121,0.4896172129096824,0.7525644233174882,0.5006714686851422,0.4942166489352425,0.5004569475207981
0.4949974987493746,0.4893670252689518,0.7528146109582188,0.5006557720145804,0.494171302998064,0.5005040375324834
0.4269634817408704,0.6254691018263699,0.5624218163622718,0.6960374627204073,0.0,0.1473568550848492
0.1630815407703851,0.370277708281211,0.5006254691018265,0.5730680014650226,0.7748905593246944,0.4757503880565777
0.4974987493746873,0.581686264698524,0.5113835376532401,1.0,0.6847602769590317,0.597607129776584
0.4952476238119059,0.4898674005504129,0.7530647985989494,0.5005650801402236,0.494171302998064,0.5004569475207981
0.6325662831415707,0.2674505879409558,0.5381536152114087,1.0,0.3655231351483335,0.577707239653278
0.556528264132066,0.3877908431323493,0.6990242682011509,0.0,0.4383312695118335,0.5059507822174163
0.5425212606303151,0.3470102576932701,0.5176382286715037,0.0,0.5976228264471458,0.3851788548406788
0.4949974987493746,0.4898674005504129,0.7525644233174882,0.5004569475207981,0.4943230374801611,0.5004883408619216
0.5112556278139069,0.451088316237178,0.717287965974481,0.4205068280516943,0.5429426025079791,0.5780734952997192
0.4947473736868433,0.4883662747060296,0.7518138603952966,0.5007778572300609,0.4942776915429827,0.5004726441913598
0.5307653826913457,0.4570928196147111,0.6214660995746811,0.3691089523344437,0.0,0.175314369429862
0.5090045022511255,0.4966224668501377,0.6950212659494622,1.0,0.2909604618309294,0.3384202173116836
0.6423211605802901,0.2421816362271704,0.3775331498623969,0.5307497776305004,0.390749428815599,0.4527076756719047
0.4949974987493746,0.4898674005504129,0.7530647985989494,0.5006714686851422,0.4941242129863787,0.5005336867991
0.4954977488744371,0.4901175881911435,0.7530647985989494,0.500610426077402,0.4941852555941189,0.5005493834696618
0.1630815407703851,0.3164873655241432,0.7010257693269953,0.4835498892512688,0.9546453424490294,0.7318241275267279
0.6000500250125061,0.4635976982737054,0.7443082311733802,1.0,0.5278511258000942,0.4869368819435966
0.4947473736868433,0.4886164623467602,0.7525644233174882,0.5007168146223206,0.4941399096569405,0.5004726441913598
0.4899949974987493,0.5113835376532401,0.7548161120840631,0.5016324537384237,0.4945672079111219,0.5433402514955439
0.6298149074537268,0.2864648486364775,0.668001000750563,0.5816436158152676,0.7729058025358844,0.568062507630326
0.3166583291645822,0.3827870903177384,0.461596197147861,0.47840661353053,0.7788879780944242,0.3691699949421839
0.5005002501250625,0.5619214410808108,0.664748561421066,0.7014719988837923,0.0,0.1804715977466557
0.4507253626813406,0.3595196397297974,0.5491618714035528,1.0,0.0034183860334513,0.6992884176012
0.2701350675337668,0.4986239679759821,0.5426569927445585,0.4641226433193226,0.0,0.2751190330850934
0.3244122061030515,0.5091318488866652,0.3412559419564674,0.625625686729337,1.0,0.9978338594624764
0.4959979989994997,0.490367775831874,0.7530647985989494,0.5006418194185256,0.4942166489352425,0.5006261227479638
0.5595297648824411,0.3662747060295223,0.738804103077308,0.9768805483370248,0.3927481382004639,0.518145351169402
0.6025512756378189,0.6144608456342258,0.5331498623967977,0.2000819715018225,1.0,0.7507176866595741
0.06128064032016,0.4868651488616464,0.6529897423067301,0.6134939044595985,1.0,0.7228369115928632
0.4952476238119059,0.4901175881911435,0.7528146109582188,0.5006714686851422,0.494171302998064,0.5004726441913598
0.3149074537268634,0.4698523892919691,0.6654991243432575,0.3011388806529815,1.0,0.6920557406212393
0.5392696348174086,0.1888916687515637,0.3560170127595697,0.9516385579991976,0.4214085145717425,0.5690705826952928
0.5395197598799399,0.3852889667250438,0.6872654490868152,1.0,0.7939358529396375,0.3446308666306225
0.4964982491245622,0.4908681511133351,0.7535651738804104,0.5006714686851422,0.4943997767584631,0.5005197342030452
0.6080540270135066,0.4465849387040281,0.7608206154615963,1.0,0.6158588694909046,0.1919179587351971
0.4547273636818408,0.5288966725043784,0.7037778333750314,0.3111655649929364,0.0,0.0779514100842387
0.4952476238119059,0.4896172129096824,0.7525644233174882,0.5006557720145804,0.4942009522646807,0.5004272982541814
0.1720860430215107,0.4681010758068553,0.4635976982737053,0.4148159129358006,1.0,0.813118928440623
0.4952476238119059,0.490367775831874,0.7523142356767576,0.5005807768107854,0.4941556063275023,0.5005493834696618
0.4949974987493746,0.4893670252689518,0.7525644233174882,0.5007325112928824,0.4942009522646807,0.5004429949247432
0.4939969984992495,0.4886164623467602,0.7528146109582188,0.500763904634006,0.4942166489352425,0.5005197342030452
0.5445222611305652,0.4468351263447587,0.7345509131848887,0.0,0.6078919371435547,0.6107609397073442
0.2583791895947974,0.4540905679259446,0.5964473355016263,0.463023876379999,0.0656975425990198,0.4403910215044386
0.6875937968984491,0.4691018263697775,0.6472354265699276,0.5482847027225003,1.0,0.6574288853619826
0.4954977488744371,0.4901175881911435,0.7528146109582188,0.5007028620262658,0.4941399096569405,0.5004883408619216
0.1673336668334166,0.427320490367776,0.6442331748811609,0.4046357500392417,1.0,0.6527129078954252
0.5770385192596298,0.4726044533400051,0.5961971478608958,0.610471423339205,0.0,0.3375499241327589
0.546273136568284,0.3572679509632225,0.5061295971978985,0.0,0.2180441948480039,0.1425344890733732
0.4952476238119059,0.4898674005504129,0.7528146109582188,0.5006418194185256,0.4941852555941189,0.5005493834696618
0.5842921460730365,0.271203402551914,0.5849387040280212,0.703943352460017,0.4904320072553499,0.5360151385667196
0.4949974987493746,0.4898674005504129,0.7528146109582188,0.500610426077402,0.4941556063275023,0.5005040375324834
0.4694847423711855,0.4535901926444834,0.7538153615211409,0.0,0.4289167553237874,0.5315886774683014
0.6270635317658828,0.4338253690267702,0.2544408306229673,0.0,0.8271116382091843,0.2430559673509252
0.6683341670835417,0.2919689767325495,0.6117087815861897,1.0,0.3566562603554424,0.4818093028934196
0.6765882941470734,0.3019764823617714,0.6362271703777834,0.5977745609292429,0.0,0.6162565184784694
0.4254627313656828,0.5106329747310484,0.6452339254440832,0.6151106615274604,0.0,0.4028655144147758
0.5660330165082541,0.4458343757818365,0.6937703277458095,2.9649266616693648e-05,0.592479550726407,0.5524669933899576
0.4939969984992495,0.4886164623467602,0.7533149862396799,0.5005947294068402,0.494171302998064,0.5004883408619216
0.5037518759379689,0.5196397297973482,0.7748311233425069,0.0,0.5673910389451837,0.7817569806582136
0.4954977488744371,0.4901175881911435,0.7528146109582188,0.5007778572300609,0.4941852555941189,0.5005493834696618
0.5675337668834417,0.2779584688516388,0.8714035526644985,1.0,0.3020388230985228,0.4577585154437797
0.4944972486243121,0.4888666499874907,0.7525644233174882,0.5006557720145804,0.4942009522646807,0.5005040375324834
0.4952476238119059,0.4896172129096824,0.7528146109582188,0.5006418194185256,0.4942166489352425,0.5005493834696618
0.4952476238119059,0.4901175881911435,0.7530647985989494,0.5006418194185256,0.4942166489352425,0.5004726441913598
0.4952476238119059,0.4901175881911435,0.7533149862396799,0.500610426077402,0.4942009522646807,0.5004569475207981
0.5037518759379689,0.4003002251688767,0.612709532149112,1.0,0.7164727837173204,0.3397474580114062
0.4952476238119059,0.4898674005504129,0.7528146109582188,0.500610426077402,0.4941556063275023,0.5005197342030452
0.4949974987493746,0.4898674005504129,0.7530647985989494,0.5006418194185256,0.4942166489352425,0.5005040375324834
0.2406203101550775,0.4130597948461347,0.5994495871903929,0.572197708286098,0.652118178488585,0.5214416519873729
0.4954977488744371,0.4898674005504129,0.7525644233174882,0.5005807768107854,0.4942009522646807,0.5005336867991
0.6068034017008503,0.2526895171378535,0.1948961721290968,0.74099621535832,0.388459458988088,0.6735598304759579
0.4952476238119059,0.4901175881911435,0.7528146109582188,0.5006418194185256,0.494171302998064,0.5005336867991
0.4982491245622811,0.3267450587940956,0.3329997498123593,1.0,0.4285644522734011,0.4065734168163664
0.7471235617808903,0.3985489116837629,0.4183137353014762,0.6375289952386766,1.0,0.8421281197132742
0.5657828914457228,0.3915436577433075,0.6229672254190644,1.0,0.1875385876484643,0.4545529065001656
0.184592296148074,0.5138854140605456,0.6747560670502878,0.6535675044037881,1.0,0.4927812756160943
0.4952476238119059,0.4898674005504129,0.7525644233174882,0.5006557720145804,0.4942166489352425,0.5005650801402236
0.8926963481740869,0.2609457092819616,0.7835876907680761,0.6242374034218742,0.1272895338088843,0.3378865305125835
0.5067533766883441,0.4555916937703279,0.540155116337253,0.4870432704885152,1.0,0.5930289341960688
0.4867433716858428,0.3810357768326246,0.6817613209907432,0.0,0.5635750039241676,0.4548895128799902
0.4952476238119059,0.4901175881911435,0.7528146109582188,0.500610426077402,0.494108516315817,0.5004726441913598
0.2071035517758879,0.4438328746559921,0.5328996747560671,0.6411915517030887,0.6322339850358407,0.5071419851056037
0.5727863931965982,0.3852889667250438,0.6234676007005255,0.0,0.7833283917888971,0.529392887664161
0.4942471235617808,0.4883662747060296,0.7525644233174882,0.500610426077402,0.4942462982018591,0.5004726441913598
0.6108054027013506,0.4020515386539906,0.5731798849136853,0.0,0.2482602856794042,0.3660411252768718
0.1433216608304152,0.4168126094570929,0.7660745559169378,0.3925336170361198,1.0,0.7813157298079774
0.4949974987493746,0.4901175881911435,0.7525644233174882,0.5006418194185256,0.494171302998064,0.5005493834696618
0.5715357678839419,0.5379034275706781,0.5826870152614462,0.6611838777752586,0.0,0.4588415857125416
0.4952476238119059,0.4898674005504129,0.7523142356767576,0.5006714686851422,0.4942009522646807,0.5005040375324834
0.4952476238119059,0.4898674005504129,0.7530647985989494,0.5006261227479638,0.4942009522646807,0.5005040375324834
0.5045022511255627,0.3144858643982988,0.6877658243682763,0.0,0.4298463470359454,0.4925824511223119
0.1775887943971986,0.4188141105829373,0.5276457343007256,0.4294190487817639,0.9389416955892356,0.5524199033782723
0.4702351175587793,0.5253940455341507,0.7585689266950214,0.0,0.3785409072675584,0.4873955735389015
0.5935467733866933,0.3535151363522643,0.4273204903677759,1.0,0.4156077227619164,0.41617280290214
0.1998499249624812,0.425068801601201,0.5849387040280212,0.5317264593543436,0.996932172942428,0.4576974728360395
0.6148074037018508,0.2669502126594947,0.2972229171878909,1.0,0.6239164937126114,0.5270575718994716
0.4942471235617808,0.4883662747060296,0.7525644233174882,0.500610426077402,0.4941852555941189,0.5004883408619216
0.6615807903951976,0.2511883912934702,0.6017012759569678,0.0461185621849765,0.7354570347245234,0.5808361093185901
0.1360680340170085,0.4618463847885916,0.6522391793845386,0.5698484399253536,1.0,0.5367023039224236
0.5397698849424711,0.4653490117588192,0.852889667250438,0.1492945218619739,0.5115684462040219,0.5511694019568516
0.2841420710355177,0.6742556917688267,0.6927695771828872,0.0602333571690182,0.0,0.187950189232084
0.4952476238119059,0.4896172129096824,0.7530647985989494,0.5006261227479638,0.4942166489352425,0.5004569475207981
0.5632816408204101,0.5676757568176134,0.7528146109582188,0.0,0.5681392469086279,0.5346268552592567
0.3354177088544272,0.4313234926194647,0.641981486114586,0.5162983762666341,0.1691804593892251,0.316948916057694
0.4942471235617808,0.4886164623467602,0.7530647985989494,0.5005650801402236,0.4941399096569405,0.5005040375324834
0.4954977488744371,0.4901175881911435,0.7528146109582188,0.5006557720145804,0.4942323456058042,0.5004883408619216
0.4942471235617808,0.4886164623467602,0.7528146109582188,0.5006261227479638,0.4942166489352425,0.5005197342030452
0.4952476238119059,0.490367775831874,0.7528146109582188,0.5005947294068402,0.4942009522646807,0.5005650801402236
0.4679839919959979,0.5511633725293972,0.7047785839379536,0.4601234804750859,1.0,0.5479498404171826
0.2101050525262631,0.3249937453089818,0.4588441330998249,0.5541447930655597,0.7705094441634547,0.6043532099691299
0.6315657828914456,0.5178884163122343,0.5536652489367027,0.5306433890855817,0.0,0.148364930149816
0.6320660330165082,0.3895421566174632,0.467100325243933,1.0,0.5336955194725919,0.4604443901843487
0.4952476238119059,0.4898674005504129,0.7525644233174882,0.5005807768107854,0.4942009522646807,0.5004883408619216
0.4952476238119059,0.4898674005504129,0.7528146109582188,0.5007028620262658,0.4941242129863787,0.5005336867991
0.1458229114557279,0.4716037027770829,0.5914435826870154,0.6249699147147566,1.0,0.6657760259518286
0.4344672336168083,0.5308981736302228,0.7480610457843384,0.4971153007656487,0.4964891780176849,0.4635122172419206
0.4949974987493746,0.4898674005504129,0.7528146109582188,0.5006557720145804,0.494171302998064,0.5004726441913598
0.5610305152576287,0.2852139104328247,0.5188891668751564,0.0,0.5338176046880723,0.602811448105063
0.1778389194597298,0.2842131598699025,0.4453340005003753,0.5415386225299544,0.4525088511781223,0.4643354204091598
0.4939969984992495,0.4886164623467602,0.7528146109582188,0.5007325112928824,0.4942166489352425,0.5004726441913598
0.2141070535267633,0.4268201150863148,0.4746059544658494,0.6461673962711687,0.5481172715698415,0.5156269075814919
0.597048524262131,0.4218163622717039,0.8243682762071555,0.2573870275738179,0.6456476620681235,0.4627326159373528
0.4952476238119059,0.490367775831874,0.7528146109582188,0.5006557720145804,0.4941852555941189,0.5005493834696618
0.5675337668834417,0.2952214160620466,0.6114585939454592,1.0,0.508805832185151,0.3680572754068054
0.5367683841920959,0.3645233925444084,0.7728296222166626,0.0,0.3943509426722709,0.5465144670980344
0.4939969984992495,0.4891168376282213,0.7530647985989494,0.5005807768107854,0.4942009522646807,0.5004883408619216
0.6905952976488243,0.4088066049537154,0.7580685514135603,0.555198214067705,0.0,0.5043026318084308
0.5275137568784392,0.2586940205153866,0.4550913184888667,1.0,0.4196522315433315,0.4629924830388754
0.7931465732866432,0.317738303727796,0.7490617963472606,0.4987338019080175,0.2818494166070774,0.5240054415124614
0.5615307653826913,0.3027270452839631,0.6484863647735803,1.0,0.2705565341751399,0.4217887228142386
0.2941470735367684,0.3852889667250438,0.4003002251688767,0.6739557353890158,0.8912063763363971,0.7288940823551983
0.204352176088044,0.5266449837378034,0.5356517388041032,0.7289708216335001,1.0,0.6394509653452396
0.530265132566283,0.4478358769076809,0.71228421315987,0.4754155257512601,0.5025027469173483,0.4410642342640877
0.4952476238119059,0.4901175881911435,0.7523142356767576,0.5006714686851422,0.4941852555941189,0.5005650801402236
0.4117058529264632,0.5178884163122343,0.659744808606455,0.6043671625651847,1.0,0.6521024818180232
0.5860430215107553,0.2464348261195897,0.4926194645984489,0.0,0.6062141374679526,0.634126305875787
0.3079039519759879,0.4650988241180886,0.6584938704028023,0.6905593246943509,0.0,0.4042555417967455
0.4952476238119059,0.4898674005504129,0.7530647985989494,0.500610426077402,0.4941852555941189,0.5004429949247432
0.4954977488744371,0.4901175881911435,0.7528146109582188,0.5005947294068402,0.4942009522646807,0.5005493834696618
0.373936968484242,0.5574180635476609,0.4165624218163623,0.7807192563266303,1.0,0.9346390637808046
0.5945472736368184,0.409557167875907,0.7640730547910934,1.0,0.877503182935975,0.5975146938277203
0.360680340170085,0.5431573680260197,0.3945459094320741,0.5227688926870956,1.0,0.8788147269651359
0.7911455727863931,0.4978734050537904,0.3932949712284214,0.4991767968327606,1.0,0.996016533826325
0.6430715357678839,0.4723542656992746,0.8959219414560922,0.0,0.6817848858503235,0.44028463295952
0.4952476238119059,0.4901175881911435,0.7530647985989494,0.5006714686851422,0.494171302998064,0.5004726441913598
0.6035517758879438,0.4588441330998249,0.6755066299724795,1.0,0.6435565167343948,0.4702112074227811
0.7801400700350174,0.283962972229172,0.5889417062797099,0.5961874531279976,0.6024748417252385,0.4357064373790048
0.2293646823411705,0.3957968476357269,0.7060295221416063,0.496170012382929,0.4950712454436053,0.5539616652423391
0.58104052026013,0.179884913685264,0.3985489116837629,0.3949003261419327,0.4797181575596909,0.5448506200184872
0.4952476238119059,0.4901175881911435,0.7528146109582188,0.5005947294068402,0.4942166489352425,0.5005650801402236
0.6348174087043521,0.1048286214660996,0.3109832374280711,0.0001674311526588,0.3573137764445297,0.6723843242583323
0.6048024012006002,0.3790342757067802,0.6492369276957719,0.0014807192563266,0.4475330066100423,0.4882798193138811
0.5237618809404702,0.4861145859394547,0.6654991243432575,0.0,0.3144147757992221,0.5808204126480283
0.5592796398199099,0.4598448836627472,0.8141105829372031,0.9962764009278476,0.371993651568795,0.6002319619094127
0.1448224112056028,0.4020515386539906,0.526895171378534,0.5694961368749673,0.3239234700106388,0.5714808936637773
0.5172586293146573,0.2001501125844384,0.2859644733550163,0.0249664265657428,0.4933777490974414,0.3057920714372918
0.2696348174087043,0.4240680510382788,0.5366524893670254,0.6095261349564853,0.2549139299230863,0.5162983762666341
0.4942471235617808,0.4886164623467602,0.7523142356767576,0.5006261227479638,0.4941399096569405,0.5005197342030452
0.4954977488744371,0.4898674005504129,0.7530647985989494,0.5006261227479638,0.4942009522646807,0.5005336867991
0.4952476238119059,0.4901175881911435,0.7525644233174882,0.5005947294068402,0.4941556063275023,0.5004726441913598
0.4944972486243121,0.4891168376282213,0.7525644233174882,0.5005947294068402,0.4943073408095993,0.5000313933411236
0.3464232116058028,0.5261446084563424,0.5021265949462097,0.815879798384987,1.0,0.8404049741004935
0.5910455227613807,0.3822867150362773,0.6584938704028023,0.0,0.2979489683799292,0.4189964595287511
0.4947473736868433,0.4888666499874907,0.7528146109582188,0.5006418194185256,0.4941852555941189,0.5005197342030452
0.7821410705352675,0.2959719789842383,0.6797598198648988,0.367858450913023,0.0,0.2991698205347332
0.4939969984992495,0.4896172129096824,0.7520640480360272,0.5007028620262658,0.4941556063275023,0.5005336867991
0.4949974987493746,0.4966224668501377,0.7533149862396799,0.5005197342030452,0.4942166489352425,0.4790309922039869
0.5140070035017508,0.4948711533650239,0.8286214660995748,0.6682334269319985,0.0,0.4059176448017859
0.3226613306653326,0.4996247185389043,0.4598448836627471,0.7642220555662138,1.0,0.6081518042450773
0.4952476238119059,0.4901175881911435,0.7530647985989494,0.5006418194185256,0.4942009522646807,0.5004883408619216
0.572536268134067,0.3837878408806606,0.7735801851388543,0.9093360308352372,0.4904006139142264,0.4202783542912953
0.4952476238119059,0.4906179634726046,0.7528146109582188,0.5006261227479638,0.494171302998064,0.5005040375324834
0.5880440220110055,0.4320740555416563,0.6987740805604205,1.0,0.9160350210160978,0.6177354936602891
0.5307653826913457,0.3985489116837629,0.7603202401801352,0.0,0.467846242391475,0.4200498805308963
0.4952476238119059,0.4898674005504129,0.7528146109582188,0.5006557720145804,0.4941556063275023,0.5004883408619216
0.661080540270135,0.5404053039779836,0.8243682762071555,1.0,0.4464499363412805,0.0107121056211521
0.5882941470735367,0.3642732049036778,0.7713284963722793,0.5468196801367354,0.6253361703611978,0.4176849154995901
0.5880440220110055,0.4115586690017514,0.7645734300725546,1.0,0.5434780333815861,0.3675828871409387
0.1250625312656327,0.4403302476857644,0.6297222917187892,0.4850602577742121,0.5855049967734621,0.289769258942742
0.2583791895947974,0.4193144858643984,0.6675006254691019,0.5777979315276348,0.0077070652458273,0.4811988768160176
0.4994997498749374,0.5258944208156119,0.6675006254691019,1.0,0.4546906883862078,0.6314247344646563
0.3511755877938969,0.5258944208156119,0.5859394545909433,0.4950712454436053,0.0,0.1111132427577306
0.6298149074537268,0.4395796847635728,0.7878408806604955,1.0,0.3987756596961822,0.4283063292463854
0.0500250125062531,0.4085564173129848,0.5691768826619966,0.5004272982541814,0.4615135078570556,0.7407363482567975
0.4952476238119059,0.4898674005504129,0.7528146109582188,0.5006714686851422,0.4941242129863787,0.5004726441913598
0.7996498249124562,0.3692769577182888,0.6387290467850889,0.2374400474388265,0.0,0.0301707448942218
0.4952476238119059,0.4898674005504129,0.7525644233174882,0.5006261227479638,0.4941242129863787,0.5005947294068402
0.54152076038019,0.3930447835876909,0.7292969727295473,0.9913319497008912,0.5373737726075658,0.4530425379772224
0.4952476238119059,0.4898674005504129,0.7525644233174882,0.5005807768107854,0.4942166489352425,0.500610426077402
0.4699849924962481,0.4976232174130599,0.7585689266950214,0.0,0.3200010464447041,0.3181383748713745
0.8094047023511755,0.3522641981486115,0.6687515636727547,0.6528349931109056,0.2331217189598339,0.3420984704466575
0.4952476238119059,0.4898674005504129,0.7530647985989494,0.5005650801402236,0.4941556063275023,0.5000453459371784
0.4947473736868433,0.4893670252689518,0.7525644233174882,0.5005493834696618,0.4941556063275023,0.5004883408619216
0.5700350175087543,0.2682011508631474,0.3727795846885164,0.4258489282662155,0.468761881507578,0.5247536494759056
0.7676338169084542,0.3997998498874157,0.5769326995246435,0.5378307201283639,0.7952177477021818,0.575174843469313
0.4942471235617808,0.4886164623467602,0.7528146109582188,0.5005947294068402,0.4942166489352425,0.5002441704309608
0.5690345172586293,0.3865399049286966,0.7623217413059795,0.0,0.3817761654777892,0.4319531890402358
0.6640820410205102,0.3505128846634977,0.8228671503627722,0.4988855363901145,0.5050054938346966,0.4823900797042049
0.4994997498749374,0.4936202151613711,0.7525644233174882,0.5008092505711844,0.4937579573399375,0.5107434989622757
0.1223111555777888,0.4716037027770829,0.5929447085313987,0.4959101452814064,0.0070652458273017,0.4340896803111429
0.4954977488744371,0.490367775831874,0.7525644233174882,0.5005947294068402,0.4942323456058042,0.5005650801402236
0.5695347673836918,0.3890417813360021,0.6092069051788842,0.5807436733697263,0.0,0.5718471493102185
0.5285142571285643,0.4155616712534402,0.7428071053289969,0.0,0.5185569527530216,0.4708530268413066
0.316408204102051,0.519139354515887,0.7943457593194898,0.3929312660236845,1.0,0.665059211329508
0.6313156578289144,0.4673505128846636,0.7002752064048037,1.0,0.5713431117777351,0.3543226886652598
0.4942471235617808,0.4883662747060296,0.7525644233174882,0.5005807768107854,0.4942916441390376,0.5005197342030452
0.5230115057528764,0.3722792094070554,0.80360270202652,0.0,0.5375412037602246,0.4234368732232241
0.5055027513756878,0.4085564173129848,0.6179634726044534,0.0,0.1932295027643581,0.5160699025062351
0.7096048024012005,0.3362521891418565,0.6209657242932201,0.7146554580811693,0.6620977728168547,0.6027504054973228
0.4942471235617808,0.4886164623467602,0.7525644233174882,0.5006714686851422,0.494171302998064,0.5004429949247432
0.5007503751875937,0.484863647735802,0.7583187390542908,0.5708547709158135,0.4939114358965415,0.5131398573347054
0.4952476238119059,0.4898674005504129,0.7528146109582188,0.5007028620262658,0.494171302998064,0.5005807768107854
0.4937468734367183,0.4806104578433827,0.7560670502877159,0.5002145211643442,0.4958177093325427,0.4790013429373703
0.5707853926963481,0.479859894921191,0.7205404053039781,0.989134415822244,0.5638662643668138,0.5239897448418996
0.4954977488744371,0.4901175881911435,0.7525644233174882,0.5006714686851422,0.4941399096569405,0.5006261227479638
0.5482741370685342,0.3695271453590193,0.6922692019014262,1.0,0.4253902366709106,0.4755829569039189
0.1195597798899449,0.4075556667500626,0.8016012009006757,0.40308003557912,1.0,0.6792367929957968
0.4982491245622811,0.4913685263947962,0.7490617963472606,0.5000156966705618,0.4933010098191395,0.5286446797007168
0.4947473736868433,0.4893670252689518,0.7525644233174882,0.5006261227479638,0.4942323456058042,0.5005650801402236
0.4952476238119059,0.4898674005504129,0.7528146109582188,0.5006418194185256,0.4942009522646807,0.5004883408619216
0.4939969984992495,0.4896172129096824,0.7528146109582188,0.5005947294068402,0.4942323456058042,0.5004726441913598
0.4954977488744371,0.490367775831874,0.7530647985989494,0.5006714686851422,0.4942462982018591,0.5004883408619216
0.5015007503751875,0.4936202151613711,0.7518138603952966,0.5005040375324834,0.4939567818337199,0.505204318328479
0.6118059029514756,0.3665248936702527,0.7040280210157619,1.0,0.4255890611646929,0.2425990198301271
0.4329664832416208,0.4313234926194647,0.5944458343757819,0.5881141322357291,1.0,0.2997645499415735
0.1633316658329164,0.3580185138854141,0.605454090567926,0.4240176500340095,1.0,0.6237490625599525
0.3071535767883941,0.614961220915687,0.6847635726795097,0.2871601234804751,0.0,0.2793309730191674
0.4942471235617808,0.4886164623467602,0.7530647985989494,0.5006714686851422,0.4942009522646807,0.5005197342030452
0.4952476238119059,0.4896172129096824,0.7528146109582188,0.5007168146223206,0.4941242129863787,0.5005493834696618
0.4949974987493746,0.4898674005504129,0.7528146109582188,0.5006418194185256,0.4941399096569405,0.5005336867991
0.1000500250125062,0.4153114836127096,0.8406304728546412,0.4384376580567521,1.0,0.7664509827859847
0.5757878939469734,0.5856892669502128,0.9349512134100576,0.3087849032910686,0.711451593212062,0.3976611960862968
0.528264132066033,0.3375031273455092,0.3139854891168376,0.7210666759683974,0.4610548162617507,0.5692223171773898
0.6985992996498248,0.1488616462346761,0.3697773329997499,0.0401817325636151,0.629914365941713,0.4844027416851248
0.4942471235617808,0.4873655241431074,0.7540655491618715,0.501069117672707,0.4940021277708983,0.4940178244414601
0.6530765382691345,0.3760320240180136,0.889917438078559,0.5215794338734151,0.6898268134014685,0.4345780211730645
0.2698849424712356,0.490367775831874,0.707280460345259,0.7088878036869735,0.0,0.6054048868967682
0.4954977488744371,0.4898674005504129,0.7525644233174882,0.5005947294068402,0.4941852555941189,0.5005493834696618
0.0875437718859429,0.3435076307230423,0.6990242682011509,0.7090552348396324,0.8497130997436211,0.6986012522454959
0.528264132066033,0.4243182386790093,0.7373029772329248,0.0381359331670648,0.56874967298603,0.5367929957967804
0.1580790395197598,0.536902677007756,0.7255441581185891,0.3327886007290231,0.0,0.537052862898303
0.5645322661330665,0.4420815611708782,0.7267950963222418,0.6911697507717529,0.5639569562411706,0.6224357744562847
0.4942471235617808,0.4928696522391795,0.7525644233174882,0.5007028620262658,0.4942776915429827,0.4992517920365558
0.7493746873436717,0.3450087565674257,0.7015261446084564,0.6921778258367197,0.026110539442245,0.3480039067268954
0.4954977488744371,0.4901175881911435,0.7528146109582188,0.5006557720145804,0.4942776915429827,0.5004726441913598
0.4617308654327163,0.5143857893420066,0.7463097322992245,0.5001674311526588,0.4934841376423601,0.5214713012539895
0.584792396198099,0.0975731798849137,0.1828871653740306,0.4370493747492893,0.4322723546749917,0.3865828348187035
0.4949974987493746,0.4896172129096824,0.7525644233174882,0.500610426077402,0.4941852555941189,0.500610426077402
0.2116058029014507,0.6092069051788843,0.4946209657242933,0.7701292359209585,1.0,0.8674921952665817
0.5502751375687843,0.2702026519889918,0.5539154365774331,0.4613757259710135,0.3986692711512636,0.5229816697769328
0.4954977488744371,0.4896172129096824,0.7528146109582188,0.5006714686851422,0.4942166489352425,0.5005650801402236
0.5012506253126563,0.43832874655992,0.6639979984988743,1.0,0.6902087657184715,0.4600013952596055
0.1790895447723862,0.4055541656242183,0.7287965974480862,0.3378254879048433,1.0,0.7085825906482724
0.4942471235617808,0.4906179634726046,0.7528146109582188,0.5006261227479638,0.494171302998064,0.5005197342030452
0.6265632816408203,0.4393294971228422,0.9584688516387292,0.7804907825662313,0.5388998378010709,0.7689833789699496
0.5920460230115057,0.4420815611708782,0.7838378784088067,0.7968658981111674,0.4857770723965328,0.4399183773130788
0.3751875937968984,0.5429071803852891,0.568926695021266,0.3786926417496555,1.0,0.3326979088546662
0.4952476238119059,0.4896172129096824,0.7530647985989494,0.5007168146223206,0.4942462982018591,0.5005197342030452
0.1283141570785392,0.3742807105328998,0.5679259444583439,0.4077192737673754,0.3628983030155048,0.5936097110068542
0.5157578789394697,0.4620965724293221,0.7640730547910934,0.5010063309904599,0.4949334635575632,0.532689188482132
0.4104552276138069,0.5766825118839131,0.6639979984988743,0.28563405828697,0.0,7.67392783019849e-05
0.7391195597798899,0.305479109331999,0.6895171378533902,0.5439663742435077,0.0073094162582625,0.4678758916580916
0.1210605302651325,0.3620215161371029,0.5011258443832876,0.3868723511868427,1.0,0.4797792001674311
0.6583291645822911,0.4663497623217414,0.7262947210407807,0.8897117044840155,0.3432129340565429,0.4084046950485724
0.4954977488744371,0.4901175881911435,0.7525644233174882,0.500610426077402,0.4942462982018591,0.5004429949247432
0.5167583791895948,0.4285714285714287,0.8598949211908933,1.0,0.5465301637685962,0.5288121108533756
0.4954977488744371,0.4898674005504129,0.7530647985989494,0.5006714686851422,0.4942009522646807,0.5005493834696618
0.5860430215107553,0.3972979734801102,0.7403052289216914,1.0,0.4125259431082896,0.4911174285365471
0.360680340170085,0.5271453590192646,0.706780085063798,0.7165024329839371,0.0,0.3472556987634512
0.4939969984992495,0.4888666499874907,0.7530647985989494,0.5006261227479638,0.4943230374801611,0.5005040375324834
0.4924962481240619,0.5078809106830124,0.8881661245934452,0.114378150234578,0.3329874252228055,0.5280499502938766
0.5497748874437218,0.4831123342506881,0.7267950963222418,1.0,0.4282435425641383,0.5511833545529065
0.5737868934467233,0.4458343757818365,0.6192144108081061,0.356610914418264,1.0,0.3969443814639761
0.4954977488744371,0.4898674005504129,0.7525644233174882,0.500687165355704,0.4941242129863787,0.5005040375324834
0.4954977488744371,0.4901175881911435,0.7528146109582188,0.5007482079634442,0.4940788670492003,0.5005197342030452
0.1608304152076037,0.4045534150612961,0.6194645984488367,0.4562934928580149,1.0,0.7463976141060746
0.3499249624812406,0.4323242431823869,0.5919439579684764,0.4930568393881787,0.0040288121108533,0.3545808116922755
0.804152076038019,0.323242431823868,0.5419064298223669,0.247588816994262,0.0,0.187249071280325
0.1420710355177588,0.3445083812859646,0.5666750062546911,0.3438687060711233,0.9811081849416609,0.6276400927847637
0.1460730365182591,0.3377533149862398,0.6449837378033526,0.3871775642255437,0.0,0.4830301550482236
0.2503751875937968,0.4495871903927947,0.6755066299724795,0.3187488009487765,1.0,0.7505345588363534
0.4957478739369684,0.4906179634726046,0.7528146109582188,0.5007168146223206,0.4942166489352425,0.5012661980919825
0.4942471235617808,0.4886164623467602,0.7530647985989494,0.5007028620262658,0.494171302998064,0.5004429949247432
0.4952476238119059,0.4898674005504129,0.7528146109582188,0.5006418194185256,0.4942323456058042,0.5004883408619216
0.4949974987493746,0.4896172129096824,0.7530647985989494,0.5006557720145804,0.4942009522646807,0.5004883408619216
0.8144072036018009,0.3512634475856894,0.6062046534901177,0.4091842963531402,0.8169646127282557,0.4500374976018975
0.5560280140070034,0.4363272454340757,0.7850888166124594,0.0001674311526588,0.7127177913040446,0.4457331217189598
0.530265132566283,0.3575181386039531,0.5666750062546911,0.0,0.8035038456842876,0.5279121684078344
0.4274637318659329,0.5313985489116839,0.7895921941456093,0.4615885030608507,0.0,0.2681305265360936
0.4952476238119059,0.4901175881911435,0.7528146109582188,0.5006261227479638,0.4942166489352425,0.5004429949247432
0.6998499249624812,0.3872904678508883,0.7042782086564925,0.5011144636098854,0.0,0.5391283115614699
0.5515257628814406,0.3557668251188393,0.7613209907430574,0.2678253134973926,0.52357814325828,0.5268273540645656
0.4947473736868433,0.4886164623467602,0.7530647985989494,0.500610426077402,0.4942166489352425,0.5004569475207981
0.5322661330665333,0.4050537903427572,0.6707530647985991,0.5670701292359209,0.0,0.2987721715471685
0.4947473736868433,0.4881160870652991,0.7530647985989494,0.500610426077402,0.4942009522646807,0.5005493834696618
0.5247623811905953,0.0853139854891169,0.3102326745058794,0.348187034550116,0.2106283900448227,0.5619129009191273
0.5100050025012506,0.5038779084313236,0.7525644233174882,0.5003209097092628,0.4940631703786385,0.489896576381743
0.4942471235617808,0.4888666499874907,0.7530647985989494,0.5006418194185256,0.4941852555941189,0.5005650801402236
0.4947473736868433,0.4891168376282213,0.7523142356767576,0.5005650801402236,0.494108516315817,0.5005040375324834
0.6863431715857928,0.125093820365274,0.3192394295721792,0.4459615954793589,0.591640650888606,0.5438896349652057
0.5990495247623812,0.2106579934951214,0.1971478608956718,0.1716361162948881,0.6505764166245182,0.536824389137904
0.5162581290645322,0.1428571428571429,0.3172379284463348,0.4885850323525821,0.6199801175506218,0.4220782391823778
0.289144572286143,0.4233174881160871,0.5581686264698524,0.5544500061042608,0.2852364092994053,0.4325479184470761
0.5065032516258129,0.4168126094570929,0.7400550412809608,0.0004272982541814,0.5845283150496189,0.5596700211033016
0.4949974987493746,0.4893670252689518,0.7525644233174882,0.500687165355704,0.4940788670492003,0.5005493834696618
0.4954977488744371,0.4898674005504129,0.7523142356767576,0.5006261227479638,0.4942166489352425,0.5005493834696618
0.7558779389694846,0.3805354015511635,0.7077808356267201,0.6493869578108377,0.2131921795699112,0.4962607042572858
0.4954977488744371,0.4898674005504129,0.7528146109582188,0.500687165355704,0.4942462982018591,0.5004726441913598
0.5367683841920959,0.4478358769076809,0.743807855891919,0.0111254512792787,0.6941922318921464,0.4504334025149554
0.5125062531265632,0.3510132599449588,0.6049537152864649,1.0,0.1926801192946963,0.5087604862479725
0.109304652326163,0.391293470102577,0.6697523142356769,0.3490869769956572,0.9880809948200988,0.6933533320543454
0.1688344172086042,0.4761070803102328,0.5016262196647486,0.6041700821459093,0.0324293213806093,0.5721070164117411
0.74312156078039,0.4133099824868653,0.6284713535151365,0.5173361005982176,0.0,0.2132671747737063
0.6445722861430714,0.3515136352264199,0.7262947210407807,1.0,0.8189633221131206,0.2803686973507508
0.4907453726863431,0.498123592694521,0.6262196647485615,0.555580166384708,0.0,0.6041229921342239
0.1630815407703851,0.5113835376532401,0.6577433074806106,0.5471248931754364,0.0,0.5335891309276732
0.8124062031015507,0.294971228421316,0.8328746559919942,0.6322793309730191,0.4366988157734098,0.4410642342640877
0.4952476238119059,0.4896172129096824,0.7530647985989494,0.5006418194185256,0.4942009522646807,0.5004726441913598
0.0,0.388541406054541,0.722792094070553,0.8256919615605978,1.0,0.7267889844254146
0.4949974987493746,0.4901175881911435,0.7523142356767576,0.5006261227479638,0.4941852555941189,0.5005197342030452
0.4952476238119059,0.4898674005504129,0.7528146109582188,0.5006261227479638,0.4942009522646807,0.5005040375324834
0.493496748374187,0.4883662747060296,0.7533149862396799,0.5005807768107854,0.4942009522646807,0.5005493834696618
0.5467733866933466,0.2326745058794097,0.4385789342006506,0.0,0.8925650103772433,0.2869159530495143
0.1163081540770385,0.4148111083312485,0.4991243432574431,0.4798855887123497,0.0959432826970368,0.4769712402113818
0.5280140070035017,0.4553415061295973,0.7217913435076309,0.0314526396567661,0.5566178907162914,0.5724575753876205
0.6070535267633816,0.3004753565173881,0.3565173880410308,0.9403770689083836,0.3982873188342606,0.6454034916371627
0.493496748374187,0.4881160870652991,0.7533149862396799,0.5006557720145804,0.4942009522646807,0.5005336867991
0.7848924462231115,0.3802852139104329,0.6449837378033526,0.4499450616530338,0.3384359139822454,0.5200830179465267
0.4952476238119059,0.4898674005504129,0.7528146109582188,0.5006557720145804,0.4942166489352425,0.5005336867991
0.5190095047523762,0.4075556667500626,0.7150362772079061,0.0,0.2650016568707815,0.4700280795995605
0.5372686343171585,0.3690267700775582,0.6990242682011509,1.0,0.4043915796082808,0.4995430524792019
0.2021010505252626,0.5446584938704029,0.7930948211158371,0.2835586096238031,1.0,0.55068106109493
0.4949974987493746,0.4896172129096824,0.7528146109582188,0.5006261227479638,0.4942009522646807,0.5005197342030452
0.3884442221110555,0.3890417813360021,0.6845133850387792,0.426351221724192,0.5419659207841359,0.5466051589723913
0.1613306653326663,0.3607705779334502,0.7753314986239681,0.4658771822732267,0.9092453389608804,0.5194115492613844
0.1410705352676338,0.2877157868401302,0.6219664748561422,0.5433716448366674,0.568367720669027,0.6103039921865462
0.6063031515757878,0.3212409306980236,0.3467600700525395,0.7419118544744232,0.3314910092959171,0.6230618972042485
0.6770885442721359,0.1451088316237178,0.5056292219164374,0.5356942288574568,0.5297434466400405,0.5081029701588852
0.4862431215607803,0.3577683262446836,0.6584938704028023,0.0,0.4822522978181628,0.4804820621936969
0.3504252126063031,0.4535901926444834,0.5554165624218165,0.417165181296545,1.0,0.5101173762143119
0.5080040020010005,0.5193895421566176,0.7110332749562173,0.4483126079146101,1.0,0.408741301428397
0.3139069534767383,0.4568426319739806,0.4310733049787341,0.4597415281580829,1.0,0.4142961787327555
0.5485242621310654,0.4793595196397299,0.8774080560420316,1.0,0.4636186057868392,0.549840417182622
0.5090045022511255,0.2937202902176633,0.4733550162621967,0.8709855765038281,0.5316043741388632,0.3356419066222509
0.4942471235617808,0.4883662747060296,0.7525644233174882,0.5006557720145804,0.4941852555941189,0.5004726441913598
0.5125062531265632,0.4255691768826621,0.7758318739054292,0.5576695676439297,0.0,0.3640424158920069
0.4947473736868433,0.4893670252689518,0.7528146109582188,0.5006557720145804,0.494171302998064,0.5004272982541814
0.6063031515757878,0.3560170127595697,0.746059544658494,1.0,0.3412578265343495,0.3340565428955124
0.1455727863931966,0.422316737553165,0.5436577433074807,0.6185447442314735,0.2746306922231718,0.3477754329664963
0.593296648324162,0.372529397047786,0.8566424818613962,0.992582451122312,0.4312660236845318,0.4562324502502747
0.5467733866933466,0.4335751813860397,0.5671753815361522,0.3641348518408707,0.0,0.0475364947590561
0.6553276638319159,0.3512634475856894,0.4338253690267701,0.9274203393968988,0.4972687793222526,0.6785496276400927
0.4954977488744371,0.4898674005504129,0.7525644233174882,0.500687165355704,0.4942166489352425,0.5005040375324834
0.6168084042021009,0.2011508631473605,0.3057292969727296,0.2163350018312782,0.3359628163315137,0.5414025847184192
0.6345672836418208,0.3715286464848637,0.5494120590442833,0.4786193906203673,1.0,0.5962641924062996
0.4947473736868433,0.4891168376282213,0.7525644233174882,0.5006557720145804,0.4941852555941189,0.5004116015836196
0.4954977488744371,0.4901175881911435,0.7525644233174882,0.500610426077402,0.494171302998064,0.5005197342030452
0.524512256128064,0.4143107330497874,0.7065298974230674,0.1780769834487329,0.4497462371592514,0.4657237037166227
0.4944972486243121,0.4898674005504129,0.7520640480360272,0.5006714686851422,0.494108516315817,0.5030835237281337
0.4954977488744371,0.4898674005504129,0.7528146109582188,0.5006418194185256,0.4941242129863787,0.5004726441913598
0.6118059029514756,0.4883662747060296,0.7475606705028772,1.0,0.7145194202696339,0.4304567731133474
0.5635317658829414,0.4838628971728798,0.7848386289717288,0.5580061740237543,0.5329926574463261,0.5457662591345902
0.4944972486243121,0.4883662747060296,0.7528146109582188,0.5007325112928824,0.4942009522646807,0.5004272982541814
0.5592796398199099,0.3870402802101577,0.8368776582436829,0.9953154158745662,0.5008232031672393,0.439445733121719
0.3821910955477738,0.5421566174630975,0.5814360770577934,0.3719640023021783,1.0,0.7433611803896263
0.3764382191095548,0.4766074555916939,0.5966975231423569,0.673711564958055,0.0,0.4389120463226189
0.493496748374187,0.4891168376282213,0.7520640480360272,0.5006714686851422,0.4942462982018591,0.5004569475207981
0.7921460730365182,0.262947210407806,0.6312234175631725,0.5572876153269267,0.4987181052374557,0.4456563824406578
0.4952476238119059,0.490367775831874,0.7528146109582188,0.500687165355704,0.4941556063275023,0.5005493834696618
0.4952476238119059,0.4898674005504129,0.7525644233174882,0.5006418194185256,0.4942323456058042,0.5005197342030452
0.5572786393196598,0.4958719039279461,0.7433074806104579,0.0,0.4828923731621815,0.2802623088058322
0.4942471235617808,0.4888666499874907,0.7530647985989494,0.5005947294068402,0.4942166489352425,0.5004569475207981
0.5322661330665333,0.3805354015511635,0.7890918188641483,0.0345344193103929,0.4893332403160263,0.4229188830946858
0.6475737868934466,0.2654490868151115,0.4763572679509633,0.4898669271151263,0.4080855294138166,0.5714198510560371
0.6050525262631314,0.4243182386790093,0.6897673254941207,0.574716151874008,0.0,0.4569039189354169
0.4954977488744371,0.4901175881911435,0.7528146109582188,0.5007168146223206,0.4942009522646807,0.5005336867991
0.6575787893946973,0.4385789342006506,0.80360270202652,0.5930742801332473,0.0,0.3234194324781555
0.276888444222111,0.5223917938453841,0.6787590693019766,0.6689048956171407,0.0,0.4638017336100598
0.4952476238119059,0.4901175881911435,0.7530647985989494,0.5006714686851422,0.4941852555941189,0.5004272982541814
0.1040520260130065,0.4608456342256694,0.9987490617963476,0.6619460383347576,1.0,0.6734377452604775
0.857928964482241,0.352014010507881,0.6772579434575933,0.4539442244972705,0.0191063362226834,0.3806320526012871
0.4939969984992495,0.487615711783838,0.7533149862396799,0.5007482079634442,0.4942009522646807,0.5005197342030452
0.5482741370685342,0.3735301476107081,0.6122091568676509,0.6621745120951568,0.0,0.6201318520327188
0.1843421710855427,0.4535901926444834,0.7322992244183139,0.3610059821755585,1.0,0.5298184418438355
0.7413706853426713,0.3422566925193896,0.7683262446835127,0.5431414270017615,0.2268029370214695,0.6779078082215673
0.4954977488744371,0.4898674005504129,0.7525644233174882,0.5006714686851422,0.4942009522646807,0.5004569475207981
0.4949974987493746,0.4896172129096824,0.7528146109582188,0.5007482079634442,0.4941852555941189,0.5004726441913598
0.535767883941971,0.4098073555166376,0.6777583187390543,0.303397457139369,0.5262029753911087,0.5317125067582887
0.5487743871935967,0.5974480860645486,0.7075306479859896,0.5203114917069257,1.0,0.6576120131852032
0.1943471735867933,0.4420815611708782,0.7060295221416063,0.5109876693932365,0.997635034968694,0.630219578980414
0.4954977488744371,0.490367775831874,0.7525644233174882,0.5006557720145804,0.4942166489352425,0.5004272982541814
0.6225612806403201,0.5161371028271204,0.573930447835877,0.5989186738057449,0.0,0.2523344437274361
0.4939969984992495,0.4896172129096824,0.7525644233174882,0.5006557720145804,0.4941852555941189,0.5004726441913598
0.4954977488744371,0.4898674005504129,0.7528146109582188,0.5006418194185256,0.4942009522646807,0.5004726441913598
0.7383691845922961,0.3997998498874157,0.5231423567675758,0.5234560580427996,0.938376615449012,0.8372761044351814
0.4949974987493746,0.4898674005504129,0.7530647985989494,0.5006261227479638,0.4942462982018591,0.5005650801402236
0.336168084042021,0.3219914936202153,0.5406554916187142,0.5119033085093395,0.7264977239827686,0.4309904599124474
0.5432716358179089,0.2046534901175882,0.4398298724043033,0.6463644766904442,0.3948392835341926,0.4365470812913127
0.6408204102051025,0.2526895171378535,0.6009507130347762,0.0,0.2715332158989831,0.4561871043130963
0.1180590295147573,0.3700275206404805,0.6297222917187892,0.4936358721244571,0.6832656051066501,0.5663533146136003
0.4952476238119059,0.4898674005504129,0.7528146109582188,0.5005807768107854,0.4941242129863787,0.5005197342030452
0.6180590295147573,0.4310733049787342,0.0900675506629973,0.0,0.5667649161972199,0.4407729738214416
0.4954977488744371,0.4896172129096824,0.7525644233174882,0.5005493834696618,0.4942166489352425,0.5004883408619216
0.5660330165082541,0.4303227420565425,0.1608706529897423,0.0,0.97343076896245,0.5085459650836284
0.4957478739369684,0.4881160870652991,0.751063297473105,0.5005650801402236,0.4942619948724209,0.5005040375324834
0.2751375687843921,0.432824618463848,0.5631723792844634,0.5873676683467918,0.0842544953520414,0.3831644487852521
0.4954977488744371,0.4898674005504129,0.7525644233174882,0.5005493834696618,0.4941556063275023,0.5005493834696618
0.4957478739369684,0.4901175881911435,0.7530647985989494,0.5006714686851422,0.4942166489352425,0.5004726441913598
0.4952476238119059,0.4898674005504129,0.7528146109582188,0.5005650801402236,0.4942009522646807,0.5004883408619216
0.4942471235617808,0.4886164623467602,0.7530647985989494,0.500687165355704,0.4942009522646807,0.5005336867991
0.4952476238119059,0.4898674005504129,0.7530647985989494,0.5006418194185256,0.4941556063275023,0.5005197342030452
0.4959979989994997,0.4513385038779085,0.871153365023768,0.137574341175855,0.5155972583148752,0.5853375656208033
0.668584292146073,0.2344258193645235,0.534650988241181,0.0,0.5547098732057834,0.5975914331060223
0.264632316158079,0.3667750813109833,0.5694270703027271,0.454141304916546,0.248275982349966,0.4515321694542791
0.5672836418209104,0.3800350262697024,0.7007755816862649,1.0,0.3770898372778485,0.3914958927045363
0.4952476238119059,0.490367775831874,0.7525644233174882,0.5006557720145804,0.4941852555941189,0.5005493834696618
0.5942971485742871,0.1653740305228922,0.3937953465098824,0.1570312363744179,0.5263093639360273,0.4843434431518914
0.664832416208104,0.3447585689266951,0.7635726795096324,0.4391719134241414,0.5765474301062141,0.4966426565742888
0.4249624812406202,0.5906930197648238,0.6189642231673756,0.3050752568149711,1.0,0.7641610129584735
0.4814907453726862,0.171628721541156,0.3179884913685264,0.5125294312573033,0.5269354866839911,0.5981565132462459
0.4944972486243121,0.4886164623467602,0.7523142356767576,0.5006261227479638,0.4946439471894239,0.4880199522123585
0.6233116558279139,0.3582687015261447,0.4353264948711534,1.0,0.1535518077332263,0.4991907494288156
0.5572786393196598,0.4736052039029273,0.5311483612709533,0.6443971606467028,1.0,0.9991297068210754
0.4644822411205602,0.5414060545409058,0.6837628221165876,0.5657882344733767,0.0,0.1981600013952596
0.5992996498249124,0.4060545409056794,0.7745809357017766,1.0,0.6370860003139334,0.4375691089523345
0.4954977488744371,0.4898674005504129,0.7528146109582188,0.5006261227479638,0.4941852555941189,0.5005197342030452
0.4952476238119059,0.490367775831874,0.7528146109582188,0.500687165355704,0.4942166489352425,0.5004429949247432
0.4954977488744371,0.4901175881911435,0.7525644233174882,0.5006418194185256,0.4941852555941189,0.5005040375324834
0.4954977488744371,0.4941205904428322,0.7538153615211409,0.5005493834696618,0.4944451226956415,0.4968414810680712
0.4949974987493746,0.4893670252689518,0.7523142356767576,0.5006557720145804,0.4942009522646807,0.5004429949247432
0.6523261630815407,0.4450838128596449,0.5654240680510384,0.2988489108254705,1.0,0.8674311526588416
0.4952476238119059,0.4896172129096824,0.7530647985989494,0.500610426077402,0.4941852555941189,0.5005040375324834
0.5695347673836918,0.5176382286715038,0.8794095571678759,1.0,0.2789961107138497,0.5611036503479429
0.5055027513756878,0.3957968476357269,0.7110332749562173,0.0,0.5038003383504543,0.4184924219962677
0.7188594297148574,0.0803102326745059,0.6832624468351265,0.4736609867973559,0.6494776496851946,0.4080994820098714
0.2913956978489244,0.4320740555416563,0.6124593445083814,0.194070146676666,1.0,0.8656748696304306
0.5445222611305652,0.4115586690017514,0.7235426569927447,0.3396567661370493,0.4912255611559726,0.518145351169402
0.4947473736868433,0.4896172129096824,0.7528146109582188,0.5006418194185256,0.4942166489352425,0.5004569475207981
0.4957478739369684,0.4901175881911435,0.7528146109582188,0.5006557720145804,0.4942009522646807,0.5004726441913598
0.4927463731865932,0.49311983987991,0.7533149862396799,0.5006418194185256,0.494108516315817,0.5004883408619216
0.6625812906453226,0.3405053790342758,0.6617463097322993,0.0,0.638962624483318,0.610242949578806
0.4949974987493746,0.4893670252689518,0.7528146109582188,0.5005336867991,0.4942323456058042,0.5005493834696618
0.4949974987493746,0.4896172129096824,0.7525644233174882,0.5005807768107854,0.4941852555941189,0.5005040375324834
0.4947473736868433,0.490367775831874,0.7528146109582188,0.5007325112928824,0.4944747719622582,0.4940945637197621
0.6575787893946973,0.2259194395796848,0.2274205654240681,0.0,0.726987808919197,0.3367110242949579
0.4952476238119059,0.490367775831874,0.7525644233174882,0.5006557720145804,0.4941399096569405,0.5005493834696618
0.4952476238119059,0.4901175881911435,0.7528146109582188,0.5006714686851422,0.4942462982018591,0.5005040375324834
0.263631815907954,0.519139354515887,0.93595196397298,0.4676788112388161,0.5411741109580201,0.6902087657184715
0.2103551775887944,0.3842882161621217,0.6434826119589694,0.527865078396149,0.3843399550028777,0.357678288016464
0.4014507253626813,0.5576682511883915,0.4348261195896923,0.5398451261837905,1.0,0.999923260721698
0.5057528764382191,0.503627720790593,0.7683262446835127,0.5016481504089855,0.4940492177825836,0.4951619373179622
0.284392196098049,0.4951213410057544,0.7738303727795848,0.5417531436942986,1.0,0.579018783682439
0.4952476238119059,0.4901175881911435,0.7528146109582188,0.5006557720145804,0.4942009522646807,0.5005197342030452
0.8701850925462731,0.2714535901926446,0.2724543407555667,0.5003976489875648,0.5337862113469487,0.5537174948113783
0.4952476238119059,0.4901175881911435,0.7528146109582188,0.500610426077402,0.4942009522646807,0.5005040375324834
0.4952476238119059,0.4898674005504129,0.7523142356767576,0.5007028620262658,0.4942009522646807,0.5005493834696618
0.1333166583291645,0.3865399049286966,0.5371528646484864,0.6238101051676928,0.964473202295202,0.6749481137834208
0.3504252126063031,0.4733550162621968,0.5459094320740556,0.5439960235101243,0.0,0.3934353035561679
0.5387693846923461,0.3872904678508883,0.6915186389792345,0.0836440692746394,0.5420269633918761,0.564842946090657
0.3811905952976487,0.4020515386539906,0.6792594445834377,0.467082337757469,0.4466487608350629,0.5434623367110243
0.4712356178089044,0.3802852139104329,0.683512634475857,0.5379841986849678,0.6026440169524042,0.4623820569614734
0.4829914957478738,0.4455841881411059,0.5386539904928698,0.1016045485463139,0.0,0.2774700455203446
0.7676338169084542,0.3855391543657744,0.7503127345509133,0.5771735528541779,0.0631180564033695,0.5309189528576661
0.4942471235617808,0.4893670252689518,0.7528146109582188,0.500763904634006,0.4941242129863787,0.5004272982541814
0.528264132066033,0.3437578183637729,0.5389041781336003,0.0,0.4807262326246577,0.5935172750579905
0.468984492246123,0.5228921691268452,0.4686014510883163,0.7398677991523798,1.0,0.7556778345570923
0.5745372686343171,0.2214160620465349,0.5976982737052791,0.0,0.312431763084919,0.5354971484381813
0.4942471235617808,0.4891168376282213,0.7523142356767576,0.500610426077402,0.4942009522646807,0.5005197342030452
0.4434717358679339,0.3652739554666,0.743807855891919,0.4433978059542703,0.5281109929016168,0.5651324624587962
0.4904952476238118,0.3870402802101577,0.7738303727795848,1.0,0.6548040532291539,0.5430036451157193
0.5825412706353176,0.5236427320490369,0.6937703277458095,1.0,0.6188342605996128,0.3676439297486789
0.4454727363681841,0.3817863397548162,0.7020265198899176,0.3998133840277657,0.4493503322461936,0.4239862566928859
0.3634317158579289,0.4545909432074057,0.717287965974481,0.4205225247222561,0.7698379754783125,0.6525158274761498
0.4942471235617808,0.4881160870652991,0.7525644233174882,0.500687165355704,0.4942009522646807,0.5004883408619216
0.5742871435717858,0.4535901926444834,0.7097823367525645,1.0,0.6117236688351326,0.4087569980989587
0.5797898949474737,0.3189892419314487,0.6192144108081061,0.0,0.6581456999843034,0.6154612205033398
0.4952476238119059,0.4901175881911435,0.7525644233174882,0.500610426077402,0.4942009522646807,0.5005650801402236
0.58104052026013,0.3877908431323493,0.6947710783087316,0.4001953363447686,0.5017248896872875,0.4721349216038509
0.6048024012006002,0.495371528646485,0.7237928446334753,0.9298166977693288,0.4222020684723651,0.3168111341716518
0.5812906453226613,0.1133350012509382,0.3962972229171879,0.6277621780002441,0.5181906971065804,0.5403945096534524
0.5692846423211605,0.3405053790342758,0.5741806354766076,1.0,0.5246455168564801,0.805457209131974
0.4694847423711855,0.1015761821366025,0.4023017262947211,6.104260774025816e-05,0.4457941643267,0.635729110347594
0.5325162581290644,0.2902176632474357,0.5196397297973481,1.0,0.1888501316776252,0.2965606850724663
0.1448224112056028,0.4861145859394547,0.5896922692019015,0.4589950642691456,0.0,0.5529396375813175
0.657328664332166,0.3837878408806606,0.5444083062296723,0.4781781397701309,0.9701048188778624,0.5678636831365436
0.5305152576288144,0.5696772579434577,0.6900175131348513,1.0,0.4891344158222439,0.3744807018155816
0.8461730865432715,0.3169877408056043,0.571178383787841,0.5327955770270506,0.579386783403387,0.5076006767009087
0.4954977488744371,0.4898674005504129,0.7528146109582188,0.500687165355704,0.4942009522646807,0.5004726441913598
0.5382691345672835,0.4906179634726046,0.665248936702527,0.9211782967368366,0.5687043270488515,0.3482637738284179
0.4947473736868433,0.4886164623467602,0.7528146109582188,0.5005947294068402,0.494171302998064,0.5003976489875648
0.38144072036018,0.5564173129847387,0.3650237678258694,0.4901564434832656,1.0,0.9120689955874914
0.4952476238119059,0.4898674005504129,0.7525644233174882,0.5006714686851422,0.4941852555941189,0.5004883408619216
0.3006503251625813,0.4961220915686766,0.629221916437328,0.0453389608804087,0.0,0.309135462266948
0.477488744372186,0.4373279959969979,0.8623967975981988,0.8494532326420985,1.0,0.4381184924219963
0.461480740370185,0.4963722792094072,0.7600700525394046,0.517686659574097,0.0,0.4807715785618361
0.4952476238119059,0.4898674005504129,0.7528146109582188,0.5007028620262658,0.494171302998064,0.5004883408619216
0.4819909954977488,0.3139854891168377,0.7805854390793097,0.0,0.5170465842300783,0.6245269197900134
0.613056528264132,0.5399049286965225,0.7368026019514637,0.943795454941835,0.5056612658492771,0.4059943840800879
0.5817908954477238,0.409557167875907,0.7060295221416063,1.0,0.8749236967403247,0.3465685334077472
0.4957478739369684,0.4898674005504129,0.7525644233174882,0.5007028620262658,0.4941852555941189,0.5005807768107854
0.597048524262131,0.3922942206654992,0.7453089817363023,0.5736627308718628,0.0,0.495559586305527
0.4954977488744371,0.4901175881911435,0.7528146109582188,0.5007168146223206,0.494171302998064,0.5004569475207981
0.6070535267633816,0.3797848386289718,0.738804103077308,0.2514031079407712,0.1948793972478504,0.5246769101976037
0.4949974987493746,0.4898674005504129,0.7525644233174882,0.5007168146223206,0.494171302998064,0.5004883408619216
0.4994997498749374,0.4003002251688767,0.6687515636727547,0.1147444058810192,0.5746097633290894,0.5357256221985803
0.6320660330165082,0.3690267700775582,0.8133600200150113,0.535983745225596,0.5567085825906483,0.5391579608280865
0.5862931465732866,0.3360020015011259,0.3217413059794847,1.0,0.2827197097860021,0.6893698658806704
0.4959979989994997,0.4290718038528898,0.4395796847635728,1.0,0.8447529518461028,0.6431449151507752
0.4954977488744371,0.490367775831874,0.7530647985989494,0.5006418194185256,0.4942619948724209,0.5004726441913598
0.2898949474737368,0.5514135601701278,0.920440330247686,0.0,0.5342605996128155,0.3055182517397143
0.4942471235617808,0.4891168376282213,0.7525644233174882,0.5005650801402236,0.4941852555941189,0.5005336867991
0.4907453726863431,0.4470853139854892,0.7105328996747562,0.0,0.4662277412491061,0.5257599804663655
0.2468734367183591,0.38353765323993,0.5704278208656494,0.7265448139944538,0.876969496136875,0.4944747719622582
0.3619309654827413,0.4050537903427572,0.4473355016262197,0.5107731482288923,0.2614140956101645,0.3541238641714774
0.6853426713356677,0.4175631723792846,0.4753565173880411,0.3270209463348274,0.0,0.0030207370458866
0.5300150075037519,0.6107080310232675,0.7485614210657995,0.3048014371173936,1.0,0.6685229433001378
0.4942471235617808,0.4883662747060296,0.7528146109582188,0.5006714686851422,0.4942619948724209,0.5005807768107854
0.4944972486243121,0.4888666499874907,0.7528146109582188,0.5005947294068402,0.4941242129863787,0.5005650801402236
0.9152076038019008,0.307730798098574,0.6142106579934952,0.3425868113085791,0.657017283778363,0.5537331914819401
0.5017508754377188,0.4373279959969979,0.5931948961721292,0.0,0.6353314613600293,0.5077524111830057
0.4954977488744371,0.4898674005504129,0.7525644233174882,0.5006261227479638,0.4941399096569405,0.5005493834696618
0.5935467733866933,0.380785589191894,0.9174380785589192,1.0,0.4829377190993599,0.4620471946561557
0.4942471235617808,0.4898674005504129,0.7525644233174882,0.5007482079634442,0.4941556063275023,0.5004726441913598
0.4952476238119059,0.4898674005504129,0.7523142356767576,0.5006261227479638,0.4941242129863787,0.5005197342030452
0.4957478739369684,0.490367775831874,0.7528146109582188,0.5007028620262658,0.4941852555941189,0.5005197342030452
0.5615307653826913,0.1496122091568677,0.3520140105078809,0.8169175227165705,0.5532605472905803,0.2307114079913494
0.4754877438719359,0.4610958218663999,0.743807855891919,0.4995430524792019,0.4985506740847969,0.4137014493259152
0.4954977488744371,0.4898674005504129,0.7528146109582188,0.5005493834696618,0.494171302998064,0.5005040375324834
0.5365182591295647,0.2877157868401302,0.4540905679259445,0.0,0.4983675462615763,0.5773863299440152
0.5385192596298148,0.5466599949962473,0.8248686514886165,0.1883460941451418,0.7192040043950678,0.7683433036259308
0.3674337168584292,0.581686264698524,0.5699274455841883,0.2564103458499747,0.0,0.0094616041997314
0.2536268134067033,0.3892919689767327,0.5649236927695773,0.3396410694664876,0.9822522978181628,0.5246158675898634
0.4954977488744371,0.4901175881911435,0.7528146109582188,0.500610426077402,0.4942166489352425,0.5005040375324834
0.5155077538769384,0.4513385038779085,0.7327995996997749,0.4526152397230409,0.4182796449064304,0.4969478696129898
0.4949974987493746,0.4898674005504129,0.7530647985989494,0.5007028620262658,0.4942462982018591,0.5005040375324834
0.4942471235617808,0.4883662747060296,0.7528146109582188,0.5006418194185256,0.4942166489352425,0.5004429949247432
0.4922461230615307,0.5061295971978985,0.7535651738804104,0.501069117672707,0.4945218619739435,0.5574097005424071
0.5622811405702851,0.4933700275206406,0.3822867150362773,0.3755341228177268,0.0,0.0077681078535675
0.549024512256128,0.4293219914936203,0.8221165874405806,0.7293056839388179,0.4410642342640877,0.4575596909499974
0.4954977488744371,0.4898674005504129,0.7525644233174882,0.5006557720145804,0.494171302998064,0.5005650801402236
0.5185092546273136,0.3930447835876909,0.67575681761321,0.0636674398730313,0.5595165425466976,0.5362593089976804
0.4989994997498749,0.2466850137603203,0.5111333500125095,0.8381307009435444,0.5434012941032841,0.5416764044159966
0.6333166583291645,0.3119839879909933,0.6464848636477359,0.533069396724628,0.6055130195161937,0.4087569980989587
0.4954977488744371,0.490367775831874,0.7528146109582188,0.500610426077402,0.494171302998064,0.5004726441913598
0.4952476238119059,0.4901175881911435,0.7530647985989494,0.5006261227479638,0.4941852555941189,0.5005197342030452
0.4952476238119059,0.4898674005504129,0.7528146109582188,0.5007028620262658,0.4941852555941189,0.5005650801402236
0.4954977488744371,0.4898674005504129,0.7528146109582188,0.5006557720145804,0.494171302998064,0.5005040375324834
0.248624312156078,0.4400800600450339,0.6362271703777834,0.6226189022795053,0.1448227148263774,0.3765718471493102
0.5740370185092546,0.4233174881160871,0.7065298974230674,1.0,0.6290440727627884,0.4011877147391737
0.1873436718359179,0.3880410307730799,0.5201401050788091,0.6787624047299301,0.596996703699182,0.4451994349198598
0.4952476238119059,0.4901175881911435,0.7528146109582188,0.5006418194185256,0.4942166489352425,0.5004883408619216
0.4949974987493746,0.4926194645984489,0.7518138603952966,0.5001674311526588,0.4957427141287476,0.4873484835272162
0.4942471235617808,0.4886164623467602,0.7528146109582188,0.5005197342030452,0.4941556063275023,0.5005197342030452
0.7043521760880439,0.4128096072054041,0.5394045534150614,0.4260006627483126,0.9949177668870014,0.7038509165111534
0.449224612306153,0.4821115836877659,0.7535651738804104,0.4001499904075902,1.0,0.6180110574323735
0.5690345172586293,0.3770327745809358,0.7923442581936453,0.4090622111376598,0.0276523013063118,0.4693112649772398
0.4949974987493746,0.4898674005504129,0.7528146109582188,0.500687165355704,0.4941556063275023,0.5004569475207981
0.0,0.3765323992994747,0.8356267200400302,0.5142682735406456,0.984999215166472,0.5003209097092628
0.3384192096048024,0.5506629972479361,0.7045283962972231,0.2920121387585678,0.0,0.0424856549871811
0.4942471235617808,0.4888666499874907,0.7525644233174882,0.5006557720145804,0.4942323456058042,0.5004569475207981
0.4947473736868433,0.4888666499874907,0.7523142356767576,0.5007325112928824,0.4942323456058042,0.5004726441913598
0.6343171585792896,0.281711283462597,0.4153114836127096,0.0,0.6001866159722343,0.4037968502014406
0.2668834417208604,0.4958719039279461,0.6880160120090069,0.3757015539703856,1.0,0.7115440291609257
0.4952476238119059,0.4901175881911435,0.7530647985989494,0.5006714686851422,0.4942323456058042,0.5005650801402236
0.5475237618809404,0.3782837127845885,0.7533149862396799,0.0,0.5277290405846138,0.2001430141095627
0.4944972486243121,0.4886164623467602,0.7528146109582188,0.5006557720145804,0.4941852555941189,0.5005336867991
0.5942971485742871,0.3642732049036778,0.6847635726795097,1.0,0.4896227566841655,0.4058722988646075
0.6548274137068534,0.3355016262196648,0.7365524143107332,0.5745330240507874,0.0,0.4569492648725953
0.6063031515757878,0.4648486364773581,0.578934200650488,0.3082948183546401,1.0,0.8383295254373266
0.2746373186593296,0.5188891668751565,0.8834125594195648,0.5394335246001709,1.0,0.527865078396149
0.5520260130065032,0.422316737553165,0.7222917187890919,0.0142839702112074,0.527331391597049,0.5644452971030922
0.3084042021010504,0.542406805103828,0.6805103827870904,0.7645429652754765,0.0,0.3949299754085494
0.5225112556278139,0.4468351263447587,0.7160370277708282,0.1231682857491672,0.2698397195528192,0.4463435477963619
0.4957478739369684,0.4898674005504129,0.7530647985989494,0.5006418194185256,0.494171302998064,0.5004883408619216
0.5665332666333166,0.2351763822867151,0.4588441330998249,0.0,0.556342326944207,0.3988977449116626
0.4952476238119059,0.4898674005504129,0.7525644233174882,0.5005040375324834,0.4942462982018591,0.5005807768107854
0.5250125062531265,0.43832874655992,0.5354015511633726,0.2279487939724785,0.0,0.0
0.3899449724862431,0.3955466599949964,0.6875156367275458,0.5422414845562202,0.6784885850323525,0.4750492701048189
0.6043021510755378,0.3532649487115338,0.8038528896672505,0.5015417618640668,0.0432181662800635,0.5336187801942899
0.4509754877438718,0.5016262196647487,0.8011008256192145,0.0014650225857648,0.8157577131695066,0.5610740010813262
0.4947473736868433,0.4881160870652991,0.7535651738804104,0.5006261227479638,0.4942166489352425,0.5005493834696618
0.4677338669334667,0.5221416062046537,0.4573430072554416,0.9063606397265292,1.0,0.7134956485341054
0.7498749374687342,0.5201401050788093,0.5106329747310484,0.4768648516664632,1.0,0.8625320473690636
0.4947473736868433,0.4893670252689518,0.7528146109582188,0.500610426077402,0.494171302998064,0.5005493834696618
0.2433716858429214,0.430072554415812,0.6542406805103829,0.5805308962798891,0.9870432704885151,0.530856166175419
0.312656328164082,0.4373279959969979,0.5891918939204405,0.6221305614175837,0.0,0.3420670771055339
0.4244622311155577,0.3642732049036778,0.7413059794846135,0.449700891222073,0.3230374801611525,0.4422379964072065
0.2536268134067033,0.5541656242181637,0.8126094570928197,0.2646807471615187,1.0,0.6171093709123254
0.2318659329664832,0.3817863397548162,0.5511633725293972,0.5394945672079111,0.6310131328810367,0.4703489893088233
0.4949974987493746,0.4898674005504129,0.7528146109582188,0.500687165355704,0.4941556063275023,0.5004883408619216
0.4942471235617808,0.4881160870652991,0.7525644233174882,0.5005197342030452,0.4943544308212846,0.5003976489875648
0.2753876938469234,0.4550913184888668,0.5126344758568928,0.4723163053525646,0.0081640127666253,0.4943840800879013
0.5240120060030015,0.4958719039279461,0.811358518889167,0.9502659713622964,0.5762265203969513,0.5484992238868445
0.4949974987493746,0.4896172129096824,0.7528146109582188,0.5005807768107854,0.4941242129863787,0.5014039799780247
0.4944972486243121,0.4881160870652991,0.7525644233174882,0.500610426077402,0.4943544308212846,0.4977414235136125
0.5785392696348174,0.4653490117588192,0.8548911683762823,1.0,0.5646755149379982,0.6313479951863543
0.4939969984992495,0.4888666499874907,0.7525644233174882,0.5006261227479638,0.4942619948724209,0.5003976489875648
0.5115057528764382,0.3797848386289718,0.774330748061046,0.0,0.6285557319008668,0.8336745905785095
0.5052526263131565,0.3970477858393796,0.7818363772829624,1.0,0.5018609274988227,0.5371749481137834
0.4954977488744371,0.4901175881911435,0.7528146109582188,0.5006418194185256,0.4941556063275023,0.5005040375324834
0.5365182591295647,0.4683512634475858,0.63922942206655,0.1634878001988245,0.7661457697472835,0.5996529291731343
0.5460230115057528,0.3472604453340006,0.8171128346259696,0.5268587474056892,0.4406055426687828,0.3937858625320474
0.5067533766883441,0.4706029522141607,0.7428071053289969,0.5215637372028533,0.4998622181139578,0.5189999476777648
0.1943471735867933,0.4425819364523394,0.6885163872904679,0.1271360552522804,0.981854648830598,0.5809878438006871
0.545272636318159,0.2554415811858895,0.4535901926444834,0.8914052008301794,0.4411095802012662,0.5803931143938469
0.2036018009004502,0.4235676757568177,0.6827620715536653,0.5249978199068664,0.5261262361128067,0.4471371016969845
0.5115057528764382,0.5001250938203654,0.7468101075806857,0.2000366255646441,0.3173448209707519,0.4103284092296423
0.2993996998499249,0.4313234926194647,0.5546659994996248,0.6570015871078012,0.0188464691211608,0.3865514414775799
0.4942471235617808,0.4891168376282213,0.7528146109582188,0.500763904634006,0.4942166489352425,0.5005336867991
0.4952476238119059,0.4913685263947962,0.7530647985989494,0.5005807768107854,0.4943230374801611,0.4972077367145124
0.5005002501250625,0.505879409557168,0.7455591693770329,0.5004116015836196,0.4939881751748434,0.5412194568951986
0.4947473736868433,0.4891168376282213,0.7528146109582188,0.5006261227479638,0.494171302998064,0.5004272982541814
0.4944972486243121,0.4891168376282213,0.7525644233174882,0.5007935539006226,0.4941556063275023,0.5005336867991
0.1275637818909454,0.4240680510382788,0.652489367025269,0.5026248321328287,0.6869892041788025,0.4623977536320351
0.4942471235617808,0.4886164623467602,0.7528146109582188,0.5006261227479638,0.4942619948724209,0.5004569475207981
0.9469734867433716,0.2969727295471605,1.0000000000000002,0.9884925964037184,0.3228229589968083,0.1183912656748696
0.6565782891445722,0.172129096822617,0.2489367025268952,0.9524321118998204,0.2350454331409038,0.5885117812232938
0.2946473236618309,0.3507630723042283,0.534650988241181,0.3931597397840836,0.6149275337042398,0.5108202382405777
0.4222111055527763,0.4833625218914187,0.7745809357017766,0.4210422589253013,0.0,0.3072588380975635
0.2508754377188594,0.4015511633725295,0.5989492119089318,0.6464255192981845,0.0160385091651115,0.4314334548371906
0.6005502751375688,0.2892169126845135,0.4630973229922442,1.0,0.8313689240804367,0.2912499781990686
0.4697348674337168,0.2129096822616963,0.2659494620965724,0.0,0.398486143328043,0.7103214329316148
0.5447723861930965,0.4858643982987242,0.5544158118588942,0.3007865776025952,0.0,0.0006400753440187
0.5195097548774387,0.4861145859394547,0.8048536402301728,0.0,0.4881420374278389,0.2549906692013883
0.3796898449224612,0.5344008006004505,0.6602451838879161,0.6756806250763032,0.0,0.2597676892756859
0.1473236618309155,0.568426319739805,0.6157117838378785,0.9997244362279156,1.0,0.868468876990425
0.5605302651325662,0.4618463847885916,0.7443082311733802,0.5462249507298952,0.4735999441896157,0.440971798315224
0.553776888444222,0.3690267700775582,0.6922692019014262,1.0,0.4774456284772485,0.3632192127247676
0.493496748374187,0.4893670252689518,0.7535651738804104,0.500610426077402,0.4942462982018591,0.5004726441913598
0.5730365182591295,0.4863647735801852,0.7600700525394046,1.0,0.5853532622913651,0.3574201649894483
0.2233616808404201,0.4368276207155367,0.6224668501376033,0.6202242879815826,0.0041508973263337,0.3568550848492248
0.6305652826413206,0.357017763322492,0.4020515386539905,0.0004726441913598,0.3384498665783002,0.4081605246176116
0.4957478739369684,0.4901175881911435,0.7528146109582188,0.5005947294068402,0.4942462982018591,0.5005197342030452
0.4932466233116557,0.4858643982987242,0.751063297473105,0.5003348623053177,0.4953293684706211,0.4900657516089087
0.4719859929964982,0.3777833375031275,0.8091068301225921,0.0,0.6896890315154263,0.4817482602856794
0.4939969984992495,0.4891168376282213,0.7530647985989494,0.5006714686851422,0.4942166489352425,0.5004726441913598
0.5155077538769384,0.5261446084563424,0.5704278208656494,0.6778171163472103,0.0,0.4028655144147758
0.8284142071035516,0.3855391543657744,0.7730798098573932,0.7124282749359052,0.2414845562202417,0.4797948968379929
0.4944972486243121,0.4893670252689518,0.7525644233174882,0.500610426077402,0.4941556063275023,0.5005650801402236
0.4962481240620309,0.4906179634726046,0.7513134851138354,0.5006557720145804,0.4942462982018591,0.5004569475207981
0.6185592796398198,0.3042281711283463,0.3775331498623969,0.9243978582765056,0.638734150722919,0.478101400491829
0.3109054527263631,0.5674255691768828,0.4568426319739805,0.6685386399706995,1.0,0.7856340582869701
0.5832916458229114,0.3242431823867902,0.5666750062546911,1.0,0.4052461761166437,0.3677363656975426
0.4947473736868433,0.4891168376282213,0.7528146109582188,0.5006418194185256,0.4942166489352425,0.5004429949247432
0.4942471235617808,0.4828621466099576,0.7588191143357519,0.5005336867991,0.4943997767584631,0.5004883408619216
0.4954977488744371,0.4901175881911435,0.7528146109582188,0.5005947294068402,0.494171302998064,0.5005197342030452
0.5715357678839419,0.2764573430072555,0.3832874655991994,0.3389539041107836,0.4337687706018801,0.7358232903709646
0.6660830415207604,0.3512634475856894,0.6782586940205155,0.5289498927394178,0.7055618536023859,0.5056769625198388
0.2833916958479239,0.5231423567675758,0.2576932699524644,0.8370162373336589,1.0,0.8429373702844585
0.6235617808904451,0.2749562171628722,0.5619214410808107,0.9604443901843488,0.6721401538273715,0.322076495107871
0.4704852426213106,0.4731048286214662,0.6760070052539405,0.0,0.5056455691787153,0.3761759422362523
0.4957478739369684,0.490367775831874,0.7525644233174882,0.5006418194185256,0.4942009522646807,0.5007168146223206
0.6265632816408203,0.5116337252939707,0.7090317738303729,1.0,0.4632070042032196,0.4709594153862253
0.8321660830415207,0.2106579934951214,0.7045283962972231,0.5583270837330171,0.0669480440204405,0.2545930202138236
0.5380190095047523,0.3605203902927196,0.5886915186389793,0.0,0.4952997192040044,0.5835969792629541
0.5867933966983491,0.2469352014010509,0.5158869151863898,0.7995517728517362,0.5502834121073652,0.518222090447704
0.4944972486243121,0.4883662747060296,0.7525644233174882,0.5006261227479638,0.4941852555941189,0.5004883408619216
0.4394697348674337,0.3892919689767327,0.1453590192644483,0.991743551284511,0.5196557196923453,0.3110888257146345
0.1620810405202601,0.4215661746309733,0.8053540155116339,0.3042817029143485,1.0,0.5405322915394946
0.4954977488744371,0.4896172129096824,0.7528146109582188,0.500610426077402,0.494171302998064,0.5005650801402236
0.8666833416708353,0.341506129597198,0.5126344758568928,0.5190156443483266,0.6563597676892756,0.6310427821476533
0.6135567783891945,0.3757818363772831,0.5664248186139605,0.4043776270122259,0.9979245513368332,0.4674799867450337
0.5167583791895948,0.3765323992994747,0.6634976232174132,1.0,0.4481591293580061,0.4170727453476812
0.1160580290145072,0.3482611958969228,0.6424818613960471,0.4514554301759771,0.3026178558348013,0.7304515408898268
0.4942471235617808,0.4883662747060296,0.7528146109582188,0.5007028620262658,0.4942009522646807,0.5005197342030452
0.5607803901950975,0.3302476857643233,0.6584938704028023,0.0,0.2006784449831696,0.3799448872455832
0.4942471235617808,0.4891168376282213,0.7523142356767576,0.5007482079634442,0.4941852555941189,0.5005493834696618
0.4952476238119059,0.4898674005504129,0.7530647985989494,0.5005807768107854,0.4941556063275023,0.5006261227479638
0.5292646323161581,0.3362521891418565,0.32874655991994,0.0,0.1754364546453424,0.6616251286254948
0.5055027513756878,0.4863647735801852,0.8011008256192145,0.0913964804576451,0.5407450686293318,0.5527565097580969
0.4932466233116557,0.4888666499874907,0.7525644233174882,0.5006557720145804,0.4941852555941189,0.5005197342030452
0.4947473736868433,0.4891168376282213,0.7525644233174882,0.5006418194185256,0.4942166489352425,0.5005493834696618
0.4954977488744371,0.4901175881911435,0.7528146109582188,0.5007028620262658,0.494171302998064,0.5004883408619216
0.5962981490745372,0.5176382286715038,0.9594696022016512,0.9956049322427054,0.6268168896175245,0.7821703263163402
0.1923461730865432,0.4508381285964474,0.6947710783087316,0.3882920278354291,1.0,0.6861346076704397
0.4957478739369684,0.4901175881911435,0.7528146109582188,0.5005493834696618,0.4941399096569405,0.5004569475207981
0.5510255127563781,0.4898674005504129,0.4988741556167126,0.5853532622913651,1.0,0.8399759317718052
0.2413706853426713,0.417312984738554,0.5023767825869403,0.4547674276645098,0.7829481835464012,0.4111673090674433
0.1960980490245122,0.3147360520390294,0.7105328996747562,0.4713710169698449,0.9618326734918116,0.6114481050630483
0.3184092046023011,0.3977983487615713,0.7490617963472606,0.4850759544447738,1.0,0.6211695763643023
0.5420210105052525,0.5181386039529648,0.612709532149112,0.0,0.500838899837801,0.6430228299352948
0.4937468734367183,0.4891168376282213,0.7528146109582188,0.5007168146223206,0.4941242129863787,0.500381952317003
0.1255627813906953,0.3795346509882413,0.7150362772079061,0.3569004307864032,1.0,0.6099830824772834
0.4514757378689344,0.3074806104578435,0.4963722792094071,0.0,0.5967071873310428,0.5638191743551284
0.193096548274137,0.3980485364023018,0.4886164623467601,0.5430646877234595,0.2580114062472749,0.3516368139246908
0.5920460230115057,0.4325744308231175,0.6715036277207908,1.0,0.8718872630238763,0.5814761846626088
0.5765382691345672,0.3630222667000251,0.6639979984988743,1.0,0.4417200062786682,0.4375534122817727
0.4952476238119059,0.4898674005504129,0.7525644233174882,0.5007168146223206,0.4942166489352425,0.5005197342030452
0.5820410205102551,0.3490117588191144,0.618213660245184,0.4289777979315276,0.9457488183895216,0.5212271308230287
0.4977488744372185,0.4911183387540657,0.751063297473105,0.500610426077402,0.494171302998064,0.5005336867991
0.6340670335167583,0.4153114836127096,0.43832874655992,0.6232293283569074,1.0,0.8624867014318851
0.5310155077538768,0.1523642732049038,0.3407555666750063,0.1317909901110975,0.3638749847393481,0.6210928370860003
0.4944972486243121,0.4893670252689518,0.7530647985989494,0.5006418194185256,0.4942323456058042,0.5005493834696618
0.5517758879439719,0.3907930948211159,0.735551663747811,0.9853044282051728,0.5923871147775432,0.4276941590944765
0.5237618809404702,0.4535901926444834,0.7327995996997749,0.0,0.2773322636343024,0.5172593613199156
0.3181590795397698,0.6367275456592446,0.7948461346009508,0.2661300730767219,0.0,0.4354169210108656
0.6288144072036017,0.4005504128096073,0.3700275206404804,0.4176081762212882,1.0,0.8893454488375743
0.6445722861430714,0.3057292969727296,0.706780085063798,0.0,0.5151699600606938,0.4446797007168146
0.5442721360680339,0.257943457593195,0.7262947210407807,0.9862043706507142,0.5445297103092244,0.411655649929365
0.4952476238119059,0.4898674005504129,0.7523142356767576,0.5006557720145804,0.4942776915429827,0.5005040375324834
0.5525262631315657,0.2566925193895423,0.5951963972979736,1.0,0.4070164117411096,0.4755986535744807
0.4954977488744371,0.4948711533650239,0.7380535401551165,0.5015871078012453,0.4947660324049043,0.5382423217119835
0.4952476238119059,0.4896172129096824,0.7530647985989494,0.5006714686851422,0.4942009522646807,0.5005197342030452
0.6080540270135066,0.2411808856642482,0.4550913184888667,0.7810558627064548,0.4236356977170065,0.5259134590229695
0.4949974987493746,0.4878658994245685,0.7523142356767576,0.5006714686851422,0.494108516315817,0.5004726441913598
0.6390695347673836,0.1235926945208907,0.4678508881661247,0.2939968955473778,0.5747318485445698,0.4378429286499119
0.1278139069534767,0.3600200150112586,0.4625969477107832,0.4329455674346408,0.4420252193173692,0.6913842719360971
0.4954977488744371,0.4898674005504129,0.7528146109582188,0.5005807768107854,0.4942323456058042,0.5005197342030452
0.4952476238119059,0.4898674005504129,0.7528146109582188,0.5006261227479638,0.494171302998064,0.5005040375324834
0.3731865932966483,0.4460845634225671,0.5666750062546911,0.5159635139613165,1.0,0.5728395277046235
0.5520260130065032,0.3264948711533652,0.5006254691018265,0.0,0.4505240943893123,0.4479916982053473
0.4952476238119059,0.4901175881911435,0.7525644233174882,0.5006557720145804,0.4942323456058042,0.5004569475207981
0.4954977488744371,0.4896172129096824,0.7528146109582188,0.5006557720145804,0.4942009522646807,0.5005493834696618
0.4954977488744371,0.4901175881911435,0.7525644233174882,0.5006557720145804,0.4942323456058042,0.5004726441913598
0.4944972486243121,0.4881160870652991,0.7530647985989494,0.500687165355704,0.494171302998064,0.5005650801402236
0.4942471235617808,0.4886164623467602,0.7530647985989494,0.5005947294068402,0.4942166489352425,0.5004883408619216
0.4944972486243121,0.4906179634726046,0.7528146109582188,0.5007028620262658,0.4941399096569405,0.5005807768107854
0.4967483741870935,0.4918689016762573,0.7508131098323744,0.5007778572300609,0.4941399096569405,0.5005040375324834
0.577288644322161,0.3820365273955468,0.6957718288716539,1.0,0.3368784554476167,0.4814587439175402
0.6108054027013506,0.485364023017263,0.6542406805103829,0.688255402270785,0.0,0.2686938626018104
0.4952476238119059,0.4898674005504129,0.7528146109582188,0.500687165355704,0.4942009522646807,0.5005040375324834
0.2778889444722361,0.4090567925944459,0.5886915186389793,0.7445820325444303,0.0,0.3433943178052566
0.5007503751875937,0.338754065549162,0.7578183637728297,0.3327886007290231,0.6016969844951776,0.5510019708041928
0.1345672836418209,0.4763572679509633,0.6257192894671004,0.5497043793710867,1.0,0.7470551301951619
0.4949974987493746,0.4896172129096824,0.7525644233174882,0.500687165355704,0.4942776915429827,0.5005197342030452
0.4954977488744371,0.4898674005504129,0.7530647985989494,0.500610426077402,0.4941852555941189,0.5005040375324834
0.4964982491245622,0.4881160870652991,0.7518138603952966,0.5007028620262658,0.4941556063275023,0.5005197342030452
0.8124062031015507,0.2717037778333751,0.6542406805103829,0.5576538709733679,0.3922301480719256,0.505432792088878
0.599799899949975,0.3417563172379285,0.6147110332749564,1.0,0.8042677503182936,0.7604234612902663
0.4389694847423711,0.4175631723792846,0.7240430322742057,0.5442558906116469,0.5495212515478661,0.5217922109632523
0.4954977488744371,0.4898674005504129,0.7530647985989494,0.5005493834696618,0.4941852555941189,0.5005493834696618
0.5657828914457228,0.3705278959219416,0.6782586940205155,0.0,0.2890681409909831,0.4877914784519594
0.5685342671335667,0.4243182386790093,0.6594946209657244,1.0,0.5654987181052374,0.3874374313270663
0.604552276138069,0.7738303727795849,0.7257943457593197,0.5133386818284877,1.0,0.6668294469539738
0.4752376188094046,0.3650237678258695,0.5148861646234677,1.0,0.0994227113382283,0.3230078308945358
0.7566283141570784,0.3472604453340006,0.7760820615461598,0.390672689537297,0.0,0.2871287301393516
0.4947473736868433,0.4893670252689518,0.7523142356767576,0.5007482079634442,0.4942009522646807,0.5005040375324834
0.8129064532266133,0.3762822116587442,0.782586940205154,0.5427594746847585,0.4121596874618484,0.4138078378708338
0.4952476238119059,0.4898674005504129,0.7525644233174882,0.5007482079634442,0.4941852555941189,0.5005493834696618
0.4804902451225612,0.4350763072304229,0.5561671253440081,0.1280673910389452,0.0,0.1605734516978565
0.5117558779389695,0.2919689767325495,0.3535151363522643,0.9861136787763574,0.3447076059089244,0.4703332926382615
0.5957978989494747,0.4610958218663999,0.2989742306730047,0.6548040532291539,0.0,0.2784763765108046
0.0930465232616308,0.4843632724543409,0.5376532399299475,0.4914226415752481,0.5692990564556918,0.688942567626489
0.4949974987493746,0.4898674005504129,0.7528146109582188,0.500687165355704,0.4942009522646807,0.5005336867991
0.5587793896948473,0.3817863397548162,0.7495621716287216,1.0,0.5331618326734918,0.4606432146781311
0.1445722861430715,0.536902677007756,0.668001000750563,0.5523902541116557,0.0,0.1799832568847341
0.5305152576288144,0.4515886915186391,0.7232924693520142,1.0,0.5734499537820256,0.609250571184401
0.5817908954477238,0.3362521891418565,0.5671753815361522,0.0,0.5602333571690182,0.5896105481626175
0.0647823911955978,0.5961971478608958,0.6014510883162373,0.9815651324624588,1.0,0.7197847812058531
0.4944972486243121,0.4883662747060296,0.7523142356767576,0.5005947294068402,0.4946735964560406,0.4940178244414601
0.674337168584292,0.1928946710032525,0.4953715286464849,1.0,0.2764462737848161,0.5742278110120864
0.117808904452226,0.5151363522641983,0.7007755816862649,0.3514222927603467,0.0,0.5122695641557807
0.5860430215107553,0.3222416812609458,0.5721791343507632,1.0,0.3760992029579504,0.4696618239531193
0.5510255127563781,0.3627720790592945,0.7290467850888167,0.0,0.5384114969391492,0.6016202452168756
0.4952476238119059,0.4901175881911435,0.7525644233174882,0.5006261227479638,0.494171302998064,0.5004726441913598
0.8324162081040519,0.4225669251938955,0.5321491118338755,0.4260320560894362,0.0,0.4058566021940457
0.5345172586293147,0.2574430823117339,0.3297473104828622,0.9818093028934196,0.4612675933515879,0.5781048886408428
0.4212106053026513,0.4508381285964474,0.4961220915686766,0.5848038788217033,1.0,0.4428484224846085
0.5147573786893446,0.4168126094570929,0.8766574931198401,0.0,0.5622634598950067,0.4562481469208365
0.4939969984992495,0.4898674005504129,0.7528146109582188,0.5007028620262658,0.4942323456058042,0.5004726441913598
0.5512756378189094,0.3822867150362773,0.7035276457343008,0.0,0.579156565568481,0.6738493468440971
0.7648824412206102,0.3575181386039531,0.5258944208156118,0.5515042642621693,1.0,0.8035195423548493
0.5870435217608804,0.2957217913435077,0.6277207905929448,0.0433088581544203,0.4508153548319584,0.3782653434954741
0.614057028514257,0.3750312734550914,0.6865148861646235,1.0,0.5398451261837905,0.4792769067094546
0.7601300650325162,0.2576932699524644,0.297723292469352,0.0026091354622669,0.28616774508607,0.6199940701466766
0.4952476238119059,0.4901175881911435,0.7525644233174882,0.5007168146223206,0.4942009522646807,0.5005336867991
0.4942471235617808,0.4883662747060296,0.7525644233174882,0.5007168146223206,0.4942166489352425,0.5005650801402236
0.2461230615307654,0.3817863397548162,0.5744308231173381,0.4172715698414636,0.8297068210753964,0.5933044979681532
0.3641820910455227,0.4303227420565425,0.5176382286715037,0.4337234246647017,1.0,0.9953311125451278
0.5535267633816908,0.3635226419814862,0.4778583937953466,0.0,0.540500898198371,0.4013097999546541
0.6213106553276637,0.247935951963973,0.6887665749311985,0.0197621082372639,0.3610059821755585,0.4446186581090744
0.4387193596798399,0.4298223667750814,0.4928696522391794,0.4880356488829203,1.0,0.8544901198179187
0.493496748374187,0.4868651488616464,0.7545659244433327,0.5005807768107854,0.4942323456058042,0.5004569475207981
0.4952476238119059,0.4898674005504129,0.7530647985989494,0.5006557720145804,0.4941852555941189,0.5005197342030452
0.5095047523761881,0.2231673755316488,0.6289717287965976,0.6398486143328043,0.4994959624675166,0.5549993895739226
0.4954977488744371,0.4898674005504129,0.7528146109582188,0.5007028620262658,0.4942009522646807,0.5005040375324834
0.4667333666833416,0.4831123342506881,0.5481611208406305,0.5926783752201894,1.0,0.661839649789839
0.4732366183091545,0.4348261195896924,0.8053540155116339,0.0,0.4998779147845196,0.5099202957950364
0.2158579289644822,0.383037277958469,0.5486614961220917,0.5490939532936847,0.2014109562760521,0.4233758306154839
0.4967483741870935,0.487615711783838,0.7528146109582188,0.500610426077402,0.4942166489352425,0.5004569475207981
0.4747373686843421,0.4288216162121592,0.78533900425319,0.460032788600729,0.6146537140066624,0.5248443413502625
0.4952476238119059,0.4901175881911435,0.7528146109582188,0.5005947294068402,0.4941556063275023,0.5005040375324834
0.4697348674337168,0.443332499374531,0.6579934951213411,0.0,0.509416258262553,0.5546941765352216
0.4092046023011505,0.3007255441581187,0.5291468601451089,0.0,0.3623785688124596,0.4946439471894239
0.497248624312156,0.4238178633975483,0.9136852639479612,0.8157280639028899,0.4071245443605351,0.5712820691699949
0.5845422711355677,0.2429321991493621,0.3152364273204904,0.7638714965903344,0.3782810401660359,0.5459493869578108
0.4949974987493746,0.4898674005504129,0.7528146109582188,0.5007168146223206,0.494108516315817,0.5005336867991
0.6288144072036017,0.4733550162621968,0.5574180635476609,0.4192406299597119,1.0,0.8086767706716431
0.5820410205102551,0.3797848386289718,0.69402051538654,0.233350192720233,0.4575910842911209,0.5009766817238432
0.5315157578789395,0.4758568926695022,0.5083812859644734,0.4296789158832865,1.0,0.477032282819122
0.14032016008004,0.3757818363772831,0.547410557918439,0.513246245879624,0.611235327973211,0.5358930533512392
0.4954977488744371,0.4898674005504129,0.7528146109582188,0.5006418194185256,0.4941852555941189,0.5005040375324834
0.4952476238119059,0.4898674005504129,0.7528146109582188,0.5006557720145804,0.494108516315817,0.5005040375324834
0.7098549274637318,0.3777833375031275,0.5494120590442833,0.6118143607094895,0.9264890036102342,0.6829603920679491
0.5212606303151576,0.4768576432324244,0.7620715536652491,0.1710710361546645,0.5399218654620925,0.4571934353035561
0.5252626313156578,0.4035526644983739,0.7875906930197649,0.4979402480073949,0.4115039154472679,0.4264122643319322
0.6420710355177588,0.2176632474355768,0.4778583937953466,0.0024730976507316,0.5232275842824006,0.4494270715244955
0.4957478739369684,0.4901175881911435,0.7525644233174882,0.5006714686851422,0.4941556063275023,0.5004569475207981
0.4942471235617808,0.4891168376282213,0.7528146109582188,0.5007168146223206,0.4941556063275023,0.5005040375324834
0.4877438719359679,0.4008006004503379,0.623217413059795,0.5062577393306242,0.6604042764706908,0.531696810087727
0.4609804902451225,0.5273955466599951,0.7528146109582188,0.4816575684113225,0.5048066693409142,0.4863561051328112
0.524512256128064,0.5276457343007257,0.3785339004253191,0.4880809948200987,1.0,0.8830737569108953
0.5600300150075037,0.4015511633725295,0.7037778333750314,0.564384254495352,0.5024120550429915,0.4977571201841743
0.6035517758879438,0.4808606454841132,0.957468101075807,1.0,0.06024905383958,0.3924429251617629
0.4954977488744371,0.4898674005504129,0.7525644233174882,0.5006418194185256,0.4941852555941189,0.5005040375324834
0.364432216108054,0.4505879409557169,0.5476607455591694,0.6038491724366465,0.0154891256954498,0.3705129323124684
0.5342671335667833,0.4075556667500626,0.7032774580935703,0.2553726215183912,0.5224340303817779,0.5022428798158257
0.5165082541270635,0.3755316487365525,0.6522391793845386,0.0,0.4318921464324956,0.6682020335908749
0.4947473736868433,0.4898674005504129,0.7530647985989494,0.5006418194185256,0.4942323456058042,0.5005336867991
0.4952476238119059,0.4898674005504129,0.7525644233174882,0.500610426077402,0.4942009522646807,0.5005493834696618
0.4944972486243121,0.4891168376282213,0.7523142356767576,0.500610426077402,0.4941556063275023,0.5005040375324834
0.4954977488744371,0.4901175881911435,0.7528146109582188,0.5006418194185256,0.4941852555941189,0.5005493834696618
0.549024512256128,0.4831123342506881,0.6389792344258195,0.3879414688595496,1.0,0.97488183895216
0.1293146573286643,0.3910432824618465,0.6062046534901177,0.4859602002197534,0.9878228717930828,0.5566475399829081
0.4927463731865932,0.3532649487115338,0.7340505379034277,0.4224462389033259,0.5558836353489021,0.563163402340548
0.5350175087543771,0.4645984488366276,0.7960970728046035,0.0,0.8542599019830127,0.6042154280830877
0.4952476238119059,0.4898674005504129,0.7525644233174882,0.5006418194185256,0.4942323456058042,0.5004569475207981
0.6100550275137568,0.262947210407806,0.4505879409557168,1.0,0.5891222073006959,0.4681357587596142
0.4954977488744371,0.4898674005504129,0.7525644233174882,0.5006714686851422,0.4942166489352425,0.5005040375324834
0.5805402701350675,0.4608456342256694,0.7353014761070804,0.6480736697071698,0.3722221253291941,0.4110295271814012
0.6240620310155077,0.3997998498874157,0.7850888166124594,0.4171808779671068,0.9670666410869072,0.4724244379719902
0.4954977488744371,0.4898674005504129,0.7528146109582188,0.5006714686851422,0.4942009522646807,0.5005040375324834
0.4952476238119059,0.4898674005504129,0.7528146109582188,0.500687165355704,0.4941852555941189,0.5004569475207981
0.3441720860430215,0.213660245183888,0.7160370277708282,1.0,0.0,0.435844219265047
0.4107053526763381,0.3340005003752815,0.3412559419564674,0.0,0.8435024504246822,0.4965048746882466
0.5715357678839419,0.2301726294721042,0.3452589442081561,0.4243525123393271,0.657474231299161,0.3424036834853585
0.5585292646323161,0.3037277958468852,0.4585939454590944,0.6054659295045084,0.4502659713622966,0.6604496224078693
0.4942471235617808,0.4896172129096824,0.7528146109582188,0.5006261227479638,0.494108516315817,0.5004116015836196
0.4952476238119059,0.490367775831874,0.7533149862396799,0.5005807768107854,0.4942323456058042,0.5004272982541814
0.1815907953976988,0.367525644233175,0.623217413059795,0.4037358075937004,0.7958281737795838,0.546545860439158
0.493496748374187,0.4898674005504129,0.7530647985989494,0.5005947294068402,0.4940631703786385,0.5005197342030452
0.7036018009004501,0.3357518138603954,0.673505128846635,0.4687915307741946,0.0,0.4479463522681689
0.4949974987493746,0.4896172129096824,0.7530647985989494,0.5006261227479638,0.4942166489352425,0.5004726441913598
0.5605302651325662,0.3890417813360021,0.8203652739554668,0.9880042555417968,0.5938678340338699,0.5491079058897396
0.6048024012006002,0.4781085814360772,0.764323242431824,0.408741301428397,0.6013307288487364,0.3456685909622059
0.2111055527763881,0.485364023017263,0.7070302727045286,0.3452255960374627,1.0,0.728986518304062
0.3761880940470234,0.524143107330498,0.503627720790593,0.4262901791164518,0.0,0.2561051328112737
0.4949974987493746,0.4898674005504129,0.7528146109582188,0.500687165355704,0.4941852555941189,0.5004883408619216
0.6455727863931965,0.4635976982737054,0.7543157368026021,0.9078710082494724,0.4923539773619129,0.3507211748085878
0.9144572286143072,0.3347510632974732,0.5991993995496624,0.4495491567399759,0.6596107225700683,0.6155833057188203
0.6150575287643821,0.2414310733049788,0.5551663747810859,1.0,0.3126759335158798,0.6459528751068245
0.4954977488744371,0.4896172129096824,0.7528146109582188,0.5007028620262658,0.4941852555941189,0.5005040375324834
0.5370185092546272,0.3612709532149113,0.5201401050788091,1.0,0.3984564940614263,0.4669916458831121
0.8501750875437717,0.2281711283462598,0.8158618964223168,0.5217154716849504,0.0065158623576399,0.4474423147356855
0.4954977488744371,0.4898674005504129,0.7530647985989494,0.5006418194185256,0.4942462982018591,0.5005947294068402
0.4952476238119059,0.4896172129096824,0.7530647985989494,0.5005807768107854,0.4942166489352425,0.5005650801402236
0.6075537768884441,0.2626970227670754,0.3997998498874156,1.0,0.5894117236688351,0.4792158641017144
0.4944972486243121,0.4886164623467602,0.7525644233174882,0.5006557720145804,0.4943073408095993,0.5005040375324834
0.493496748374187,0.4868651488616464,0.7525644233174882,0.5006714686851422,0.4948881176203847,0.4908139595723529
0.4939969984992495,0.4883662747060296,0.7530647985989494,0.5007168146223206,0.4942009522646807,0.5005336867991
0.4907453726863431,0.4883662747060296,0.7593194896172131,0.4998622181139578,0.4928423182238345,0.5342449029422537
0.6370685342671335,0.4103077307980987,0.6167125344008006,1.0,0.3341472347698694,0.4703786385754399
0.4944972486243121,0.4901175881911435,0.7523142356767576,0.500687165355704,0.4942323456058042,0.5005197342030452
0.4079539769884942,0.3427570678008507,0.6174630973229923,0.2054083750457819,0.507659975234142,0.5401363866264367
0.3954477238619309,0.1658744058043533,0.3985489116837629,0.0029753911087082,0.4029579503636395,0.5985838115004273
0.5607803901950975,0.3802852139104329,0.7543157368026021,0.0,0.4529361494323037,0.5546645272686049
0.3009004502251125,0.516387290467851,0.6344758568926696,0.6481957549226502,0.0,0.3160472295376458
0.4942471235617808,0.4886164623467602,0.7528146109582188,0.5006714686851422,0.4942166489352425,0.5005040375324834
0.4549774887443721,0.2722041531148362,0.4473355016262197,0.9948427716832062,0.4592549313706681,0.456202800983658
0.1785892946473236,0.3209907430572931,0.673505128846635,0.3474091773200551,1.0,0.9167989256501036
0.4729864932466233,0.283962972229172,0.391293470102577,1.0,0.0,0.7529762631459616
0.4954977488744371,0.4898674005504129,0.7528146109582188,0.5005650801402236,0.4942166489352425,0.5005197342030452
0.4952476238119059,0.4896172129096824,0.7525644233174882,0.5007168146223206,0.4942009522646807,0.5005197342030452
0.4954977488744371,0.4901175881911435,0.7530647985989494,0.500610426077402,0.494171302998064,0.5005040375324834
0.4942471235617808,0.4888666499874907,0.7533149862396799,0.5006714686851422,0.4942009522646807,0.5005336867991
0.501000500250125,0.4363272454340757,0.6947710783087316,1.0,0.60740534035614,0.3929609152903012
0.4954977488744371,0.4898674005504129,0.7528146109582188,0.5006418194185256,0.4942776915429827,0.5004883408619216
0.4949974987493746,0.4893670252689518,0.7525644233174882,0.5006714686851422,0.4942009522646807,0.5005040375324834
0.7253626813406703,0.5439079309482113,0.9702276707530648,0.0113225316985542,0.6167588119364459,0.4286568882222649
0.6258129064532265,0.3510132599449588,0.6499874906179636,1.0,0.5331304393323683,0.4805727540680538
0.4952476238119059,0.4898674005504129,0.7525644233174882,0.5006714686851422,0.4942166489352425,0.5005650801402236
0.4669834917458729,0.4793595196397299,0.82186639979985,0.0,0.7483666742243229,0.5998360569963549
0.1538269134567284,0.3770327745809358,0.6252189141856394,0.4516246054031428,0.7010900465667893,0.5215480405322915
0.4952476238119059,0.4898674005504129,0.7528146109582188,0.5006557720145804,0.494171302998064,0.5004883408619216
0.4909954977488744,0.203152364273205,0.3410057543157369,0.5005807768107854,0.3746795263093639,0.5967368365976594
0.9489744872436215,0.3202401801351014,0.5991993995496624,0.4364999912796274,0.0450197952456529,0.4232537454000035
0.4954977488744371,0.4898674005504129,0.7525644233174882,0.5005336867991,0.494108516315817,0.5005650801402236
0.5065032516258129,0.3937953465098825,0.6062046534901177,0.0,0.454446517955247,0.372680816924499
0.3009004502251125,0.4375781836377284,0.6617463097322993,0.343821616059438,1.0,0.5845440117201807
0.4819909954977488,0.47485614210658,0.5669251938954216,0.5135357622477632,1.0,0.624481573852835
0.8771885942971485,0.2641981486114587,0.6687515636727547,0.4992221427699391,0.6265866717826185,0.533222875281232
0.8726863431715857,0.349762321741306,0.684013009757318,0.674475469592061,0.3647295812477109,0.5117812232938591
0.4949974987493746,0.4901175881911435,0.7528146109582188,0.5006557720145804,0.4941399096569405,0.5005807768107854
0.5532766383191595,0.3352514385789343,0.5176382286715037,0.0,0.7607443709995291,0.4063152937893507
0.5057528764382191,0.3269952464348262,0.6089567175381537,0.0,0.4833807140241031,0.5146502258576486
0.7233616808404202,0.3687765824368277,0.8271203402551915,0.4978024661213527,0.510026684339955,0.5002598671015226
0.4954977488744371,0.4901175881911435,0.7528146109582188,0.500687165355704,0.4942462982018591,0.5005650801402236
0.4952476238119059,0.4901175881911435,0.7525644233174882,0.5007028620262658,0.494171302998064,0.5005493834696618
0.5050025012506253,0.5041280960720542,0.6594946209657244,0.0,0.7289708216335001,0.7125346634808238
0.2798899449724862,0.4335751813860397,0.7470602952214161,0.2898303015504823,1.0,0.8098522768892686
0.6620810405202601,0.3535151363522643,0.6212159119339505,1.0,0.5751138008615728,0.6321258524164153
0.8591795897948973,0.325994495871904,0.6084563422566927,0.4577288661771631,1.5696670561837767e-05,0.4315101941154926
0.565032516258129,0.3294971228421317,0.6162121591193396,0.6302492282470307,0.4426966880025115,0.5842998412892199
0.8846923461730865,0.4160620465349013,0.98173630222667,0.5388684444599473,0.325678008964543,0.4664876083506287
0.4729864932466233,0.3019764823617714,0.3074806104578435,1.0,0.5663829638802169,0.5134136770322828
0.5105052526263131,0.469352014010508,0.7840880660495373,0.5475678881001796,0.5497950712454436,0.485150949648569
0.4889944972486242,0.299974981235927,0.6850137603202403,0.0,0.1867136404067182,0.4866159722343338
0.6205602801400699,0.2181636227170378,0.5371528646484864,0.7033486230531768,0.582683084221358,0.5143450128189476
0.4954977488744371,0.4898674005504129,0.7525644233174882,0.5005947294068402,0.4941399096569405,0.5005040375324834
0.690345172586293,0.4228171128346261,0.6439829872404305,0.4493799815128102,1.0,0.8525977989779723
0.4942471235617808,0.4886164623467602,0.7525644233174882,0.5006557720145804,0.4942009522646807,0.5004429949247432
0.5495247623811905,0.4595946960220166,0.5093820365273957,0.4908139595723529,1.0,0.688865828348187
0.4949974987493746,0.4893670252689518,0.7528146109582188,0.5006261227479638,0.4941242129863787,0.5004429949247432
0.6330665332666332,0.2189141856392294,0.3920440330247686,0.0,0.604810157489928,0.5793239967211399
0.4952476238119059,0.4898674005504129,0.7525644233174882,0.5005493834696618,0.4942323456058042,0.5005336867991
0.1770885442721361,0.3867900925694272,0.5308981736302227,0.5714355477265989,0.2512060275214957,0.4990843608838969
0.4952476238119059,0.4898674005504129,0.7528146109582188,0.5006557720145804,0.494108516315817,0.5004883408619216
0.5935467733866933,0.0850637978483863,0.4260695521641232,0.3221985803233514,0.3754573835394248,0.5037392957427141
0.4772386193096548,0.4861145859394547,0.7803352514385791,0.6872333746097633,0.0,0.4310375499241328
0.6208104052026012,0.1488616462346761,0.2281711283462597,0.3751382179046689,0.5383801035980257,0.3895425292568498
0.4952476238119059,0.4898674005504129,0.7530647985989494,0.5005947294068402,0.4941556063275023,0.5004883408619216
0.7871435717858928,0.3645233925444084,0.8216162121591195,0.4838690548860247,0.0,0.453684357395748
0.4944972486243121,0.4886164623467602,0.7530647985989494,0.5005947294068402,0.4942009522646807,0.5004569475207981
0.1680840420210105,0.3269952464348262,0.6710032524393297,0.3989901808605264,0.9234822191604024,0.6286621204457854
0.027263631815908,0.5366524893670254,0.5223917938453841,0.4303503845684288,0.0,0.5393114393846905
0.5530265132566282,0.1150863147360521,0.4996247185389043,0.9310828958613112,0.3964420880059996,0.5515810035404712
0.4949974987493746,0.4896172129096824,0.7528146109582188,0.500687165355704,0.494171302998064,0.5005493834696618
0.4884942471235617,0.3585188891668752,0.7032774580935703,0.9442227531960166,0.5202957950363639,0.5099045991244746
0.2218609304652326,0.3900425318989243,0.6017012759569678,0.4896837992919057,1.0,0.6390847096987984
0.3721860930465232,0.526394796097073,0.6942707030272706,0.2631093360308352,0.0,0.0849556133038003
0.54152076038019,0.1438578934200651,0.3284963722792094,0.0617140764253448,0.5261872787205469,0.4238798681479673
0.6390695347673836,0.3064798598949213,0.5929447085313987,1.0,0.186881071559377,0.4700280795995605
0.3499249624812406,0.6074555916937705,0.7305479109332,0.2511449849137555,0.0,0.2873432513036957
0.4942471235617808,0.4893670252689518,0.7528146109582188,0.500687165355704,0.4942323456058042,0.5004429949247432
0.4572286143071535,0.2096572429321992,0.1616212159119339,0.8739313183459197,0.5401363866264367,0.5982018591834243
0.4949974987493746,0.4898674005504129,0.7528146109582188,0.500687165355704,0.4941852555941189,0.5004883408619216
0.4952476238119059,0.4896172129096824,0.7528146109582188,0.5006557720145804,0.494171302998064,0.5005040375324834
0.4954977488744371,0.4898674005504129,0.7530647985989494,0.5006714686851422,0.4942462982018591,0.5005197342030452
0.4952476238119059,0.4898674005504129,0.7530647985989494,0.500687165355704,0.4942462982018591,0.5005040375324834
0.4952476238119059,0.4898674005504129,0.7530647985989494,0.5006714686851422,0.4941852555941189,0.5004116015836196
0.5635317658829414,0.305479109331999,0.5776832624468352,0.6463191307532657,0.3703611978303713,0.3951601932434553
0.5342671335667833,0.4858643982987242,0.7212909682261698,0.494108516315817,0.4919266791077314,0.5337722587508938
0.5695347673836918,0.4866149612209158,0.6995246434826121,0.7603013760747859,0.4460836806948393,0.4719657463766852
0.5385192596298148,0.3039779834876158,0.5076307230422819,0.0,0.3742365313846207,0.4319078431030573
0.5605302651325662,0.5258944208156119,0.7290467850888167,0.9089540785182344,0.3918638924254844,0.6586950834539651
0.4952476238119059,0.4856142106579936,0.7550662997247937,0.5005197342030452,0.4941556063275023,0.5004569475207981
0.4949974987493746,0.4886164623467602,0.7523142356767576,0.500687165355704,0.4941852555941189,0.5005197342030452
0.5812906453226613,0.286715036277208,0.7135351513635227,1.0,0.6187575213213108,0.5649789839021923
0.3389194597298649,0.5746810107580687,0.6429822366775082,0.3753352983239444,1.0,0.4678008964542965
0.5015007503751875,0.2924693520140106,0.605454090567926,0.0,0.3340565428955124,0.4092592915569353
0.5497748874437218,0.2274205654240681,0.3317488116087066,0.8761445488951287,0.6271203585817187,0.3673230200394161
0.4949974987493746,0.4898674005504129,0.7525644233174882,0.5006418194185256,0.4941242129863787,0.5005197342030452
0.5790395197598799,0.4053039779834877,0.7745809357017766,0.4947206864677259,0.9540035230305038,0.4672201196435112
0.4942471235617808,0.4888666499874907,0.7530647985989494,0.500763904634006,0.4942166489352425,0.5004726441913598
0.6868434217108553,0.3882912184138105,0.6242181636227171,0.0,0.1438320805064792,0.3531768317142508
0.6075537768884441,0.5096322241681263,0.4570928196147111,0.5983239443989047,1.0,0.9855939445733122
0.4954977488744371,0.4898674005504129,0.7528146109582188,0.5007028620262658,0.4941852555941189,0.5005493834696618
0.4949974987493746,0.4898674005504129,0.7530647985989494,0.5006714686851422,0.4941556063275023,0.5005197342030452
0.2198599299649824,0.2769577182887166,0.453840380285214,0.3239234700106388,0.996246751661231,0.5249664265657429
0.6118059029514756,0.2344258193645235,0.5986990242682013,1.0,0.6132497340286377,0.45130369569388
0.4942471235617808,0.4888666499874907,0.7528146109582188,0.5005807768107854,0.4942166489352425,0.5004883408619216
0.8519259629814906,0.3214911183387542,0.7222917187890919,0.5124526919790013,0.2583776618937161,0.504974100493573
0.4952476238119059,0.4896172129096824,0.7525644233174882,0.5006714686851422,0.4942009522646807,0.5005493834696618
0.5617808904452225,0.3915436577433075,0.7090317738303729,0.3545040724139735,0.5297573992360953,0.4375534122817727
0.4949974987493746,0.4898674005504129,0.7528146109582188,0.5005493834696618,0.4942166489352425,0.5005650801402236
0.3086543271635817,0.526895171378534,0.4558418814110583,0.619659207841359,1.0,0.9759945584875386
0.8326663331665832,0.3087315486614962,0.8013510132599451,0.4788025184435879,0.1284946892931266,0.4202016150129933
0.3724362181090545,0.5984488366274707,0.5839379534650989,0.5942951322880513,0.0,0.1520571358808448
0.1353176588294147,0.5321491118338756,0.5991993995496624,0.463175610862096,0.0,0.3162164047648115
0.2866433216608304,0.4293219914936203,0.6334751063297475,0.5708408183197586,0.0561591991209864,0.3708791879589096
0.4952476238119059,0.4901175881911435,0.7523142356767576,0.5006714686851422,0.4942462982018591,0.5004429949247432
0.4244622311155577,0.3002251688766576,0.4218163622717038,1.0,0.4824511223119451,0.4118858677642709
0.4759879939969984,0.3950462847135352,0.7305479109332,0.0,0.5571672741859532,0.533222875281232
0.4792396198099049,0.5251438578934202,0.5786840130097575,0.5021975338786473,0.0,0.3559394457331217
0.5782891445722861,0.2034025519139355,0.3605203902927196,0.9797792001674313,0.4195615396689747,0.426886652597799
0.5367683841920959,0.3329997498123593,0.8648986740055042,0.8773654010499328,0.5575317857578875,0.5782880164640634
0.4439719859929965,0.2511883912934702,0.3762822116587441,0.8330641645011074,0.5488497828627239,0.4591311020806808
0.1768384192096048,0.4048036027020266,0.6034525894420817,0.4671433803652092,1.0,0.5987965885902645
0.4949974987493746,0.4898674005504129,0.7528146109582188,0.5006557720145804,0.4942009522646807,0.5005040375324834
0.6108054027013506,0.4343257443082313,0.6687515636727547,0.3910546418543,0.0,0.2688926870955928
0.2283641820910454,0.4293219914936203,0.7843382536902679,0.1957322496817064,1.0,0.6273191830755009
0.6123061530765382,0.1243432574430823,0.1205904428321241,0.2937056351047317,0.770785007935539,0.4138845771491358
0.5912956478239119,0.2426820115086316,0.4861145859394546,1.0,0.2400962729127788,0.4651743202469609
0.4952476238119059,0.4878658994245685,0.7530647985989494,0.5005197342030452,0.4942462982018591,0.5005197342030452
0.5222611305652826,0.451088316237178,0.6024518388791594,0.5204335769224061,0.0,0.4679369342658318
0.6713356678339168,0.3892919689767327,0.6664998749061798,0.5718924952473969,0.0,0.4914086889791932
0.5210105052526263,0.4833625218914187,0.7910933199899925,0.0,0.2632157245757539,0.4801315032178174
0.4952476238119059,0.4898674005504129,0.7528146109582188,0.500687165355704,0.4941556063275023,0.5005197342030452
0.528264132066033,0.323242431823868,0.7205404053039781,0.0,0.4057659103196889,0.4023771735528542
0.5617808904452225,0.3480110082561922,0.6367275456592445,1.0,0.4510595252629192,0.6397265291173239
0.1973486743371685,0.5096322241681263,0.7282962221666252,0.6789612292237124,1.0,0.6698501839998605
0.5715357678839419,0.503127345509132,0.4518388791593696,1.0,0.8637685961944295,0.8296300817970943
0.5372686343171585,0.399049286965224,0.6429822366775082,0.5051572283167937,1.0,0.5165111533564714
0.4957478739369684,0.4898674005504129,0.7525644233174882,0.5005493834696618,0.4941852555941189,0.5005493834696618
0.8384192096048023,0.2914686014510884,0.80360270202652,0.698510560371139,0.2668015417618641,0.3976768927568586
0.7258629314657328,0.3580185138854141,0.7655741806354768,0.4680590194813122,0.0198841934527443,0.5191359854893001
0.5785392696348174,0.1956467350512885,0.5233925444083063,0.100826691316253,0.4516996006069379,0.5032649074768474
0.694097048524262,0.3400050037528147,0.4420815611708782,0.3959380504735162,0.9393846905139788,0.8969286847934144
0.4504752376188093,0.2129096822616963,0.3972979734801101,0.001526065193505,0.5022132305492091,0.6488375743411758
0.6205602801400699,0.5218914185639231,0.448836627470603,0.6186214835097755,1.0,0.894120724837365
0.4952476238119059,0.4896172129096824,0.7525644233174882,0.5006557720145804,0.4941242129863787,0.5005650801402236
0.4944972486243121,0.4883662747060296,0.7528146109582188,0.5005947294068402,0.4942323456058042,0.5004429949247432
0.4947473736868433,0.4893670252689518,0.7528146109582188,0.5005493834696618,0.4942009522646807,0.5005040375324834
0.4009504752376187,0.4595946960220166,0.8098573930447838,0.1735894797425746,0.6362174512095157,0.4193173692380138
0.625312656328164,0.4553415061295973,0.7533149862396799,0.5005650801402236,0.0,0.4227357552714652
0.4952476238119059,0.4896172129096824,0.7528146109582188,0.5006557720145804,0.494171302998064,0.5005197342030452
0.4954977488744371,0.4901175881911435,0.7528146109582188,0.5005947294068402,0.494171302998064,0.5005040375324834
0.4687343671835917,0.5253940455341507,0.6134600950713036,0.027713343914052,0.0,0.0638052217590735
0.565032516258129,0.3942957217913436,0.8603952964723545,1.0,0.3149345100022673,0.3860491480196034
0.4874937468734366,0.5116337252939707,0.4863647735801852,0.3707274534768126,0.0,0.1469295568306678
0.4952476238119059,0.4898674005504129,0.7525644233174882,0.5005197342030452,0.4941556063275023,0.5005807768107854
0.4944972486243121,0.4881160870652991,0.7528146109582188,0.5007482079634442,0.494171302998064,0.5004569475207981
0.2253626813406702,0.4123092319239431,0.628721541155867,0.3508729092906849,1.0,0.5001377818860422
0.5242621310655327,0.3239929947460597,0.6875156367275458,0.0,0.4664265657428885,0.5059978722291016
0.4954977488744371,0.4893670252689518,0.7520640480360272,0.5003976489875648,0.4941399096569405,0.5034637319706298
0.5510255127563781,0.594445834375782,0.5454090567925945,0.4553464604007883,1.0,0.6249699147147566
0.6245622811405702,0.4258193645233926,0.7795846885163875,1.0,0.386537488881525,0.4991611001621989
0.5790395197598799,0.4028021015761822,0.5956967725794347,0.0,0.5283534192580707,0.553823883356297
0.4952476238119059,0.4901175881911435,0.7525644233174882,0.5005807768107854,0.4942166489352425,0.5004726441913598
0.4949974987493746,0.4896172129096824,0.7525644233174882,0.5006418194185256,0.4942166489352425,0.5005040375324834
0.493496748374187,0.4478358769076809,0.3239929947460596,0.0,0.51101906273436,0.3391370319340042
0.5742871435717858,0.2827120340255192,0.263447585689267,0.1085947991698205,0.564079041456651,0.4717669218829028
0.5750375187593796,0.318238679009257,0.6847635726795097,0.0,0.4752323979280395,0.4797792001674311
0.5172586293146573,0.4751063297473106,0.7215411558669003,0.5075239374226067,0.4966583532448506,0.3339030643389086
0.4952476238119059,0.4898674005504129,0.7525644233174882,0.5006714686851422,0.4942166489352425,0.5005197342030452
0.2318659329664832,0.5646735051288467,0.4801100825619215,0.699898843678602,1.0,0.5778293248687584
0.666833416708354,0.3847885914435828,0.7583187390542908,0.5246612135270419,0.0011598095470639,0.5394178279296091
0.4954977488744371,0.4896172129096824,0.7528146109582188,0.500610426077402,0.4942619948724209,0.5005650801402236
0.5280140070035017,0.3582687015261447,0.6955216412309233,1.0,0.7441861276313724,0.4117637825487905
0.2913956978489244,0.3987990993244935,0.5303977983487617,0.5852451296719396,0.2221497462371592,0.5156112109109301
0.5307653826913457,0.3680260195146361,0.6544908681511135,0.0,0.4055374365592898,0.2510839423060153
0.1933466733366683,0.3420065048786591,0.5514135601701277,0.5410049357308544,0.8150565952177478,0.4836405811256257
0.3416708354177088,0.4470853139854892,0.5531648736552415,0.5703210841167135,1.0,0.6994575928283656
0.4937468734367183,0.4893670252689518,0.7528146109582188,0.5007028620262658,0.4942323456058042,0.5005947294068402
0.4127063531765882,0.5434075556667501,0.7585689266950214,0.4625355355180773,1.0,0.6636238380103598
0.5485242621310654,0.4430823117338004,0.5989492119089318,0.0,0.3536355233095558,0.453989570434449
0.0500250125062531,0.4158118588941707,0.7508131098323744,0.4219561539668974,1.0,0.5133683310951044
0.1638319159579789,0.3587690768076058,0.6304728546409808,0.2746463888937335,1.0,0.726009383120847
0.1770885442721361,0.3852889667250438,0.6177132849637229,0.4234682665643476,0.9683188865828348,0.6249542180441948
0.4042021010505252,0.4896172129096824,0.6082061546159621,0.5393271360552523,0.0,0.4528297608873851
0.0755377688844421,0.4363272454340757,0.8178633975481613,0.4121300381952317,0.9050020056856828,0.5648115527495334
0.4942471235617808,0.4886164623467602,0.7530647985989494,0.5006557720145804,0.4942009522646807,0.5004726441913598
0.0137568784392196,0.1793845384038029,0.3905429071803853,0.6070687339763154,0.0133072884873641,0.3516211172541291
0.5757878939469734,0.3747810858143608,0.8696522391793846,1.0,0.2564399951165914,0.4678619390620367
0.4967483741870935,0.5028771578684015,0.7540655491618715,0.5006418194185256,0.4942619948724209,0.5289655894099796
0.4952476238119059,0.4901175881911435,0.7528146109582188,0.5006418194185256,0.494171302998064,0.5004883408619216
0.6393196598299149,0.4726044533400051,0.8403802852139106,0.9599856985890438,0.6448384114969392,0.2673666219020877
0.4952476238119059,0.4898674005504129,0.7528146109582188,0.5006714686851422,0.4942009522646807,0.5004429949247432
0.5940470235117559,0.3074806104578435,0.589942456842632,1.0,0.4855172052950102,0.2980553569248478
0.6868434217108553,0.3137353014761072,0.5208906680010008,0.4823900797042049,0.4760869944364023,0.5678026405288034
0.4944972486243121,0.4891168376282213,0.7530647985989494,0.5006418194185256,0.4942009522646807,0.5005040375324834
0.4944972486243121,0.4871153365023769,0.7545659244433327,0.5004883408619216,0.4941556063275023,0.5004569475207981
0.4954977488744371,0.4898674005504129,0.7528146109582188,0.500763904634006,0.494171302998064,0.5004116015836196
0.4952476238119059,0.4898674005504129,0.7528146109582188,0.500610426077402,0.4942166489352425,0.5005493834696618
0.4942471235617808,0.4881160870652991,0.7530647985989494,0.500610426077402,0.4942323456058042,0.5005336867991
0.328664332166083,0.495371528646485,0.6922692019014262,0.3849957270174582,0.0,0.2360064181941852
0.6035517758879438,0.4105579184388293,0.6492369276957719,0.4265500462179744,0.9618797635034968,0.639559097964665
0.1753376688344172,0.4435826870152616,0.6915186389792345,0.3337495857823046,1.0,0.6507909377888623
0.4952476238119059,0.4896172129096824,0.7525644233174882,0.5006261227479638,0.4942323456058042,0.500610426077402
0.5677838919459729,0.3109832374280711,0.5589191893920441,0.5485445698240229,0.4710204579939655,0.5023353157646895
0.8376688344172085,0.271203402551914,0.6870152614460847,0.5713431117777351,0.0,0.3426025079791409
0.7818909454727363,0.283962972229172,0.7082812109081813,0.3811500427298254,0.3172837783630117,0.5592113295079966
0.2426213106553276,0.5216412309231925,0.6209657242932201,0.322686921185273,1.0,0.3104330537000541
0.0382691345672836,0.4103077307980987,0.6432324243182388,0.7902575998046637,1.0,0.6603275371923889
0.2221110555277639,0.5894420815611711,0.8423817863397549,0.3400526710501073,1.0,0.99694786961299
0.1483241620810405,0.4838628971728798,0.6537403052289218,0.6389172785461394,0.0,0.3565498718105238
0.2008504252126063,0.3194896172129098,0.6750062546910184,0.5136735441338054,0.2627273837138323,0.7309398817517484
0.4949974987493746,0.4893670252689518,0.7535651738804104,0.5006557720145804,0.4941852555941189,0.5005040375324834
0.4954977488744371,0.4898674005504129,0.7523142356767576,0.5007325112928824,0.4942009522646807,0.5004883408619216
0.6183091545772885,0.4610958218663999,0.7918438829121843,1.0,0.5866491096499642,0.4263826150653156
0.6693346673336668,0.2614460845634226,0.6850137603202403,0.5093691682508676,0.106259483405131,0.3883077245059909
0.4957478739369684,0.4901175881911435,0.7528146109582188,0.5006714686851422,0.4942619948724209,0.5005197342030452
0.5545272636318158,0.4430823117338004,0.7735801851388543,0.2979175750388056,0.5593944573312172,0.5114149676474179
0.5395197598799399,0.3915436577433075,0.6872654490868152,0.3702844585520694,0.4839300974937649,0.448326560510665
0.4952476238119059,0.4901175881911435,0.7525644233174882,0.5006714686851422,0.494171302998064,0.5005040375324834
0.5822911455727864,0.3094821115836879,0.3760320240180136,1.0,0.315346111585887,0.3943962886094494
0.5560280140070034,0.3289967475606706,0.5101325994495873,1.0,0.6475713762491934,0.5381673265081884
0.5397698849424711,0.231923942957218,0.461596197147861,0.4183703367807873,0.5053403561400143,0.3406020545197691
0.5412706353176587,0.1938954215661747,0.3992994746059545,0.65764166245182,0.3679944887245583,0.6612431763084918
0.4574787393696848,0.1568676507380536,0.396797598198649,0.5651167657882344,0.5385946247623699,0.444496572893594
0.5670335167583791,0.4763572679509633,0.6952714535901927,0.998322200324398,0.6725360587404294,0.5808971519263303
0.5290145072536268,0.4113084813610209,0.8003502626970229,0.4766049845649406,0.484463784292865,0.5293614943230375
0.4872436218109054,0.4540905679259446,0.8403802852139106,0.0,0.6498752986727593,0.5544796553708774
0.5222611305652826,0.3902927195396548,0.6955216412309233,0.0,0.8287911819592932,0.5751138008615728
0.5992996498249124,0.3555166374781087,0.5501626219664749,1.0,0.5018312782322061,0.5706262971554145
0.4952476238119059,0.4901175881911435,0.7525644233174882,0.5006261227479638,0.4941242129863787,0.5005336867991
0.4942471235617808,0.4893670252689518,0.7530647985989494,0.5006557720145804,0.4942009522646807,0.5004883408619216
0.504752376188094,0.3902927195396548,0.5561671253440081,0.0,0.5543889634965206,0.4711721924760625
0.5560280140070034,0.4660995746810109,0.7080310232674507,0.5300783089453581,0.5378307201283639,0.5061496067111987
0.5820410205102551,0.4838628971728798,0.6860145108831625,0.0,0.6442140328234822,0.6219474335943631
0.5677838919459729,0.2599449587190394,0.2992244183137353,0.0,0.4254669759492125,0.4294033521112022
0.4952476238119059,0.4898674005504129,0.7528146109582188,0.5005947294068402,0.4942009522646807,0.5005336867991
0.3676838419209604,0.500375281461096,0.5073805354015513,0.5832010743498962,0.0,0.2564853410537698
0.4949974987493746,0.4896172129096824,0.7528146109582188,0.5005650801402236,0.4942462982018591,0.5005493834696618
0.6200600300150074,0.4070552914686016,0.7230422817112836,0.8430280621588153,0.3938312084692258,0.4188586776427089
0.2303651825912956,0.3812859644733551,0.4288216162121592,0.5401974292341769,0.0184191708669794,0.5157175994558487
0.5200100050025012,0.3877908431323493,0.5308981736302227,0.0,0.4655266232973473,0.4113818302317875
0.6875937968984491,0.5001250938203654,0.7928446334751065,0.5245077349704379,0.0,0.4472138409752865
0.4967483741870935,0.4893670252689518,0.7498123592694522,0.5007482079634442,0.4941852555941189,0.5004883408619216
0.6133066533266632,0.5076307230422819,0.7735801851388543,0.0226468074716152,0.7714111306835028,0.3783420827737761
0.4947473736868433,0.4893670252689518,0.7525644233174882,0.500687165355704,0.494171302998064,0.5005336867991
0.4062031015507753,0.4600950713034777,0.1120840630472854,0.0011598095470639,1.0,0.939888728046462
0.4947473736868433,0.4883662747060296,0.7528146109582188,0.5007028620262658,0.4942009522646807,0.5004726441913598
0.6350675337668834,0.3795346509882413,0.7560670502877159,0.5619268535151821,0.6544674468493294,0.5206010080750649
0.3751875937968984,0.4856142106579936,0.5671753815361522,0.6620977728168547,0.0,0.4015086244484364
0.6243121560780389,0.1148361270953215,0.2819614711033276,0.4275424246123794,0.4574986483422572,0.4377365401049933
0.4999999999999999,0.47485614210658,0.7538153615211409,0.536899384341699,0.5043183284789926,0.5233182761567574
0.4944972486243121,0.4883662747060296,0.7530647985989494,0.5007168146223206,0.4941399096569405,0.5005197342030452
0.6528264132066033,0.3650237678258695,0.5491618714035528,0.0,0.3491637162739592,0.2883199330275389
0.5582791395697848,0.2907180385288967,0.5379034275706781,0.0,0.4329455674346408,0.4755062176256169
0.5420210105052525,0.4678508881661247,0.7650738053540156,0.0,0.5516263494776497,0.541341542110679
0.4942471235617808,0.4886164623467602,0.7528146109582188,0.5006714686851422,0.4942009522646807,0.5005040375324834
0.4952476238119059,0.4896172129096824,0.7530647985989494,0.5006418194185256,0.494108516315817,0.5005197342030452
0.4944972486243121,0.4891168376282213,0.7530647985989494,0.500687165355704,0.4942009522646807,0.5005807768107854
0.5295147573786892,0.3980485364023018,0.7395546659994997,0.1943596630448053,0.5895495055548773,0.568214242112423
0.584792396198099,0.3735301476107081,0.7570678008506382,0.7107347785897413,0.5430960810645831,0.4298463470359454
0.4804902451225612,0.4968726544908682,0.7943457593194898,0.4615274604531105,0.4804977588642586,0.4659835708181453
0.4954977488744371,0.4901175881911435,0.7533149862396799,0.5006418194185256,0.4941556063275023,0.5004726441913598
0.6200600300150074,0.2464348261195897,0.3872904678508882,0.4475800966217277,0.296590334339083,0.6888815250187488
0.4944972486243121,0.4883662747060296,0.7525644233174882,0.5006261227479638,0.4942323456058042,0.5005040375324834
0.4952476238119059,0.4898674005504129,0.7530647985989494,0.500687165355704,0.4942166489352425,0.5004429949247432
0.5535267633816908,0.5151363522641983,0.8516387290467853,1.0,0.948999773270314,0.3619059246210998
0.5342671335667833,0.4320740555416563,0.6895171378533902,0.0,0.4401939410851632,0.5707326857003331
0.744872436218109,0.3157368026019516,0.7092819614711035,0.6048555034271064,0.6037881298289063,0.5877949666009732
0.4952476238119059,0.4921190893169879,0.7530647985989494,0.5006714686851422,0.4941242129863787,0.4991454034916371
0.929464732366183,0.3277458093570179,0.5501626219664749,0.3047246978390917,0.0,0.3833929225456511
0.0440220110055027,0.4103077307980987,0.7107830873154868,0.4893175436454645,0.9059019481312242,0.5298044892477807
0.4857428714357178,0.2009006755066301,0.5904428321240932,0.0,0.3057781188412369,0.2907302439960235
0.5547773886943471,0.4155616712534402,0.8921691268451339,1.0,0.2887611838777753,0.3277674102237647
0.7298649324662331,0.3329997498123593,0.5349011758819116,0.4372778485096883,0.0,0.2112527687182796
0.4952476238119059,0.487615711783838,0.7525644233174882,0.500687165355704,0.4942166489352425,0.5004569475207981
0.5507753876938468,0.4160620465349013,0.7483112334250689,0.0,0.4981076791600537,0.1850811866682944
0.332416208104052,0.5293970477858395,0.7322992244183139,0.2321607339065525,1.0,0.7830999180284981
0.5110055027513757,0.4683512634475858,0.65749311983988,0.4535465755097058,1.0,0.7161065280708792
0.4952476238119059,0.4898674005504129,0.7533149862396799,0.500610426077402,0.4941852555941189,0.5005650801402236
0.5257628814407203,0.3237428071053291,0.5594195646735052,1.0,0.2692589427420339,0.3596630448052741
0.4952476238119059,0.4898674005504129,0.7530647985989494,0.5006261227479638,0.494171302998064,0.5005197342030452
0.5225112556278139,0.4103077307980987,0.7468101075806857,0.3453476812529431,0.6005825208852922,0.5950886861886739
0.6200600300150074,0.4060545409056794,0.7575681761320991,0.3225787885658475,0.0,0.0783787083384202
0.2461230615307654,0.4393294971228422,0.5606705028771579,0.4032160733906552,0.0165739400387184,0.2011807384411462
0.2993996998499249,0.5178884163122343,0.2664498373780335,0.5886652597798978,1.0,0.870696060135689
0.5400200100050024,0.4295721791343508,0.6885163872904679,0.1678985646266808,0.5063030852678027,0.5373284266703874
0.429464732366183,0.4998749061796348,0.3727795846885164,0.4819156914383382,1.0,0.9999703507333833
0.2691345672836418,0.3960470352764574,0.8466349762321743,0.4259710134816959,0.0,0.0964787135706437
0.0407703851925962,0.3009757317988492,0.5869402051538655,0.495406107748923,0.7150845004098575,0.7053630291086035
0.5555277638819409,0.4443332499374532,0.6830122591943959,0.5906482724942009,0.5706262971554145,0.4386207858799728
0.4952476238119059,0.4898674005504129,0.7528146109582188,0.500610426077402,0.4941556063275023,0.5004569475207981
0.601800900450225,0.1963972979734802,0.3872904678508882,0.0001831278232206,0.2986361337356332,0.4713710169698449
0.4697348674337168,0.5439079309482113,0.6594946209657244,0.6116922754940091,0.0,0.399173308683747
0.4949974987493746,0.4896172129096824,0.7528146109582188,0.5007028620262658,0.4941852555941189,0.5004726441913598
0.4942471235617808,0.4888666499874907,0.7530647985989494,0.5007168146223206,0.4941242129863787,0.5005493834696618
0.5480240120060029,0.4398298724043034,0.6509882411808858,0.2891274395242165,0.4659382248809669,0.4371261140275913
0.4952476238119059,0.5101325994495873,0.7433074806104579,0.4985035840731116,0.492568498526257,0.5613024748417252
0.4954977488744371,0.4901175881911435,0.7530647985989494,0.5006714686851422,0.4942166489352425,0.5004726441913598
0.8799399699849924,0.3014761070803103,0.6654991243432575,0.55068106109493,0.3057013795629349,0.4953607618117446
0.4952476238119059,0.490367775831874,0.7530647985989494,0.500610426077402,0.4941399096569405,0.5004883408619216
0.4947473736868433,0.4891168376282213,0.7525644233174882,0.5007935539006226,0.4941399096569405,0.5004726441913598
0.5800400200100049,0.2601951463597699,0.5454090567925945,1.0,0.5288731534611159,0.3823708948846295
0.5517758879439719,0.4103077307980987,0.7513134851138354,0.0004272982541814,0.5997750143886147,0.4867991000575544
0.4952476238119059,0.4898674005504129,0.7523142356767576,0.5006261227479638,0.4941556063275023,0.5004883408619216
0.4872436218109054,0.4248186139604705,0.8964223167375533,0.0,0.3981355843521635,0.3885205015958282
0.512256128064032,0.4635976982737054,0.6487365524143108,0.0,0.4831068943265256,0.5015103685229433
0.5070035017508754,0.4528396297222918,0.6187140355266451,0.4599107033852486,1.0,0.4678008964542965
0.497248624312156,0.4220665499124344,0.4268201150863148,1.0,0.6900413345658126,0.4988087971118126
0.4952476238119059,0.4896172129096824,0.7530647985989494,0.5005947294068402,0.4942166489352425,0.5005336867991
0.6398199099549774,0.305479109331999,0.4080560420315237,1.0,0.5943718715663533,0.4198353593665521
0.3259129564782391,0.5001250938203654,0.5991993995496624,0.5464534244902942,0.0,0.4481434326874444
0.7351175587793896,0.4188141105829373,0.5313985489116838,0.4327153495997349,0.6389329752167012,0.7798646598182675
0.51975987993997,0.2386790092569428,0.435576682511884,0.793065559760713,0.5367772991262186,0.3266389940178245
0.4554777388694346,0.263447585689267,0.6760070052539405,0.1688438530094005,0.4179290859305509,0.528172035509357
0.4944972486243121,0.4886164623467602,0.7530647985989494,0.5006418194185256,0.4941852555941189,0.5005040375324834
0.6133066533266632,0.3329997498123593,0.8979234425819366,0.4647627186633413,0.0087447895774107,0.3658597415281581
0.557528764382191,0.3482611958969228,0.629221916437328,0.0,0.3637528995238677,0.5325514065960898
0.6013006503251626,0.472104078058544,0.8051038278709033,0.6113713657847464,0.4898058845073861,0.393968990355268
0.6208104052026012,0.4593445083812861,0.568426319739805,0.4485253850044474,1.0,0.7705094441634547
0.4952476238119059,0.4901175881911435,0.7525644233174882,0.5006557720145804,0.494171302998064,0.5005040375324834
0.2186093046523261,0.5599199399549664,0.6464848636477359,0.2822296248495736,0.0,0.361585014911837
0.5187593796898449,0.4888666499874907,0.7050287715786842,0.0,0.3679491427873799,0.643083872543035
0.3939469734867433,0.5236427320490369,0.4243182386790093,1.0,0.2545162809355216,0.4109074419659207
0.4899949974987493,0.4763572679509633,0.5731798849136853,0.2887472312817203,0.0,0.0057066117864555
0.4939969984992495,0.4896172129096824,0.7530647985989494,0.5006557720145804,0.4941399096569405,0.5005040375324834
0.449224612306153,0.5251438578934202,0.7345509131848887,0.0,0.6359418874374313,0.4162652388510037
0.4952476238119059,0.4898674005504129,0.7530647985989494,0.5006418194185256,0.4942166489352425,0.5004272982541814
0.4947473736868433,0.4896172129096824,0.7525644233174882,0.5006418194185256,0.4942323456058042,0.5004883408619216
0.4952476238119059,0.4898674005504129,0.7528146109582188,0.5005336867991,0.4941852555941189,0.5005336867991
0.1288144072036018,0.3312484363272455,0.5471603702777084,0.5502537628407486,0.6134328618518583,0.7222264855154612
0.5035017508754377,0.2481861396047036,0.3227420565424068,1.0,0.4461290266320177,0.3532849643336763
0.6470735367683841,0.239679759819865,0.4948711533650238,0.0700001744074507,0.5164204614821145,0.3826604112527687
0.6890945472736367,0.4513385038779085,0.3092319239429573,1.0,0.5097964665050491,0.6438006871653557
0.4952476238119059,0.4901175881911435,0.7528146109582188,0.5006261227479638,0.4942166489352425,0.5006261227479638
0.8046523261630814,0.3139854891168377,0.5541656242181637,0.3717337844672724,0.0,0.161457697472836
0.4784892446223111,0.5288966725043784,0.6209657242932201,0.3062054170954183,0.0,0.1259622931091616
0.5227613806903451,0.383037277958469,0.6089567175381537,1.0,0.7148996285121301,0.458963670928022
0.5487743871935967,0.3152364273204905,0.651988991743808,1.0,0.4266424821668382,0.5467272441878717
0.5975487743871936,0.203652739554666,0.4793595196397299,0.0,0.5416310584788182,0.6246036590683154
0.0917958979489745,0.2732049036777584,0.3500125093820366,0.679221096325235,0.0041962432635122,0.2368767113731099
0.5162581290645322,0.4583437578183639,0.7665749311983989,1.0,0.7595374714407799,0.6815564120899245
0.4942471235617808,0.4891168376282213,0.7530647985989494,0.500610426077402,0.4942166489352425,0.5003662556464412
0.4949974987493746,0.4901175881911435,0.7530647985989494,0.5005650801402236,0.494108516315817,0.5004726441913598
0.6788394197098548,0.4098073555166376,0.6099574681010759,0.6207579747806826,1.0,0.5911052200149991
0.5622811405702851,0.2496872654490869,0.4823617713284964,0.2905785095139265,0.4527687182796449,0.545476742766451
0.4127063531765882,0.4285714285714287,0.7473104828621467,0.5926783752201894,0.4730959066571324,0.6903918935416922
0.6533266633316658,0.5456592444333251,0.816862646985239,0.5729145229084186,1.0,0.6531559028201684
0.8921960980490244,0.262947210407806,0.6307230422817114,0.4838551022899698,0.3335525053630291,0.367248024835621
0.4952476238119059,0.4898674005504129,0.7528146109582188,0.5006261227479638,0.4942619948724209,0.5005336867991
0.4952476238119059,0.4898674005504129,0.7530647985989494,0.500687165355704,0.494171302998064,0.5005493834696618
0.4952476238119059,0.4898674005504129,0.7528146109582188,0.5007028620262658,0.494171302998064,0.5005336867991
0.4954977488744371,0.4901175881911435,0.7530647985989494,0.5006557720145804,0.4942323456058042,0.5004569475207981
0.4954977488744371,0.490367775831874,0.7528146109582188,0.5005650801402236,0.4941852555941189,0.5004883408619216
0.4952476238119059,0.4898674005504129,0.7525644233174882,0.5006557720145804,0.4942009522646807,0.5005650801402236
0.4944972486243121,0.4888666499874907,0.7530647985989494,0.500687165355704,0.494171302998064,0.5004883408619216
0.4949974987493746,0.4898674005504129,0.7530647985989494,0.5005947294068402,0.4941556063275023,0.5005197342030452
0.4397198599299649,0.3850387790843133,0.5839379534650989,0.0,0.4722413101487696,0.4699059943840801
0.4944972486243121,0.4886164623467602,0.7520640480360272,0.5006557720145804,0.4942323456058042,0.5005336867991
0.4949974987493746,0.4898674005504129,0.7528146109582188,0.500687165355704,0.4942166489352425,0.5005807768107854
0.4954977488744371,0.490367775831874,0.7530647985989494,0.5007028620262658,0.4941852555941189,0.5005197342030452
0.4954977488744371,0.4916187140355267,0.7513134851138354,0.5005040375324834,0.4946282505188621,0.4946735964560406
0.4954977488744371,0.4901175881911435,0.7523142356767576,0.5007168146223206,0.4941852555941189,0.5005197342030452
0.4949974987493746,0.4896172129096824,0.7523142356767576,0.500687165355704,0.494171302998064,0.5004883408619216
0.4944972486243121,0.1531148361270954,0.5093820365273957,0.2915848405043864,0.3877879903029457,0.4578352547220817
0.8234117058529263,0.4353264948711535,0.4270703027270454,0.4305649057327729,0.9445419188307724,0.8207492544081483
0.4952476238119059,0.4901175881911435,0.7525644233174882,0.5006418194185256,0.4941556063275023,0.5005197342030452
0.4662331165582791,0.4518388791593696,0.670252689517138,0.0,0.3748783508031463,0.5282173814465354
0.6205602801400699,0.4863647735801852,0.6867650738053541,1.0,0.2944538430681759,0.4661213527041875
0.5220110055027514,0.352014010507881,0.6837628221165876,0.0,0.7025550691525542,0.6967246280761115
0.2171085542771385,0.3947960970728047,0.5701776332249188,0.5726093098697176,0.0417688403648604,0.2900134293737028
0.6470735367683841,0.5106329747310484,0.8151113335001252,0.0,0.5344890733732145,0.4357988733278686
0.6128064032016007,0.4525894420815612,0.7042782086564925,0.6590159931632279,0.4233304846783055,0.5162373336588939
0.4952476238119059,0.4901175881911435,0.7528146109582188,0.5005807768107854,0.4941242129863787,0.5004883408619216
0.4954977488744371,0.4898674005504129,0.7530647985989494,0.5007168146223206,0.494171302998064,0.5005040375324834
0.5865432716358179,0.3257443082311735,0.5616712534400802,1.0,0.6383678950764776,0.4473969687985071
0.3154077038519259,0.4991243432574432,0.8503877908431325,0.595622372987774,0.0,0.3250222369499625
0.4952476238119059,0.4896172129096824,0.7528146109582188,0.500687165355704,0.494171302998064,0.5005197342030452
0.0302651325662831,0.3114836127095323,0.6089567175381537,0.4646563301184226,0.9087866473655756,0.6655928981286081
0.5717858929464732,0.3267450587940956,0.5056292219164374,0.0748835830266669,0.6040776461970455,0.4540802623088058
0.4939969984992495,0.4886164623467602,0.7528146109582188,0.500610426077402,0.4942916441390376,0.5005197342030452
0.4952476238119059,0.4898674005504129,0.7528146109582188,0.5006714686851422,0.4942916441390376,0.5005336867991
0.3701850925462731,0.5569176882661998,0.6207155366524895,0.4870136212218986,0.0,0.6543000156966705
0.4952476238119059,0.4898674005504129,0.7530647985989494,0.5007168146223206,0.4942166489352425,0.5004726441913598
0.4947473736868433,0.4888666499874907,0.7525644233174882,0.5006557720145804,0.4942009522646807,0.5004883408619216
0.1788394197098549,0.5496622466850138,0.8043532649487117,0.4566144025672777,1.0,0.6931998534977415
0.4942471235617808,0.4886164623467602,0.7528146109582188,0.5006261227479638,0.4942166489352425,0.5005040375324834
0.4952476238119059,0.4898674005504129,0.7528146109582188,0.5005807768107854,0.494171302998064,0.5004569475207981
0.5747873936968484,0.2591943957968478,0.3997998498874156,0.9101906273436,0.5033730400962729,0.5991628442367057
0.5622811405702851,0.3665248936702527,0.8686514886164625,0.0030207370458866,0.5987826359942097,0.3145072117480859
0.668584292146073,0.1886414811108331,0.1528646484863648,0.0996372325025725,0.6588014719988838,0.5062873885972409
0.4957478739369684,0.4888666499874907,0.7520640480360272,0.5005650801402236,0.4942009522646807,0.5005197342030452
0.3101550775387693,0.4318238679009258,0.5646735051288467,0.74452098993669,0.0,0.5317578526954672
0.4932466233116557,0.4886164623467602,0.7528146109582188,0.5006261227479638,0.4941852555941189,0.5005807768107854
0.2851425712856428,0.4766074555916939,0.7027770828121092,0.8372150618274412,0.0,0.5087447895774108
0.5550275137568784,0.3665248936702527,0.7107830873154868,0.0,0.5299265744632611,0.4857160297887926
0.5745372686343171,0.3645233925444084,0.618213660245184,1.0,0.4071088476899733,0.3928859200865061
0.4949974987493746,0.4893670252689518,0.7530647985989494,0.500763904634006,0.4942166489352425,0.5004726441913598
0.4952476238119059,0.4901175881911435,0.7528146109582188,0.5007168146223206,0.494171302998064,0.5005040375324834
0.4739869934967483,0.2129096822616963,0.3465098824118089,0.4620471946561557,0.5442715872822087,0.3993721331775293
0.6633316658329164,0.2011508631473605,0.3279959969977484,0.9037358075937004,0.5171076268378185,0.4098697176343373
0.583791895947974,0.3917938453840381,0.6922692019014262,0.3332926382615065,0.513704937474929,0.4446797007168146
0.4952476238119059,0.4898674005504129,0.7528146109582188,0.5006261227479638,0.4942166489352425,0.5005336867991
0.8649324662331165,0.3530147610708032,0.6474856142106581,0.4253605874042939,0.6038491724366465,0.661380958194534
0.4952476238119059,0.4898674005504129,0.7525644233174882,0.5007325112928824,0.4941399096569405,0.5005197342030452
0.4954977488744371,0.4896172129096824,0.7528146109582188,0.5006557720145804,0.4941852555941189,0.5005040375324834
0.5807903951975988,0.4568426319739806,0.7623217413059795,0.0,0.4973594711966095,0.564689467534053
0.4837418709354676,0.490367775831874,0.5829372029021768,0.794591624954218,1.0,0.6061984407973908
0.4952476238119059,0.4898674005504129,0.7530647985989494,0.5006714686851422,0.4942009522646807,0.5005493834696618
0.4954977488744371,0.490367775831874,0.7525644233174882,0.500687165355704,0.4941399096569405,0.5004883408619216
0.5657828914457228,0.3274956217162873,0.3177383037277959,0.0043340251495544,0.8093953293684706,0.3701170273994105
0.2601300650325162,0.4160620465349013,0.4873655241431074,0.3697054258157908,0.2731970629785304,0.5347018504630517
0.4949974987493746,0.4901175881911435,0.7525644233174882,0.5006714686851422,0.4941242129863787,0.5004272982541814
0.2333666833416708,0.3997998498874157,0.3815361521140856,0.5381812791042433,0.4306712942776916,0.4755829569039189
0.2333666833416708,0.4258193645233926,0.5128846634976233,0.5120550429914366,0.0937457488183895,0.3359174703943353
0.5870435217608804,0.2246685013760321,0.2631973980485365,0.9735232049113138,0.4366081238990529,0.3517588991401713
0.4952476238119059,0.4901175881911435,0.7528146109582188,0.500687165355704,0.4942009522646807,0.5005197342030452
0.4937468734367183,0.4881160870652991,0.7528146109582188,0.5007325112928824,0.4942323456058042,0.5004726441913598
0.6803401700850424,0.3412559419564674,0.662997247935952,0.3735197167623001,0.3024661213527042,0.4933620524268797
0.9612306153076536,0.3965474105579185,0.4876157117838379,0.3995081709890646,0.656940544500061,0.8073495299719204
0.4947473736868433,0.4901175881911435,0.7530647985989494,0.500687165355704,0.4941852555941189,0.5005493834696618
0.8309154577288643,0.2994746059544659,0.4133099824868652,0.3103249210806286,0.3047246978390917,0.5993320194638715
0.4952476238119059,0.4898674005504129,0.7528146109582188,0.5005807768107854,0.4941556063275023,0.5004883408619216
0.4954977488744371,0.4893670252689518,0.7523142356767576,0.5006261227479638,0.4941556063275023,0.5004272982541814
0.6025512756378189,0.1746309732299225,0.305479109331999,0.4981390725011772,0.2830545720913198,0.6038648691072083
0.4949974987493746,0.4898674005504129,0.7530647985989494,0.5007028620262658,0.4942009522646807,0.5005197342030452
0.5420210105052525,0.4215661746309733,0.7445584188141107,0.1825173971432059,0.5833998988436786,0.609937736540105
0.2066033016508254,0.4796097072804605,0.6997748311233426,0.5580672166314945,0.0,0.2418822052078064
0.5220110055027514,0.4513385038779085,0.7212909682261698,0.0026091354622669,0.463557563179099,0.4311892844062298
0.4952476238119059,0.4898674005504129,0.7530647985989494,0.500687165355704,0.4941242129863787,0.5005947294068402
0.4954977488744371,0.4898674005504129,0.7530647985989494,0.5006418194185256,0.494171302998064,0.5005336867991
0.4954977488744371,0.4896172129096824,0.7533149862396799,0.5006261227479638,0.494171302998064,0.5004429949247432
0.8299149574787392,0.3222416812609458,0.7513134851138354,0.6368418298829726,0.0079965816139665,0.2302230671294278
0.1790895447723862,0.3482611958969228,0.5176382286715037,0.5926783752201894,0.4804367162565184,0.5593787606606554
0.4954977488744371,0.4901175881911435,0.7528146109582188,0.5005947294068402,0.4941399096569405,0.5005040375324834
0.4392196098049024,0.3202401801351014,0.1921441080810608,0.0,0.4414758358477074,0.633896088040881
0.5947973986993496,0.3309982486865149,0.612709532149112,1.0,0.8563981373284266,0.7569893785862531
0.7066033016508253,0.2732049036777584,0.6187140355266451,0.6707518705199086,0.3854073286010778,0.3136979611769015
0.5225112556278139,0.5676757568176134,0.7137853390042533,0.6560859479916982,0.0,0.5935940143362924
0.4954977488744371,0.4898674005504129,0.7530647985989494,0.5006418194185256,0.4942462982018591,0.5005493834696618
0.5255127563781891,0.3064798598949213,0.6667500625469103,0.5059507822174163,0.6096011301602804,0.4850602577742121
0.2093546773386693,0.385789342006505,0.8143607705779335,0.3064181941852556,1.0,0.4992831853776793
0.4829914957478738,0.5061295971978985,0.3977983487615713,0.5942044404136945,1.0,0.983167936934266
0.4929964982491245,0.4828621466099576,0.7520640480360272,0.500687165355704,0.4942166489352425,0.4997854788356559
0.577288644322161,0.2584438328746561,0.558418814110583,1.0,0.3623192702792263,0.4894239321903831
0.1813406703351675,0.4796097072804605,0.5764323242431825,0.7653975617838393,0.0722291016272215,0.6216736138967857
0.4939969984992495,0.4883662747060296,0.7528146109582188,0.5006261227479638,0.4942166489352425,0.5005336867991
0.4954977488744371,0.4898674005504129,0.7525644233174882,0.500610426077402,0.4942009522646807,0.5004883408619216
0.4947473736868433,0.4961220915686766,0.6572429321991495,0.9300137781886042,0.0,0.6497828627238955
0.5327663831915957,0.2679509632224169,0.5454090567925945,0.0,0.7153879693740517,0.7760346722011964
0.4952476238119059,0.4898674005504129,0.7528146109582188,0.5006714686851422,0.4942462982018591,0.5004569475207981
0.5447723861930965,0.375281461095822,0.9472104078058544,1.0,0.4464499363412805,0.4162652388510037
0.4949974987493746,0.4891168376282213,0.7525644233174882,0.5006418194185256,0.4942009522646807,0.5005493834696618
0.4952476238119059,0.4901175881911435,0.7528146109582188,0.5006418194185256,0.494171302998064,0.5005650801402236
0.6080540270135066,0.2962221666249688,0.5011258443832876,0.0,0.1799693042886792,0.3471650068890943
0.5310155077538768,0.3690267700775582,0.7480610457843384,0.0,0.4674485934039102,0.5084535291347646
0.5935467733866933,0.3307480610457844,0.5251438578934201,0.4443901843486754,0.0,0.1452657097511205
0.5077538769384692,0.3652739554666,0.6272204153114838,0.0,0.4561417583759178,0.3287597886181698
0.1763381690845422,0.4010507880910684,0.5804353264948713,0.5178087447895774,0.4144479132148525,0.6290144234961718
0.617808904452226,0.3775331498623969,0.6272204153114838,0.4902331827615676,0.9863421525367564,0.5617908157036469
0.4952476238119059,0.4898674005504129,0.7528146109582188,0.5006714686851422,0.4941852555941189,0.5005040375324834
0.4954977488744371,0.4898674005504129,0.7528146109582188,0.5005336867991,0.4940945637197621,0.5005197342030452
0.7208604302151075,0.4625969477107832,0.5496622466850138,0.326288435041945,1.0,0.96140537523763
0.5107553776888444,0.4761070803102328,0.5216412309231925,0.6002773078465912,1.0,0.6872490712803251
0.7136068034017008,0.3587690768076058,0.6399799849887416,0.6712402113818302,0.7324955962118702,0.4720721349216038
0.5252626313156578,0.4193144858643984,0.7560670502877159,0.0,0.5559760712977658,0.5699391317997105
0.4664832416208103,0.5394045534150614,0.6129597197898424,0.6241606641435722,1.0,0.6223450825819279
0.4947473736868433,0.4891168376282213,0.7528146109582188,0.5006714686851422,0.4942323456058042,0.5005040375324834
0.4712356178089044,0.4035526644983739,0.6745058794095573,1.0,0.7424612379440849,0.4053996546732477
0.5417708854427213,0.2271703777833376,0.3652739554666,0.0,0.9626576207335578,0.5256221985803233
0.4942471235617808,0.4886164623467602,0.7530647985989494,0.500687165355704,0.4942462982018591,0.5004726441913598
0.4949974987493746,0.4901175881911435,0.7528146109582188,0.5005493834696618,0.4941242129863787,0.5005197342030452
0.5480240120060029,0.2969727295471605,0.4876157117838379,1.0,0.4502816680328583,0.4633290894187
0.4942471235617808,0.4886164623467602,0.7528146109582188,0.5006557720145804,0.494171302998064,0.5005336867991
0.5835417708854427,0.229672254190643,0.4573430072554416,0.5607984373092418,0.4965205713588084,0.3702234159443291
0.2313656828414206,0.3887915936952715,0.4358268701526145,0.3776095714808937,0.0,0.528705722308457
0.7991495747873936,0.3482611958969228,0.6907680760570429,0.5664753998290807,0.477565969618222,0.4896837992919057
0.6108054027013506,0.4143107330497874,0.7025268951713787,1.0,0.4063449430559673,0.3799745365121998
0.5647823911955977,0.2687015261446085,0.5326494871153366,0.0,0.4633744353558784,0.6032230496886827
0.8931965982991494,0.4190642982236678,0.8576432324243184,0.6588328653400073,0.0189232083994628,0.4916214660690304
0.5860430215107553,0.3149862396797599,0.5223917938453841,0.0,0.5923731621814884,0.549611943422223
0.6678339169584792,0.317738303727796,0.7975981986489868,0.4972530826516909,0.2783542912953242,0.6094947416153618
0.2266133066533266,0.3785339004253191,0.4896172129096823,0.4593770165861485,0.4356610914418264,0.2756527198841935
0.4647323661830915,0.4918689016762573,0.4555916937703278,0.6002476585799745,1.0,1.0
0.4954977488744371,0.4901175881911435,0.7528146109582188,0.5005947294068402,0.494171302998064,0.5005807768107854
0.4949974987493746,0.4891168376282213,0.7523142356767576,0.5006418194185256,0.4942462982018591,0.5005197342030452
0.5392696348174086,0.2819614711033276,0.6189642231673756,0.0,0.3220607984373093,0.5005947294068402
0.5915457728864432,0.2697022767075308,0.563422566925194,0.4163559307253606,0.5506496677538064,0.6855381341890926
0.4274637318659329,0.3107330497873406,0.4851138353765324,0.950845004098575,0.7109022097424001,0.6526379126916302
0.1453226613306653,0.3097322992244184,0.5604203152364274,0.453454139560842,0.9984442855398784,0.6101051676927638
0.508504252126063,0.3475106329747311,0.6880160120090069,0.0,0.5080576242217067,0.5590578509513926
0.3246623311655827,0.3284963722792094,0.597197898423818,0.5400282540070112,0.6216736138967857,0.492263285487556
0.5677838919459729,0.4220665499124344,0.8433825369026771,1.0,0.445412212009697,0.3464324955962118
0.5740370185092546,0.4135601701275958,0.6254691018263698,0.0,0.3987303137590038,0.4459929888204824
0.6250625312656327,0.375281461095822,0.5629221916437329,0.4008371557632942,1.0,0.4343181540715419
0.5635317658829414,0.3920440330247687,0.6852639479609708,0.0,0.4751556586497375,0.4811221375377156
0.4829914957478738,0.4520890668001002,0.6074555916937704,0.4428798158257321,1.0,0.5945549993895739
0.5785392696348174,0.266199649737303,0.4623467600700526,1.0,0.3286080541360727,0.6327362784938173
0.9092046023011504,0.3557668251188393,0.8706529897423069,0.5361215271116382,0.0033730400962729,0.4273296475225421
0.4942471235617808,0.4888666499874907,0.7525644233174882,0.5007028620262658,0.4942619948724209,0.5004726441913598
0.530265132566283,0.2571928946710033,0.3895421566174631,0.0,0.5370982088354814,0.6130195161937319
0.4944972486243121,0.4883662747060296,0.7525644233174882,0.500763904634006,0.4941852555941189,0.5004429949247432
0.5977988994497248,0.4625969477107832,0.6767575681761322,1.0,0.6550325269895529,0.6405968222962485
0.7523761880940469,0.3950462847135352,0.5969477107830874,0.6013760747859148,0.9708059368296214,0.7332438041753144
0.1630815407703851,0.3877908431323493,0.5043782837127847,0.4742243228630727,0.6397108324467621,0.684196940893315
0.5382691345672835,0.4503377533149864,0.7255441581185891,0.0,0.0723808361093186,0.4971920400439507
0.5770385192596298,0.3017262947210408,0.3114836127095322,0.1551406596089785,0.5804838062682037,0.2656260355442384
0.4999999999999999,0.4761070803102328,0.7605704278208658,0.5013115440291609,0.4945515112405602,0.5306590857561435
0.5325162581290644,0.2111583687765825,0.2967225419064299,0.1814639761410607,0.3721767793920156,0.7697629802745174
0.4954977488744371,0.4901175881911435,0.7530647985989494,0.5006714686851422,0.4941852555941189,0.5005040375324834
0.625312656328164,0.3224918689016763,0.6607455591693772,0.0,0.5021521879414689,0.4479010063309904
0.4952476238119059,0.4891168376282213,0.7523142356767576,0.5007028620262658,0.4941852555941189,0.5005493834696618
0.8306653326663331,0.3109832374280711,0.7738303727795848,0.5243106545511624,0.2946230182953415,0.4127544168686886
0.5150075037518759,0.2521891418563924,0.3124843632724544,0.9658928789437884,0.5677119486544465,0.4944747719622582
0.2136068034017008,0.482611958969227,0.6189642231673756,0.4920487643232119,0.0,0.103727087221166
0.4954977488744371,0.4901175881911435,0.7523142356767576,0.5005807768107854,0.4942323456058042,0.5005040375324834
0.4944972486243121,0.4891168376282213,0.7533149862396799,0.500687165355704,0.4941852555941189,0.5004883408619216
0.4219609804902451,0.4600950713034777,0.4418313735301477,0.5816907058269529,1.0,0.7854962764009279
0.5355177588794396,0.4255691768826621,0.5218914185639231,0.399096569405445,0.5207230932905453,0.4831836336048276
0.4949974987493746,0.487615711783838,0.7530647985989494,0.5004726441913598,0.4947346390637808,0.4913633430420147
0.4949974987493746,0.4896172129096824,0.7530647985989494,0.5006557720145804,0.4942462982018591,0.5005336867991
0.6560780390195097,0.2564423317488117,0.6482361771328498,1.0,0.4336920313235781,0.3923661858834609
0.4877438719359679,0.5436577433074807,0.905429071803853,0.0,0.7563789525088511,0.3318276156757417
0.4944972486243121,0.4493370027520642,0.8348761571178385,0.0349774142351361,0.8030155048223659,0.5452936149432304
0.4949974987493746,0.4893670252689518,0.7525644233174882,0.5006714686851422,0.4942462982018591,0.5005197342030452
0.4944972486243121,0.4893670252689518,0.7525644233174882,0.5006418194185256,0.4942009522646807,0.5005336867991
0.4954977488744371,0.4893670252689518,0.7535651738804104,0.5004726441913598,0.4941399096569405,0.5027626140188709
0.1758379189594797,0.4125594195646736,0.7673254941205905,0.3732458970647226,0.8786159024713536,0.5013272406997227
0.4954977488744371,0.4896172129096824,0.7530647985989494,0.500610426077402,0.4942009522646807,0.5004726441913598
0.7951475737868934,0.3927945959469603,0.850137603202402,0.5740603798594276,0.751800756928336,0.4466173674939393
0.2098549274637318,0.3907930948211159,0.5979484613460097,0.3654777892111551,1.0,0.5692990564556918
0.5787893946973486,0.2719539654741056,0.3995496622466851,0.9866630622460192,0.5871531471824476,0.5166960252541989
0.6763381690845421,0.215911933950463,0.5831873905429072,0.0012818947625443,0.7963165146415054,0.4270994296876362
0.4952476238119059,0.4898674005504129,0.7525644233174882,0.5006714686851422,0.4941852555941189,0.5004883408619216
0.5642821410705352,0.2807105328996748,0.4310733049787341,0.0,0.3135601792908593,0.5631947956816715
0.4954977488744371,0.4896172129096824,0.7528146109582188,0.500687165355704,0.4941556063275023,0.5004883408619216
0.7078539269634816,0.3567675756817614,0.6187140355266451,0.4470760590892443,0.3706507141985106,0.6457854439541657
0.4707353676838419,0.4170627970978234,0.6097072804603454,0.0,0.1011632976960775,0.296667073617385
0.5352676338169083,0.5386539904928698,0.6895171378533902,0.0,0.5617908157036469,0.4805727540680538
0.6013006503251626,0.2832124093069803,0.3725293970477858,1.0,0.7532500828435391,0.361051328112737
0.4104552276138069,0.210908181135852,0.8083562672004004,0.7445523832778136,0.5450790937788862,0.4613757259710135
0.220360180090045,0.5251438578934202,0.5336502376782588,0.5519315625163507,0.0,0.0929225456511502
0.4302151075537768,0.5303977983487617,0.4130597948461347,0.7741580480318119,1.0,0.974819052269913
0.5730365182591295,0.4155616712534402,0.5764323242431825,0.5741667684043462,1.0,0.8163384899802919
0.5827913956978489,0.317738303727796,0.5804353264948713,1.0,0.4842667038735895,0.3875909098836702
0.4952476238119059,0.4896172129096824,0.7525644233174882,0.5006714686851422,0.494171302998064,0.5005947294068402
0.5370185092546272,0.4025519139354517,0.6384788591443584,0.0,0.4860979821057956,0.4993738772520362
0.3081540770385192,0.4911183387540657,0.6299724793595197,0.4875473080209986,0.0,0.3831191028480736
0.4962481240620309,0.4883662747060296,0.7533149862396799,0.500610426077402,0.4941852555941189,0.5004569475207981
0.1273136568284142,0.2887165374030523,0.4563422566925195,0.3702687618815076,0.8846748173081954,0.740691002319619
0.4954977488744371,0.4901175881911435,0.7525644233174882,0.5005947294068402,0.4942009522646807,0.5005807768107854
0.5862931465732866,0.263447585689267,0.4303227420565425,0.0,0.6182238345222107,0.3340861921621292
0.5145072536268134,0.3477608206154617,0.589442081561171,0.0025184435879101,0.5642778659504334,0.2957060885641034
0.6233116558279139,0.2279209407055292,0.4293219914936202,0.4855172052950102,0.3470272250030521,0.6961909412770113
0.4947473736868433,0.4881160870652991,0.7528146109582188,0.5002895163681392,0.4948427716832063,0.4917749446256344
0.3866933466733366,0.4440830622967227,0.5786840130097575,0.4563091895285767,0.0,0.3632959520030696
0.4949974987493746,0.4893670252689518,0.7528146109582188,0.5007028620262658,0.4942166489352425,0.5004726441913598
0.4939969984992495,0.4888666499874907,0.7525644233174882,0.5005807768107854,0.4942323456058042,0.5004883408619216
0.1335667833916958,0.3900425318989243,0.8276207155366526,0.2530826516908803,1.0,0.7585154437797583
0.3166583291645822,0.4070552914686016,0.8756567425569178,0.592708024486806,0.8384045206411218,0.8707884960845527
0.4952476238119059,0.4898674005504129,0.7530647985989494,0.5006557720145804,0.494171302998064,0.5005336867991
0.712856428214107,0.3917938453840381,0.6514886164623469,0.3121875926539582,0.9952700699373878,0.7382649946805727
0.6453226613306653,0.4550913184888668,0.8751563672754568,0.548924778066519,0.1164692955683067,0.5408532012487574
0.8044022011005503,0.3942957217913436,0.6677508131098325,0.5170012382928999,0.8385579991977257,0.4912866037637128
0.5982991495747874,0.4198148611458595,0.6842631973980486,1.0,0.6557964316235589,0.4629628337722588
0.5142571285642821,0.3987990993244935,0.8411308481361022,0.0,0.6932451994349198,0.445565690566301
0.5670335167583791,0.4718538904178135,0.8366274706029524,1.0,0.6292115039154472,0.3970978600205801
0.364432216108054,0.6054540905679261,0.5479109331999,0.426733174041195,0.0,0.1999755829569039
0.4949974987493746,0.4873655241431074,0.7523142356767576,0.5007028620262658,0.4941852555941189,0.5004726441913598
0.4952476238119059,0.4898674005504129,0.7525644233174882,0.5005947294068402,0.4941852555941189,0.5005336867991
0.7698849424712355,0.3089817363022268,0.6805103827870904,0.5126811657394004,0.1136456389416956,0.4214992064460994
0.0562781390695347,0.4160620465349013,0.670252689517138,0.4141427001761515,0.9868147967281162,0.486830493398678
0.4952476238119059,0.4898674005504129,0.7520640480360272,0.5007935539006226,0.4942166489352425,0.5005040375324834
0.4952476238119059,0.4906179634726046,0.7525644233174882,0.5005807768107854,0.4942462982018591,0.5005947294068402
0.4949974987493746,0.4901175881911435,0.7528146109582188,0.5006714686851422,0.4942166489352425,0.5005040375324834
0.1583291645822911,0.3732799599699776,0.6157117838378785,0.607328601077838,0.6196435111707972,0.4960008371557633
0.4952476238119059,0.4898674005504129,0.7525644233174882,0.5006261227479638,0.4940945637197621,0.5004883408619216
0.6565782891445722,0.2842131598699025,0.610457843382537,1.0,0.25248792228404,0.4354012243403038
0.6380690345172586,0.2151613710282713,0.3972979734801101,0.0,0.7139839893960269,0.2663899401782444
0.4954977488744371,0.4901175881911435,0.7525644233174882,0.5006714686851422,0.4942166489352425,0.5004429949247432
0.4952476238119059,0.4898674005504129,0.7528146109582188,0.5007168146223206,0.4941399096569405,0.5004883408619216
0.1668334167083541,0.4080560420315238,0.4738553915436578,0.568367720669027,0.5717093674241763,0.4495945026771544
0.4947473736868433,0.4878658994245685,0.7520640480360272,0.5006418194185256,0.4942776915429827,0.5000610426077402
0.584792396198099,0.3862897172879661,0.6882661996497375,1.0,0.4703175959676997,0.5396776950311317
0.2836418209104552,0.5536652489367027,0.7683262446835127,0.4017057048677119,0.0,0.1790536651725762
0.5917958979489744,0.3069802351763824,0.7142857142857144,1.0,0.5000453459371784,0.3967612536407555
0.3594297148574287,0.4801100825619215,0.4991243432574431,0.7290161675706786,1.0,0.6911697507717529
0.5662831415707853,0.3902927195396548,0.7703277458093571,0.9994820098714616,0.5606920487643232,0.4565219666184139
0.3016508254127063,0.4000500375281462,0.5626720040030023,0.4642586811308579,0.8707117568062508,0.4141740935172751
0.1705852926463231,0.6740055041280962,0.5291468601451089,0.7254617437256919,1.0,0.5951654254669759
0.450225112556278,0.3770327745809358,0.3780335251438579,0.0,0.7686031707274534,0.603116661143764
0.5965482741370685,0.4228171128346261,0.4398298724043033,0.0782252297818162,0.628921987547308,0.3793344611681811
0.7178589294647323,0.291718789091819,0.7370527895921942,0.6290737220294051,0.0,0.5333903064338908
0.4954977488744371,0.4901175881911435,0.7528146109582188,0.5005947294068402,0.494171302998064,0.5005807768107854
0.4947473736868433,0.4896172129096824,0.7528146109582188,0.5005336867991,0.4942009522646807,0.5005493834696618
0.4949974987493746,0.4901175881911435,0.7525644233174882,0.500687165355704,0.4942009522646807,0.5004726441913598
0.7271135567783891,0.3014761070803103,0.7225419064298225,0.5311317299475034,0.4212393393445768,0.4704850271203586
0.5220110055027514,0.508631473605204,0.5166374781085815,0.2598130352128642,1.0,0.8999965118509863
0.51975987993997,0.4205654240680511,0.8146109582186641,0.3095313671800059,0.5836894152118178,0.5189546017405864
0.4957478739369684,0.4898674005504129,0.7528146109582188,0.5006261227479638,0.4942009522646807,0.5005650801402236
0.6038019009504751,0.4668501376032025,0.722792094070553,0.601665591154054,1.0,0.6819226677363657
0.7263631815907954,0.1330998248686515,0.3787840880660496,0.0003366063798245,0.1773287754852887,0.5928754556394649
0.5362681340670334,0.3732799599699776,0.6697523142356769,1.0,0.7710588276331165,0.4493799815128102
0.1468234117058529,0.5491618714035528,0.7533149862396799,0.5070966391684253,1.0,0.5501613268918848
0.1838419209604802,0.4090567925944459,0.5959469602201652,0.4990529675427734,0.1416955892355721,0.5529535901773723
0.5437718859429714,0.4983737803352516,0.8368776582436829,0.1147147566144025,0.5269808326211696,0.5611350436890664
0.3219109554777388,0.5431573680260197,0.6915186389792345,0.514772311073129,0.0,0.5226014615344368
0.1828414207103551,0.3219914936202153,0.6199649737302978,0.4722413101487696,0.9765439419572004,0.6803809058722988
0.4954977488744371,0.4898674005504129,0.7528146109582188,0.5005947294068402,0.494171302998064,0.5005650801402236
0.5210105052526263,0.4298223667750814,0.6639979984988743,0.4125416397788514,0.5229206271691926,0.550222369499625
0.4952476238119059,0.4896172129096824,0.7525644233174882,0.5005493834696618,0.4942009522646807,0.5005807768107854
0.5185092546273136,0.375281461095822,0.6224668501376033,0.0,0.6622512513734586,0.6035439593979455
0.4867433716858428,0.2449337002752065,0.5829372029021768,1.0,0.6406264715628651,0.3346512723023528
0.6185592796398198,0.4100575431573681,0.6327245434075558,0.5275145194202696,0.6121806163559307,0.6171093709123254
0.2496248124062031,0.3817863397548162,0.5381536152114087,0.5270732685700333,0.4751556586497375,0.4005615919912099
0.1755877938969485,0.3537653239929949,0.5033775331498624,0.4608106458307899,0.7834975670160629,0.7102917836649982
0.4939969984992495,0.4881160870652991,0.7525644233174882,0.500610426077402,0.4942009522646807,0.5005336867991
0.6060530265132565,0.27395546659995,0.3425068801601201,0.1730261436768578,0.1663864520292307,0.5861764654586044
0.6490745372686342,0.3927945959469603,0.7320490367775834,0.4261384446343548,0.5327345344193104,0.5703210841167135
0.4942471235617808,0.4886164623467602,0.7530647985989494,0.5006418194185256,0.4942776915429827,0.5004883408619216
0.1960980490245122,0.4731048286214662,0.9269452089066802,0.3868723511868427,1.0,0.5821929992849295
0.4949974987493746,0.4898674005504129,0.7533149862396799,0.5006418194185256,0.4941556063275023,0.5004726441913598
0.4952476238119059,0.4898674005504129,0.7523142356767576,0.5006557720145804,0.4941556063275023,0.5005197342030452
0.6280640320160079,0.2489367025268952,0.404553415061296,0.643007133264733,0.3727104661911157,0.3757782932486876
0.3489244622311155,0.5061295971978985,0.6572429321991495,0.6178732755463313,0.0,0.4202173116835551
0.1890945472736367,0.3317488116087066,0.4475856892669503,0.5218532535709925,4.5345937178475904e-05,0.598065821371889
0.4937468734367183,0.4883662747060296,0.7530647985989494,0.5008232031672393,0.4941556063275023,0.5004569475207981
0.6005502751375688,0.4263197398048537,0.6960220165123844,1.0,0.8787397317613408,0.6534907651254862
0.728864432216108,0.4353264948711535,0.7988491368526396,0.5056612658492771,0.0,0.3560004883408619
0.4942471235617808,0.4893670252689518,0.7528146109582188,0.5005947294068402,0.4941556063275023,0.5005197342030452
0.4954977488744371,0.4896172129096824,0.7528146109582188,0.5008232031672393,0.4942323456058042,0.5005197342030452
0.4682341170585292,0.3397548161120841,0.9987490617963476,1.0,0.0018469749027679,0.4112126550046218
0.1900950475237618,0.3812859644733551,0.4916187140355267,0.5609658684619007,0.7477265988803041,0.5103772433158345
0.5940470235117559,0.4453340005003754,0.7082812109081813,0.9707152449552644,0.3663480823900797,0.6132793832952543
0.4949974987493746,0.4896172129096824,0.7530647985989494,0.5007168146223206,0.4942323456058042,0.5004429949247432
0.4947473736868433,0.4893670252689518,0.7530647985989494,0.5006714686851422,0.4941556063275023,0.5004726441913598
0.4952476238119059,0.4898674005504129,0.7525644233174882,0.5006714686851422,0.4942009522646807,0.5005040375324834
0.530265132566283,0.1403552664498374,0.3795346509882412,0.7170832097947224,0.3774874862654133,0.6821964874339431
0.4952476238119059,0.490367775831874,0.7525644233174882,0.5006557720145804,0.494171302998064,0.5005336867991
0.568784392196098,0.4428321240930699,0.6327245434075558,0.6643580933777491,1.0,0.7180738441146206
0.4944972486243121,0.4881160870652991,0.7528146109582188,0.5006418194185256,0.4941556063275023,0.5004116015836196
0.4954977488744371,0.4898674005504129,0.7530647985989494,0.5006418194185256,0.4942462982018591,0.5005040375324834
0.5860430215107553,0.096322241681261,0.2239179384538404,0.0005336867991,0.4287475800966217,0.6011022550883374
0.4952476238119059,0.4898674005504129,0.7528146109582188,0.500610426077402,0.4942462982018591,0.5004726441913598
0.8176588294147072,0.4050537903427572,0.6564923692769579,0.5788060065926016,0.0,0.3915272860456599
0.4952476238119059,0.4901175881911435,0.7528146109582188,0.5006261227479638,0.4941242129863787,0.5005493834696618
0.1338169084542271,0.2979734801100826,0.4080560420315237,0.437065071419851,1.0,0.8115928632471179
0.4947473736868433,0.4878658994245685,0.7530647985989494,0.5006557720145804,0.4942009522646807,0.5005197342030452
0.4954977488744371,0.490367775831874,0.7525644233174882,0.500687165355704,0.4941242129863787,0.5005197342030452
0.4949974987493746,0.4901175881911435,0.7528146109582188,0.5006714686851422,0.4941556063275023,0.5004726441913598
0.4949974987493746,0.4868651488616464,0.7525644233174882,0.5007168146223206,0.4940945637197621,0.5005807768107854
0.5592796398199099,0.3297473104828622,0.6479859894921192,0.0,0.421453860508921,0.7923487451383923
0.4954977488744371,0.4901175881911435,0.7525644233174882,0.5006418194185256,0.4942323456058042,0.5005197342030452
0.2876438219109555,0.4583437578183639,0.5571678759069303,0.5889704728185988,0.0561748957915482,0.4327467429408584
0.4959979989994997,0.4891168376282213,0.751063297473105,0.5007778572300609,0.4943073408095993,0.5005493834696618
0.4974987493746873,0.1871403552664499,0.3727795846885164,0.7949875298672759,0.554357570155397,0.3871165216178035
0.4804902451225612,0.4926194645984489,0.6242181636227171,0.5996215358320107,0.0,0.4480230915464708
0.4949974987493746,0.4896172129096824,0.7523142356767576,0.5005807768107854,0.4941556063275023,0.5006261227479638
0.3754377188594296,0.2324243182386791,0.8573930447835878,0.2267418944137293,0.6626332036904616,0.5647976001534786
0.7368684342171085,0.3332499374530899,0.7475606705028772,0.6525908226799448,0.0617140764253448,0.5393881786629925
0.7276138069034517,0.3897923442581937,0.8869151863897924,0.5675445175017877,0.4975425990198301,0.5018155815616443
0.1645822911455727,0.4600950713034777,0.6267200400300226,0.5894884629471371,0.0001220852154804,0.690636063972653
0.5757878939469734,0.500375281461096,0.6557418063547662,0.9996790902907372,0.628693513786909,0.4960322304968868
0.4944972486243121,0.4881160870652991,0.7528146109582188,0.5007778572300609,0.4941556063275023,0.5004883408619216
0.5385192596298148,0.5091318488866652,0.725043782837128,0.6902384149850882,0.440361372237822,0.4760712977658405
0.1608304152076037,0.4130597948461347,0.5984488366274707,0.4176849154995901,0.0405322915394946,0.4332350838027801
0.4942471235617808,0.4886164623467602,0.7530647985989494,0.5006714686851422,0.4942462982018591,0.5005650801402236
0.5205102551275638,0.4500875656742558,0.7948461346009508,1.0,0.5637441791513333,0.408130875350995
0.4954977488744371,0.4901175881911435,0.7528146109582188,0.5006261227479638,0.4941242129863787,0.5005650801402236
0.5032516258129064,0.4645984488366276,0.3142356767575682,0.4896227566841655,1.0,0.9992988820482412
0.2056028014007003,0.411808856642482,0.902176632474356,0.2667718924952474,1.0,0.5080733208922685
0.5260130065032516,0.4075556667500626,0.7788341255941957,0.4778711826569231,0.611617280290214,0.5297120532989169
0.4952476238119059,0.490367775831874,0.7528146109582188,0.5006714686851422,0.4941556063275023,0.5005197342030452
0.4939969984992495,0.4861145859394547,0.7533149862396799,0.5006418194185256,0.4942619948724209,0.4961996616495456
0.4947473736868433,0.4893670252689518,0.7530647985989494,0.5005040375324834,0.4943073408095993,0.5004883408619216
0.2003501750875437,0.4763572679509633,0.5719289467100326,0.5985995081709891,0.0,0.5231665416746604
0.6008004002001,0.312734550913185,0.7267950963222418,0.4315258907860544,0.0,0.3921377121230619
0.5900450225112556,0.1983987990993246,0.5826870152614462,0.0184959101452814,0.6311352180965171,0.3669271151263582
0.4947473736868433,0.4891168376282213,0.7528146109582188,0.5005650801402236,0.4942323456058042,0.5005807768107854
0.8124062031015507,0.3845384038028522,0.8171128346259696,0.4358128259239234,0.0,0.1721244571568097
0.5967983991995998,0.0805604203152364,0.336502376782587,0.6876746254599997,0.393663777316567,0.4038125468720023
0.4942471235617808,0.4888666499874907,0.7528146109582188,0.5007028620262658,0.4941242129863787,0.5004726441913598
0.5785392696348174,0.2639479609707281,0.5706780085063798,1.0,0.6513699705251408,0.43125032701397
0.6033016508254126,0.4245684263197399,0.6484863647735803,1.0,0.4317997104836318,0.3760067670090866
0.5692846423211605,0.3672754565924444,0.7465599199399551,0.0,0.5355424943753597,0.4725308265169088
0.1763381690845422,0.3585188891668752,0.4193144858643983,0.6119521425955317,0.0049444512269564,0.3442646109841812
0.54152076038019,0.2289216912684514,0.5571678759069303,0.0858555557493416,0.4965659172959868,0.4032631634023405
0.6138069034517258,0.4758568926695022,0.832374280710533,0.0,0.3582590648272494,0.5849713099743621
0.4952476238119059,0.4898674005504129,0.7530647985989494,0.5006557720145804,0.4942009522646807,0.5004429949247432
0.3009004502251125,0.378033525143858,0.4505879409557168,0.5349163716273959,0.4406979786176465,0.4337530739313183
0.4952476238119059,0.4901175881911435,0.7525644233174882,0.5006714686851422,0.494171302998064,0.5005197342030452
0.4952476238119059,0.4901175881911435,0.7528146109582188,0.5007028620262658,0.4942009522646807,0.5005493834696618
0.1003001500750375,0.6009507130347762,0.8238679009256944,0.569588572823831,1.0,0.5996372325025725
0.329664832416208,0.5186389792344259,0.6197147860895673,0.5751138008615728,0.0,0.3534070495491567
0.5140070035017508,0.5131348511383539,0.8068551413560172,0.0829569039189354,0.4567661370493747,0.4970246088912918
0.9082041020510254,0.3092319239429573,0.7245434075556669,0.5119643511170797,0.3882920278354291,0.5037392957427141
0.4954977488744371,0.4901175881911435,0.7523142356767576,0.5005947294068402,0.4941556063275023,0.5005040375324834
0.5015007503751875,0.3735301476107081,0.6910182636977734,0.0,0.4384533547273139,0.5810802797495509
0.4952476238119059,0.4901175881911435,0.7528146109582188,0.5006714686851422,0.4941399096569405,0.5005493834696618
0.5187593796898449,0.4190642982236678,0.524143107330498,0.4544011720180686,1.0,0.5125294312573033
0.5175087543771886,0.4098073555166376,0.7455591693770329,0.6091598793100441,0.5276976472434902,0.4378132793832953
0.6465732866433216,0.4130597948461347,0.6399799849887416,0.0,0.7605612431763085,0.5171076268378185
0.4942471235617808,0.4893670252689518,0.7528146109582188,0.5005336867991,0.4942916441390376,0.5004272982541814
0.4942471235617808,0.4891168376282213,0.7528146109582188,0.5006557720145804,0.494171302998064,0.5005650801402236
0.2221110555277639,0.5223917938453841,0.8468851638729048,0.4040410206324014,1.0,0.658634040846225
0.4949974987493746,0.4901175881911435,0.7523142356767576,0.5006418194185256,0.4941399096569405,0.5004883408619216
0.5495247623811905,0.4180635476607456,0.7035276457343008,0.4563702321363169,0.5036939498055357,0.4857003331182308
0.4952476238119059,0.4898674005504129,0.7530647985989494,0.5006261227479638,0.4941852555941189,0.500610426077402
0.4954977488744371,0.4898674005504129,0.7530647985989494,0.5007028620262658,0.4942009522646807,0.5005040375324834
0.5572786393196598,0.3872904678508883,0.6820115086314738,1.0,0.5624012417810489,0.4330362593089977
0.2908954477238619,0.3099824868651489,0.7030272704528397,0.018755777246804,1.0,0.9540192197010656
0.5105052526263131,0.3229922441831374,0.4065549161871404,1.0,0.4745452325723355,0.4939881751748434
0.124312156078039,0.4013009757317989,0.5571678759069303,0.7092697560039765,0.7413014283970211,0.6086558417775607
0.2708854427213606,0.4991243432574432,0.5379034275706781,0.4529657986989204,1.0,0.9057048677119486
0.6305652826413206,0.1958969226920191,0.4118088566424819,0.4380731464848178,0.3849032910685944,0.4893471929120812
0.6220610305152575,0.099074305729297,0.2364273204903678,0.7531436942986205,0.5348396323490939,0.5085459650836284
0.4949974987493746,0.4901175881911435,0.7530647985989494,0.5007028620262658,0.4942166489352425,0.5004569475207981
0.8686843421710855,0.289467100325244,0.7413059794846135,0.5579747806826307,0.2437274360360675,0.4149223014807193
0.4974987493746873,0.3222416812609458,0.8956717538153617,1.0,0.4315712367232328,0.5795542145560458
0.4224612306153076,0.3099824868651489,0.719539654741056,0.8638435913982245,0.1550639203306765,0.4036433716448366
0.493496748374187,0.4883662747060296,0.7535651738804104,0.500687165355704,0.4942323456058042,0.5004726441913598
0.4954977488744371,0.4896172129096824,0.7523142356767576,0.500687165355704,0.494171302998064,0.5005197342030452
0.4954977488744371,0.4896172129096824,0.7525644233174882,0.5005807768107854,0.4942776915429827,0.5005650801402236
0.4942471235617808,0.4883662747060296,0.7530647985989494,0.5006557720145804,0.4941852555941189,0.500381952317003
0.8311655827913956,0.2989742306730049,0.7778333750312736,0.4634354779636186,0.0711442872839527,0.3879711181261663
0.6500750375187593,0.2974731048286215,0.5576682511883914,1.0,0.8774421403282349,0.338160350210161
0.5770385192596298,0.4530898173630224,0.7653239929947462,0.0,0.3207946003453267,0.5866805029910878
0.4874937468734366,0.4841130848136103,0.756567425569177,0.4996023510124353,0.4929347541726983,0.5251338577184017
0.4954977488744371,0.4901175881911435,0.7528146109582188,0.5005947294068402,0.494171302998064,0.5004883408619216
0.4949974987493746,0.4898674005504129,0.7533149862396799,0.5007168146223206,0.4942009522646807,0.5005493834696618
0.6173086543271635,0.3417563172379285,0.8158618964223168,0.4629924830388754,0.5846364476690444,0.5318956345815093
0.5867933966983491,0.4105579184388293,0.5486614961220917,1.0,0.5513054397683869,0.4184470760590892
0.4377188594297148,0.4053039779834877,0.6672504378283715,0.3991872612798018,0.0,0.2441250850236321
0.5672836418209104,0.1856392294220666,0.4023017262947211,0.5681845928458064,0.3218009313357867,0.540349163716274
0.4954977488744371,0.490367775831874,0.7525644233174882,0.5005807768107854,0.4942323456058042,0.5005650801402236
0.5285142571285643,0.3745308981736303,0.7240430322742057,0.0,0.5686572370371662,0.5327031410781868
0.4939969984992495,0.4886164623467602,0.7530647985989494,0.5006714686851422,0.4942166489352425,0.5004569475207981
0.5852926463231616,0.4150612959719791,0.6805103827870904,1.0,0.5148647470219928,0.3229764375534123
0.3586793396698349,0.563422566925194,0.6437327995996999,0.4876240472993006,0.0,0.4147688229241153
0.5617808904452225,0.3477608206154617,0.6099574681010759,0.0005650801402236,0.4474719640023021,0.6626628529570784
0.4949974987493746,0.4898674005504129,0.7528146109582188,0.500610426077402,0.494171302998064,0.5004569475207981
0.5432716358179089,0.4450838128596449,0.7553164873655243,0.0,0.3233880391370319,0.6318363360482759
0.4952476238119059,0.4901175881911435,0.7530647985989494,0.5006418194185256,0.4942166489352425,0.5001988244937824
0.4949974987493746,0.490367775831874,0.7530647985989494,0.500763904634006,0.4941852555941189,0.5005197342030452
0.2493746873436718,0.508631473605204,0.5053790342757069,0.3755498194882886,1.0,0.9072919755131938
0.4419709854927463,0.257943457593195,0.2962221666249688,0.2512199801175506,0.2903186424124039,0.4669602525419886
0.1063031515757879,0.304978734050538,0.4320740555416563,0.601437117393655,0.9999546540628216,0.6052374557441094
0.7243621810905452,0.3890417813360021,0.6817613209907432,0.4559272372115737,0.0,0.3187331042782148
0.5577788894447223,0.3470102576932701,0.5168876657493121,1.0,0.332026440169524,0.4418717407607653
0.5390195097548773,0.4483362521891419,0.8276207155366526,0.4522943300137781,0.6275180075692833,0.4420705652545477
0.4954977488744371,0.4898674005504129,0.7528146109582188,0.5006557720145804,0.4941852555941189,0.5005040375324834
0.4949974987493746,0.4888666499874907,0.7528146109582188,0.5006261227479638,0.4941556063275023,0.5005807768107854
0.4837418709354676,0.360270202651989,0.7025268951713787,0.0,0.7154193627151751,0.8002075448663166
0.4852426213106552,0.2772079059294472,0.4188141105829372,0.0,0.5573643546052287,0.478711826569231
0.5092546273136568,0.4205654240680511,0.6084563422566927,0.4755533076373022,1.0,0.5338176046880723
0.2413706853426713,0.5223917938453841,0.591693770327746,0.4196068856061531,1.0,0.4341507229188831
0.597048524262131,0.1861396047035277,0.3995496622466851,0.841761864066833,0.2841829882972601,0.4252838481259919
0.4954977488744371,0.490367775831874,0.7530647985989494,0.5005197342030452,0.4942619948724209,0.5004883408619216
0.477488744372186,0.5699274455841883,0.4866149612209158,0.2832080506479236,1.0,0.9508153548319584
0.4954977488744371,0.4898674005504129,0.7525644233174882,0.500610426077402,0.4942009522646807,0.5006261227479638
0.5152576288144072,0.4380785589191895,0.5316487365524144,0.64860735650627,0.0,0.4967647417897692
0.4952476238119059,0.4898674005504129,0.7525644233174882,0.500610426077402,0.4941852555941189,0.5005493834696618
0.4952476238119059,0.4901175881911435,0.7528146109582188,0.5005947294068402,0.4941852555941189,0.5005040375324834
0.8836918459229613,0.2809607205404054,0.7340505379034277,0.5683363273279034,0.3631878193836441,0.3592200498805309
0.5360180090045021,0.5726795096322244,0.8971728796597449,0.9888902453912832,0.5251495543889635,0.6989832045624988
0.4944972486243121,0.4878658994245685,0.7530647985989494,0.5007325112928824,0.4942009522646807,0.5004429949247432
0.5950475237618809,0.4530898173630224,0.8033525143857895,0.8092261541413048,0.4969164762718663,0.4551947259186912
0.4952476238119059,0.4898674005504129,0.7530647985989494,0.500610426077402,0.4942323456058042,0.5004569475207981
0.5547773886943471,0.3890417813360021,0.6559919939954968,0.587962397753632,0.653415769921691,0.4060100807506497
0.56128064032016,0.388541406054541,0.665248936702527,1.0,0.5592270261785584,0.4078710082494724
0.4952476238119059,0.4901175881911435,0.7528146109582188,0.5006714686851422,0.4941852555941189,0.5004272982541814
0.4469734867433716,0.5439079309482113,0.6905178884163123,0.4887228142386243,1.0,0.550450843260024
0.4947473736868433,0.4891168376282213,0.7525644233174882,0.5007028620262658,0.4941399096569405,0.5004883408619216
0.4957478739369684,0.4896172129096824,0.7528146109582188,0.500687165355704,0.4942166489352425,0.5005336867991
0.4952476238119059,0.487615711783838,0.7528146109582188,0.500610426077402,0.4943230374801611,0.4997104836318607
0.3301650825412706,0.4778583937953466,0.7107830873154868,0.5543122242182186,0.0,0.4569649615431571
0.4957478739369684,0.4901175881911435,0.7530647985989494,0.5007028620262658,0.4942166489352425,0.5005807768107854
0.4954977488744371,0.4901175881911435,0.7528146109582188,0.5006261227479638,0.4942776915429827,0.5005493834696618
0.5090045022511255,0.4796097072804605,0.8794095571678759,0.0071716343722204,0.6630761986152048,0.5538849259640372
0.232616308154077,0.440580435326495,0.6024518388791594,0.541036329071978,0.2178610670247833,0.4538517885484068
0.6313156578289144,0.360270202651989,0.4881160870652991,0.5656521966618414,0.0,0.4367441617105883
0.7223611805902951,0.2939704778583939,0.7713284963722793,0.4587508938381848,0.1561783839405619,0.4973437745260478
0.2156078039019509,0.3930447835876909,0.6632474355766826,0.1642970507700089,1.0,0.634216997750144
0.3966983491745872,0.4350763072304229,0.6537403052289218,0.5261419327833685,0.0,0.2000819715018225
0.4952476238119059,0.4896172129096824,0.7528146109582188,0.5005947294068402,0.4942009522646807,0.5005493834696618
0.4949974987493746,0.4891168376282213,0.7528146109582188,0.5006418194185256,0.4942462982018591,0.5005947294068402
0.4949974987493746,0.4893670252689518,0.7528146109582188,0.5007028620262658,0.494108516315817,0.5004429949247432
0.5347673836918458,0.3460095071303478,0.6587440580435328,1.0,0.5480248356209777,0.6689502415543191
0.4954977488744371,0.4898674005504129,0.7525644233174882,0.5005807768107854,0.4942916441390376,0.5004883408619216
0.4952476238119059,0.4898674005504129,0.7528146109582188,0.5006261227479638,0.4942009522646807,0.5005493834696618
0.4954977488744371,0.4896172129096824,0.7530647985989494,0.5006557720145804,0.4941242129863787,0.5005040375324834
0.4944972486243121,0.4888666499874907,0.7530647985989494,0.5006714686851422,0.4942323456058042,0.5004569475207981
0.4144572286143071,0.3615211408556418,0.331498623967976,0.265275476568359,1.0,0.8973577271221027
0.493496748374187,0.4871153365023769,0.7535651738804104,0.5005650801402236,0.4942776915429827,0.5004726441913598
0.4939969984992495,0.4888666499874907,0.7525644233174882,0.5007168146223206,0.4941556063275023,0.5005336867991
0.553776888444222,0.2927195396547412,0.5941956467350514,1.0,0.4808483178401381,0.5101627221514903
0.610305152576288,0.2649487115336503,0.3269952464348262,0.6150496189197202,0.3953886670038544,0.4639552121666637
0.6980990495247623,0.2687015261446085,0.7312984738553917,0.5492456877757818,0.0870171093709123,0.3470586183441757
0.667583791895948,0.088566424818614,0.4786089567175382,0.2092226659922911,0.3502014406055427,0.626084378324642
0.4939969984992495,0.4893670252689518,0.7530647985989494,0.5006557720145804,0.4942323456058042,0.5004569475207981
0.3081540770385192,0.5604203152364274,0.7618213660245186,0.6921621291661579,1.0,0.4813506112981146
0.4952476238119059,0.4898674005504129,0.7528146109582188,0.500687165355704,0.4941556063275023,0.5005336867991
0.8949474737368683,0.273455091318489,0.6614961220915688,0.6400160454854631,0.0063327345344194,0.2473289498927394
0.4949974987493746,0.4891168376282213,0.7520640480360272,0.5006557720145804,0.4941852555941189,0.5005197342030452
0.6895947973986993,0.3147360520390294,0.5531648736552415,0.412953241362471,0.1049618919720251,0.2545930202138236
0.4942471235617808,0.4883662747060296,0.7528146109582188,0.5005650801402236,0.4942166489352425,0.5005336867991
0.4027013506753376,0.5236427320490369,0.5956967725794347,0.4373702844585521,1.0,0.6281441303172471
0.5370185092546272,0.3377533149862398,0.6692519389542158,0.0,0.3867956119085407,0.265962641924063
0.4809904952476238,0.3997998498874157,0.7240430322742057,0.0,0.4936969147321973,0.5551511240560196
0.4957478739369684,0.4856142106579936,0.7523142356767576,0.5007935539006226,0.4940631703786385,0.5005493834696618
0.4959979989994997,0.490367775831874,0.751563672754566,0.500687165355704,0.4940945637197621,0.5004429949247432
0.4944972486243121,0.4883662747060296,0.7528146109582188,0.5006557720145804,0.4941852555941189,0.5004726441913598
0.5360180090045021,0.4663497623217414,0.6927695771828872,0.0,0.284031253815163,0.2920435320996913
0.6220610305152575,0.2511883912934702,0.3722792094070554,0.0,0.3527495334600694,0.5032352582102307
0.6213106553276637,0.4343257443082313,0.6252189141856394,1.0,0.3934039102150444,0.4158222439262605
0.4977488744372185,0.4333249937453091,0.6359769827370529,0.0,0.3223660114760103,0.4370040288121108
0.4927463731865932,0.4893670252689518,0.7538153615211409,0.5006557720145804,0.4942776915429827,0.5005493834696618
0.5712856428214106,0.1976482361771329,0.4035526644983738,0.4314334548371906,0.3788757695728761,0.5047159774665574
0.4949974987493746,0.4896172129096824,0.7523142356767576,0.500610426077402,0.4942009522646807,0.5005493834696618
0.4954977488744371,0.4901175881911435,0.7530647985989494,0.5006418194185256,0.4941556063275023,0.5005336867991
0.4599799899949974,0.5561671253440081,0.5676757568176133,0.2619791757503881,1.0,0.767717180877967
0.4949974987493746,0.4898674005504129,0.7533149862396799,0.500610426077402,0.4941399096569405,0.5005807768107854
0.4949974987493746,0.4891168376282213,0.7525644233174882,0.500687165355704,0.4941852555941189,0.5004726441913598
0.6248124062031015,0.229171878909182,0.4823617713284964,1.0,0.4204161361773375,0.4983518495910145
0.4954977488744371,0.4896172129096824,0.7528146109582188,0.5006557720145804,0.4941556063275023,0.5005040375324834
0.5832916458229114,0.4906179634726046,0.7613209907430574,0.8146746429007448,0.4805274081308753,0.3307602420775415
0.8229114557278638,0.294971228421316,0.6149612209156868,0.6963740691002319,0.801016795437501,0.6158135235537262
0.2721360680340169,0.5001250938203654,0.7010257693269953,0.3826918045938923,1.0,0.7069797861764655
0.8434217108554276,0.440580435326495,0.5939454590943208,0.2592933010098191,0.9848300399393062,0.8025568132270611
0.8131565782891444,0.3272454340755568,0.5871903927945961,0.5323211887611838,0.9662277412491064,0.4421473045328496
0.5287643821910955,0.4193144858643984,0.7630723042281713,0.3381917435512845,0.51255908052392,0.5248600380208243
0.5215107553776888,0.2682011508631474,0.4868651488616463,0.0,0.6876606728639447,0.453607618117446
0.4949974987493746,0.4898674005504129,0.7528146109582188,0.500610426077402,0.4941399096569405,0.5005807768107854
0.6478239119559779,0.2544408306229673,0.5211408556417314,1.0,0.4303503845684288,0.4729267314299666
0.513256628314157,0.2967225419064299,0.4253189892419315,1.0,0.3003610234229206,0.5035701205155484
0.4952476238119059,0.4898674005504129,0.7530647985989494,0.5006261227479638,0.4942166489352425,0.5004883408619216
0.1693346673336668,0.4758568926695022,0.5504128096072055,0.5134904163105848,2.9649266616693648e-05,0.5283848125991942
0.4952476238119059,0.4898674005504129,0.7528146109582188,0.5006714686851422,0.4942462982018591,0.5005040375324834
0.4952476238119059,0.4901175881911435,0.7528146109582188,0.5006557720145804,0.4942166489352425,0.5005493834696618
0.5560280140070034,0.3587690768076058,0.6484863647735803,0.0,0.5324450180511712,0.394884629471371
0.4952476238119059,0.4898674005504129,0.7528146109582188,0.5006418194185256,0.4941556063275023,0.5005493834696618
0.6545772886443221,0.2919689767325495,0.7212909682261698,0.5522681688961752,0.2658562533791443,0.5609048258541605
0.4952476238119059,0.4896172129096824,0.7530647985989494,0.500687165355704,0.4941852555941189,0.5004883408619216
0.9967483741870934,0.2646985238929198,0.7280460345258946,0.481702914348501,0.1671189633221131,0.4612989866927115
0.5817908954477238,0.4168126094570929,0.65749311983988,0.5748835830266669,0.0,0.4559725831487521
0.5110055027513757,0.4963722792094072,0.5836877658243684,0.4512879990233183,1.0,0.5211050456075483
0.8629314657328664,0.3410057543157369,0.8563922942206657,0.5719395852590823,0.0138863212236426,0.3168564801088303
0.4939969984992495,0.4893670252689518,0.7520640480360272,0.5006714686851422,0.4942462982018591,0.5005040375324834
0.7098549274637318,0.4420815611708782,0.342006504878659,0.3029841114812425,0.0,0.000838899837801
0.5890445222611305,0.4871153365023769,0.7670753064798601,0.4168756649284058,0.6819994070146677,0.4318154071541936
0.5430215107553776,0.3850387790843133,0.6925193895421567,0.0,0.5435687252559429,0.4895460174058635
0.601800900450225,0.268451338503878,0.5248936702526896,1.0,0.729902157420165,0.3129497532134573
0.5447723861930965,0.5181386039529648,0.4993745308981737,0.6320805064792367,0.0,0.5544796553708774
0.4949974987493746,0.4891168376282213,0.7525644233174882,0.5006714686851422,0.4941556063275023,0.5005197342030452
0.196848424212106,0.4443332499374532,0.6169627220415312,0.4919127265116765,1.0,0.7164727837173204
0.5540270135067533,0.4535901926444834,0.71228421315987,1.0,0.0074471981443047,0.2478626366918394
0.0322661330665332,0.3585188891668752,0.6782586940205155,0.4473359261907669,1.0,0.4629157437605734
0.1963481740870435,0.3867900925694272,0.5033775331498624,0.3977379353645988,0.019517937806303,0.560020580079181
0.5252626313156578,0.4668501376032025,0.7708281210908182,1.0,0.8368784554476167,0.5105603711390551
0.5145072536268134,0.3982987240430324,0.6602451838879161,0.2126114027591258,0.4847236513943875,0.4916825086767706
0.8246623311655827,0.3422566925193896,0.63922942206655,0.3855608071576817,0.0,0.1463644766904442
0.4944972486243121,0.4891168376282213,0.7528146109582188,0.500610426077402,0.4941556063275023,0.5005650801402236
0.4947473736868433,0.4896172129096824,0.7530647985989494,0.500610426077402,0.4942166489352425,0.5002598671015226
0.4952476238119059,0.4898674005504129,0.7525644233174882,0.5006557720145804,0.4942009522646807,0.5004726441913598
0.4942471235617808,0.5436577433074807,0.7055291468601452,0.7158170117027399,0.0,0.4769572876153269
0.4947473736868433,0.4883662747060296,0.7533149862396799,0.5007778572300609,0.4942323456058042,0.5004116015836196
0.5177588794397198,0.576182136602452,0.6457343007255443,0.6483335368086924,0.0,0.467997976873572
0.5827913956978489,0.3405053790342758,0.3552664498373781,0.0,0.5458116050717686,0.5453703542215323
0.4944972486243121,0.4886164623467602,0.7528146109582188,0.5007028620262658,0.4941852555941189,0.5004726441913598
0.1435717858929464,0.5586690017513136,0.297723292469352,0.870682107539634,1.0,0.9901878368243892
0.5955477738869435,0.3455091318488867,0.8343757818363774,1.0,0.5589218131398573,0.4691891797617594
0.2038519259629815,0.4238178633975483,0.6539904928696524,0.5639116103039922,0.1486091005807768,0.5160995517728517
0.5647823911955977,0.3720290217663248,0.6900175131348513,0.0,0.6006139142264157,0.5182063937771422
0.4494747373686842,0.2084063047285465,0.490367775831874,1.0,0.3342693199853498,0.4038264994680572
0.5002501250625312,0.4195646735051289,0.6987740805604205,0.0,0.5180232659539216,0.5432024696095017
0.4947473736868433,0.4891168376282213,0.7528146109582188,0.5005947294068402,0.4942009522646807,0.5005947294068402
0.584792396198099,0.4213159869902428,0.7998498874155617,1.0,0.6319741179343181,0.3863072710466191
0.2078539269634817,0.3775331498623969,0.6882661996497375,0.5082860979821058,0.8551615885030608,0.4186912464900501
0.4944972486243121,0.4883662747060296,0.7528146109582188,0.5006261227479638,0.4942916441390376,0.5005336867991
0.4954977488744371,0.4898674005504129,0.7525644233174882,0.500687165355704,0.4941852555941189,0.5005807768107854
0.4957478739369684,0.4901175881911435,0.7530647985989494,0.5006557720145804,0.494171302998064,0.5005336867991
0.4954977488744371,0.4898674005504129,0.7530647985989494,0.5006418194185256,0.4942619948724209,0.5004726441913598
0.3869434717358679,0.5321491118338756,0.6367275456592445,0.5661544901198179,1.0,0.4933463557563179
0.4952476238119059,0.4898674005504129,0.7530647985989494,0.5006714686851422,0.494171302998064,0.5006557720145804
0.6223111555777888,0.2744558418814111,0.3397548161120841,1.0,0.4451680415787362,0.6206969321729424
0.5680340170085042,0.4168126094570929,0.6194645984488367,0.0,0.5674067356157455,0.6787031061966967
0.4952476238119059,0.4898674005504129,0.7530647985989494,0.5005807768107854,0.4941399096569405,0.5005650801402236
0.3084042021010504,0.5751813860395298,0.7435576682511885,0.3815930376545686,1.0,0.4897448418996459
0.4949974987493746,0.4886164623467602,0.7525644233174882,0.5007325112928824,0.4942166489352425,0.5005336867991
0.4952476238119059,0.4898674005504129,0.7525644233174882,0.5005650801402236,0.4941242129863787,0.5004883408619216
0.5065032516258129,0.5341506129597199,0.2459344508381286,0.6169279871636116,1.0,1.0
0.2708854427213606,0.4005504128096073,0.5854390793094822,0.517076233496695,0.3073338333013586,0.4384080087901355
0.4952476238119059,0.4898674005504129,0.7525644233174882,0.5006261227479638,0.4942166489352425,0.5004883408619216
0.8289144572286142,0.3172379284463348,0.6825118839129348,0.3923365366168442,0.2191272651167657,0.4961996616495456
0.5027513756878439,0.6054540905679261,0.7120340255191395,0.0002895163681392,0.0,0.0446064495875264
0.545272636318159,0.3865399049286966,0.751063297473105,1.0,0.574487678113609,0.4822679944887245
0.4954977488744371,0.4901175881911435,0.7528146109582188,0.5006418194185256,0.4942462982018591,0.5005197342030452
0.3489244622311155,0.5181386039529648,0.5231423567675758,0.5266913162530303,1.0,0.8304550290388406
0.4952476238119059,0.4896172129096824,0.7535651738804104,0.5006418194185256,0.4942166489352425,0.5004116015836196
0.545272636318159,0.6274706029522144,0.84013009757318,0.0,0.5415089732633378,0.5130945113975269
0.5945472736368184,0.3892919689767327,0.3294971228421316,0.2326787240350907,0.0021521879414688,0.4123724645516856
0.4954977488744371,0.4901175881911435,0.7528146109582188,0.500687165355704,0.4942009522646807,0.5005650801402236
0.0965482741370685,0.3977983487615713,0.7908431323492621,0.4448174826028568,0.8825993686450285,0.5029910877792699
0.8261630815407703,0.3995496622466851,0.5981986489867401,0.4627326159373528,0.9161274569649616,0.6908959310741755
0.4954977488744371,0.4901175881911435,0.7525644233174882,0.5006557720145804,0.4941852555941189,0.5005040375324834
0.4942471235617808,0.4886164623467602,0.7528146109582188,0.5006714686851422,0.494171302998064,0.5005336867991
0.4954977488744371,0.4901175881911435,0.7528146109582188,0.500610426077402,0.494171302998064,0.5005040375324834
0.1700850425212606,0.3890417813360021,0.5549161871403554,0.3894361407119312,0.9808169244990146,0.6183616164082529
0.4954977488744371,0.4901175881911435,0.7525644233174882,0.5006418194185256,0.4942166489352425,0.5004726441913598
0.4952476238119059,0.4898674005504129,0.7533149862396799,0.500610426077402,0.4942619948724209,0.5005493834696618
0.5375187593796897,0.294470853139855,0.5991993995496624,1.0,0.5211974815564121,0.5112771857613757
0.2028514257128564,0.4108081060795598,0.5404053039779836,0.3375656208033207,0.0059821755585399,0.526492491759248
0.6505752876438218,0.2354265699274456,0.3667750813109833,0.0,0.4205992640005581,0.5310410380731465
0.4947473736868433,0.487615711783838,0.7523142356767576,0.5007778572300609,0.4941556063275023,0.5004883408619216
0.2756378189094547,0.4340755566675007,0.6207155366524895,0.499389573922598,0.2252629192319096,0.3830423635697717
0.4952476238119059,0.4901175881911435,0.7525644233174882,0.5005947294068402,0.4942166489352425,0.5005336867991
0.5082541270635317,0.4418313735301477,0.7740805604203154,0.0026858747405689,0.0248600380208243,0.3620750998482655
0.5355177588794396,0.2954716037027772,0.5886915186389793,1.0,0.307609397073443,0.169576364302283
0.599799899949975,0.0277708281210909,0.2852139104328247,0.5260808901756283,0.2716396044439018,0.4435355878403125
0.614057028514257,0.263447585689267,0.4375781836377284,0.7837870833842022,0.448403299788967,0.6392992308631424
0.5880440220110055,0.3322491868901677,0.7057793345008758,0.4784676561382702,0.0,0.495177633988524
0.4954977488744371,0.4901175881911435,0.7530647985989494,0.5005947294068402,0.4942009522646807,0.5005336867991
0.4952476238119059,0.4898674005504129,0.7528146109582188,0.5005650801402236,0.4941242129863787,0.5005336867991
0.4952476238119059,0.4898674005504129,0.7528146109582188,0.5006261227479638,0.4942166489352425,0.5005650801402236
0.978489244622311,0.3662747060295223,0.6379784838628972,0.6045363377923505,0.0,0.4006836772066903
0.6625812906453226,0.2832124093069803,0.3317488116087066,0.9184924219962676,0.407443709995291,0.5039677695031132
0.6958479239619809,0.354766074555917,0.4543407555666751,0.989195458429984,0.514085145717425,0.5521914296178733
0.3199099549774887,0.3847885914435828,0.5559169377032775,0.3892687095592724,0.0007168146223207,0.4780403578840888
0.4952476238119059,0.4898674005504129,0.7528146109582188,0.5007168146223206,0.4941852555941189,0.500381952317003
0.4952476238119059,0.4901175881911435,0.7525644233174882,0.5005947294068402,0.4941399096569405,0.5005197342030452
0.1350675337668834,0.3630222667000251,0.5409056792594447,0.4824040323002598,0.6317613408444809,0.6646929556830667
0.4952476238119059,0.4898674005504129,0.7528146109582188,0.5005947294068402,0.4941852555941189,0.5004726441913598
0.5740370185092546,0.3617713284963724,0.7928446334751065,1.0,0.4144339606187976,0.4715087988558871
0.6740870435217607,0.3737803352514387,0.557918438829122,0.4349128834783822,0.0,0.1653801210387708
0.4872436218109054,0.3937953465098825,0.6732549412059046,0.6270907093151019,0.919148194010848,0.5508484922475888
0.3466733366683341,0.516387290467851,0.6562421816362273,0.5065926016359419,0.0,0.2510385963688368
0.5800400200100049,0.4165624218163624,0.7945959469602203,1.0,0.490278528698746,0.3271273348797461
0.4947473736868433,0.4883662747060296,0.7543157368026021,0.5005947294068402,0.4942009522646807,0.5004569475207981
0.3591795897948974,0.4686014510883163,0.8328746559919942,0.6031463104103807,1.0,0.4693112649772398
0.5395197598799399,0.404053039779835,0.720040030022517,0.0223258977623523,0.5352372813366587,0.5415543192005162
0.4952476238119059,0.4901175881911435,0.7528146109582188,0.5006418194185256,0.4942323456058042,0.5004726441913598
0.5765382691345672,0.5328996747560671,0.5839379534650989,0.5528472016324537,1.0,0.6829446953973873
0.3649324662331165,0.3947960970728047,0.6872654490868152,0.4778572300608682,0.6625407677415979,0.5387167099778503
0.5375187593796897,0.4723542656992746,0.7390542907180386,0.9533181017493066,0.4080244868060764,0.5465301637685962
0.6285642821410704,0.349762321741306,0.6302226670002503,1.0,0.7662992483038875,0.352627448244589
0.5487743871935967,0.1681260945709283,0.5056292219164374,0.0,0.501220852154804,0.417470394335246
0.4952476238119059,0.4898674005504129,0.7528146109582188,0.5005336867991,0.4941852555941189,0.5005197342030452
0.6805902951475737,0.4228171128346261,0.7548161120840631,0.4857927690670945,1.0,0.4875316113504369
0.6213106553276637,0.1976482361771329,0.4633475106329748,0.9613896785670684,0.3528419694089331,0.5266459703158519
0.4954977488744371,0.4901175881911435,0.7530647985989494,0.5005493834696618,0.4942323456058042,0.5005650801402236
0.4952476238119059,0.4898674005504129,0.7533149862396799,0.5006714686851422,0.4942009522646807,0.5005336867991
0.1975987993996998,0.4978734050537904,0.5449086815111335,0.5515810035404712,0.0,0.5119486544465179
0.6088044022011004,0.2224168126094571,0.3595196397297974,0.0,0.7279034480353,0.6651045572666864
0.3579289644822411,0.5123842882161622,0.6569927445584189,0.3344838411496939,0.0,0.1750998482655179
0.2088544272136068,0.4420815611708782,0.6222166624968728,0.4879292603380016,0.0023649650313061,0.5826673875507962
0.6465732866433216,0.4123092319239431,0.7675756817613211,0.5668102621343983,0.977719448174826,0.1866072518617995
0.493496748374187,0.4883662747060296,0.7533149862396799,0.500610426077402,0.4942776915429827,0.5005493834696618
0.3561780890445222,0.5141356017012761,0.664748561421066,0.6128067391038945,0.0,0.3476829970176326
0.6005502751375688,0.5168876657493121,0.4483362521891419,0.3961508275633535,1.0,1.0
0.4957478739369684,0.4901175881911435,0.7525644233174882,0.5006418194185256,0.4941852555941189,0.5005650801402236
0.3854427213606803,0.5509131848886666,0.5323992994746061,0.4201405724052531,1.0,0.7745539529448697
0.4954977488744371,0.4898674005504129,0.7528146109582188,0.5006261227479638,0.494171302998064,0.5004726441913598
0.4042021010505252,0.4588441330998249,0.5381536152114087,0.3881995918865654,1.0,0.308830249228247
0.2741370685342671,0.4193144858643984,0.5181386039529648,0.5975617838394056,0.8088459458988088,0.3677520623681043
0.4452226113056527,0.5276457343007257,0.7107830873154868,0.3304079390271552,0.0,0.2693967246280761
0.5830415207603801,0.3655241431073306,0.7758318739054292,0.9958194534070496,0.471217538413241,0.4153792490015173
0.5985492746373186,0.4265699274455843,0.9019264448336254,0.9644418089540784,0.5917470394335246,0.4744527966234717
0.4939969984992495,0.4896172129096824,0.7525644233174882,0.5006714686851422,0.4942009522646807,0.5004116015836196
0.4952476238119059,0.4901175881911435,0.7528146109582188,0.5006557720145804,0.494171302998064,0.5005040375324834
0.5270135067533767,0.3550162621966476,0.7973480110082563,0.5494759056106877,0.532764183685927,0.5459650836283726
0.5707853926963481,0.2704528396297224,0.4691018263697774,1.0,0.5288435041944992,0.4314648481783142
0.4954977488744371,0.4898674005504129,0.7525644233174882,0.5006418194185256,0.494108516315817,0.5005336867991
0.4919959979989994,0.4873655241431074,0.7530647985989494,0.5002895163681392,0.4938957392259797,0.5044561103650348
0.164832416208104,0.411808856642482,0.790342757067801,0.3571759945584875,1.0,0.6638994017824441
0.4957478739369684,0.4911183387540657,0.7528146109582188,0.5005807768107854,0.4941399096569405,0.5002738196975774
0.5212606303151576,0.3422566925193896,0.7180385288966726,0.0,0.4263983117358774,0.575174843469313
0.609304652326163,0.2702026519889918,0.4110582937202903,0.9972530826516908,0.565299893611455,0.5826359942096726
0.7078539269634816,0.3460095071303478,0.4125594195646735,0.0,0.2331374156303957,0.49449046863282
0.6165582791395697,0.1608706529897423,0.2576932699524644,0.0964630169000819,0.4326700036625565,0.541951968188081
0.1500750375187594,0.3562672004003003,0.7305479109332,0.2994750335734343,1.0,0.6090988367023039
0.4952476238119059,0.4898674005504129,0.7528146109582188,0.5006261227479638,0.4941852555941189,0.5005197342030452
0.5670335167583791,0.2834625969477109,0.4243182386790093,0.4883112126550046,0.4911034759404922,0.4839300974937649
0.4509754877438718,0.552914686014511,0.3269952464348262,0.4609484277168321,1.0,1.0
0.4944972486243121,0.4883662747060296,0.7528146109582188,0.5006418194185256,0.4941556063275023,0.5004272982541814
0.5470235117558779,0.4863647735801852,0.9357017763322492,0.3269599037270873,0.6003836963915099,0.5571358808448297
0.5722861430715357,0.1803852889667251,0.4886164623467601,0.1305404886896768,0.6279906517606432,0.4569353122765404
0.4949974987493746,0.4888666499874907,0.7525644233174882,0.5006261227479638,0.4941556063275023,0.5004883408619216
0.5107553776888444,0.4138103577683263,0.5896922692019015,0.0,0.4664265657428885,0.6217956991122661
0.5402701350675337,0.224168126094571,0.5414060545409057,0.1313933411235328,0.4767584631215446,0.4375377156112109
0.516008004002001,0.4285714285714287,0.6897673254941207,0.4150897326333781,0.7416833807140242,0.6046880722744475
0.4947473736868433,0.4888666499874907,0.7528146109582188,0.5006261227479638,0.4942009522646807,0.5005197342030452
0.4954977488744371,0.4898674005504129,0.7533149862396799,0.5006261227479638,0.4942009522646807,0.5005650801402236
0.4944972486243121,0.4883662747060296,0.7528146109582188,0.5007028620262658,0.4942166489352425,0.5005197342030452
0.5615307653826913,0.4343257443082313,0.7585689266950214,1.0,0.3952351884472505,0.5025934387917051
0.3549274637318659,0.5308981736302228,0.5509131848886666,0.5848788740254984,0.0,0.329964944102412
0.4952476238119059,0.4898674005504129,0.7523142356767576,0.5006261227479638,0.4941852555941189,0.5005336867991
0.4952476238119059,0.4898674005504129,0.7525644233174882,0.5006261227479638,0.4941852555941189,0.5005807768107854
0.917208604302151,0.2069051788841632,0.8318739054290719,0.6036346512723023,0.0395713064862131,0.3430751521705007
0.4394697348674337,0.4270703027270454,0.6354766074555918,0.6749184645168042,1.0,0.7555697019376668
0.3414207103551775,0.4668501376032025,0.7458093570177634,0.6214137467952631,0.0,0.351406596089785
0.4952476238119059,0.4898674005504129,0.7530647985989494,0.5006418194185256,0.494108516315817,0.5004569475207981
0.4952476238119059,0.4898674005504129,0.7528146109582188,0.5006418194185256,0.4942462982018591,0.5005197342030452
0.4942471235617808,0.4886164623467602,0.7530647985989494,0.5006261227479638,0.4942462982018591,0.5004429949247432
0.1805902951475738,0.4148111083312485,0.6394796097072806,0.5309486021242827,0.263353506461796,0.5402881211085337
0.4939969984992495,0.4883662747060296,0.7530647985989494,0.5006261227479638,0.4942166489352425,0.5005336867991
0.8641820910455227,0.2749562171628722,0.6750062546910184,0.3327746481329682,0.7010133072884873,0.752716396044439
0.4949974987493746,0.4893670252689518,0.7535651738804104,0.5006714686851422,0.4942166489352425,0.5005336867991
0.4779889944972486,0.5596697523142358,0.519139354515887,0.4408340164291818,1.0,0.908436088389696
0.5255127563781891,0.3670252689517139,0.6777583187390543,0.0,0.4823900797042049,0.5791879589096046
0.4379689844922461,0.4358268701526145,0.3239929947460596,0.9563388387951932,0.8372150618274412,0.4848300399393062
0.4947473736868433,0.4893670252689518,0.7525644233174882,0.5006557720145804,0.4941852555941189,0.5005336867991
0.6000500250125061,0.3047285464098074,0.3997998498874156,1.0,0.5436751138008615,0.4919127265116765
0.4039519759879939,0.7162872154115588,0.6707530647985991,0.7431170099586654,0.0,0.2698083262116957
0.5237618809404702,0.284463347510633,0.3400050037528146,0.5857962572161083,0.4145089558225927,0.5840103249210806
0.4949974987493746,0.4898674005504129,0.7535651738804104,0.500687165355704,0.494171302998064,0.5005336867991
0.9544772386193094,0.3204903677758319,0.6222166624968728,0.7149624151943771,0.0445924969914714,0.6316235589584387
0.6260630315157578,0.2186639979984989,0.4543407555666751,0.6655632488619914,0.4451226956415578,0.6493869578108377
0.4942471235617808,0.4888666499874907,0.7530647985989494,0.5006418194185256,0.4941399096569405,0.5004726441913598
0.4477238619309654,0.4971228421315988,0.6202151613710284,0.6122730523047945,1.0,0.7111760294399776
0.6570785392696348,0.2639479609707281,0.5681761320990744,0.0,0.5175488776880548,0.4904006139142264
0.6455727863931965,0.3239929947460597,0.6562421816362273,0.7197219945236061,0.9997401328984774,0.6035579119940004
0.3231615807903951,0.6412309231923945,0.5521641230923193,0.6544534942532745,0.0,0.072120969007796
0.4952476238119059,0.4898674005504129,0.7530647985989494,0.500687165355704,0.4941556063275023,0.5004569475207981
0.5690345172586293,0.7635726795096324,1.0000000000000002,0.3099429687636256,0.1762753544831435,0.5974850445611036
0.7893946973486743,0.2909682261696273,0.7683262446835127,0.5662765753352983,0.7479550726407032,0.5647208608751766
0.5665332666333166,0.2284213159869903,0.3012259194395797,0.2849782862723895,0.4585363726738406,0.4385457906761777
0.8191595797898948,0.3650237678258695,0.3750312734550914,0.5530913720634145,0.8227322671224515,0.7609885414304899
0.5325162581290644,0.3187390542907181,0.8101075806855143,0.1474335943631511,0.5623088058321851,0.5512600938312084
0.5417708854427213,0.5334000500375283,0.7520640480360272,0.9992064460993774,0.5156722535186703,0.7062315782130213
0.3671835917958979,0.4893670252689518,0.685764323242432,0.5648586427612188,1.0,0.6631058478818215
0.4952476238119059,0.4898674005504129,0.7525644233174882,0.5006418194185256,0.494171302998064,0.5005650801402236
0.5037518759379689,0.3710282712034026,0.5073805354015513,1.0,0.4136247100476132,0.4801315032178174
0.4952476238119059,0.4886164623467602,0.7523142356767576,0.500610426077402,0.4942166489352425,0.5005040375324834
0.4877438719359679,0.4831123342506881,0.7553164873655243,0.500763904634006,0.4936672654655807,0.5107888448994541
0.5910455227613807,0.4038028521391044,0.6302226670002503,1.0,0.5278807750667108,0.7290929068489805
0.1593296648324161,0.5659244433324995,0.5521641230923193,0.3132096203149799,0.0,0.136658702059752
0.4939969984992495,0.5344008006004505,0.9179384538403804,0.0,0.4728674328967333,0.3575718994715454
0.4957478739369684,0.4893670252689518,0.7525644233174882,0.5006418194185256,0.4941556063275023,0.5005947294068402
0.4922461230615307,0.4763572679509633,0.7608206154615963,0.5039224235659348,0.4970246088912918,0.41463278511258
0.4914957478739369,0.4961220915686766,0.7322992244183139,0.5002145211643442,0.4943997767584631,0.5248739906168791
0.6353176588294146,0.304978734050538,0.5994495871903929,1.0,0.5403945096534524,0.4605821720703908
0.7833916958479239,0.27395546659995,0.3950462847135352,0.6525454767427664,0.7391963304672375,0.7006767009086627
0.1688344172086042,0.5594195646735053,0.6162121591193396,0.4553168111341716,0.0,0.0910598740778206
0.5907953976988494,0.2201651238428822,0.3832874655991994,0.2714564766206813,0.45888693164972,0.7001744074506863
0.5232616308154077,0.4075556667500626,0.6347260445334002,0.3951287999023318,0.0,0.4514711268465389
0.568784392196098,0.2989742306730049,0.5731798849136853,0.0,0.2934318154071542,0.5494148630029475
0.4987493746873436,0.3067300475356518,0.5714285714285715,0.0,0.3365121998011755,0.426504700280796
0.6338169084542271,0.2311733800350263,0.5248936702526896,0.0342605996128154,0.5680921568969426,0.5304306119957445
0.309904952476238,0.5519139354515888,0.6434826119589694,0.1539198074541745,0.0,0.2052252472225613
0.621560780390195,0.3577683262446836,0.612709532149112,0.4549505554877304,0.9931789246036592,0.54768997331566
0.096048024012006,0.3152364273204905,0.558418814110583,0.3913895041596177,0.9544622146258088,0.7180895407851824
0.4954977488744371,0.4898674005504129,0.7525644233174882,0.500610426077402,0.494171302998064,0.5005650801402236
0.4927463731865932,0.4873655241431074,0.7530647985989494,0.5007325112928824,0.4943387341507229,0.5004883408619216
0.425712856428214,0.5564173129847387,0.6644983737803354,0.522585764863875,0.0,0.2570957671311719
0.7721360680340169,0.3545158869151865,0.730047535651739,0.5634529187086872,0.2910825470464098,0.5615623419432478
0.4954977488744371,0.4901175881911435,0.7525644233174882,0.5006557720145804,0.4941556063275023,0.5005493834696618
0.5752876438219109,0.4671003252439331,0.8053540155116339,0.087962397753632,0.5110033660637983,0.3325304777020074
0.6118059029514756,0.4325744308231175,0.8889166875156369,0.0,0.4342257181226782,0.4514711268465389
0.4949974987493746,0.4898674005504129,0.7530647985989494,0.5005650801402236,0.4941556063275023,0.5005807768107854
0.5300150075037519,0.4926194645984489,0.7468101075806857,0.9403317229712054,0.4061932085738702,0.4981390725011772
0.4947473736868433,0.4886164623467602,0.7523142356767576,0.5006557720145804,0.4942619948724209,0.5005197342030452
0.6538269134567283,0.250187640730548,0.4896172129096823,0.0520379510612693,0.5188464691211608,0.3945951131032318
0.1428214107053527,0.3590192644483364,0.4393294971228422,0.6707361738493468,0.0171076268378185,0.2066745731377644
0.5482741370685342,0.3927945959469603,0.7830873154866151,0.4534401869647871,0.6332560126968624,0.4969932155501683
0.2516258129064532,0.5261446084563424,0.7160370277708282,0.3620123131660184,0.0,0.2537994663132009
0.0910455227613806,0.394045534150613,0.6772579434575933,0.4234072239566074,1.0,0.6185290475609118
0.5445222611305652,0.4023017262947211,0.7262947210407807,0.0,0.5718924952473969,0.4563091895285767
0.6470735367683841,0.4668501376032025,1.0000000000000002,0.9659539215515288,0.4743167588119364,0.4415508310515025
0.4169584792396197,0.472104078058544,0.6504878658994246,0.4444808762230322,1.0,0.5500095924097878
0.03951975987994,0.3895421566174632,0.3447585689266951,0.4995883984163803,0.3853776793344611,0.7309852276889268
0.2653826913456728,0.4480860645484114,0.5851888916687517,0.4475190540139875,1.0,0.9094738127212794
0.2368684342171085,0.4828621466099576,0.7600700525394046,0.3457139368993843,1.0,0.7715175192284214
0.5032516258129064,0.607705779334501,0.9539654741055792,0.9858538116748348,0.6153251826918046,0.3016429181854649
0.5007503751875937,0.4973730297723294,0.7528146109582188,0.5004272982541814,0.4944294260250798,0.5116294888117621
0.3966983491745872,0.4580935701776333,0.6855141356017014,0.4474109213945619,1.0,0.711680066972461
0.5582791395697848,0.4078058543907932,0.7160370277708282,0.3321328287144427,0.4735232049113138,0.4920034183860334
0.4669834917458729,0.2674505879409558,0.5118839129347011,1.0,0.0926330292830109,0.3334914627552889
0.4947473736868433,0.3294971228421317,0.769326995246435,1.0,0.2023719413293335,0.338924254844167
0.4949974987493746,0.4901175881911435,0.7525644233174882,0.5006557720145804,0.4942462982018591,0.5004883408619216
0.4942471235617808,0.4888666499874907,0.7528146109582188,0.5006261227479638,0.4941556063275023,0.5005040375324834
0.4954977488744371,0.4901175881911435,0.7525644233174882,0.5005947294068402,0.4942009522646807,0.5005040375324834
0.5305152576288144,0.3937953465098825,0.678508881661246,0.1996407206515862,0.5141915342623437,0.5547552191429618
0.4994997498749374,0.2664498373780336,0.5118839129347011,0.0,0.5013882833074629,0.4947346390637808
0.4942471235617808,0.4883662747060296,0.7528146109582188,0.5007325112928824,0.4942166489352425,0.5004272982541814
0.4949974987493746,0.4898674005504129,0.7530647985989494,0.5006261227479638,0.4941852555941189,0.5005336867991
0.4952476238119059,0.4898674005504129,0.7530647985989494,0.500610426077402,0.4941852555941189,0.5005650801402236
0.4949974987493746,0.487615711783838,0.7528146109582188,0.5006714686851422,0.4941852555941189,0.5005336867991
0.4949974987493746,0.4886164623467602,0.7528146109582188,0.5006714686851422,0.4941399096569405,0.5004569475207981
0.4952476238119059,0.4898674005504129,0.7528146109582188,0.5005947294068402,0.4942166489352425,0.5004272982541814
0.4917458729364681,0.5196397297973482,0.6777583187390543,0.0,0.4969792629541134,0.6021539320159757
0.5632816408204101,0.3352514385789343,0.5411558669001753,0.0,0.2147635907005947,0.2606065891134869
0.4952476238119059,0.4898674005504129,0.7530647985989494,0.500610426077402,0.4942166489352425,0.5005040375324834
0.4949974987493746,0.4898674005504129,0.7523142356767576,0.500687165355704,0.4941852555941189,0.5005650801402236
0.4967483741870935,0.4886164623467602,0.7528146109582188,0.5007325112928824,0.4940788670492003,0.5005040375324834
0.2853926963481741,0.5419064298223669,0.5534150612959721,0.697900134293737,1.0,0.5247536494759056
0.5950475237618809,0.4163122341756318,0.8028521391043284,0.5315276348605612,0.8044805274081308,0.401081326194255
0.6860930465232615,0.4488366274706031,0.9011758819114336,0.5873676683467918,0.8232363046549349,0.4733697263547098
0.5977988994497248,0.3317488116087066,0.5213910432824619,0.0,0.3836074437099953,0.491194167814849
0.4952476238119059,0.4901175881911435,0.7530647985989494,0.5005947294068402,0.4941556063275023,0.5005040375324834
0.6225612806403201,0.4265699274455843,0.6394796097072806,0.5404259029945759,1.0,0.59440152083297
0.6448224112056027,0.3052289216912686,0.6529897423067301,0.6190330850933952,0.7231403805570573,0.5388230985227689
0.2053526763381691,0.427820865649237,0.6662496872654492,0.3459441547342902,1.0,0.6873851090918603
0.5770385192596298,0.406805103827871,0.7057793345008758,0.1041386888047857,0.559638627762178,0.5109562760521129
0.4952476238119059,0.4901175881911435,0.7528146109582188,0.5006261227479638,0.4941852555941189,0.5005197342030452
0.6263131565782891,0.4238178633975483,0.5041280960720541,0.2669689729145229,0.0,0.0
0.7546273136568283,0.1958969226920191,0.3610207655741807,0.0,0.2043549540436367,0.1417705844393673
0.5352676338169083,0.479859894921191,0.5849387040280212,0.0,0.5282923766503305,0.2637965013865392
0.6293146573286643,0.174881160870653,0.3902927195396548,0.001297591433106,0.5212742208347141,0.5484224846085425
0.4939969984992495,0.4886164623467602,0.7530647985989494,0.5007028620262658,0.4942462982018591,0.5005040375324834
0.5950475237618809,0.5176382286715038,0.9384538403802852,0.7617053560528106,0.630219578980414,0.6215061827441268
0.4944972486243121,0.4891168376282213,0.7523142356767576,0.5006714686851422,0.4941852555941189,0.5005336867991
0.2568784392196098,0.4210657993495122,0.4420815611708782,0.5728534803006784,0.2662992483038875,0.4925528018556953
0.7463731865932965,0.3650237678258695,0.8726544908681513,0.537968502014406,0.1604496224078693,0.4699984303329438
0.1660830415207603,0.3797848386289718,0.4778583937953466,0.5329787048502712,0.6135549470673387,0.7061094929975409
0.6368184092046022,0.51588691518639,0.7005253940455343,0.4405758934021661,0.0,0.1779688508293074
0.573536768384192,0.2131598699024269,0.4550913184888667,1.0,0.4563388387951933,0.4615588537942341
0.5927963981990995,0.3447585689266951,0.3422566925193896,0.491194167814849,0.2335490172140154,0.5850166559115405
0.5237618809404702,0.5491618714035528,0.7155366524893672,0.6134014685107347,0.4161117602943998,0.4101452814064217
0.3659329664832416,0.5291468601451089,0.5736802601951465,0.8389696007813454,0.027941817674451,0.4265657428885362
0.7988994497248623,0.380785589191894,0.5601701275956968,0.3762352407694856,0.0,0.4974205138043497
0.4952476238119059,0.4898674005504129,0.7528146109582188,0.5005947294068402,0.4941242129863787,0.5005040375324834
0.6195597798899449,0.3815361521140857,0.6449837378033526,0.4712646284249263,0.9730802099865706,0.530856166175419
0.1855927963981991,0.5581686264698525,0.5586690017513136,0.6370110051101383,1.0,0.6890332595008459
0.4954977488744371,0.4896172129096824,0.7528146109582188,0.500610426077402,0.4942009522646807,0.5005336867991
0.5645322661330665,0.3737803352514387,0.8208656492369277,0.8914505467673579,0.4508153548319584,0.4575300416833807
0.4939969984992495,0.4888666499874907,0.7533149862396799,0.5007325112928824,0.4941852555941189,0.5005336867991
0.4939969984992495,0.4888666499874907,0.7525644233174882,0.5006557720145804,0.4942009522646807,0.5004726441913598
0.4939969984992495,0.4888666499874907,0.7523142356767576,0.5006261227479638,0.4941242129863787,0.5004116015836196
0.5867933966983491,0.1993995496622467,0.3972979734801101,0.957742818773218,0.3547953328566196,0.4624744929103371
0.6720860430215106,0.1866399799849888,0.4693520140105079,0.9125102464377276,0.4953154158745662,0.5600659260163594
0.4952476238119059,0.4898674005504129,0.7528146109582188,0.5005947294068402,0.4942166489352425,0.5004883408619216
0.5100050025012506,0.4183137353014762,0.6760070052539405,0.0,0.5057676543941957,0.6894309084884106
0.4967483741870935,0.4851138353765325,0.7518138603952966,0.5005650801402236,0.4944451226956415,0.4981076791600537
0.2193596798399199,0.4310733049787342,0.5441581185889418,0.4799937213317753,0.1622965973106371,0.5747614978111865
0.5627813906953476,0.3462596947710784,0.7112834625969479,0.0,0.4774595810733034,0.4948567242792612
0.4944972486243121,0.4866149612209158,0.7528146109582188,0.5005650801402236,0.4943997767584631,0.499312834644296
0.7523761880940469,0.2889667250437829,0.6572429321991495,0.642550185743935,0.1814796728116225,0.4017370982088354
0.2011005502751375,0.3942957217913436,0.7963472604453341,0.6026893628895826,0.9342117655266232,0.7161065280708792
0.4872436218109054,0.4806104578433827,0.4753565173880411,1.0,0.39810419101104,0.3270052496642657
0.4942471235617808,0.4883662747060296,0.7530647985989494,0.5006557720145804,0.4942166489352425,0.5004569475207981
0.5547773886943471,0.4133099824868653,0.7738303727795848,0.1861799536076181,0.4436576730557929,0.5410049357308544
0.5102551275637819,0.2551913935451589,0.4283212409306981,0.0,0.4879449570085634,0.5934876257913738
0.1145572786393196,0.4293219914936203,0.7202902176632475,0.4948567242792612,1.0,0.8955264488898965
0.4942471235617808,0.4883662747060296,0.7523142356767576,0.5006714686851422,0.494171302998064,0.5004883408619216
0.4739869934967483,0.4863647735801852,0.4548411308481362,0.5409909831347995,1.0,1.0
0.6480740370185092,0.247935951963973,0.5601701275956968,0.9998779147845196,0.5986134607670439,0.8002685874740569
0.5962981490745372,0.2201651238428822,0.2877157868401301,1.0,0.517458185813698,0.5275912586985716
0.5277638819409705,0.4233174881160871,0.5033775331498624,0.3678881001796397,0.0,0.169804838062682
0.4954977488744371,0.4901175881911435,0.7530647985989494,0.5006261227479638,0.4941556063275023,0.5005197342030452
0.2653826913456728,0.4493370027520642,0.6222166624968728,0.6395137520274866,0.0,0.330500374976019
0.4997498749374687,0.2774580935701777,0.5273955466599951,1.0,0.1250309573224968,0.421377121230619
0.4954977488744371,0.4901175881911435,0.7528146109582188,0.5007028620262658,0.4941399096569405,0.5004726441913598
0.4952476238119059,0.4898674005504129,0.7528146109582188,0.500610426077402,0.494171302998064,0.5005336867991
0.6665832916458229,0.3545158869151865,0.5754315736802603,0.0,0.5986134607670439,0.5590578509513926
0.0652826413206603,0.2551913935451589,0.719539654741056,0.5016934963461639,0.9986570626297157,0.6622512513734586
0.5152576288144072,0.3342506880160121,0.7052789592194146,0.0,0.5486056124317631,0.4583846381917436
0.6105552776388193,0.3089817363022268,0.4796097072804604,0.0,0.6620524268796762,0.5716186755498195
0.4952476238119059,0.4898674005504129,0.7528146109582188,0.5006261227479638,0.4942009522646807,0.5005650801402236
0.5115057528764382,0.3375031273455092,0.6552414310733051,0.0,0.4577585154437797,0.5600048834086192
0.6485742871435717,0.3197398048536403,0.646985238929197,0.0,0.7992151664719116,0.3108900012208521
0.4942471235617808,0.4886164623467602,0.7528146109582188,0.5006714686851422,0.4941852555941189,0.5004429949247432
0.4952476238119059,0.4901175881911435,0.7525644233174882,0.5006418194185256,0.494108516315817,0.5005197342030452
0.4954977488744371,0.4901175881911435,0.7528146109582188,0.5006557720145804,0.494108516315817,0.5005336867991
0.6350675337668834,0.3412559419564674,0.7683262446835127,0.4593002773078466,0.2948357953851788,0.3591904006139142
0.4949974987493746,0.4898674005504129,0.7530647985989494,0.5006557720145804,0.4942323456058042,0.5005197342030452
0.4947473736868433,0.4896172129096824,0.7530647985989494,0.500610426077402,0.4942166489352425,0.5005336867991
0.4947473736868433,0.4891168376282213,0.7528146109582188,0.5006714686851422,0.4941852555941189,0.5004883408619216
0.5812906453226613,0.4901175881911435,0.7358018513885415,0.2779269930411427,0.4908436088389696,0.5521303870101331
0.5675337668834417,0.2997247935951965,0.4728546409807356,1.0,0.4218951113591572,0.3923365366168442
0.4952476238119059,0.4898674005504129,0.7525644233174882,0.5006557720145804,0.4941399096569405,0.5005650801402236
0.4944972486243121,0.4901175881911435,0.7525644233174882,0.5005807768107854,0.4941852555941189,0.5005336867991
0.5605302651325662,0.4003002251688767,0.7127845884413311,1.0,0.462259971745993,0.5053403561400143
0.48024012006003,0.5313985489116839,0.6284713535151365,0.6613513089279174,0.0,0.3885518949369517
0.5370185092546272,0.3815361521140857,0.6622466850137605,0.0,0.5051572283167937,0.6988000767392784
0.6518259129564782,0.568426319739805,0.8486364773580186,0.0,0.6355145891832499,0.4895303207353018
0.4952476238119059,0.4898674005504129,0.7525644233174882,0.5005650801402236,0.4942462982018591,0.5003348623053177
0.5365182591295647,0.3279959969977484,0.6272204153114838,0.0,0.4237281336658702,0.5547098732057834
0.461480740370185,0.560170127595697,0.7237928446334753,0.81427699391318,0.0,0.4291591816802413
0.5020010005002501,0.2074055541656243,0.2179134350763072,0.9130753265779514,0.4361337356331862,0.6209254059333414
0.7428714357178589,0.357017763322492,0.8128596447335503,0.5120550429914366,0.146380173361006,0.4723790920348117
0.4939969984992495,0.4963722792094072,0.5801851388541407,0.4206603066082983,1.0,0.7018679037968503
0.6355677838919459,0.3880410307730799,0.5023767825869403,0.3855294138165582,0.0,0.208537244711094
0.1998499249624812,0.3987990993244935,0.5839379534650989,0.4517763398852399,0.0112614890908139,0.414861258872979
0.1320660330165082,0.4028021015761822,0.524643482611959,0.5311770758846818,0.3377330519559796,0.7022795053804698
0.1698349174587293,0.3997998498874157,0.5439079309482112,0.5767462545999965,0.008957566667248,0.4607496032230497
0.7681340670335166,0.3482611958969228,0.3642732049036778,0.5943718715663533,0.1546662713431117,0.4179430385266058
0.4952476238119059,0.4898674005504129,0.7528146109582188,0.500610426077402,0.4941852555941189,0.5004883408619216
0.8199099549774886,0.307730798098574,0.7230422817112836,0.4999686066588765,0.1213370075169611,0.5108952334443727
0.7201100550275137,0.3660245183887917,0.7645734300725546,0.5344437274360361,0.0278197324589706,0.5825906482724942
0.5767883941970985,0.3042281711283463,0.5589191893920441,1.0,0.4106493189389051,0.5352215846660969
0.569784892446223,0.4768576432324244,0.7753314986239681,0.1575213213108464,0.727001761515252,0.5069745539529449
0.6005502751375688,0.1338503877908432,0.3237428071053291,0.1979315276348605,0.8362069867624744,0.2455290650016569
0.7786393196598298,0.2884663497623219,0.7315486614961222,0.4604897361215271,0.2551424036834854,0.4816715210073774
0.1523261630815408,0.3920440330247687,0.613209907430573,0.4162652388510037,1.0,0.6725221061443745
0.5685342671335667,0.3772829622216663,0.6577433074806106,0.0,0.4423147356855085,0.5913650871165216
0.4947473736868433,0.4883662747060296,0.7525644233174882,0.5005493834696618,0.4941242129863787,0.5005040375324834
0.5220110055027514,0.5881911433575183,0.4013009757317989,0.5600659260163594,1.0,0.8054415124614123
0.7083541770885442,0.1330998248686515,0.4831123342506881,0.3791513333449605,0.6317909901110975,0.4182342989692519
0.4942471235617808,0.4886164623467602,0.7530647985989494,0.5007935539006226,0.4942009522646807,0.5004883408619216
0.2753876938469234,0.4193144858643984,0.4911183387540656,0.5048677119486544,0.0,0.3496974030730593
0.369184592296148,0.5821866399799851,0.6910182636977734,0.2573102882955159,0.0,0.1596717651778084
0.5252626313156578,0.3262446835126346,0.5731798849136853,0.0,0.4453058234647784,0.5467882867956119
0.4874937468734366,0.3812859644733551,0.6617463097322993,0.0847585328845248,0.6506235066362035,0.4535622721802675
0.1350675337668834,0.380785589191894,0.7738303727795848,0.2923487451383923,1.0,0.6529117323892076
0.8646823411705852,0.2879659744808607,0.7945959469602203,0.5530913720634145,0.0004272982541814,0.5724575753876205
0.7008504252126062,0.2141606204653491,0.514135601701276,0.1800146502258576,0.4687304881664544,0.5512304445645918
0.6538269134567283,0.4731048286214662,0.2421816362271704,0.2539825941364215,1.0,1.0
0.344672336168084,0.4478358769076809,0.5781836377282963,0.6167902052775694,0.0322461935573887,0.2442018243019342
0.1758379189594797,0.3680260195146361,0.5874405804353265,0.564079041456651,0.8052740813087536,0.5753579712925336
0.4957478739369684,0.4901175881911435,0.7528146109582188,0.5007028620262658,0.4941242129863787,0.5004429949247432
0.1023011505752876,0.4043032274205655,0.6602451838879161,0.4621221898599508,0.8577096813575875,0.5293301009819139
0.5080040020010005,0.394045534150613,0.5709281961471104,0.5766695153216945,1.0,0.522585764863875
0.3124062031015507,0.4390793094821117,0.7605704278208658,0.4611158588694909,0.0,0.1029021399794199
0.4952476238119059,0.4898674005504129,0.7528146109582188,0.500610426077402,0.494171302998064,0.5005197342030452
0.6318159079539769,0.4285714285714287,0.6249687265449088,0.4362715175192284,0.0,0.301489439628861
0.2306153076538269,0.399049286965224,0.6865148861646235,0.3847672532570592,0.3770898372778485,0.5414479306555976
0.497248624312156,0.2784588441330999,0.668001000750563,1.0,0.4114725221061444,0.1887890890698851
0.3759379689844922,0.4653490117588192,0.6637478108581437,0.3199086104958404,1.0,0.7086889791931912
0.641320660330165,0.5288966725043784,0.6387290467850889,0.0,0.4849067792176081,0.6311038247553935
0.4944972486243121,0.4893670252689518,0.7533149862396799,0.500687165355704,0.4942166489352425,0.5005040375324834
0.4942471235617808,0.4888666499874907,0.7530647985989494,0.500687165355704,0.4941556063275023,0.5005336867991
0.5625312656328163,0.4635976982737054,0.7530647985989494,0.0,0.6778624622843887,0.4875019620838202
0.4952476238119059,0.4896172129096824,0.7530647985989494,0.500610426077402,0.4941556063275023,0.5005040375324834
0.5195097548774387,0.4520890668001002,0.6797598198648988,0.2920888780368698,0.5108655841777561,0.4838690548860247
0.5740370185092546,0.4308231173380036,0.7280460345258946,1.0,0.5819645255245304,0.412419554563371
0.1963481740870435,0.4345759319489618,0.5384038028521392,0.5259431082895861,0.1409473812721279,0.3911296370580951
0.4952476238119059,0.4901175881911435,0.7525644233174882,0.5007482079634442,0.4942776915429827,0.5004569475207981
0.5827913956978489,0.2041531148361272,0.5879409557167877,0.0,0.5325671032666516,0.5231351483335368
0.6388194097048524,0.5651738804103079,0.7393044783587692,0.4141897901878368,1.0,0.9451540889826812
0.7443721860930465,0.3372529397047786,0.6067050287715787,0.3304532849643337,0.7308474458028846,0.6853096604286935
0.4952476238119059,0.4898674005504129,0.7525644233174882,0.5006418194185256,0.4942009522646807,0.5004726441913598
0.4952476238119059,0.4898674005504129,0.7530647985989494,0.5006418194185256,0.4942009522646807,0.5004883408619216
0.818409204602301,0.2339254440830623,0.5914435826870154,0.6536599403526518,0.0019533634476864,0.4955281929644034
0.572536268134067,0.4060545409056794,0.7948461346009508,0.9911645185482324,0.5988890245391283,0.5297277499694787
0.4952476238119059,0.4898674005504129,0.7525644233174882,0.5006714686851422,0.4942323456058042,0.5005336867991
0.3581790895447724,0.7970978233675259,0.6992744558418815,0.0,0.2153740167779967,0.459650836283726
0.4772386193096548,0.5126344758568928,0.7035276457343008,0.4701815581561644,1.0,0.5758759614210719
0.4969984992496247,0.4888666499874907,0.7518138603952966,0.500687165355704,0.4942916441390376,0.5005197342030452
0.5820410205102551,0.5651738804103079,0.7870903177383038,0.0,0.8120951567050945,0.4916982053473324
0.720360180090045,0.3875406554916188,0.6064548411308482,0.3495910145281407,0.0,0.1726581439559098
0.6298149074537268,0.5041280960720542,0.5339004253189893,0.6995482847027226,1.0,0.8164291818546489
0.5665332666333166,0.4933700275206406,0.7655741806354768,0.2533111254512793,0.573877252036207,0.4235136125015261
0.9254627313656828,0.3440080060045035,0.6219664748561422,0.4475330066100423,0.5650103772433158,0.7353959921167832
0.8124062031015507,0.317738303727796,0.414560920690518,0.5140711931213702,0.8011231839824198,0.634049566597485
0.6110555277638818,0.2361771328496373,0.4678508881661247,1.0,0.5891222073006959,0.3951444965728936
0.5142571285642821,0.25569176882662,0.4260695521641232,0.0,0.5090796518827284,0.6416345466278319
0.5732866433216608,0.4660995746810109,0.7900925694270704,0.4540349163716274,0.3697804210195859,0.5358773566806774
0.656328164082041,0.5323992994746061,0.535151363522642,0.1698658806704223,0.0,0.0336344768648517
0.5512756378189094,0.4488366274706031,0.7943457593194898,0.0,0.4457941643267,0.578089191970281
0.5412706353176587,0.3647735801851389,0.8756567425569178,0.3651411828313305,0.586282854003523,0.5535954095958979
0.0267633816908454,0.6357267950963224,0.8779084313234927,0.9865252803599768,1.0,0.5822400892966147
0.4952476238119059,0.4896172129096824,0.7528146109582188,0.5005807768107854,0.4941242129863787,0.5005650801402236
0.3191595797898949,0.539654741055792,0.8278709031773832,0.4417339588747231,1.0,0.4911645185482324
0.3646823411705853,0.4806104578433827,0.5976982737052791,0.5691612745696496,0.0,0.3376580567521844
0.6390695347673836,0.5626720040030024,0.8426319739804855,0.6138758567766015,0.0,0.0080419275511449
0.4952476238119059,0.4901175881911435,0.7525644233174882,0.5006557720145804,0.4942009522646807,0.5005040375324834
0.2763881940970485,0.4390793094821117,0.7535651738804104,0.3129811465545808,1.0,0.5879310044125086
0.5567783891945972,0.2794595946960221,0.4683512634475857,1.0,0.3859427594746847,0.3652789647173727
0.5395197598799399,0.5186389792344259,0.4578433825369027,0.3511781223293859,0.0,0.0
0.2853926963481741,0.4175631723792846,0.5651738804103078,0.648516664631913,0.0018469749027679,0.3873153461115859
0.3981990995497748,0.4000500375281462,0.631473605203903,0.5627361040863665,0.7746463888937335,0.4981844184383557
0.533016508254127,0.4603452589442083,0.7055291468601452,0.4512426530861398,0.5408375045781956,0.5127125590805239
0.7801400700350174,0.3184888666499876,0.7225419064298225,0.6093569597293196,0.9020266145769746,0.7123515356576033
0.3306653326663331,0.2239179384538404,0.2061546159619715,0.0,0.5763486056124317,0.6871723320020231
0.6198099049524761,0.4435826870152616,0.5699274455841883,0.5154280830877095,1.0,0.5352826272738371
0.617808904452226,0.5809357017763324,0.7475606705028772,1.0,0.1327990651760643,0.2711966095191587
0.8206603301650824,0.1881411058293721,0.4758568926695022,0.1331949700891222,0.4521112021905575,0.3556952753021609
0.5022511255627813,0.4961220915686766,0.7545659244433327,0.5010220276610217,0.4943073408095993,0.5605839161448977
0.8474237118559278,0.3357518138603954,0.6447335501626221,0.4021486997924551,0.0009470324572266,0.0874426635505868
0.5200100050025012,0.4165624218163624,0.3802852139104329,0.4946892931266023,1.0,0.8765718471493102
0.4947473736868433,0.4906179634726046,0.7533149862396799,0.500763904634006,0.4943387341507229,0.4970403055618536
0.220360180090045,0.3777833375031275,0.4020515386539905,0.4912866037637128,0.616057693984687,0.7141217712820691
0.4954977488744371,0.4901175881911435,0.7528146109582188,0.5005807768107854,0.4942462982018591,0.5005493834696618
0.1585792896448224,0.3262446835126346,0.3505128846634977,0.4862497165878926,0.3263337809791234,0.6065489997732703
0.5950475237618809,0.4691018263697775,0.7408056042031524,0.9765142926905837,0.5941573504020092,0.4655876659050875
0.144072036018009,0.3587690768076058,0.4060545409056793,0.5198545441861276,0.0851230444564592,0.4391248234124562
0.2963981990995498,0.5068801601200902,0.709532149111834,0.3922597973385423,1.0,0.4886774683014458
0.4954977488744371,0.4908681511133351,0.7528146109582188,0.5007168146223206,0.4942166489352425,0.5000453459371784
0.489744872436218,0.484863647735802,0.7528146109582188,0.5004569475207981,0.4939724785042817,0.5076006767009087
0.3726863431715858,0.5476607455591695,0.605454090567926,0.2479550726407032,0.0,0.1021539320159757
0.5127563781890945,0.5008756567425571,0.5146359769827371,0.1448541081675009,0.0,0.1421228874897536
0.5397698849424711,0.4458343757818365,0.6369777332999751,0.6115248443413502,0.5075082407520449,0.4574376057345169
0.926713356678339,0.2912184138103578,0.7635726795096324,0.5085773584247519,0.0923417688403648,0.3052740813087535
0.4982491245622811,0.4928696522391795,0.7540655491618715,0.5004569475207981,0.4940021277708983,0.5030974763241886
0.6230615307653826,0.1936452339254441,0.3437578183637729,0.0,0.4361040863665696,0.5398765195249141
0.4239619809904952,0.3620215161371029,0.7295471603702779,0.4343948933498439,0.1129445209899367,0.3479882100563336
0.557528764382191,0.1838879159369528,0.4681010758068552,0.0,0.670950695013691,0.8141409561016446
0.2771385692846423,0.4503377533149864,0.6920190142606957,0.6322793309730191,0.9533477510159234,0.7172802902139979
0.4954977488744371,0.4901175881911435,0.7530647985989494,0.5006557720145804,0.4942009522646807,0.5005336867991
0.5550275137568784,0.1858894170627972,0.4188141105829372,0.0669026980832621,0.8824929801001098,0.2932329909133718
0.4944972486243121,0.4891168376282213,0.7525644233174882,0.5006261227479638,0.4941852555941189,0.5005197342030452
0.5865432716358179,0.2982236677508132,0.294971228421316,0.7866246926068682,0.4299684322514258,0.5657271918656365
0.4954977488744371,0.4901175881911435,0.7525644233174882,0.500610426077402,0.4941852555941189,0.5005336867991
0.4947473736868433,0.4898674005504129,0.7528146109582188,0.5005947294068402,0.4942462982018591,0.5005197342030452
0.4949974987493746,0.4901175881911435,0.7528146109582188,0.5005493834696618,0.494171302998064,0.5005493834696618
0.5257628814407203,0.4590943207405555,0.7220415311483614,0.2106423426408776,0.5190295969443814,0.4981233758306155
0.4187093546773386,0.5519139354515888,0.6727545659244434,0.6491881333170553,0.0,0.3376423600816227
0.4944972486243121,0.4883662747060296,0.7530647985989494,0.5005807768107854,0.4942009522646807,0.5005650801402236
0.4947473736868433,0.4893670252689518,0.7530647985989494,0.5005493834696618,0.4942323456058042,0.5001063885449186
0.4944972486243121,0.4883662747060296,0.7525644233174882,0.5005947294068402,0.494171302998064,0.5004883408619216
0.4947473736868433,0.4893670252689518,0.7525644233174882,0.5005197342030452,0.4942166489352425,0.500610426077402
0.5050025012506253,0.2794595946960221,0.5076307230422819,1.0,0.4117027399410503,0.5260198475678881
0.6323161580790395,0.4898674005504129,0.7585689266950214,0.0,0.9640616007115824,0.5106981530250972
0.5352676338169083,0.3482611958969228,0.7500625469101827,1.0,0.4015679229816697,0.4524792019115056
0.3931965982991495,0.602201651238429,0.6755066299724795,0.4196679282138933,0.0,0.0187400805762422
0.4937468734367183,0.4888666499874907,0.7533149862396799,0.5006418194185256,0.4942323456058042,0.5005336867991
0.5567783891945972,0.4315736802601952,0.612709532149112,1.0,0.5422100912150967,0.5106057170762335
0.4952476238119059,0.4898674005504129,0.7528146109582188,0.5006261227479638,0.4942009522646807,0.5004726441913598
0.2051025512756378,0.425068801601201,0.6810107580685515,0.468226450633971,1.0,0.5936847062106493
0.4944972486243121,0.4891168376282213,0.7528146109582188,0.5006261227479638,0.4942009522646807,0.5005197342030452
0.745872936468234,0.2196647485614211,0.3244933700275207,0.3470725709402306,0.3904738650435146,0.5187243839056804
0.3281640820410204,0.4605954465849388,0.6942707030272706,0.2934928580148944,1.0,0.6175837591781921
0.7776388194097048,0.3777833375031275,0.5906930197648237,0.5385946247623699,0.0,0.5385178854840679
0.7498749374687342,0.3455091318488867,0.5994495871903929,0.4474423147356855,0.9762840748556778,0.3856218497654219
0.4947473736868433,0.4893670252689518,0.7525644233174882,0.5006261227479638,0.4942323456058042,0.5004726441913598
0.4954977488744371,0.4898674005504129,0.7528146109582188,0.500610426077402,0.4941852555941189,0.5005197342030452
0.5777888944472236,0.4505879409557169,0.8714035526644985,1.0,0.4354169210108656,0.5269040933428676
0.5362681340670334,0.396297222917188,0.6589942456842633,1.0,0.4724087413014284,0.4390341315380993
0.4952476238119059,0.4901175881911435,0.7523142356767576,0.500610426077402,0.4942323456058042,0.5004726441913598
0.4894947473736868,0.375281461095822,0.996247185389042,0.8059908959310742,0.3879257721889879,0.365950433402515
0.4937468734367183,0.4893670252689518,0.7530647985989494,0.5005807768107854,0.4942619948724209,0.5004726441913598
0.4942471235617808,0.490367775831874,0.7525644233174882,0.5005493834696618,0.4940492177825836,0.5004272982541814
0.6423211605802901,0.4445834375781837,0.6852639479609708,1.0,0.5131398573347054,0.2355180773322636
0.8034017008504251,0.3007255441581187,0.6942707030272706,0.4438111516123968,0.496170012382929,0.4669149066048101
0.4939969984992495,0.4893670252689518,0.7528146109582188,0.5006714686851422,0.4942166489352425,0.5003976489875648
0.5025012506253126,0.3142356767575682,0.5026269702276709,0.0,0.5016934963461639,0.5856881245966827
0.5057528764382191,0.4623467600700526,0.7490617963472606,0.51101906273436,0.4948881176203847,0.3637825487904843
0.5655327663831915,0.2489367025268952,0.4731048286214662,1.0,0.3994331757852695,0.4566597485044561
0.5790395197598799,0.3882912184138105,0.7580685514135603,0.8385876484643424,0.6126689572178523,0.4438721942201371
0.4327163581790895,0.5459094320740556,0.4393294971228422,0.4647941120044648,1.0,0.9473498787868218
0.5082541270635317,0.2459344508381287,0.5131348511383539,0.806158327083733,0.4158518931928772,0.4789106510630134
0.4947473736868433,0.4896172129096824,0.7523142356767576,0.500687165355704,0.4942166489352425,0.5005336867991
0.5292646323161581,0.3862897172879661,0.7463097322992245,0.0250728151106615,0.6369482184278912,0.6171407642534489
0.5707853926963481,0.3987990993244935,0.5859394545909433,1.0,0.6916284423670579,0.5075692833597851
0.5230115057528764,0.339254440830623,0.5013760320240181,0.0,0.4651446709803443,0.3755637720843434
0.259879939969985,0.5391543657743308,0.6659994996247187,0.3725273383678951,0.0,0.0346408078553116
0.4987493746873436,0.4916187140355267,0.7503127345509133,0.5007325112928824,0.4940021277708983,0.5005493834696618
0.4559779889944972,0.4135601701275958,0.6800100075056293,0.197289708216335,0.5807593700402881,0.588344350070635
0.6640820410205102,0.2937202902176633,0.4876157117838379,0.8838812634075728,0.3884298097214713,0.4334025149554389
0.630065032516258,0.3810357768326246,0.6479859894921192,1.0,0.5452168756649284,0.2298707640790415
0.5730365182591295,0.3277458093570179,0.5208906680010008,1.0,0.343821616059438,0.5719692345256989
0.2781390695347673,0.4055541656242183,0.4951213410057544,0.5472923243280953,0.0989204178802518,0.3044351814709524
0.5327663831915957,0.3692769577182888,0.5749311983987992,0.0,0.3538639970699548,0.4204771787850777
0.4939969984992495,0.4891168376282213,0.7525644233174882,0.5006418194185256,0.4942323456058042,0.5005336867991
0.6393196598299149,0.3972979734801102,0.7100325243932951,0.0,0.5890454680223939,0.5517484346931301
0.5852926463231616,0.4240680510382788,0.7610708031023269,0.0,0.6979315276348605,0.5119957444582033
0.7261130565282641,0.6152114085564174,0.9977483112334252,0.0,0.8755044735511102,0.5929225456511502
0.4952476238119059,0.4896172129096824,0.7528146109582188,0.500687165355704,0.4942166489352425,0.5005336867991
0.4952476238119059,0.4898674005504129,0.7528146109582188,0.5006418194185256,0.4942166489352425,0.5005493834696618
0.1228114057028514,0.4088066049537154,0.6742556917688267,0.6717738981809303,0.1773741214224671,0.458429984128922
0.9024512256128064,0.2852139104328247,0.6062046534901177,0.448326560510665,0.2933097301916738,0.5772642447285348
0.5505252626313156,0.3072304228171129,0.5636727545659246,0.0,0.357755027294766,0.4038264994680572
0.4809904952476238,0.5936952714535904,0.5361521140855643,0.3269128137154019,1.0,0.50198475678881
0.4949974987493746,0.4901175881911435,0.7525644233174882,0.5006261227479638,0.4942009522646807,0.5004883408619216
0.4949974987493746,0.4881160870652991,0.7530647985989494,0.5006418194185256,0.4942166489352425,0.5003348623053177
0.4939969984992495,0.4878658994245685,0.7535651738804104,0.500687165355704,0.4942462982018591,0.5005197342030452
0.4984992496248123,0.3817863397548162,0.3767825869402052,0.0,0.5662765753352983,0.7444302980623332
0.4954977488744371,0.490367775831874,0.7528146109582188,0.500610426077402,0.4942323456058042,0.5005197342030452
0.306153076538269,0.4898674005504129,0.6274706029522142,0.1513560179290859,0.0,0.2293056839388179
0.955977988994497,0.2394295721791344,0.6484863647735803,0.4244135549470673,0.2623000854596509,0.4779322252646633
0.5617808904452225,0.305479109331999,0.4330748061045785,1.0,0.4201248757346913,0.6964054624413555
0.4949974987493746,0.4893670252689518,0.7525644233174882,0.5006418194185256,0.4942323456058042,0.5004569475207981
0.6188094047023511,0.3184888666499876,0.631473605203903,1.0,0.5246455168564801,0.3990041334565812
0.4942471235617808,0.4886164623467602,0.7530647985989494,0.5006418194185256,0.4942323456058042,0.5004429949247432
0.2698849424712356,0.4455841881411059,0.5391543657743308,0.5962798890768614,0.0214869979245513,0.2282086610740011
0.6135567783891945,0.4483362521891419,0.8601451088316239,1.0,0.611922493328915,0.5665050490956973
0.46048024012006,0.430572929697273,0.5734300725544159,0.5460261262361128,1.0,0.7344036137223782
0.5485242621310654,0.5844383287465601,1.0000000000000002,0.7718227322671225,0.4150129933550761,0.6034515234490817
0.2813906953476738,0.4866149612209158,0.5841881411058295,0.4285644522734011,1.0,0.6883617908157036
0.694097048524262,0.5561671253440081,0.7132849637227923,0.0,0.5641104347977746,0.4149990407590212
0.4952476238119059,0.4901175881911435,0.7530647985989494,0.5006714686851422,0.4941242129863787,0.5004726441913598
0.4987493746873436,0.3412559419564674,0.5311483612709533,0.0,0.151431013132881,0.4650993250431658
0.6638319159579789,1.0000000000000002,0.5409056792594447,0.550527582538326,0.2378830423635697,0.7708146572021557
0.4952476238119059,0.4898674005504129,0.7523142356767576,0.5005947294068402,0.4941399096569405,0.5005197342030452
0.7283641820910455,0.4335751813860397,0.6902677007755817,0.347653347751016,0.5285365470812913,0.5250274691734831
0.1148074037018509,0.4088066049537154,0.6507380535401552,0.3445244780857038,0.301107487311858,0.6775119033085093
0.5087543771885943,0.4593445083812861,0.6832624468351265,0.4259553168111342,0.4957723633953642,0.4969164762718663
0.4879939969984992,0.4348261195896924,0.5719289467100326,0.66566963740691,1.0,0.757615501334217
0.4509754877438718,0.4791093319989993,0.6467350512884664,0.1134782077890367,0.0,0.0
0.4942471235617808,0.4888666499874907,0.7523142356767576,0.500610426077402,0.4942009522646807,0.5004569475207981
0.4357178589294647,0.3867900925694272,0.7082812109081813,0.450388056577777,0.440361372237822,0.4618483701623733
0.5597798899449724,0.3865399049286966,0.6437327995996999,0.473889460557755,0.43975094616042,0.3672009348239357
0.5177588794397198,0.4751063297473106,0.7197898423817864,0.5734342571114638,1.0,0.6891099987791478
0.5935467733866933,0.485364023017263,1.0000000000000002,1.0,0.2987425222805518,0.4109545319776061
0.5310155077538768,0.3507630723042283,0.6594946209657244,0.0,0.5505589758794496,0.5078901930690479
0.4947473736868433,0.4891168376282213,0.7530647985989494,0.5006261227479638,0.4942462982018591,0.5004883408619216
0.4952476238119059,0.4898674005504129,0.7525644233174882,0.5006714686851422,0.4941399096569405,0.5005040375324834
0.4997498749374687,0.4778583937953466,0.2641981486114586,0.6413746795263093,1.0,1.0
0.4949974987493746,0.4898674005504129,0.7528146109582188,0.5006714686851422,0.4942009522646807,0.5004726441913598
0.1585792896448224,0.4213159869902428,0.4628471353515137,0.449013725866369,0.5424246123794408,0.5394335246001709
0.4949974987493746,0.4901175881911435,0.7528146109582188,0.500610426077402,0.4941242129863787,0.5004116015836196
0.2488744372186093,0.411808856642482,0.524643482611959,0.5569841463627326,0.0457366098679735,0.2722796797879205
0.4709854927463731,0.623217413059795,0.5429071803852891,0.2825976245705216,1.0,0.8065263268046811
0.44072036018009,0.4863647735801852,0.6209657242932201,0.6134328618518583,0.0,0.4149990407590212
0.5775387693846923,0.3572679509632225,0.7470602952214161,0.310141793257408,0.4590700594729406,0.4933167064897012
0.526513256628314,0.3284963722792094,0.764323242431824,0.5383644069274639,0.0,0.568596194429426
0.4942471235617808,0.4883662747060296,0.7530647985989494,0.5007028620262658,0.4942323456058042,0.5004569475207981
0.6858429214607302,0.2969727295471605,0.4348261195896923,0.4413833998988437,0.4561103650347943,0.5553656452203638
0.553776888444222,0.3500125093820366,0.7032774580935703,0.0,0.5252716396044439,0.6678985646266808
0.2516258129064532,0.5754315736802603,0.7097823367525645,0.4528751068245635,0.0,0.3708041927551145
0.6803401700850424,0.3450087565674257,0.7868401300975734,0.5530006801890577,0.2120306259483405,0.4869211852730348
0.2238619309654826,0.4493370027520642,0.5278959219414562,0.5675898634389661,0.0662015801315032,0.4745748818389521
0.5627813906953476,0.2879659744808607,0.3867900925694271,0.7284824807715785,0.4450459563632558,0.6010865584177756
0.5617808904452225,0.4008006004503379,0.6970227670753066,0.5364127875542843,0.5399061687915307,0.4159286324711791
0.6193096548274136,0.3480110082561922,0.5721791343507632,0.0,0.09638627762178,0.3986692711512636
0.4954977488744371,0.4886164623467602,0.7523142356767576,0.5006557720145804,0.4942166489352425,0.5004726441913598
0.4939969984992495,0.4886164623467602,0.7530647985989494,0.5006261227479638,0.4942619948724209,0.5005650801402236
0.501000500250125,0.339254440830623,0.5621716287215412,0.0,0.3499415735040201,0.4942916441390376
0.5782891445722861,0.4140605454090569,0.8201150863147362,0.3407101871391946,0.4570573974920208,0.5528472016324537
0.1668334167083541,0.5874405804353267,0.4751063297473106,0.7851143240839249,1.0,0.8057624221706752
0.5007503751875937,0.5141356017012761,0.6047035276457344,0.6400474388265867,0.0,0.4332961264105203
0.4952476238119059,0.4901175881911435,0.7530647985989494,0.5005336867991,0.4941242129863787,0.5004569475207981
0.2011005502751375,0.4498373780335252,0.5929447085313987,0.6150810122608438,0.0017388422833423,0.4945968571777386
0.5215107553776888,0.406805103827871,0.7135351513635227,0.197900134293737,0.6000488340861921,0.6125311753318101
0.5835417708854427,0.4020515386539906,0.6820115086314738,1.0,0.7052705931597398,0.4336466853863997
0.6393196598299149,0.1801351013259945,0.2304228171128347,0.1115701902785287,0.5230898023963584,0.4433978059542703
0.6075537768884441,0.2784588441330999,0.3992994746059545,0.899783734761149,0.3565498718105238,0.5835516333257756
0.6198099049524761,0.4053039779834877,0.7302977232924694,0.7693356820203359,0.504288679212376,0.3775171355320299
0.5585292646323161,0.3980485364023018,0.7720790592944711,0.3887350227601723,0.5757224828644679,0.5199295393899227
0.5570285142571285,0.281711283462597,0.5138854140605456,1.0,0.5995447965537087,0.3596926940718907
0.4954977488744371,0.4898674005504129,0.7528146109582188,0.5006418194185256,0.4941852555941189,0.5005493834696618
0.712856428214107,0.4330748061045785,0.860645484113085,0.6955194725918692,0.0119957444582032,0.6963740691002319
0.4884942471235617,0.4921190893169879,0.7533149862396799,0.500687165355704,0.4943997767584631,0.5218079076338141
0.5942971485742871,0.3432574430823119,0.7077808356267201,0.5006714686851422,0.6136159896750789,0.3354291295324136
0.1830915457728864,0.4338253690267702,0.7978483862897174,0.2253396585102116,1.0,0.4609327310462703
0.5200100050025012,0.4330748061045785,0.7430572929697274,0.1579015295533425,0.538732406648412,0.5157646894675341
0.4954977488744371,0.4901175881911435,0.7525644233174882,0.500610426077402,0.494171302998064,0.5004883408619216
0.2873936968484242,0.406805103827871,0.5831873905429072,0.4053386120655074,0.7933707727994139,0.5115370528628983
0.5617808904452225,0.2256692519389543,0.4823617713284964,0.3895285766607949,0.654345361633849,0.3597694333501927
0.6095547773886942,0.3199899924943709,0.623717788341256,1.0,0.3534523954863352,0.2578753684357395
0.4949974987493746,0.4898674005504129,0.7528146109582188,0.5007325112928824,0.4941852555941189,0.5005197342030452
0.5230115057528764,0.3530147610708032,0.7117838378784089,0.0260041508973263,0.7511292882431937,0.5338943439663743
0.4949974987493746,0.4906179634726046,0.7523142356767576,0.5007028620262658,0.4941556063275023,0.5005197342030452
0.5367683841920959,0.2259194395796848,0.3029772329246936,0.0083314439192842,0.5060885641034585,0.5577916528594101
0.4944972486243121,0.4886164623467602,0.7528146109582188,0.500610426077402,0.4942462982018591,0.5004272982541814
0.5987993996998499,0.4053039779834877,0.7272954716037029,0.0,0.4099464569126393,0.6335612257355634
0.4952476238119059,0.4898674005504129,0.7533149862396799,0.5005807768107854,0.4941556063275023,0.5005040375324834
0.728864432216108,0.2416812609457094,0.6432324243182388,0.537052862898303,0.0799204702024871,0.4324711791687741
0.5045022511255627,0.3192394295721792,0.631473605203903,0.2372726162861678,0.3439593979454802,0.8388789089069885
0.2616308154077038,0.4478358769076809,0.5626720040030023,0.5726860491480196,0.1419694089331496,0.4101766747475452
0.5545272636318158,0.4385789342006506,0.7390542907180386,1.0,0.5274988227497078,0.4792908593055095
0.6338169084542271,0.3805354015511635,0.6507380535401552,0.0,0.3673230200394161,0.5175349250919999
0.6400700350175087,0.4023017262947211,0.5949462096572431,0.6173692380138479,1.0,0.6125625686729337
0.4824912456228113,0.4233174881160871,0.8128596447335503,0.5575178331618327,0.6129131276488131,0.4857474231299161
0.666833416708354,0.3987990993244935,0.6119589692269203,0.4407886704920034,0.0,0.1728116225125137
0.5562781390695347,0.4245684263197399,0.9594696022016512,0.8002982367406735,0.591563911610304,0.6228630727104661
0.6038019009504751,0.2521891418563924,0.4806104578433826,0.0130334687897867,0.6790222718314527,0.5778450215393202
0.4949974987493746,0.4898674005504129,0.7528146109582188,0.500610426077402,0.4942166489352425,0.5004883408619216
0.4497248624312155,0.432824618463848,0.5198899174380787,0.5862689014074681,1.0,0.7415299021574201
0.1248124062031015,0.3822867150362773,0.5604203152364274,0.4345937178436262,0.1203917191342414,0.5772642447285348
0.4954977488744371,0.4898674005504129,0.7530647985989494,0.5006261227479638,0.4941556063275023,0.5005807768107854
0.2366183091545772,0.3945459094320742,0.6797598198648988,0.2892966147513822,1.0,0.5593787606606554
0.4949974987493746,0.4896172129096824,0.7533149862396799,0.5006418194185256,0.4942323456058042,0.5005040375324834
0.4482241120560279,0.5611708781586191,0.4946209657242933,0.6081831975862009,1.0,0.7665573713309033
0.7383691845922961,0.3982987240430324,0.7670753064798601,0.4920034183860334,0.5786525280359976,0.5556098156513246
0.4954977488744371,0.4891168376282213,0.7525644233174882,0.5002738196975774,0.4945061653033817,0.5004883408619216
0.5977988994497248,0.2571928946710033,0.4863647735801852,0.0,0.298498351849591,0.6202992831853776
0.4882441220610304,0.4033024768576433,0.740555416562422,0.4673265081884298,0.7189441372935452,0.542867607304184
0.5590295147573786,0.3677758318739055,0.7348011008256193,1.0,0.4301062141374679,0.6399550028777229
0.5382691345672835,0.5361521140855643,0.6715036277207908,1.0,0.0001831278232206,0.4351117079721646
0.5437718859429714,0.4811108331248437,0.7483112334250689,1.0,0.3409072675584701,0.4545842998412892
0.5117558779389695,0.2261696272204154,0.4861145859394546,0.6462737848160873,0.4249629384167291,0.4846329595200307
0.2238619309654826,0.4108081060795598,0.5076307230422819,0.6212306189720425,0.7208521548040532,0.4404991541238642
0.5272636318159079,0.3089817363022268,0.5023767825869403,0.7001587107801245,0.3463400596473481,0.7010133072884873
0.7423711855927964,0.3292469352014011,0.6394796097072806,0.3480353000680189,0.1205905436280238,0.2864886547953328
0.5720360180090044,0.5313985489116839,0.7373029772329248,0.9759038666131816,0.4544622146258088,0.3371836684863177
0.572536268134067,0.4756067050287717,0.3202401801351013,0.0,0.8704379371086732,0.3249298010010988
0.4949974987493746,0.4888666499874907,0.7528146109582188,0.5007028620262658,0.4942323456058042,0.5004883408619216
0.5422711355677838,0.4260695521641232,0.6654991243432575,0.0,0.6763363970908837,0.6672881385492788
0.3534267133566783,0.5641731298473857,0.7082812109081813,0.2771491358110818,0.0,0.1735894797425746
0.5852926463231616,0.4360770577933451,0.6820115086314738,1.0,0.5276523013063118,0.2826272738371383
0.4944972486243121,0.4891168376282213,0.7530647985989494,0.5007028620262658,0.4942776915429827,0.5004569475207981
0.5190095047523762,0.338754065549162,0.3312484363272455,0.0,0.5307811709716239,0.382630761986152
0.4919959979989994,0.4898674005504129,0.7535651738804104,0.5005650801402236,0.494171302998064,0.5004429949247432
0.4942471235617808,0.4881160870652991,0.7525644233174882,0.5007028620262658,0.4941852555941189,0.5004883408619216
0.5022511255627813,0.339254440830623,0.5078809106830123,1.0,0.4586898512304446,0.5034183860334513
0.5875437718859429,0.1763822867150363,0.47485614210658,0.9701187714739176,0.4893471929120812,0.4881734307689624
0.5677838919459729,0.4258193645233926,0.686264698523893,0.5639726529117324,0.5375708530268413,0.454141304916546
0.4949974987493746,0.4891168376282213,0.7523142356767576,0.5007482079634442,0.4941852555941189,0.5005807768107854
0.4954977488744371,0.4898674005504129,0.7525644233174882,0.5006418194185256,0.4941852555941189,0.5005947294068402
0.3359179589794897,0.5128846634976234,0.4388291218413811,0.4376144548895129,1.0,0.5180372185499764
0.0,0.427820865649237,0.8358769076807606,0.7241327589514623,1.0,0.4776270122259622
0.4942471235617808,0.4888666499874907,0.7528146109582188,0.5007325112928824,0.4942619948724209,0.5004569475207981
0.4949974987493746,0.4896172129096824,0.7533149862396799,0.5005947294068402,0.4941852555941189,0.5005650801402236
0.4942471235617808,0.4891168376282213,0.7530647985989494,0.5007168146223206,0.4943073408095993,0.5003976489875648
0.5145072536268134,0.5421566174630975,0.7553164873655243,0.4253902366709106,1.0,0.9462825051886216
0.5447723861930965,0.1961471103327496,0.3762822116587441,1.0,0.5632244449482882,0.5517641313636918
0.145072536268134,0.3960470352764574,0.5661746309732301,0.4182482515653068,0.36747649859602,0.5476428833039747
0.3526763381690845,0.5639229422066552,0.5041280960720541,0.6273052304794461,1.0,0.7437134834400125
0.4952476238119059,0.4896172129096824,0.7528146109582188,0.5006418194185256,0.4942166489352425,0.5004883408619216
0.4854927463731865,0.4015511633725295,0.5326494871153366,0.0,0.444650051450198,0.3249454976716606
0.4939969984992495,0.4886164623467602,0.7528146109582188,0.5005493834696618,0.4942323456058042,0.5005040375324834
0.4952476238119059,0.4896172129096824,0.7525644233174882,0.5007168146223206,0.494171302998064,0.5004726441913598
0.4804902451225612,0.4585939454590944,0.7500625469101827,0.5046235415176936,0.4980466365523135,0.3841725238502189
0.0387693846923461,0.3352514385789343,0.7365524143107332,0.3922441006679805,0.6997767584631216,0.4122974693478906
0.4384692346173086,0.4843632724543409,0.576182136602452,0.7641017144252402,1.0,0.6135549470673387
0.5600300150075037,0.4143107330497874,0.6682511883912936,1.0,0.4214992064460994,0.4691577864206359
0.2493746873436718,0.4003002251688767,0.4978734050537904,0.5543889634965206,0.7789647173727261,0.4629017911645186
0.4947473736868433,0.4893670252689518,0.7525644233174882,0.500687165355704,0.4942009522646807,0.5005493834696618
0.6100550275137568,0.4140605454090569,0.5334000500375282,1.0,0.4271308230287598,0.4914086889791932
0.512256128064032,0.5081310983237429,0.7578183637728297,0.5013429373702845,0.4943073408095993,0.5577306102516699
0.552776388194097,0.3367525644233176,0.610457843382537,1.0,0.560554266878281,0.4638941695589235
0.4379689844922461,0.505379034275707,0.8709031773830375,0.0,0.5967368365976594,0.4923243280952962
0.4952476238119059,0.4896172129096824,0.7528146109582188,0.500687165355704,0.4941852555941189,0.5004429949247432
0.4952476238119059,0.4898674005504129,0.7523142356767576,0.5006557720145804,0.4941852555941189,0.5005493834696618
0.4682341170585292,0.5243932949712286,0.5824368276207157,0.3309416258262553,0.0,0.1591380783787083
0.2266133066533266,0.4203152364273206,0.6177132849637229,0.5112771857613757,0.9783595235188448,0.5037846416798926
0.4939969984992495,0.4886164623467602,0.7530647985989494,0.5006557720145804,0.494171302998064,0.5005493834696618
0.3901950975487743,0.5391543657743308,0.6682511883912936,0.5044857596316514,1.0,0.661229223712437
0.4952476238119059,0.4898674005504129,0.7525644233174882,0.500687165355704,0.4941852555941189,0.5005493834696618
0.2916458229114557,0.5271453590192646,0.5276457343007256,0.408969775188796,0.0,0.1524390881978478
0.1945972986493246,0.4138103577683263,0.573930447835877,0.4729424281005284,0.9965205713588084,0.5235467499171564
0.2728864432216107,0.4253189892419315,0.74881160870653,0.2896314770566999,1.0,0.5907860543802431
0.1993496748374187,0.453840380285214,0.8006004503377535,0.3791809826115772,0.0642325200132549,0.4708373301707449
0.4952476238119059,0.4896172129096824,0.7525644233174882,0.5006418194185256,0.494171302998064,0.5005197342030452
0.4939969984992495,0.4883662747060296,0.7528146109582188,0.5006261227479638,0.4942323456058042,0.5004883408619216
0.2053526763381691,0.4678508881661247,0.6192144108081061,0.5604007883216771,0.0483614420008022,0.2778659504334025
0.4924962481240619,0.4896172129096824,0.7533149862396799,0.5007028620262658,0.4941852555941189,0.5005336867991
0.3256628314157078,0.4901175881911435,0.6427320490367777,0.5315590282016848,0.0,0.3475469592060972
0.2531265632816408,0.5341506129597199,0.6162121591193396,0.2876641610129585,0.0,0.3441425257687008
0.5180090045022511,0.4768576432324244,0.9494620965724294,1.0,0.0,0.5847881821511415
0.5070035017508754,0.4996247185389043,0.7563172379284464,0.5008092505711844,0.4934230950346199,0.5194115492613844
0.4949974987493746,0.4898674005504129,0.7530647985989494,0.5007028620262658,0.4941852555941189,0.5004116015836196
0.4952476238119059,0.4901175881911435,0.7528146109582188,0.5006557720145804,0.4942009522646807,0.5004726441913598
0.4952476238119059,0.4901175881911435,0.7528146109582188,0.500687165355704,0.4941556063275023,0.5005650801402236
0.6405702851425712,0.3345008756567427,0.7505629221916439,0.4666096935661091,0.4688368767113731,0.574028986518304
0.4954977488744371,0.4898674005504129,0.7528146109582188,0.5006714686851422,0.4941852555941189,0.5004883408619216
0.372936468234117,0.4738553915436578,0.578934200650488,0.4402689362889582,0.0,0.2184104504944451
0.6313156578289144,0.2732049036777584,0.415061295971979,1.0,0.589031515426339,0.4264593543436176
0.5695347673836918,0.4323242431823869,0.7955966975231425,0.0,0.716425693705635,0.6992430716640214
0.5315157578789395,0.5096322241681263,0.5606705028771579,0.3163227933097302,0.0,0.0013586340408462
0.4954977488744371,0.49311983987991,0.7525644233174882,0.5006418194185256,0.4943073408095993,0.4984582381359331
0.4949974987493746,0.4891168376282213,0.7538153615211409,0.5008545965083628,0.4943683834173396,0.5005807768107854
0.4949974987493746,0.4896172129096824,0.7533149862396799,0.5006714686851422,0.4942323456058042,0.5003976489875648
0.4952476238119059,0.4898674005504129,0.7525644233174882,0.5006557720145804,0.4942009522646807,0.5005197342030452
0.4142071035517758,0.5491618714035528,0.662997247935952,0.4948567242792612,1.0,0.6702931789246036
0.4952476238119059,0.4898674005504129,0.7528146109582188,0.5006261227479638,0.494171302998064,0.5005336867991
0.9329664832416208,0.3294971228421317,0.6509882411808858,0.5553046026126236,0.0376475923051433,0.5994994506165303
0.4949974987493746,0.4898674005504129,0.7530647985989494,0.5006714686851422,0.494108516315817,0.5004883408619216
0.4952476238119059,0.490367775831874,0.7525644233174882,0.5005336867991,0.494171302998064,0.5005807768107854
0.4374687343671835,0.6004503377533151,0.6324743557668252,0.4793065559760713,0.0,0.3083872543035039
0.4949974987493746,0.4893670252689518,0.7533149862396799,0.5005650801402236,0.4941556063275023,0.500610426077402
0.4957478739369684,0.4896172129096824,0.7525644233174882,0.5006557720145804,0.4942009522646807,0.5005197342030452
0.4952476238119059,0.4901175881911435,0.7530647985989494,0.5005493834696618,0.4942009522646807,0.5004726441913598
0.136568284142071,0.3812859644733551,0.5554165624218165,0.6097389120463226,0.5760433925737307,0.6790379685020144
0.520760380190095,0.4005504128096073,0.769827370527896,0.1440902035334949,0.4623210143537332,0.4446640040462528
0.5587793896948473,0.2767075306479861,0.5201401050788091,1.0,0.5462092540593334,0.712367232328165
0.5727863931965982,0.3347510632974732,0.6805103827870904,1.0,0.5170622809006401,0.3357186459005529
0.2951475737868934,0.5293970477858395,0.7470602952214161,0.4712489317543645,0.2199975582956904,0.4053996546732477
0.2456228114057028,0.4608456342256694,0.6477358018513887,0.5626750614786263,0.0,0.3169785653243107
0.6050525262631314,0.4635976982737054,0.6417312984738555,0.6696374069100232,1.0,0.5390062263459895
0.4959979989994997,0.3264948711533652,0.5956967725794347,0.0,0.4326857003331182,0.3596630448052741
0.4952476238119059,0.4898674005504129,0.7530647985989494,0.5006557720145804,0.494171302998064,0.5004429949247432
0.6005502751375688,0.378033525143858,0.7365524143107332,0.5777525855904564,0.0,0.6416955892355721
0.1130565282641321,0.4821115836877659,0.8351263447585691,0.531620070809425,1.0,0.5906325758236391
0.2443721860930465,0.3747810858143608,0.5741806354766076,0.4488916406508886,1.0,0.7621936969147323
0.4944972486243121,0.4883662747060296,0.7525644233174882,0.5006418194185256,0.494171302998064,0.5004272982541814
0.7461230615307652,0.4811108331248437,0.7365524143107332,0.4155623768247379,0.9659835708181452,0.6507455918516839
0.6540770385192596,0.4303227420565425,0.6497373029772331,0.7874810331897378,0.9620471946561556,0.7389975059734551
0.0817908954477238,0.4838628971728798,0.7550662997247937,0.4884176011999233,0.1275476568359,0.8007865776025951
0.5727863931965982,0.3400050037528147,0.2679509632224168,0.4755672602333571,0.4111987024085669,0.6394213160786228
0.6788394197098548,0.2561921441080811,0.5253940455341507,0.0118422659015993,0.4929033608315747,0.5289795420060345
0.4952476238119059,0.490367775831874,0.7528146109582188,0.5006418194185256,0.4942009522646807,0.5005197342030452
0.0420210105052526,0.4113084813610209,0.6192144108081061,0.5516263494776497,0.9241397352494898,0.7170675131241606
0.2703851925962981,0.4343257443082313,0.5869402051538655,0.531314857770724,0.1199173308683747,0.3072431414270017
0.4942471235617808,0.4886164623467602,0.7528146109582188,0.5007028620262658,0.4941242129863787,0.5005040375324834
0.7276138069034517,0.3094821115836879,0.8123592694520892,0.5150164815040899,0.190177372377348,0.4950398521024818
0.3769384692346172,0.5051288466349764,0.618213660245184,0.3811657394003872,0.0,0.0825906482724941
0.4267133566783391,0.5303977983487617,0.6014510883162373,0.4803442803076547,0.0,0.3489805884507386
0.2633816908454227,0.4285714285714287,0.5101325994495873,0.4838394056194081,0.0,0.2420496363604653
0.5545272636318158,0.0485364023017264,0.2259194395796848,0.999389573922598,0.6034968693862601,0.7115893750981042
0.4939969984992495,0.4886164623467602,0.7523142356767576,0.5006418194185256,0.4942916441390376,0.5005197342030452
0.1128064032016007,0.4918689016762573,0.7007755816862649,0.5906029265570225,0.0,0.6225421630012034
0.4957478739369684,0.4896172129096824,0.7518138603952966,0.5007168146223206,0.494171302998064,0.5005336867991
0.4959979989994997,0.490367775831874,0.7530647985989494,0.5005947294068402,0.4941852555941189,0.5010220276610217
0.3561780890445222,0.4758568926695022,0.6117087815861897,0.5302160908314003,0.0,0.349102673666219
0.5645322661330665,0.4158118588941707,0.8376282211658745,1.0,0.5262797146694107,0.5756474876606729
0.5852926463231616,0.4963722792094072,0.7423067300475358,0.0,0.3863386643877426,0.6255349948549802
0.5740370185092546,0.1946459844883663,0.4418313735301477,0.7357779444337862,0.4538064426112284,0.3834400125573364
0.5032516258129064,0.5076307230422819,0.7495621716287216,0.5007935539006226,0.4937126114027591,0.5629506252507107
0.5285142571285643,0.4480860645484114,0.696772579434576,0.4742086261925109,0.4529657986989204,0.4737970246088913
0.5760380190095047,0.4338253690267702,0.706780085063798,0.9459162495421805,0.4643511170797216,0.5119347018504631
0.5447723861930965,0.6357267950963224,0.6147110332749564,0.0,0.7388300748207963,0.6662033242060101
0.5795397698849424,0.328246184638479,0.4818613960470354,0.0,0.905826952927429,0.3854230252716396
0.5442721360680339,0.5566675006254692,0.3822867150362773,0.7248652702443449,0.0,0.2413781676753231
0.1830915457728864,0.4380785589191895,0.5801851388541407,0.4702269040933429,0.013856671957026,0.3830720128363883
0.5775387693846923,0.1731298473855392,0.5223917938453841,0.0,0.4091075570748382,0.6731935748295167
0.4942471235617808,0.4888666499874907,0.7528146109582188,0.5007168146223206,0.4941399096569405,0.5004883408619216
0.6518259129564782,0.3755316487365525,0.6089567175381537,0.3097458883443501,0.0,0.083521984059159
0.5347673836918458,0.5599199399549664,0.80810607955967,0.9810471423339204,0.4135950607809965,0.3774421403282348
0.1805902951475738,0.6067050287715788,0.7232924693520142,0.5616844271587282,0.0,0.6703245722657272
0.1595797898949474,0.4588441330998249,0.6642481861396048,0.5454313968292726,0.0,0.3446012173640058
0.48224112056028,0.3785339004253191,0.795846885163873,0.0005947294068402,0.7184557964316236,0.5496729860299632
0.2576288144072036,0.4723542656992746,0.6617463097322993,0.6799989535552959,0.0,0.1707518705199086
0.2123561780890445,0.4590943207405555,0.5919439579684764,0.5173517972687793,0.0,0.4415979210631878
0.5887943971985993,0.3967975981986491,0.3985489116837629,0.6619756876013743,1.0,0.8179552470481539
0.4954977488744371,0.4898674005504129,0.7525644233174882,0.5006714686851422,0.4941852555941189,0.5004883408619216
0.6958479239619809,0.3335001250938204,0.6942707030272706,0.487135706437379,0.9847550447355112,0.4368819435966304
0.4952476238119059,0.4901175881911435,0.7528146109582188,0.5005807768107854,0.4942009522646807,0.5005197342030452
0.1895947973986993,0.3667750813109833,0.5941956467350514,0.5298184418438355,0.7675183563841848,0.441964176709629
0.5765382691345672,0.3965474105579185,0.7503127345509133,1.0,0.5224340303817779,0.4633133927481382
0.5892946473236618,0.1075806855141356,0.3029772329246936,0.4315101941154926,0.9424978635087292,0.5240211381830232
0.5520260130065032,0.4138103577683263,0.7548161120840631,0.0,0.5805151996093273,0.5850933951898425
0.4939969984992495,0.4881160870652991,0.7528146109582188,0.5007028620262658,0.494171302998064,0.5005197342030452
0.3219109554777388,0.5679259444583439,0.6517388041030774,0.578699618047683,1.0,0.654345361633849
0.4937468734367183,0.4891168376282213,0.7528146109582188,0.5007028620262658,0.494171302998064,0.5004883408619216
0.1570785392696348,0.4340755566675007,0.4988741556167126,0.6150199696531036,0.9979402480073948,0.7554929626593647
0.4942471235617808,0.4883662747060296,0.7525644233174882,0.5007482079634442,0.4942323456058042,0.5005650801402236
0.6040520260130064,0.2822116587440582,0.5113835376532401,1.0,0.35293266128329,0.5129724261820465
0.5740370185092546,0.3960470352764574,0.6775081310983239,1.0,0.4683345832533966,0.4842963531402061
0.4952476238119059,0.4901175881911435,0.7525644233174882,0.5006418194185256,0.4941399096569405,0.5005807768107854
0.2511255627813906,0.5008756567425571,0.7062797097823369,0.3762666341106092,0.0,0.2191586584578893
0.4524762381190594,0.4691018263697775,0.790342757067801,0.3784938172558731,0.4542476934614646,0.4148002162652389
0.7263631815907954,0.4108081060795598,0.6107080310232675,0.2240717163437222,0.0,0.3087849032910686
0.5580290145072535,0.3855391543657744,0.7475606705028772,1.0,0.5018766241693845,0.3829499276209079
0.4952476238119059,0.4901175881911435,0.7528146109582188,0.5007168146223206,0.4941556063275023,0.5005040375324834
0.5605302651325662,0.4711033274956218,0.7678258694020517,1.0,0.4081151786804332,0.4785897413537506
0.0012506253126563,0.3832874655991995,0.5889417062797099,0.5177023562446588,0.8816837295289255,0.6557353890158187
0.26088044022011,0.4023017262947211,0.5554165624218165,0.5890768613635174,0.1416502432983937,0.4604129968432251
0.5075037518759379,0.2444333249937454,0.535151363522642,0.98444983169681,0.3865828348187035,0.4817325636151176
0.5237618809404702,0.4005504128096073,0.7625719289467101,0.1061234455935958,0.0,0.291462755288906
0.4952476238119059,0.4901175881911435,0.7523142356767576,0.500687165355704,0.4942166489352425,0.5004726441913598
0.4954977488744371,0.490367775831874,0.7523142356767576,0.5006261227479638,0.494171302998064,0.5005336867991
0.4629814907453726,0.8513885414060547,0.2892169126845134,0.0,0.0420426600624379,0.3837434815215306
0.4952476238119059,0.490367775831874,0.7528146109582188,0.5007028620262658,0.4942166489352425,0.5005336867991
0.4949974987493746,0.4896172129096824,0.7525644233174882,0.500687165355704,0.4942619948724209,0.5004726441913598
0.4954977488744371,0.4898674005504129,0.7523142356767576,0.5005947294068402,0.4941556063275023,0.5004883408619216
0.2408704352176087,0.4000500375281462,0.5098824118088567,0.6373005214782775,0.3479132148525385,0.6906814099098313
0.4954977488744371,0.490367775831874,0.7523142356767576,0.5008232031672393,0.4941399096569405,0.5004569475207981
0.5825412706353176,0.2594445834375782,0.4378283712784589,0.7276435809337775,0.3959990930812564,0.3701937666777125
0.5637818909454727,0.6512384288216164,0.9719789842381787,0.0,0.9989779723389782,0.4115946073216248
0.5117558779389695,0.2852139104328247,0.2942206654991244,0.9813977013098,0.4217730261436768,0.4925981477928737
0.4954977488744371,0.4898674005504129,0.7530647985989494,0.500687165355704,0.4941852555941189,0.5004569475207981
0.9889944972486242,0.2261696272204154,0.6905178884163123,0.6254129096394998,0.0,0.5806058914836841
0.604552276138069,0.1048286214660996,0.2957217913435077,0.0694211416711721,0.4527216282679596,0.5604932242705408
0.6075537768884441,0.3212409306980236,0.4455841881411059,1.0,0.7507316392556289,0.4480073948759091
0.269384692346173,0.3377533149862398,0.5341506129597199,0.5957148089366378,0.3597240874130143,0.4479760015347855
0.5525262631315657,0.2174130597948462,0.5111333500125095,0.8394125957060885,0.411350436890664,0.4488776880548337
0.5247623811905953,0.3244933700275207,0.6632474355766826,0.0,0.3917104138688805,0.5659870589671591
0.3989494747373686,0.9467100325243936,0.0,0.0,0.2029980640772973,0.0728534803006784
0.5072536268134067,0.4290718038528898,0.6079559669752315,0.4398573347053386,0.0,0.1624343791966793
0.4952476238119059,0.4898674005504129,0.7528146109582188,0.5006557720145804,0.4941852555941189,0.5005336867991
0.8154077038519258,0.3044783587690769,0.5476607455591694,0.4022097424001953,0.8240141618849957,0.7836039555609815
0.4952476238119059,0.4901175881911435,0.7528146109582188,0.5006557720145804,0.4941556063275023,0.5004883408619216
0.737368684342171,0.5476607455591695,0.4623467600700526,0.8397474580114062,1.0,0.8094860212428274
0.7971485742871435,0.359769827370528,0.5936952714535904,0.4012644540174756,0.0,0.0919458639273069
0.4952476238119059,0.4893670252689518,0.7533149862396799,0.500610426077402,0.4942166489352425,0.5005040375324834
0.6360680340170084,0.4130597948461347,0.4786089567175382,0.4001185970664667,0.0,0.3111498683223747
0.6735867933966982,0.3552664498373781,0.5491618714035528,0.4583078989134416,0.9996947869612988,0.5880687862985506
0.0,0.4548411308481362,0.6482361771328498,0.8718401730121911,1.0,0.7776060833318799
0.5255127563781891,0.396297222917188,0.7590693019764825,0.0,0.656024905383958,0.5586933393794583
0.5677838919459729,0.4918689016762573,0.5989492119089318,0.4201405724052531,1.0,0.579691996442088
0.5247623811905953,0.4493370027520642,0.707280460345259,0.5576852643144915,0.0,0.4927202330083541
0.1273136568284142,0.3707780835626721,0.613209907430573,0.5095993860857736,0.61093011493451,0.7912028881873834
0.5777888944472236,0.5889417062797099,0.689016762571929,1.0,0.5578073495299719,0.67668870014127
0.5730365182591295,0.4085564173129848,0.816862646985239,1.0,0.4414758358477074,0.4019202260320561
0.5127563781890945,0.4701025769326996,0.7265449086815112,0.5051118823796152,0.5017702356244659,0.344051833894344
0.4647323661830915,0.6147110332749564,0.5796847635726796,0.5867572422693897,0.0,0.3583811500427298
0.4694847423711855,0.1763822867150363,0.3810357768326246,0.6851736226171582,0.4946439471894239,0.4461447233025795
0.4939969984992495,0.4888666499874907,0.7528146109582188,0.5007482079634442,0.4941852555941189,0.5005040375324834
0.4952476238119059,0.4898674005504129,0.7525644233174882,0.5006557720145804,0.4942776915429827,0.5005336867991
0.6653326663331665,0.3385038779084314,0.6872654490868152,0.4675549819488288,0.6835394248042277,0.564460993773654
0.5195097548774387,0.0780585439079309,0.4225669251938955,0.2499851753666916,0.6584509130230043,0.1308596543244327
0.4952476238119059,0.4896172129096824,0.7530647985989494,0.5006714686851422,0.494171302998064,0.5004569475207981
0.583791895947974,0.2234175631723793,0.4563422566925195,0.3657062629715542,0.4905383958002686,0.509111045223852
0.5192596298149074,0.4736052039029273,0.696772579434576,0.3371383225491393,0.0,0.2249263128520851
0.1833416708354177,0.4933700275206406,0.7485614210657995,0.4613286359593281,1.0,0.7043096081064583
0.4954977488744371,0.4901175881911435,0.7528146109582188,0.5006418194185256,0.4942009522646807,0.5005493834696618
0.4947473736868433,0.4893670252689518,0.7525644233174882,0.5006261227479638,0.4942166489352425,0.5005493834696618
0.9274637318659328,0.2869652239179385,0.5936952714535904,0.7094528838271971,0.0,0.3828592357465511
0.7291145572786393,0.3982987240430324,0.6162121591193396,0.4786647365575457,0.0,0.5523292115039155
0.4942471235617808,0.487615711783838,0.7528146109582188,0.5007168146223206,0.4941852555941189,0.5004726441913598
0.2386193096548274,0.3985489116837629,0.6760070052539405,0.3149188133317055,1.0,0.7156321398050125
0.6270635317658828,0.4808606454841132,1.0000000000000002,0.1256099900587753,0.9360430437588294,0.4748347489404747
0.5362681340670334,0.4230673004753566,0.6942707030272706,0.5717250640947381,0.0,0.657413188691421
0.4937468734367183,0.4886164623467602,0.7525644233174882,0.5006261227479638,0.494171302998064,0.5004883408619216
0.8004002001000499,0.3902927195396548,0.6677508131098325,0.6461673962711687,0.0,0.160542058356733
0.4954977488744371,0.490367775831874,0.7525644233174882,0.5006418194185256,0.4942619948724209,0.5005197342030452
0.6455727863931965,0.4450838128596449,0.524643482611959,0.4734621623035736,0.0,0.5049287545563946
0.4949974987493746,0.4891168376282213,0.7525644233174882,0.500610426077402,0.4942009522646807,0.5005336867991
0.7223611805902951,0.2584438328746561,0.5113835376532401,0.1252751277534576,0.4421473045328496,0.614760102551581
0.1358179089544772,0.3144858643982988,0.5431573680260195,0.6290894186999669,0.8865671381481417,0.5776461970455378
0.424712356178089,0.4450838128596449,0.5138854140605456,1.0,0.7895250885117813,0.4560179290859305
0.5202601300650325,0.4668501376032025,0.8013510132599451,0.0,0.6911087081640127,0.6003540471248932
0.5470235117558779,0.3855391543657744,0.7883412559419566,1.0,0.5359227026178558,0.6780926801192947
0.4954977488744371,0.4901175881911435,0.7530647985989494,0.5005650801402236,0.4941556063275023,0.5005493834696618
0.8549274637318658,0.3279959969977484,0.6720040030022518,0.4394771264628425,0.171484381812791,0.4078099656417322
0.5542771385692846,0.3920440330247687,0.6860145108831625,1.0,0.5279732110155746,0.3516821598618693
0.3141570785392696,0.5689266950212661,0.8153615211408558,0.4557894553255315,0.0,0.2717913389259989
0.6518259129564782,0.1766324743557669,0.3625218914185639,0.625779165285941,0.4599717459929888,0.5916563475591677
0.2188594297148574,0.4961220915686766,0.5469101826369778,0.4780543104801437,0.0,0.1836475574236531
0.4954977488744371,0.4898674005504129,0.7530647985989494,0.5005807768107854,0.494171302998064,0.5004883408619216
0.4947473736868433,0.4883662747060296,0.7525644233174882,0.5005493834696618,0.4943997767584631,0.495864799344228
0.3091545772886442,0.5168876657493121,0.6860145108831625,0.3097755376109667,1.0,0.3912831156146991
0.2491245622811406,0.4706029522141607,0.6845133850387792,0.4615274604531105,0.0,0.1823499659905471
0.5325162581290644,0.3417563172379285,0.759819864898674,0.0067914261297242,0.5820709140694491,0.5068210753963409
0.5685342671335667,0.352014010507881,0.6187140355266451,0.4750789193714355,0.978329874252228,0.5552732092715
0.7168584292146072,0.3542656992744559,0.613209907430573,0.3534070495491567,0.9626576207335578,0.7368296213614245
0.4174587293646823,0.5376532399299476,0.6122091568676509,0.1792507455918517,0.0,0.0481940108481434
0.4969984992496247,0.4901175881911435,0.751563672754566,0.500687165355704,0.4941242129863787,0.5005040375324834
0.5977988994497248,0.42006504878659,0.8208656492369277,0.0862985506740848,0.5280499502938766,0.5052496642656574
0.4952476238119059,0.4901175881911435,0.7528146109582188,0.500687165355704,0.4942009522646807,0.5004726441913598
0.4952476238119059,0.4901175881911435,0.7528146109582188,0.5007482079634442,0.4941399096569405,0.5005807768107854
0.1040520260130065,0.372529397047786,0.6142106579934952,0.545018051171146,0.7891134869281615,0.6629680659957793
0.4942471235617808,0.4881160870652991,0.7528146109582188,0.5006418194185256,0.4941556063275023,0.5005197342030452
0.6980990495247623,0.4150612959719791,0.6787590693019766,1.0,0.5711146380173361,0.326211695763643
0.1680840420210105,0.4193144858643984,0.6082061546159621,0.1736505223503148,1.0,0.5491689484974798
0.5555277638819409,0.4480860645484114,0.8471353515136353,0.6996703699182029,0.5271186145072118,0.4459929888204824
0.6618309154577288,0.3545158869151865,0.503627720790593,0.4663044805274081,0.9967193958525908,0.6826708756998099
0.4944972486243121,0.4888666499874907,0.7525644233174882,0.5005493834696618,0.4942776915429827,0.5005197342030452
0.517008504252126,0.4320740555416563,0.6554916187140356,0.1073442977483998,0.5454924394370128,0.4064984216125713
0.4954977488744371,0.4901175881911435,0.7525644233174882,0.5005947294068402,0.4942166489352425,0.5004429949247432
0.5750375187593796,0.3397548161120841,0.3302476857643233,0.6852189685543366,0.2805971711111499,0.4439332368278773
0.6050525262631314,0.3042281711283463,0.6885163872904679,1.0,0.5055252280377418,0.3597851300207545
0.17983991995998,0.4861145859394547,0.777082812109082,0.707635558191046,0.2825505345588364,0.5288888501316776
0.7893946973486743,0.3600200150112586,0.5449086815111335,0.3816680328583637,0.3098208835481452,0.4815040898547186
0.4097048524262131,0.4535901926444834,0.5466599949962473,0.3352006557720146,0.0,9.06918743569518e-05
0.6213106553276637,0.2211658744058044,0.4273204903677759,0.2273680171616932,0.4714477562481469,0.4342117655266233
0.4954977488744371,0.4896172129096824,0.7528146109582188,0.5007028620262658,0.4942166489352425,0.5005493834696618
0.5975487743871936,0.1826369777333,0.3077307980985739,0.1338367895076477,0.7353192528384813,0.3140485201527809
0.4952476238119059,0.4898674005504129,0.7525644233174882,0.5006418194185256,0.4941556063275023,0.5004883408619216
0.4954977488744371,0.4898674005504129,0.7523142356767576,0.5006714686851422,0.4941852555941189,0.5004429949247432
0.5305152576288144,0.4133099824868653,0.8596447335501627,0.0,0.5118579625721611,0.4140520083017946
0.5295147573786892,0.5964473355016264,0.581185889417063,0.5003976489875648,0.0,0.0
0.4952476238119059,0.4896172129096824,0.7525644233174882,0.5006261227479638,0.4941852555941189,0.5005040375324834
0.6358179089544772,0.5258944208156119,0.673004753565174,0.3975548075413782,0.0,0.0
0.4952476238119059,0.4901175881911435,0.7528146109582188,0.5005807768107854,0.494171302998064,0.5005197342030452
0.6160580290145072,0.4861145859394547,0.5986990242682013,1.0,0.1229241153182064,0.5575317857578875
0.4387193596798399,0.5651738804103079,0.3767825869402052,0.5249978199068664,1.0,0.9513647383016202
0.5257628814407203,0.4290718038528898,0.6887665749311985,0.0,0.6229241153182064,0.6264035439593979
0.6553276638319159,0.3137353014761072,0.7353014761070804,0.5078901930690479,0.1575963165146415,0.5622791565655685
0.4949974987493746,0.487615711783838,0.7528146109582188,0.5006261227479638,0.4942166489352425,0.5004883408619216
0.4952476238119059,0.4896172129096824,0.7525644233174882,0.5006557720145804,0.4941399096569405,0.5005040375324834
0.3024012006003001,0.6397297973480112,0.6619964973730299,0.3815459476428833,0.0,0.4312049810767916
0.4947473736868433,0.4891168376282213,0.7530647985989494,0.5006557720145804,0.4942323456058042,0.5005336867991
0.6553276638319159,0.3762822116587442,0.7012759569677259,0.292073181366308,0.0,0.2269721122486352
0.5175087543771886,0.4683512634475858,0.6479859894921192,0.5981111673090674,0.0,0.5558993320194638
0.5182591295647824,0.4003002251688767,0.4190642982236678,0.0,0.4511659138078379,0.4291138357430629
0.2586293146573286,0.5271453590192646,0.526895171378534,0.8357029492299911,1.0,0.7382946439471894
0.5295147573786892,0.4758568926695022,0.7050287715786842,0.3174215602490539,0.5438582416240821,0.4620611472522106
0.4907453726863431,0.4568426319739806,0.5088816612459346,0.4093203341646755,1.0,0.5253326822121841
0.4789894947473736,0.4946209657242933,0.7545659244433327,0.4979855939445733,0.4951462406474005,0.5128956869037445
0.1948474237118559,0.5276457343007257,0.7905929447085316,0.3054415124614124,1.0,0.5318956345815093
0.3111555777888944,0.4360770577933451,0.4713535151363524,0.5304306119957445,1.0,0.5434169907738459
0.5855427713856928,0.4333249937453091,0.7575681761320991,1.0,0.5241275267279418,0.4853497741423513
0.4957478739369684,0.490367775831874,0.7523142356767576,0.5006261227479638,0.4942916441390376,0.5005040375324834
0.1708354177088544,0.417312984738554,0.654741055791844,0.5676195127055828,0.0055252280377418,0.5201440605542669
0.785392696348174,0.3460095071303478,0.6407305479109333,0.5566178907162914,0.603116661143764,0.4221706751312416
0.4947473736868433,0.4893670252689518,0.7538153615211409,0.5006261227479638,0.4943073408095993,0.5004569475207981
0.8901950975487742,0.3615211408556418,0.6695021265949463,0.3583515007761131,0.3323613024748417,0.5054624413554947
0.4949974987493746,0.4898674005504129,0.7523142356767576,0.5007325112928824,0.494171302998064,0.5005040375324834
0.4952476238119059,0.490367775831874,0.7528146109582188,0.500610426077402,0.4942009522646807,0.5005650801402236
0.4939969984992495,0.4891168376282213,0.7530647985989494,0.5005807768107854,0.4940788670492003,0.5005336867991
0.4952476238119059,0.4893670252689518,0.7530647985989494,0.5006557720145804,0.4942009522646807,0.5005040375324834
0.465232616308154,0.6342256692519391,0.7535651738804104,0.0,0.697976873572039,0.4811831801454558
0.8099049524762381,0.4220665499124344,0.597197898423818,0.5563876728813855,0.0,0.5325060606589114
0.6190595297648823,0.4430823117338004,0.9367025268951716,0.7364023231072432,0.3735493660289167,0.4392626052984983
0.4979989994997498,0.3550162621966476,0.5831873905429072,0.0,0.4896227566841655,0.4707605908924429
0.4907453726863431,0.3237428071053291,0.6484863647735803,0.0,0.7364790623855451,0.4677538064426112
0.4944972486243121,0.4881160870652991,0.7525644233174882,0.5006714686851422,0.4942619948724209,0.5005493834696618
0.1408204102051025,0.571178383787841,0.8013510132599451,0.4995430524792019,1.0,0.718181976734046
0.4942471235617808,0.4888666499874907,0.7528146109582188,0.5006418194185256,0.4942323456058042,0.5005040375324834
0.6255627813906952,0.451088316237178,0.375781836377283,0.5780281493625408,1.0,0.7493887018853445
0.6250625312656327,0.5576682511883915,0.6387290467850889,0.2560580427995884,1.0,0.8860334513490415
0.4954977488744371,0.5018764073054792,0.625969477107831,0.0,0.7774683014458378,0.410968484573661
0.6585792896448224,0.3767825869402053,0.738804103077308,0.0,0.1802588206568184,0.6037270872211661
0.4984992496248123,0.4841130848136103,0.5316487365524144,0.5022289272197709,1.0,0.8154071541936272
0.4947473736868433,0.4893670252689518,0.7530647985989494,0.5007325112928824,0.4941556063275023,0.5005493834696618
0.6713356678339168,0.3825369026770079,0.7315486614961222,0.3912377696775206,0.8501857439349809,0.5788060065926016
0.2218609304652326,0.3860395296472355,0.5298974230673006,0.7109318590090168,0.7503200376720094,0.7294434658248601
0.5292646323161581,0.4410808106079561,0.7708281210908182,0.0,0.3270976856131294,0.3165512670701292
0.8054027013506753,0.2569427070302728,0.7828371278458846,0.6557353890158187,0.5843765805675218,0.2285435233793187
0.5382691345672835,0.3124843632724544,0.3850387790843133,0.9016760556010952,0.5012051554842423,0.5202661457697473
0.2226113056528263,0.3872904678508883,0.5896922692019015,0.4231473568550848,1.0,0.669576364302283
0.5145072536268134,0.4465849387040281,0.5936952714535904,0.0,0.3690182604600869,0.5078744963984861
0.4947473736868433,0.4893670252689518,0.7528146109582188,0.5007028620262658,0.4941556063275023,0.5004883408619216
0.4877438719359679,0.5561671253440081,0.827370527895922,0.2706175767828802,1.0,0.7798507072222125
0.5715357678839419,0.2379284463347511,0.3545158869151864,0.5562359383992884,0.569588572823831,0.5334356523710693
0.5332666333166582,0.4395796847635728,0.707280460345259,0.8688351326368662,0.4516699513403213,0.4197446674921953
0.4942471235617808,0.4891168376282213,0.7523142356767576,0.5007325112928824,0.4942009522646807,0.5004272982541814
0.8751875937968983,0.2807105328996748,0.7548161120840631,0.5342605996128155,0.3971885518949369,0.6230775938748103
0.5980490245122561,0.231923942957218,0.396797598198649,1.0,0.4747126637249943,0.440207893681218
0.3931965982991495,0.5323992994746061,0.6715036277207908,0.7384620750998483,0.0,0.0786071820988192
0.7798899449724861,0.3942957217913436,0.4733550162621967,0.2697315869333938,1.0,0.9923539773619128
0.6408204102051025,0.388541406054541,1.0000000000000002,0.9796571149519508,0.4285034096656609,0.3984407973908645
0.4952476238119059,0.4901175881911435,0.7528146109582188,0.5005807768107854,0.494171302998064,0.5005040375324834
0.599799899949975,0.3887915936952715,0.7315486614961222,0.1480893663777316,0.5296667073617385,0.6346146467377086
0.4944972486243121,0.4908681511133351,0.7528146109582188,0.5007028620262658,0.4943683834173396,0.4993442279854195
0.4952476238119059,0.4898674005504129,0.7525644233174882,0.5006418194185256,0.4942462982018591,0.5005197342030452
0.5607803901950975,0.4933700275206406,0.8288716537403054,0.0,0.477032282819122,0.6575666672480248
0.5602801400700349,0.3925444083062298,0.6572429321991495,1.0,0.4976350349686939,0.6827772642447285
0.4949974987493746,0.4898674005504129,0.7530647985989494,0.5005947294068402,0.4942166489352425,0.5006261227479638
0.5407703851925962,0.3214911183387542,0.7480610457843384,0.0,0.4295568306678061,0.5595479358878211
0.4954977488744371,0.4896172129096824,0.7528146109582188,0.5006418194185256,0.4942009522646807,0.5005493834696618
0.5460230115057528,0.4248186139604705,0.777583187390543,1.0,0.5830789891344158,0.5176570103074803
0.5860430215107553,0.1941456092069052,0.7685764323242433,1.0,0.3140328234822191,0.4125259431082896
0.7926463231615807,0.2616962722041532,0.7718288716537405,0.4158518931928772,0.0386399706995483,0.4543854753475068
0.5897948974487243,0.427820865649237,0.6179634726044534,0.488051345553482,0.4699373877252036,0.4847096987983326
0.5482741370685342,0.4600950713034777,0.691268451338504,0.730512583497567,0.5307497776305004,0.4177145647662068
0.4939969984992495,0.4888666499874907,0.7523142356767576,0.5005947294068402,0.494108516315817,0.5016638470795473
0.4952476238119059,0.4898674005504129,0.7530647985989494,0.5005947294068402,0.4942009522646807,0.5005807768107854
0.4954977488744371,0.4898674005504129,0.7525644233174882,0.5007028620262658,0.4942323456058042,0.5005493834696618
0.4944972486243121,0.4886164623467602,0.7525644233174882,0.5006557720145804,0.4942166489352425,0.5005807768107854
0.2446223111555778,0.4243182386790093,0.490367775831874,0.5945549993895739,0.0007482079634442,0.2208068088668748
0.4997498749374687,0.4941205904428322,0.7530647985989494,0.5006261227479638,0.494108516315817,0.5048066693409142
0.1235617808904452,0.4896172129096824,0.8253690267700777,0.5196103737551668,0.1939323647906238,0.5590892442925162
0.4942471235617808,0.4883662747060296,0.7533149862396799,0.5005947294068402,0.4942462982018591,0.5004726441913598
0.4954977488744371,0.4901175881911435,0.7530647985989494,0.5005807768107854,0.494171302998064,0.5005336867991
0.4732366183091545,0.5334000500375283,0.5674255691768828,0.0,0.435385527669742,0.6240385789280918
0.6138069034517258,0.4513385038779085,0.7002752064048037,0.6825627430803844,0.0,0.3650051450197952
0.5675337668834417,0.3620215161371029,0.659744808606455,0.0,0.4010656295236933,0.5294068402602159
0.4957478739369684,0.4916187140355267,0.7513134851138354,0.5007168146223206,0.4941852555941189,0.5005040375324834
0.4962481240620309,0.4841130848136103,0.7560670502877159,0.5005650801402236,0.4943230374801611,0.5005807768107854
0.4954977488744371,0.4901175881911435,0.7528146109582188,0.500610426077402,0.4942323456058042,0.5005650801402236
0.5482741370685342,0.4453340005003754,0.7833375031273456,0.0033416467551494,0.5486509583689415,0.5950276435809337
0.493496748374187,0.4423317488116088,0.5554165624218165,0.6596874618483701,1.0,0.7684043462336712
0.5292646323161581,0.2044033024768577,0.3952964723542658,0.0183581282592392,0.5054938346966182,0.2925318729616129
0.4132066033016508,0.1673755316487366,0.6122091568676509,0.839381202364965,0.3270209463348274,0.4911488218776706
0.4952476238119059,0.4898674005504129,0.7530647985989494,0.5005807768107854,0.4942009522646807,0.5005650801402236
0.4939969984992495,0.4871153365023769,0.7530647985989494,0.5005650801402236,0.4945829045816837,0.495100894710222
0.4952476238119059,0.4898674005504129,0.7528146109582188,0.5006714686851422,0.4941852555941189,0.5004883408619216
0.2263631815907953,0.5168876657493121,0.7470602952214161,0.3885815442035684,0.0,0.3519873729005703
0.3001500750375187,0.3877908431323493,0.472104078058544,0.7294905558365453,0.0979123428152851,0.4924603659068315
0.4952476238119059,0.4898674005504129,0.7533149862396799,0.5006714686851422,0.4941852555941189,0.5004726441913598
0.1660830415207603,0.4163122341756318,0.4856142106579936,0.5815686206114725,0.715968746184837,0.6759090988367022
0.549024512256128,0.3480110082561922,0.636477358018514,0.0,0.334940788670492,0.5814622320665539
0.533016508254127,0.4395796847635728,0.720040030022517,0.0,0.5370371662277412,0.4347611489962851
0.5705352676338168,0.49311983987991,0.6344758568926696,0.3500340094528838,0.305319427245932,0.3642255437152275
0.4947473736868433,0.4886164623467602,0.7528146109582188,0.5005650801402236,0.4942323456058042,0.5004569475207981
0.2708854427213606,0.5101325994495873,0.4240680510382787,0.6208486666550395,0.0,0.3469504857247502
0.433216608304152,0.4520890668001002,0.7553164873655243,0.0,0.3990651760643214,0.3752603031201493
0.5460230115057528,0.3745308981736303,0.5999499624718541,0.0,0.4508607007691368,0.4077942689711704
0.6900950475237618,0.4610958218663999,0.714535901926445,0.4427873798768683,0.9843573957479465,0.7493887018853445
0.5445222611305652,0.4170627970978234,0.6895171378533902,1.0,0.4380417531436943,0.634278040357884
0.9579789894947472,0.3980485364023018,0.9417062797097824,0.4666707361738493,0.0,0.2836336048275982
0.8839419709854925,0.278959219414561,0.673004753565174,0.3829045816837295,0.1046723756038858,0.4204771787850777
0.4949974987493746,0.4901175881911435,0.7528146109582188,0.500763904634006,0.4941242129863787,0.5005650801402236
0.5767883941970985,0.552914686014511,0.6872654490868152,0.432242705408375,1.0,0.748581195388667
0.2018509254627313,0.5479109331999,0.2461846384788591,0.8830109702286482,1.0,0.9689607060013604
0.7443721860930465,0.4986239679759821,0.4323242431823869,0.5059507822174163,1.0,0.9156094668364232
0.4944972486243121,0.4883662747060296,0.7528146109582188,0.5006418194185256,0.4942323456058042,0.5003209097092628
0.4952476238119059,0.4898674005504129,0.7528146109582188,0.5006557720145804,0.4942166489352425,0.5005197342030452
0.3166583291645822,0.4260695521641232,0.6512384288216163,0.4709890646528419,0.7057903273627849,0.5177790955229608
0.5012506253126563,0.4681010758068553,0.7440580435326496,0.5092470830353872,0.4995116591380784,0.3449517763398853
0.5200100050025012,0.2774580935701777,0.3987990993244934,0.4894082355198214,0.5442401939410851,0.5874583602211486
0.2946473236618309,0.4320740555416563,0.5854390793094822,0.5862375080663446,0.1133107766363779,0.4224462389033259
0.5390195097548773,0.3777833375031275,0.5221416062046536,1.0,0.3825836719744667,0.5395870031567749
0.4517258629314656,0.4253189892419315,0.5469101826369778,0.5254251181610479,1.0,0.4797338542302527
0.2973986993496748,0.5689266950212661,0.573930447835877,0.5761358285225945,1.0,0.5982175558539861
0.6888444222111054,0.2764573430072555,0.5303977983487617,1.0,0.6704309608106458,0.3739923609536599
0.4957478739369684,0.4881160870652991,0.7525644233174882,0.5005197342030452,0.4942166489352425,0.4992221427699391
0.667583791895948,0.7170377783337505,0.6925193895421567,0.4594380591938887,1.0,0.3035352390254111
0.6790895447723861,0.2411808856642482,0.467100325243933,0.0,0.5856131293928877,0.480251844358791
0.5720360180090044,0.4505879409557169,0.74881160870653,0.0001831278232206,0.7099551772851737,0.5601880112318398
0.4954977488744371,0.4898674005504129,0.7528146109582188,0.5006261227479638,0.4942166489352425,0.5004726441913598
0.5467733866933466,0.2832124093069803,0.4490868151113336,0.0,0.413486928161571,0.2790100633099046
0.4952476238119059,0.4901175881911435,0.7528146109582188,0.500687165355704,0.494171302998064,0.5005040375324834
0.4952476238119059,0.4901175881911435,0.7530647985989494,0.5006714686851422,0.4942009522646807,0.5005336867991
0.66008004002001,0.375281461095822,0.5799349512134102,0.6316392556290005,1.0,0.633133927481382
0.4339669834917458,0.5791843882912185,0.6787590693019766,0.6473411584142874,0.0,0.437447023736854
0.5040020010005002,0.474355766825119,0.756567425569177,0.5003505589758794,0.4945515112405602,0.5477353192528385
0.5225112556278139,0.2299224418313736,0.4473355016262197,0.9991140101505136,0.5492160385091651,0.4261384446343548
0.6058029014507254,0.466599949962472,0.7060295221416063,1.0,0.5413258454401172,0.4597886181697682
0.4954977488744371,0.4898674005504129,0.7528146109582188,0.5006418194185256,0.4942009522646807,0.5005650801402236
0.629064532266133,0.4205654240680511,0.6477358018513887,0.5790344803530006,1.0,0.7073006958857282
0.4944972486243121,0.4893670252689518,0.7530647985989494,0.5006261227479638,0.4941399096569405,0.5005807768107854
0.2156078039019509,0.3862897172879661,0.5616712534400802,0.713436350000872,0.1173395887472312,0.5142072309329054
0.2971485742871435,0.5691768826619966,0.5619214410808107,0.2952473969687985,0.0,0.0591502869002563
0.5660330165082541,0.430572929697273,0.7705779334500877,0.753937248199243,0.5664597031585189,0.5280795995604932
0.7798899449724861,0.3667750813109833,0.8411308481361022,0.4433210666759684,0.0273924342047892,0.3770148420740534
0.4959979989994997,0.490367775831874,0.7525644233174882,0.5005947294068402,0.4942009522646807,0.5005650801402236
0.4949974987493746,0.4906179634726046,0.7523142356767576,0.500763904634006,0.4942166489352425,0.5005197342030452
0.4824912456228113,0.4298223667750814,0.7052789592194146,0.6431292184802135,0.656024905383958,0.6530181209341264
0.6185592796398198,0.3842882161621217,0.6344758568926696,0.5193051607164658,0.9091232537454,0.7147025480928545
0.4952476238119059,0.4896172129096824,0.7530647985989494,0.500610426077402,0.4941852555941189,0.5005040375324834
0.4962481240620309,0.4983737803352516,0.7528146109582188,0.5007778572300609,0.4942619948724209,0.4981687217677939
0.4947473736868433,0.4893670252689518,0.7525644233174882,0.5006714686851422,0.4942776915429827,0.501069117672707
0.5790395197598799,0.5233925444083064,0.839629722291719,0.7212637563876729,0.5906936184313794,0.5531838080122783
0.4907453726863431,0.4881160870652991,0.751563672754566,0.5001674311526588,0.4959258419519682,0.4811988768160176
0.8526763381690844,0.3637728296222168,0.7358018513885415,0.9068489805884508,4.5345937178475904e-05,0.4921255036015138
0.4954977488744371,0.4898674005504129,0.7528146109582188,0.5005807768107854,0.4941556063275023,0.5005336867991
0.6148074037018508,0.4686014510883163,0.3942957217913436,0.7024469365331287,1.0,1.0
0.1538269134567284,0.4218163622717039,0.7993495121341008,0.32781450023545,0.9984896314770568,0.560859479916982
0.2143571785892946,0.5023767825869403,0.7498123592694522,0.6434047822522978,0.0,0.4125555923749062
0.4952476238119059,0.4898674005504129,0.7528146109582188,0.5006714686851422,0.4942009522646807,0.5005040375324834
0.5067533766883441,0.4741055791843884,0.7730798098573932,1.0,0.5777525855904564,0.5050822331129986
0.5640320160080039,0.4530898173630224,0.3897923442581937,0.0,0.1532779880356489,0.6227566841655475
0.2078539269634817,0.3967975981986491,0.4493370027520641,0.7290475609118021,0.8599386085773584,0.466777124718768
0.4954977488744371,0.4901175881911435,0.7528146109582188,0.5006557720145804,0.4941556063275023,0.5004569475207981
0.8181590795397697,0.2899674756067051,0.7863397548161122,0.4872263983117358,0.5512757905017702,0.5005650801402236
0.6510755377688844,0.3855391543657744,0.795846885163873,1.0,0.6412072483736505,0.4112893942829237
0.0732866433216608,0.4423317488116088,0.7012759569677259,0.4666707361738493,0.5145281406421682,0.5818581369796118
0.4947473736868433,0.4883662747060296,0.7533149862396799,0.5009313357866648,0.4939881751748434,0.5004116015836196
0.1858429214607303,0.3812859644733551,0.8438829121841382,0.3903378272319793,0.996183964978984,0.6443343739644558
0.6578289144572286,0.2309231923942958,0.5661746309732301,0.2442768195057293,0.4996651376946823,0.6126236112806739
0.4952476238119059,0.4898674005504129,0.7528146109582188,0.5006261227479638,0.4941852555941189,0.5005336867991
0.4949974987493746,0.4898674005504129,0.7528146109582188,0.5006261227479638,0.4941852555941189,0.5005493834696618
0.6773386693346672,0.3832874655991995,0.5411558669001753,1.0,0.6010098191394736,0.5446064495875264
0.4952476238119059,0.4901175881911435,0.7525644233174882,0.5006557720145804,0.4942166489352425,0.5004726441913598
0.4947473736868433,0.4893670252689518,0.7530647985989494,0.5007168146223206,0.4942009522646807,0.5005040375324834
0.7733866933466733,0.3322491868901677,0.7738303727795848,0.6212306189720425,0.2855259256675445,0.471217538413241
0.4952476238119059,0.4901175881911435,0.7530647985989494,0.500610426077402,0.4942166489352425,0.5005336867991
0.4947473736868433,0.4883662747060296,0.7530647985989494,0.500610426077402,0.4942009522646807,0.5004883408619216
0.5955477738869435,0.4871153365023769,0.7378033525143859,0.0,0.5057676543941957,0.5685055025550692
0.1228114057028514,0.3870402802101577,0.6847635726795097,0.4154559882798193,1.0,0.7694263738946927
0.2931465732866433,0.4668501376032025,0.3715286464848637,0.8129358006174023,0.5889390794774753,0.5452011789943666
0.5897948974487243,0.3645233925444084,0.3592694520890668,1.0,0.5164658074192929,0.5830493398677992
0.5157578789394697,0.4153114836127096,0.7788341255941957,0.5072640703210841,0.5163751155449361,0.4193627151751923
0.4944972486243121,0.4891168376282213,0.7528146109582188,0.5005493834696618,0.4942323456058042,0.5012051554842423
0.508504252126063,0.4761070803102328,0.7638228671503628,0.5495055548773043,0.4942166489352425,0.5104382859235747
0.5695347673836918,0.4600950713034777,0.7418063547660747,1.0,0.7556464412159687,0.5357256221985803
0.4952476238119059,0.4896172129096824,0.7530647985989494,0.5007028620262658,0.4942323456058042,0.5001674311526588
0.5405202601300649,0.2444333249937454,0.4731048286214662,1.0,0.542639133543785,0.60136212218986
0.4952476238119059,0.4055541656242183,0.8011008256192145,0.9997558295690392,0.568901407468127,0.5562359383992884
0.2946473236618309,0.495371528646485,0.7320490367775834,0.4614210719081919,0.0,0.3001168529919598
0.5712856428214106,0.2276707530647987,0.3249937453089818,0.7608647121405026,0.6138287667649162,0.4190871514031079
0.4942471235617808,0.4888666499874907,0.7528146109582188,0.5007482079634442,0.4942009522646807,0.5005197342030452
0.4954977488744371,0.4898674005504129,0.7525644233174882,0.500687165355704,0.4941242129863787,0.5006418194185256
0.4942471235617808,0.4888666499874907,0.7530647985989494,0.5006557720145804,0.4942009522646807,0.5005197342030452
0.5100050025012506,0.4275706780085065,0.5729296972729548,0.4568114829865531,1.0,0.6848370162373336
0.4949974987493746,0.4891168376282213,0.7530647985989494,0.500610426077402,0.494171302998064,0.5005336867991
0.4302151075537768,0.117338003502627,0.4335751813860396,0.1745975548075414,0.5251495543889635,0.4149833440884594
0.4939969984992495,0.4888666499874907,0.7528146109582188,0.5006418194185256,0.4941852555941189,0.5004569475207981
0.7668834417208603,0.3470102576932701,0.6447335501626221,0.5688717582015104,0.0,0.519594677084605
0.4952476238119059,0.4898674005504129,0.7525644233174882,0.5006261227479638,0.4942462982018591,0.5004883408619216
0.5327663831915957,0.3297473104828622,0.6712534400800602,0.0,0.5536564522036381,0.399325043165844
0.4949974987493746,0.4898674005504129,0.7528146109582188,0.5006418194185256,0.4941399096569405,0.5004569475207981
0.552776388194097,0.3254941205904429,0.5431573680260195,1.0,0.4779932678724035,0.4797495509008145
0.296648324162081,0.5281461095821868,0.6634976232174132,0.6335001831278232,1.0,0.6927272093063815
0.6038019009504751,0.4363272454340757,0.8073555166374783,0.9347158030591066,0.4992831853776793,0.4612536407555331
0.493496748374187,0.3837878408806606,0.6389792344258195,1.0,0.5870310619669672,0.6354988925126881
0.5482741370685342,0.4756067050287717,0.7433074806104579,0.4635122172419206,1.0,0.5658649737516787
0.5857928964482241,0.2581936452339255,0.3567675756817614,0.7882745870903605,0.5228456319653976,0.3751225212341071
0.6645822911455728,0.5669251938954217,0.6007005253940456,0.5629959711878891,1.0,0.6812808483178401
0.3151575787893946,0.3845384038028522,0.5026269702276709,0.484768997331566,0.9864171477405514,0.4199574445820325
0.3289144572286142,0.4818613960470354,0.7110332749562173,0.563391876100947,0.0,0.3724662957601549
0.1513256628314157,0.3970477858393796,0.7077808356267201,0.3673701100511014,0.9583078989134416,0.6471894239321904
0.4944972486243121,0.4883662747060296,0.7525644233174882,0.500610426077402,0.4942166489352425,0.5004272982541814
0.5285142571285643,0.2459344508381287,0.4731048286214662,1.0,0.4496101993477161,0.6022917139020179
0.583791895947974,0.3840380285213911,0.6935201401050789,0.0,0.5050211905052584,0.545781955805152
0.1895947973986993,0.5649236927695773,0.5559169377032775,0.6744440762509374,0.0016324537384236,0.5202504490991855
0.6845922961480739,0.0900675506629973,0.2534400800600451,0.2660690304689816,0.5048537593525996,0.4227967978792054
0.5317658829414706,0.4923692769577184,0.8238679009256944,1.0,0.5277743865217922,0.3379929190575022
0.4954977488744371,0.4901175881911435,0.7528146109582188,0.5006418194185256,0.4941556063275023,0.5005197342030452
0.546273136568284,0.3500125093820366,0.4726044533400051,1.0,0.2100633099045991,0.5533355424943753
0.6575787893946973,0.359769827370528,0.7965974480860647,0.4812913127648813,0.0187243839056804,0.5189232083994628
0.5375187593796897,0.3189892419314487,0.8283712784588442,1.0,0.4355686554929626,0.4198964019742923
0.2076038019009504,0.5639229422066552,0.6872654490868152,0.38906988506549,0.0,0.1232450250274691
0.5180090045022511,0.4375781836377284,0.6289717287965976,0.4008825017004726,0.0,0.0
0.6480740370185092,0.3097322992244184,0.7603202401801352,0.0,0.3887036294190488,0.2997802466121353
0.3001500750375187,1.0000000000000002,1.0000000000000002,1.0,0.8930986971763433,0.4886303782897605
0.4952476238119059,0.4901175881911435,0.7528146109582188,0.5006418194185256,0.4942462982018591,0.5005493834696618
0.5827913956978489,0.3352514385789343,0.7485614210657995,1.0,0.2578439750946161,0.3252646633064164
0.1750875437718859,0.4125594195646736,0.6462346760070053,0.6114794984041718,0.0003819523170029,0.6452203638139421
0.1960980490245122,0.4180635476607456,0.550662997247936,0.527026178558348,0.2821842789123951,0.4663201771979699
0.4357178589294647,0.5359019264448338,0.727795846885164,0.5945393027190121,0.0,0.5302160908314003
0.1693346673336668,0.4801100825619215,0.6019514635976984,0.3379929190575022,0.9998325688473412,0.4155170308875595
0.4952476238119059,0.4898674005504129,0.7528146109582188,0.5006418194185256,0.4941852555941189,0.5005336867991
0.6040520260130064,1.0000000000000002,0.8418814110582938,1.0,0.4357831766573068,0.3210684200429042
0.1785892946473236,0.5624218163622718,0.550662997247936,0.3630814308387254,0.0,0.3078989134415822
0.396448224112056,0.5991993995496624,0.7187890918188643,0.5405479882100563,0.0,0.3548406787937981
0.4954977488744371,0.4898674005504129,0.7528146109582188,0.5006261227479638,0.4942462982018591,0.5004726441913598
0.4954977488744371,0.4901175881911435,0.7528146109582188,0.5005807768107854,0.4941556063275023,0.5004726441913598
0.5912956478239119,0.4110582937202903,0.7353014761070804,1.0,0.5085773584247519,0.3901686520048136
0.4944972486243121,0.4883662747060296,0.7530647985989494,0.500687165355704,0.4942166489352425,0.5005493834696618
0.4944972486243121,0.4883662747060296,0.7530647985989494,0.5006714686851422,0.4942916441390376,0.4967490451192075
0.4952476238119059,0.4901175881911435,0.7528146109582188,0.5005807768107854,0.4942009522646807,0.5005197342030452
0.4942471235617808,0.4891168376282213,0.7528146109582188,0.5005493834696618,0.4942462982018591,0.5005040375324834
0.6628314157078539,0.3179884913685264,0.6932699524643484,0.4519437710378987,0.6008737813279383,0.5381673265081884
0.51975987993997,0.5051288466349764,0.5706780085063798,0.6449918900535431,0.0,0.3520484155083105
0.1208104052026012,0.3397548161120841,0.6434826119589694,0.5806983274325479,0.61996442088006,0.5300172663376179
0.569784892446223,0.2977232924693521,0.6002001501125845,0.0,0.5249350332246193,0.5478731011388807
0.5260130065032516,0.4315736802601952,0.722792094070553,0.0,0.418004081134346,0.4372028533058932
0.4954977488744371,0.4898674005504129,0.7528146109582188,0.500687165355704,0.4942166489352425,0.5005336867991
0.4162081040520259,0.414560920690518,0.5359019264448337,0.4197289708216335,0.4033242060100808,0.4383766154490119
0.4952476238119059,0.4898674005504129,0.7525644233174882,0.500687165355704,0.494171302998064,0.5005040375324834
0.4952476238119059,0.4901175881911435,0.7530647985989494,0.5006261227479638,0.4941556063275023,0.5005650801402236
0.5857928964482241,0.5123842882161622,0.7025268951713787,0.8653696565917295,0.3523693252175733,0.4252838481259919
0.5590295147573786,0.2994746059544659,0.5449086815111335,0.0,0.6660969356610914,0.4115806547255698
0.6355677838919459,0.2024018013510133,0.3097322992244183,0.823068873502276,0.5786525280359976,0.6342326944207056
0.4244622311155577,0.4535901926444834,0.7913435076307231,0.4669759492125503,0.0,0.2667718924952474
0.648824412206103,0.182136602451839,0.4298223667750814,0.7139246908627936,0.4328984774229555,0.667272441878717
0.4952476238119059,0.4898674005504129,0.7525644233174882,0.5007028620262658,0.4942323456058042,0.5005040375324834
0.4944972486243121,0.4883662747060296,0.7523142356767576,0.5007028620262658,0.49449046863282,0.4951322880513455
0.6280640320160079,0.2084063047285465,0.3329997498123593,1.0,0.235563423269442,0.5312695118335455
0.4952476238119059,0.4898674005504129,0.7528146109582188,0.5006557720145804,0.4942166489352425,0.5005040375324834
0.4259629814907453,0.6172129096822618,0.5709281961471104,0.2993843416990774,0.0,0.0
0.4952476238119059,0.4881160870652991,0.751063297473105,0.5005197342030452,0.4942619948724209,0.5005040375324834
0.5467733866933466,0.3810357768326246,0.5113835376532401,0.0,0.6637162739592235,0.4836248844550639
0.9007003501750874,0.1886414811108331,0.678508881661246,0.3691856916127457,0.049306730383522,0.2834051310671992
0.6108054027013506,0.2667000250187641,0.3294971228421316,0.0,0.4114725221061444,0.5528315049618919
0.5015007503751875,0.4908681511133351,0.7493119839879911,0.5008999424455413,0.4940945637197621,0.5004272982541814
0.5935467733866933,0.5384038028521393,0.8366274706029524,0.4958177093325427,1.0,0.7347384760276959
0.2076038019009504,0.4993745308981737,0.7197898423817864,0.4517606432146781,1.0,0.6204527617419816
0.5520260130065032,0.1886414811108331,0.4863647735801852,0.0398294295132288,0.5429129532413625,0.6000784833528088
0.1813406703351675,0.3732799599699776,0.5434075556667501,0.4126637249943318,0.9775973629593456,0.6365209201737099
0.2426213106553276,0.4348261195896924,0.5364023017262948,0.5276679979768736,0.1206969321729424,0.5518862165791723
0.7308654327163581,0.3542656992744559,0.8443832874655993,0.5649493346355756,0.5521757329473115,0.5454470934998343
0.2616308154077038,0.495371528646485,0.6144608456342258,0.5384568428763277,0.0,0.1504857247501613
0.2878939469734867,0.4518388791593696,0.5361521140855643,0.500992378394405,0.0379998953555296,0.3166593996895547
0.5387693846923461,0.3557668251188393,0.6219664748561422,1.0,0.5437971990163419,0.4676474178976926
0.5025012506253126,0.503627720790593,0.8674005504128097,0.0308108202382406,0.6457540506130421,0.5041962432635122
0.5247623811905953,0.305479109331999,0.5606705028771579,0.0,0.3697350750824075,0.6289062908767462
0.476488244122061,0.3832874655991995,0.7753314986239681,0.5118876118387777,0.5747458011406247,0.4912098644854108
0.2963981990995498,0.5664248186139607,0.8011008256192145,0.5431414270017615,0.0,0.3861101906273436
0.4952476238119059,0.4901175881911435,0.7530647985989494,0.5005197342030452,0.4942619948724209,0.5005493834696618
0.5442721360680339,0.4180635476607456,0.7533149862396799,0.7020196382789472,0.5536721488741999,0.5981722099168076
0.6403201600800399,0.4253189892419315,0.607705779334501,1.0,0.3777613059629907,0.5303992186546209
0.4952476238119059,0.4898674005504129,0.7530647985989494,0.5006261227479638,0.4942323456058042,0.5004883408619216
0.4952476238119059,0.4898674005504129,0.7525644233174882,0.5005947294068402,0.4942323456058042,0.500610426077402
0.5642821410705352,0.5088816612459346,0.2566925193895422,0.9989012330606764,0.9044229729494044,0.4377365401049933
0.477488744372186,0.4886164623467602,0.7343007255441583,0.0,0.7876484643423967,0.5540541011912029
0.1445722861430715,0.3027270452839631,0.6137102827120341,0.679831522402637,1.0,0.5480701815581561
0.4944972486243121,0.4883662747060296,0.7525644233174882,0.5006714686851422,0.4941556063275023,0.5005493834696618
0.6390695347673836,0.3407555666750064,0.568926695021266,0.0,0.234801262709943,0.4721349216038509
0.4949974987493746,0.4896172129096824,0.7520640480360272,0.5005650801402236,0.4942166489352425,0.5004569475207981
0.3734367183591796,0.5681761320990745,0.5964473355016263,0.5990111097546087,0.0,0.3072117480858782
0.4944972486243121,0.4896172129096824,0.7528146109582188,0.5006714686851422,0.4942009522646807,0.5005040375324834
0.3326663331665832,0.565674255691769,0.6927695771828872,0.7493137066815494,0.0,0.0964316235589584
0.4249624812406202,0.6279709782336754,0.5554165624218165,0.2480614611856218,1.0,0.6187575213213108
0.6988494247123561,0.2939704778583939,0.6194645984488367,0.57831766573068,0.0569213596804855,0.6309817395399131
0.2208604302151075,0.560670502877158,0.7170377783337505,1.0,1.0,0.8097912342815285
0.4379689844922461,0.4023017262947211,0.6905178884163123,0.4090168652004813,0.3316758811936446,0.3634790798262902
0.568784392196098,0.6805103827870904,0.6720040030022518,0.4205521739888728,1.0,0.5794321293405654
0.0,0.4280710532899676,0.5449086815111335,0.5857491672044229,0.968165408026231,0.7049200341838604
0.4957478739369684,0.4898674005504129,0.7528146109582188,0.5007168146223206,0.494171302998064,0.5018469749027679
0.4374687343671835,0.299974981235927,0.8819114335751814,0.9965048746882466,0.4887838568463645,0.5505886251460662
0.0987993996998499,0.4103077307980987,0.756567425569177,0.4451994349198598,0.9429548110295272,0.5894431170099587
0.3179089544772386,0.5679259444583439,0.6437327995996999,0.4854265134206533,0.0,0.3653243106545512
0.3619309654827413,0.4713535151363524,0.5871903927945961,0.5081797094371872,0.0,0.3612658492770811
0.125312656328164,0.4088066049537154,0.689016762571929,0.3989901808605264,0.6250309573224968,0.5712977658405567
0.5547773886943471,0.394045534150613,0.7540655491618715,0.969218829028376,0.5285836370929766,0.4831836336048276
0.6873436718359178,0.0878158618964224,0.5371528646484864,0.0303381760468807,0.7796658353244851,0.3982262762265204
0.604552276138069,0.2737052789592195,0.2586940205153866,1.0,0.3199696531035806,0.689629732982193
0.5797898949474737,0.3222416812609458,0.7320490367775834,0.5905104906081587,0.0,0.4741022376475923
0.2793896948474237,0.4791093319989993,0.6412309231923944,0.4223084570172838,0.5611960862968066,0.8800512757905017
0.4424712356178089,0.3109832374280711,0.581686264698524,0.0,0.3905819976629401,0.5683066780612868
0.3366683341670835,0.4488366274706031,0.6837628221165876,0.495406107748923,0.3548860247309765,0.3147042921673614
0.5407703851925962,0.1948961721290969,0.3665248936702527,1.0,0.3520623681043654,0.5119347018504631
0.5617808904452225,0.6352264198148613,0.5419064298223669,0.2014563022132305,1.0,0.3515286813052654
0.4954977488744371,0.4898674005504129,0.7525644233174882,0.5006261227479638,0.4942166489352425,0.5005650801402236
0.4952476238119059,0.4898674005504129,0.7533149862396799,0.5005947294068402,0.4942009522646807,0.5004726441913598
0.4954977488744371,0.4901175881911435,0.7528146109582188,0.5005947294068402,0.4942009522646807,0.5005040375324834
0.4952476238119059,0.4906179634726046,0.7530647985989494,0.500610426077402,0.4942323456058042,0.500381952317003
0.3724362181090545,0.4638478859144359,0.5231423567675758,0.6309817395399131,1.0,0.7658562533791443
0.4952476238119059,0.4886164623467602,0.7530647985989494,0.5006261227479638,0.4942619948724209,0.4999389573922598
0.4982491245622811,0.4901175881911435,0.7498123592694522,0.5007168146223206,0.4943073408095993,0.5004429949247432
0.4952476238119059,0.4898674005504129,0.7528146109582188,0.5007028620262658,0.494171302998064,0.5005197342030452
0.4954977488744371,0.4898674005504129,0.7528146109582188,0.5006714686851422,0.4942776915429827,0.5003976489875648
0.5212606303151576,0.443332499374531,0.7543157368026021,0.0,0.545400003488149,0.5327798803564888
0.5090045022511255,0.4208156117087817,0.6695021265949463,0.0,0.3504299143659417,0.5318956345815093
0.3254127063531765,0.3915436577433075,0.5514135601701277,0.5641400840643912,0.0218375569004308,0.3719640023021783
0.6105552776388193,0.3309982486865149,0.6257192894671004,1.0,0.6276243961142021,0.3321642220555662
0.7301150575287643,0.3955466599949964,0.5561671253440081,0.4586445052932661,0.0,0.1621902087657185
0.4947473736868433,0.4891168376282213,0.7525644233174882,0.5008092505711844,0.4940788670492003,0.5004569475207981
0.58104052026013,0.2934701025769328,0.5233925444083063,0.0,0.2685421281197132,0.7015940840992727
0.4952476238119059,0.4901175881911435,0.7528146109582188,0.500687165355704,0.4941852555941189,0.5005040375324834
0.4929964982491245,0.4896172129096824,0.7535651738804104,0.5006557720145804,0.4944451226956415,0.4961996616495456
0.5722861430715357,0.27395546659995,0.5449086815111335,0.0,0.3951444965728936,0.5730226555278441
0.4954977488744371,0.4901175881911435,0.7528146109582188,0.5006557720145804,0.4942166489352425,0.5005040375324834
0.5977988994497248,0.2201651238428822,0.3965474105579185,0.9906761776863108,0.3973420304515409,0.5078901930690479
0.530265132566283,0.4420815611708782,0.7478108581436078,0.440589845998221,0.500610426077402,0.4841132253169855
0.5632816408204101,0.3272454340755568,0.5951963972979736,0.0,0.4332193871322183,0.5060118248251565
0.4952476238119059,0.4898674005504129,0.7523142356767576,0.5006261227479638,0.4941556063275023,0.5004272982541814
0.4954977488744371,0.4898674005504129,0.7528146109582188,0.5006714686851422,0.4941852555941189,0.5005336867991
0.1810905452726363,0.4428321240930699,0.6334751063297475,0.503829987617071,0.8992029579503635,0.5523135148333537
0.5975487743871936,0.3400050037528147,0.6464848636477359,0.0,0.5125904738650435,0.4572858712524199
0.4952476238119059,0.4901175881911435,0.7525644233174882,0.5005493834696618,0.4942323456058042,0.5005040375324834
0.5012506253126563,0.4020515386539906,0.7868401300975734,0.5278807750667108,0.0151839126567487,0.549917156460924
0.4952476238119059,0.4898674005504129,0.7528146109582188,0.5005807768107854,0.4942323456058042,0.5005336867991
0.4954977488744371,0.4898674005504129,0.7525644233174882,0.5007325112928824,0.4942166489352425,0.5005336867991
0.4949974987493746,0.4888666499874907,0.7528146109582188,0.5007028620262658,0.494171302998064,0.5005493834696618
0.4952476238119059,0.4901175881911435,0.7528146109582188,0.500610426077402,0.4941556063275023,0.5005040375324834
0.4944972486243121,0.4881160870652991,0.7525644233174882,0.5007028620262658,0.4942776915429827,0.5005336867991
0.4952476238119059,0.4898674005504129,0.7525644233174882,0.500687165355704,0.4941556063275023,0.5005947294068402
0.5937968984492246,0.5186389792344259,0.6074555916937704,0.8223660114760103,1.0,0.569511833545529
0.4947473736868433,0.4898674005504129,0.7525644233174882,0.5006714686851422,0.4942166489352425,0.5002441704309608
0.4944972486243121,0.4891168376282213,0.7530647985989494,0.5006557720145804,0.4942166489352425,0.5004569475207981
0.693096548274137,0.5311483612709533,0.535151363522642,0.5384725395468895,0.0,0.2014859514798472
0.4949974987493746,0.4878658994245685,0.7525644233174882,0.5006418194185256,0.4941242129863787,0.4997715262396009
0.5745372686343171,0.4888666499874907,0.7810858143607707,0.7426129724261821,0.3814238624274029,0.509416258262553
0.6510755377688844,0.3089817363022268,0.6992744558418815,0.525728587125242,0.5351605420583567,0.4862497165878926
0.4952476238119059,0.4901175881911435,0.7528146109582188,0.5006714686851422,0.4942009522646807,0.5005493834696618
0.5857928964482241,0.3855391543657744,0.5083812859644734,0.4574533024050787,1.0,0.6617786071820988
0.5097548774387193,0.4788591443582688,0.6402301726294722,0.564002302178349,0.5596229310916162,0.3786315991419153
0.6643321660830415,0.2239179384538404,0.320990743057293,0.983778363011668,0.7330153304149154,0.4539738737638872
0.7121060530265132,0.3837878408806606,0.6539904928696524,0.4965816139665486,1.0,0.482541814186302
0.4984992496248123,0.5008756567425571,0.7257943457593197,0.4995116591380784,0.4939567818337199,0.5724279261210039
0.7166083041520759,0.0918188641481111,0.325994495871904,0.8285609641243874,0.3767863683136543,0.5310863840103249
0.3774387193596798,0.4055541656242183,0.6937703277458095,0.3654010499328531,0.626084378324642,0.4477021818372081
0.4942471235617808,0.4893670252689518,0.7525644233174882,0.5007325112928824,0.4942323456058042,0.5005040375324834
0.8526763381690844,0.3792844633475107,0.8443832874655993,0.6009644732022952,0.2657795141008424,0.5584631215445524
0.8114057028514257,0.3057292969727296,0.6737553164873656,0.5729145229084186,0.7659922911906796,0.6345832533965851
0.6565782891445722,0.5071303477608208,0.8258694020515387,0.6992430716640214,0.9833353680869246,0.8214660690304689
0.4947473736868433,0.4891168376282213,0.7533149862396799,0.5005807768107854,0.4942323456058042,0.5005807768107854
0.4667333666833416,0.3985489116837629,0.7818363772829624,0.0,0.4126026823865916,0.3596787414758358
0.4954977488744371,0.4901175881911435,0.7528146109582188,0.5006557720145804,0.4941399096569405,0.5005197342030452
0.4942471235617808,0.4901175881911435,0.7518138603952966,0.5005807768107854,0.4945829045816837,0.4942619948724209
0.6168084042021009,0.4138103577683263,0.7590693019764825,1.0,0.5986605507787293,0.4557441093883531
0.4952476238119059,0.4898674005504129,0.7528146109582188,0.500610426077402,0.494171302998064,0.5004883408619216
0.4947473736868433,0.4893670252689518,0.7530647985989494,0.5006261227479638,0.4942619948724209,0.5005197342030452
0.4479739869934967,0.388541406054541,0.7418063547660747,0.0055845265709751,0.5951357762003593,0.5510473167413712
0.4937468734367183,0.4918689016762573,0.7523142356767576,0.5006557720145804,0.494171302998064,0.5005197342030452
0.4479739869934967,0.5013760320240181,0.5681761320990744,0.6051764131363692,1.0,0.5747614978111865
0.4952476238119059,0.4896172129096824,0.7528146109582188,0.5007168146223206,0.4942323456058042,0.5005040375324834
0.4952476238119059,0.4901175881911435,0.7525644233174882,0.5006418194185256,0.4942009522646807,0.5004726441913598
0.4452226113056527,0.4138103577683263,0.4300725544158119,0.3486143328042974,1.0,0.5451872263983117
0.4994997498749374,0.500375281461096,0.7535651738804104,0.5008702931789246,0.4946282505188621,0.4850899070408287
0.4942471235617808,0.4883662747060296,0.7528146109582188,0.5006557720145804,0.4942323456058042,0.5004569475207981
0.2328664332166082,0.5469101826369779,0.4918689016762573,0.5947834731499729,1.0,0.9994820098714616
0.332416208104052,0.5721791343507632,0.5876907680760571,0.7252768718279645,0.0,0.1301881856392905
0.1703351675837918,0.4083062296722543,0.6049537152864649,0.4849538692292934,0.7422781101208643,0.5034026893628896
0.4939969984992495,0.4891168376282213,0.7523142356767576,0.5005947294068402,0.4942323456058042,0.5004883408619216
0.4952476238119059,0.4898674005504129,0.7530647985989494,0.5005947294068402,0.4941399096569405,0.5005336867991
0.4962481240620309,0.4861145859394547,0.7523142356767576,0.5006557720145804,0.4941556063275023,0.5004272982541814
0.2238619309654826,0.3652739554666,0.5233925444083063,0.7382179046688875,0.0,0.2643144915150776
0.4882441220610304,0.3455091318488867,0.6667500625469103,0.0,0.6907424525175716,0.5165268500270331
0.4949974987493746,0.4896172129096824,0.7523142356767576,0.5006418194185256,0.4942009522646807,0.5004272982541814
0.0522761380690345,0.3329997498123593,0.6559919939954968,0.5678636831365436,0.8399166332385719,0.5321380609379632
0.7003501750875437,0.4295721791343508,0.7563172379284464,0.5387777525855905,0.0,0.562858189301847
0.5307653826913457,0.2494370778083564,0.6174630973229923,0.031834591973769,0.4554999389573922,0.4566893977710727
0.4954977488744371,0.4898674005504129,0.7525644233174882,0.5007325112928824,0.4941852555941189,0.5005650801402236
0.720360180090045,0.4113084813610209,0.6942707030272706,0.4560650190976159,0.96883862078588,0.7572649423583375
0.2798899449724862,0.4963722792094072,0.6917688266199651,0.6398486143328043,0.0,0.3884751556586497
0.2903951975987994,0.5469101826369779,0.5649236927695773,0.5186633412979402,0.0,0.1959624675166123
0.3319159579789894,0.4348261195896924,0.5013760320240181,0.582606344943056,0.0,0.4271761689659382
0.1123061530765382,0.3755316487365525,0.6907680760570429,0.3701309799954654,0.9960322304968868,0.6252594310828958
0.4952476238119059,0.4896172129096824,0.7528146109582188,0.5006714686851422,0.4941852555941189,0.5004883408619216
0.4952476238119059,0.4901175881911435,0.7528146109582188,0.5006714686851422,0.4941556063275023,0.5005197342030452
0.1903451725862931,0.4515886915186391,0.7137853390042533,0.545781955805152,1.0,0.4102987599630256
0.4954977488744371,0.4901175881911435,0.7528146109582188,0.5006418194185256,0.4942009522646807,0.5005197342030452
0.2078539269634817,0.3705278959219416,0.5696772579434577,0.3328653400073251,0.8450895582259275,0.5245391283115615
0.8216608304152075,0.4318238679009258,0.4558418814110583,0.4309294173047072,0.9998482655179028,0.8121875926539581
0.4954977488744371,0.4901175881911435,0.7528146109582188,0.5007325112928824,0.4942166489352425,0.5005040375324834
0.5305152576288144,0.3312484363272455,0.6509882411808858,0.0006714686851422,0.369079303067827,0.4071088476899733
0.4807403701850924,0.4518388791593696,0.5263947960970728,0.6090220974240019,0.0,0.0026405288033904
0.4944972486243121,0.4893670252689518,0.7525644233174882,0.5007325112928824,0.4941242129863787,0.5005336867991
0.4957478739369684,0.4315736802601952,0.5654240680510384,0.4834574533024051,1.0,0.6014528140642168
0.5317658829414706,0.2824618463847886,0.3752814610958219,0.0951811221375377,0.5455377853741912,0.6421525367563702
0.6038019009504751,0.2722041531148362,0.5233925444083063,0.0,0.6895826429705076,0.5766695153216945
0.5597798899449724,0.169377032774581,0.3452589442081561,0.7420949822976437,0.3692920801576643,0.5387463592444669
0.2143571785892946,0.5531648736552416,0.7272954716037029,0.3157734098400684,0.0,0.2543035038456843
0.4944972486243121,0.4888666499874907,0.7525644233174882,0.500610426077402,0.4941852555941189,0.5005040375324834
0.4952476238119059,0.4901175881911435,0.7530647985989494,0.5006261227479638,0.4941556063275023,0.5005650801402236
0.4952476238119059,0.4896172129096824,0.7530647985989494,0.5006557720145804,0.4941556063275023,0.5005650801402236
0.4952476238119059,0.4898674005504129,0.7530647985989494,0.5007325112928824,0.4942009522646807,0.4989779723389783
0.6813406703351674,0.5419064298223669,0.9134350763072304,0.458276505572318,0.0,0.3826464586567138
0.2346173086543271,0.4213159869902428,0.5961971478608958,0.5362436123271186,0.0110190627343599,0.4329141740935173
0.1910955477738869,0.5026269702276709,0.6497373029772331,0.2035614001430141,0.0,0.3482637738284179
0.4952476238119059,0.2939704778583939,0.503627720790593,1.0,0.1529570783263861,0.1578858328827808
0.1108054027013506,0.3502626970227672,0.7963472604453341,0.5193051607164658,0.9970996040950868,0.6426565742888536
0.4952476238119059,0.4898674005504129,0.7528146109582188,0.5006418194185256,0.4941556063275023,0.5003976489875648
0.5620310155077538,0.4048036027020266,0.7605704278208658,1.0,0.577020074297574,0.4910563859288069
0.48224112056028,0.6242181636227172,0.5536652489367027,0.5871078012452692,0.0,0.2892198754730802
0.6068034017008503,0.2024018013510133,0.3502626970227671,0.0,0.6898268134014685,0.3664701676055601
0.7078539269634816,0.4153114836127096,0.662496872654491,0.4642586811308579,0.0,0.3837905715332159
0.6495747873936968,0.5013760320240181,0.8944208156117088,0.0,0.2690601182482516,0.5121021330031219
0.7808904452226112,0.2879659744808607,0.662997247935952,0.4419938259762457,0.4154716849503811,0.5535343669881577
0.5027513756878439,0.4135601701275958,0.7905929447085316,0.0360604845038979,0.5678950764776671,0.5524199033782723
0.7918959479739869,0.3477608206154617,0.6872654490868152,0.4994052705931597,0.0664753998290807,0.2859235746551092
0.4952476238119059,0.4901175881911435,0.7525644233174882,0.500610426077402,0.494171302998064,0.5004726441913598
0.7546273136568283,0.344258193645234,0.7087815861896424,0.7213858416031533,0.9956659748504456,0.6492945218619739
0.2303651825912956,0.5226419814861147,0.3122341756317238,0.9075204492735928,1.0,0.7481835464011022
0.5852926463231616,0.5376532399299476,0.8156117087815864,0.0069431606118213,0.9998622181139578,0.4158222439262605
0.2268634317158578,0.5861896422316739,0.7793345008756569,1.0,1.0,0.5202818424403091
0.3474237118559279,0.5484113084813611,0.7312984738553917,0.5866194603833476,1.0,0.550527582538326
0.4944972486243121,0.4883662747060296,0.7525644233174882,0.5006714686851422,0.4942009522646807,0.5005197342030452
0.5385192596298148,0.3775331498623969,0.7890918188641483,0.4453511694019568,0.5509252315258908,0.637345867415456
0.4954977488744371,0.4898674005504129,0.7528146109582188,0.500610426077402,0.4942166489352425,0.5004726441913598
0.4952476238119059,0.4896172129096824,0.7523142356767576,0.5006714686851422,0.494171302998064,0.5005650801402236
0.5767883941970985,0.4723542656992746,0.8061045784338254,0.140793902715524,0.512941032840923,0.4847096987983326
0.4954977488744371,0.4893670252689518,0.7528146109582188,0.5006714686851422,0.4942619948724209,0.500610426077402
0.4952476238119059,0.4898674005504129,0.7530647985989494,0.5005807768107854,0.4941852555941189,0.5005040375324834
0.613056528264132,0.3647735801851389,0.6670002501876409,0.4745452325723355,0.9756596961822208,0.5431571236723233
0.259879939969985,0.5831873905429074,0.798598949211909,0.2133439140520083,0.0,0.2086436332560127
0.5692846423211605,0.3357518138603954,0.2882161621215913,1.0,0.6465336519176099,0.6783508031463104
0.5317658829414706,0.4238178633975483,0.7475606705028772,1.0,0.4886617716308841,0.5194568951985629
0.5465232616308153,0.3510132599449588,0.7270452839629724,0.4214085145717425,0.5576242217067513,0.4560179290859305
0.4954977488744371,0.4901175881911435,0.7528146109582188,0.5006418194185256,0.494108516315817,0.5005650801402236
0.2041020510255127,0.3787840880660497,0.5046284713535152,0.505204318328479,0.7536930777682822,0.462183232467691
0.7071035517758879,0.3850387790843133,0.6609957468101078,0.5845597083907424,0.9063606397265292,0.5528925475696321
0.5147573786893446,0.3977983487615713,0.6107080310232675,0.0,0.4005162460540314,0.2517083209794722
0.4952476238119059,0.4893670252689518,0.7528146109582188,0.5006557720145804,0.4942166489352425,0.5005336867991
0.556528264132066,0.2551913935451589,0.3675256442331749,0.8006034497793746,0.461635593072536,0.515459476428833
0.6153076538269134,0.273455091318489,0.5148861646234677,1.0,0.5622477632244449,0.5701676055601095
0.4952476238119059,0.4896172129096824,0.7525644233174882,0.5007028620262658,0.494108516315817,0.5005040375324834
0.5475237618809404,0.3527645734300726,0.741055791843883,0.071815755969095,0.6741999058199766,0.5661544901198179
0.6198099049524761,0.5091318488866652,0.7285464098073556,1.0,0.2567155588886757,0.5119800477876415
0.4954977488744371,0.4898674005504129,0.7523142356767576,0.5006418194185256,0.4942323456058042,0.5004883408619216
0.4952476238119059,0.4901175881911435,0.7530647985989494,0.5006418194185256,0.4942009522646807,0.500381952317003
0.4954977488744371,0.4898674005504129,0.7530647985989494,0.500610426077402,0.4942323456058042,0.5004429949247432
0.4947473736868433,0.4891168376282213,0.7525644233174882,0.5007325112928824,0.4942009522646807,0.5005040375324834
0.569784892446223,0.427820865649237,0.659744808606455,0.8289289638453354,0.5062106493189389,0.2774072588380976
0.5675337668834417,0.14610958218664,0.2809607205404053,0.8940910755707484,0.6157053909343007,0.401615012993355
0.4954977488744371,0.4896172129096824,0.7528146109582188,0.500610426077402,0.4942009522646807,0.5004883408619216
0.5797898949474737,0.1681260945709283,0.2952214160620466,0.6085180598915185,0.4566597485044561,0.4839300974937649
0.593296648324162,0.4443332499374532,0.4585939454590944,0.60242949578806,1.0,0.7523815337391213
0.7271135567783891,0.3314986239679761,0.6449837378033526,0.0,0.4055670858259065,0.3958909604618309
0.6258129064532265,0.4408306229672255,0.7307980985739306,0.3159251443221654,0.4519594677084605,0.4366534698362314
0.4677338669334667,0.3690267700775582,0.7595696772579437,0.0003209097092628,0.6020928894082355,0.535832010743499
0.6465732866433216,0.2989742306730049,0.581185889417063,0.0,0.4295725273383679,0.3789978547883565
0.1730865432716358,0.3995496622466851,0.4971228421315988,0.4363029108603519,0.5234089680311143,0.5497043793710867
0.6765882941470734,0.505879409557168,0.4525894420815612,0.5527565097580969,1.0,1.0
0.4954977488744371,0.4901175881911435,0.7525644233174882,0.5006714686851422,0.4941399096569405,0.5005040375324834
0.4954977488744371,0.4901175881911435,0.7528146109582188,0.5006261227479638,0.4942009522646807,0.5005493834696618
0.4939969984992495,0.4888666499874907,0.7530647985989494,0.5006714686851422,0.4942776915429827,0.5004726441913598
0.5767883941970985,0.3014761070803103,0.4148111083312485,1.0,0.351329856811483,0.5850776985192807
0.5497748874437218,0.2719539654741056,0.5081310983237429,1.0,0.3849503810802798,0.3676596264192406
0.7133566783391695,0.3945459094320742,0.6567425569176883,0.2914941486300295,0.185355006365872,0.6978390916859968
0.4952476238119059,0.4901175881911435,0.7525644233174882,0.500687165355704,0.4942462982018591,0.5004569475207981
0.5035017508754377,0.4758568926695022,0.7538153615211409,0.5014336292446413,0.4942916441390376,0.5443012365488253
0.493496748374187,0.4883662747060296,0.7500625469101827,0.5005197342030452,0.493866089959363,0.5111394038753335
0.5280140070035017,0.3897923442581937,0.7045283962972231,0.0,0.3731534611158589,0.3995081709890646
0.1933466733366683,0.4968726544908682,0.7633224918689018,0.1832952543732668,0.0,0.470669899018086
0.4952476238119059,0.490367775831874,0.7530647985989494,0.500687165355704,0.4941852555941189,0.5008842457749795
0.5820410205102551,0.6952714535901928,0.9044283212409308,1.0,0.7939201562690759,0.2271709367424176
0.5225112556278139,0.594445834375782,0.7735801851388543,0.9942166489352424,0.3413206132165966,0.5209219177843277
0.4517258629314656,0.3792844633475107,0.6059544658493872,0.0,0.5806983274325479,0.3897256570800704
0.6890945472736367,0.4941205904428322,0.8849136852639481,1.0,0.5701676055601095,0.531696810087727
0.1860930465232616,0.4350763072304229,0.8183637728296222,0.5839492823133404,0.2989866927115127,0.418462772729651
0.4954977488744371,0.4898674005504129,0.7518138603952966,0.5006261227479638,0.4941852555941189,0.5005336867991
0.4939969984992495,0.4888666499874907,0.7530647985989494,0.5006557720145804,0.4942916441390376,0.5005040375324834
0.2973986993496748,0.4593445083812861,0.589442081561171,0.5914418263948236,0.0,0.3054886024730976
0.4367183591795897,0.6457343007255443,0.5914435826870154,0.2577986291574375,0.0,0.0034951253117533
0.8461730865432715,0.375281461095822,0.4906179634726045,0.6332560126968624,1.0,0.7238275459127614
0.576288144072036,0.6174630973229924,0.5111333500125095,1.0,0.7255070896628704,0.6609693566109144
0.4952476238119059,0.4901175881911435,0.7530647985989494,0.5006418194185256,0.4942619948724209,0.5005807768107854
0.6003001500750375,0.2454340755566675,0.6034525894420817,0.0,0.2973088930359105,0.4527216282679596
0.4954977488744371,0.4893670252689518,0.7523142356767576,0.5005493834696618,0.4942323456058042,0.5004569475207981
0.8151575787893945,0.294470853139855,0.816862646985239,0.570352477457837,0.0,0.4658771822732267
0.4944972486243121,0.5126344758568928,0.740555416562422,0.5845283150496189,0.4937736540104993,0.6082128468528175
0.4937468734367183,0.4896172129096824,0.7530647985989494,0.5006557720145804,0.4941399096569405,0.5004883408619216
0.5732866433216608,0.464348261195897,0.774330748061046,0.0,0.4698449517763399,0.542562394265483
0.6688344172086043,0.3072304228171129,0.6700025018764074,1.0,0.8198022219509218,0.3515600746463889
0.5427713856928463,0.2614460845634226,0.5118839129347011,1.0,0.4207370458866002,0.4654341873484835
0.5052526263131565,0.510883162371779,0.7545659244433327,0.5021521879414689,0.4932853131485777,0.5549226502956206
0.4952476238119059,0.4901175881911435,0.7528146109582188,0.500610426077402,0.4942166489352425,0.5005493834696618
0.5375187593796897,0.4630973229922443,0.7262947210407807,1.0,0.6392695815965258,0.4532867084081832
0.5720360180090044,0.4063047285464099,0.6980235176382288,0.45835324485062,1.0,0.5077070652458273
0.5927963981990995,0.4280710532899676,0.5534150612959721,0.331416014092122,1.0,0.4581701170273994
0.4952476238119059,0.4898674005504129,0.7528146109582188,0.5006418194185256,0.4942323456058042,0.5004883408619216
0.4942471235617808,0.4893670252689518,0.7533149862396799,0.5006557720145804,0.4942009522646807,0.5005040375324834
0.6030515257628813,0.2546910182636979,0.4220665499124344,0.8370319340042207,0.360974588834435,0.6521635244257634
0.5190095047523762,0.5541656242181637,0.568926695021266,0.5540070111795176,1.0,0.951760643214678
0.3651825912956478,0.4390793094821117,0.6284713535151365,0.789312311421944,0.0,0.4019045293614943
0.4909954977488744,0.4290718038528898,0.5644233174881161,0.5358163140729372,1.0,0.536060484503898
0.5520260130065032,0.3757818363772831,0.6284713535151365,1.0,0.6908348884664353,0.3186110190627343
0.5142571285642821,0.4540905679259446,0.7538153615211409,0.0,0.5010377243315834,0.5576399183773131
0.5820410205102551,0.5063797848386291,0.4886164623467601,1.0,0.0,0.8230985227688927
0.6083041520760379,0.4480860645484114,0.5974480860645486,1.0,0.5090500026161118,0.5028690025637895
0.7733866933466733,0.2094070552914687,0.7625719289467101,0.6658684619006924,0.3998901233060676,0.5654830214346757
0.4952476238119059,0.4901175881911435,0.7528146109582188,0.5005650801402236,0.4942166489352425,0.5005336867991
0.4927463731865932,0.4891168376282213,0.7545659244433327,0.5007482079634442,0.4942323456058042,0.5005197342030452
0.4954977488744371,0.4901175881911435,0.7530647985989494,0.5006557720145804,0.4941399096569405,0.5005040375324834
0.5670335167583791,0.4988741556167126,0.8581436077057795,0.5071419851056037,0.6429617873275546,0.4748050996738581
0.7606303151575787,0.3194896172129098,0.725043782837128,0.5869089767514868,0.3768003209097093,0.3426321572457576
0.4954977488744371,0.4898674005504129,0.7525644233174882,0.500687165355704,0.4941556063275023,0.5004883408619216
0.4954977488744371,0.4901175881911435,0.7530647985989494,0.5006714686851422,0.4941242129863787,0.5004883408619216
0.4954977488744371,0.4901175881911435,0.7530647985989494,0.5005947294068402,0.4941556063275023,0.5005197342030452
0.6673336668334167,0.3902927195396548,0.0883162371778834,0.4815651324624588,0.638414985088163,0.5845283150496189
0.5372686343171585,0.4610958218663999,0.664748561421066,0.4818093028934196,1.0,0.4695397387376389
0.5510255127563781,0.3377533149862398,0.7888416312234177,1.0,0.4275720738789961,0.4393079512356768
0.4954977488744371,0.4898674005504129,0.7528146109582188,0.500687165355704,0.4941556063275023,0.5004429949247432
0.4949974987493746,0.4893670252689518,0.7533149862396799,0.5005650801402236,0.4942009522646807,0.5005040375324834
0.2008504252126063,0.4028021015761822,0.5261446084563424,0.7519228421438164,0.0241728726651203,0.1761375725971013
0.5710355177588794,0.5719289467100327,0.8303727795846887,0.0,0.4234525698937859,0.3297975129497532
0.2441220610305152,0.4696022016512385,0.4991243432574431,0.5462092540593334,0.0,0.3271273348797461
0.2073536768384192,0.4313234926194647,0.5924443332499375,0.5097354238973089,0.3104923522332874,0.3434571044875037
0.484992496248124,0.4823617713284965,0.7533149862396799,0.501297591433106,0.4961089697751888,0.4683956258611368
0.5212606303151576,0.3720290217663248,0.3522641981486115,0.0,0.6073442977483998,0.7294295132288051
0.5827913956978489,0.2409306980235177,0.3770327745809357,0.0008702931789246,0.4130753265779514,0.5570591415665277
0.606553276638319,0.1816362271703779,0.3860395296472355,0.553823883356297,0.4270697804210196,0.6348588171686694
0.1908454227113556,0.4503377533149864,0.6162121591193396,0.5925091999930236,0.1587421734656504,0.4427123846730732
0.4942471235617808,0.4886164623467602,0.7525644233174882,0.500687165355704,0.4942166489352425,0.5005040375324834
0.0822911455727864,0.3952964723542658,0.4080560420315237,0.7472225613478207,1.0,0.6844411113242758
0.4954977488744371,0.4901175881911435,0.7528146109582188,0.500687165355704,0.4941852555941189,0.5005650801402236
0.4952476238119059,0.4898674005504129,0.7528146109582188,0.5006557720145804,0.4942323456058042,0.5004883408619216
0.5347673836918458,0.3324993745308983,0.6002001501125845,0.0,0.5465144670980344,0.5557475975373668
0.4939969984992495,0.4883662747060296,0.7528146109582188,0.5005493834696618,0.4940788670492003,0.5004726441913598
0.4949974987493746,0.4893670252689518,0.7528146109582188,0.5005336867991,0.4942166489352425,0.5003209097092628
0.636568284142071,0.5521641230923193,0.1436077057793345,1.0,0.0482690060519385,0.4549209062211137
0.4942471235617808,0.4883662747060296,0.7528146109582188,0.5005947294068402,0.4942323456058042,0.5005493834696618
0.6640820410205102,0.3502626970227672,0.6477358018513887,0.5664753998290807,0.0727627884263216,0.3823098522768893
0.493496748374187,0.4871153365023769,0.7528146109582188,0.5005947294068402,0.4942619948724209,0.5005493834696618
0.569784892446223,0.2942206654991244,0.4906179634726045,0.0,0.5647208608751766,0.5028079599560493
0.2458729364682341,0.3380035026269703,0.6367275456592445,0.3127212794530583,1.0,0.7275057990477353
0.5292646323161581,0.3397548161120841,0.6732549412059046,0.0,0.3522925859392713,0.5076303259675253
0.2558779389694847,0.3870402802101577,0.4806104578433826,0.5535500636587195,0.9997401328984774,0.435233793187645
0.5587793896948473,0.1683762822116588,0.368026019514636,0.0030067844498317,0.7716709977850253,0.5208155292394091
0.632816408204102,0.3352514385789343,0.2927195396547411,0.9995116591380784,0.7259640371836684,0.535755271465197
0.7643821910955477,0.3470102576932701,0.5293970477858395,0.473279034480353,0.4357831766573068,0.4856235938399288
0.6480740370185092,0.2426820115086316,0.5303977983487617,1.0,0.1501194691037201,0.5428519106336223
0.5690345172586293,0.4130597948461347,0.6247185389041783,0.7591415665277221,1.0,1.0
0.4949974987493746,0.487615711783838,0.7528146109582188,0.5006714686851422,0.4942462982018591,0.5003976489875648
0.5177588794397198,0.3980485364023018,0.6032024018013511,0.0,0.3310183651045573,0.5216544290772102
0.5202601300650325,0.349762321741306,0.6289717287965976,0.0,0.3782496468249123,0.4658928789437885
0.4952476238119059,0.4891168376282213,0.7520640480360272,0.5007325112928824,0.4940788670492003,0.5005493834696618
0.5022511255627813,0.4043032274205655,0.7908431323492621,0.0,0.4873798768683398,0.6215201353401817
0.4942471235617808,0.4908681511133351,0.7523142356767576,0.5006714686851422,0.4941852555941189,0.5005336867991
0.4974987493746873,0.4093069802351765,0.3192394295721792,0.1277325287336275,0.7047369063606397,0.3622564835969792
0.604552276138069,0.3705278959219416,0.9169377032774584,0.983778363011668,0.4297399584910267,0.3859113661335612
0.4889944972486242,0.349762321741306,0.3822867150362773,1.0,0.1279610024940265,0.4751103127125591
0.2193596798399199,0.3152364273204905,0.3737803352514386,0.1826237856881246,0.799947677764794,0.5053107068733976
0.5117558779389695,0.3172379284463348,0.6034525894420817,0.0,0.3939532936847062,0.4682735406456564
0.6250625312656327,0.3324993745308983,0.769827370527896,0.436836597659452,0.7813767724157176,0.4620158013150321
0.5212606303151576,0.4010507880910684,0.7590693019764825,1.0,0.5572579660603101,0.4953293684706211
0.2058529264632316,0.5043782837127847,0.9977483112334252,0.4564923173517973,1.0,0.5023806617018679
0.5790395197598799,0.3942957217913436,0.7225419064298225,1.0,0.4507229188830947,0.5812930568393881
0.4622311155577788,0.5188891668751565,0.2799599699774832,0.0,0.2840765997523414,0.1679439105638593
0.4947473736868433,0.4891168376282213,0.7523142356767576,0.5006557720145804,0.4942166489352425,0.5005197342030452
0.6720860430215106,0.1275956967725794,0.2591943957968476,0.4303050386312503,0.4390027381969758,0.5864049392190034
0.6013006503251626,0.5193895421566176,0.6159619714786091,0.464244728534803,0.0,0.1017737237734796
0.5910455227613807,0.3855391543657744,0.7760820615461598,0.7461534436751138,0.4944451226956415,0.4459458988087971
0.6440720360180089,0.4138103577683263,0.6167125344008006,1.0,0.6273052304794461,0.2504735162286133
0.5530265132566282,0.4038028521391044,0.6722541906429823,0.0008999424455413,0.5163594188743743,0.6038038264994681
0.2513756878439219,0.5791843882912185,0.3720290217663248,0.7773479603048642,1.0,0.9995883984163804
0.2143571785892946,0.3455091318488867,0.5298974230673006,0.5740743324554825,0.4835795385178855,0.4118858677642709
0.4954977488744371,0.4901175881911435,0.7523142356767576,0.5005807768107854,0.4942916441390376,0.5004883408619216
0.6598299149574787,0.5484113084813611,0.6775081310983239,0.4258035823290371,1.0,0.6220084762021033
0.4954977488744371,0.4901175881911435,0.7525644233174882,0.500610426077402,0.494171302998064,0.5004569475207981
0.188344172086043,0.3967975981986491,0.571178383787841,0.5212271308230287,0.3724976891012784,0.4029736470342013
0.4952476238119059,0.4898674005504129,0.7523142356767576,0.5006418194185256,0.4942166489352425,0.5005493834696618
0.5517758879439719,0.4050537903427572,0.7483112334250689,0.0,0.5435530285853811,0.5675131241606641
0.5890445222611305,0.3535151363522643,0.5293970477858395,0.0,0.4173640057903274,0.2187767061408863
0.5192596298149074,0.505879409557168,0.8096072054040532,0.0,0.5205103162007081,0.4035073338333014
0.4952476238119059,0.4898674005504129,0.7530647985989494,0.5006557720145804,0.4942009522646807,0.5004429949247432
0.1315657828914457,0.3585188891668752,0.6592444333249938,0.6767183494078867,0.4828313305544413,0.5322915394945672
0.6118059029514756,0.560170127595697,0.9064298223667752,1.0,0.5467272441878717,0.5709158135235537
0.4957478739369684,0.4901175881911435,0.7530647985989494,0.5005807768107854,0.4941399096569405,0.5004883408619216
0.8611805902951475,0.3324993745308983,0.6154615961971479,0.5034340827040131,0.1306608298306503,0.4319217956991122
0.4957478739369684,0.490367775831874,0.7523142356767576,0.5006557720145804,0.4942166489352425,0.5005040375324834
0.5107553776888444,0.5714285714285716,0.6767575681761322,0.593013237525507,0.3841411305090954,0.5342605996128155
0.4952476238119059,0.4901175881911435,0.7530647985989494,0.5006557720145804,0.494171302998064,0.5004883408619216
0.6368184092046022,0.3600200150112586,0.7415561671253441,0.4045136648237613,0.4310671991907494,0.4797495509008145
0.3881940970485242,0.604953715286465,0.5784338253690269,0.1766869560667632,0.0,0.0060589148368418
0.4957478739369684,0.4886164623467602,0.7530647985989494,0.5007325112928824,0.4941852555941189,0.5004883408619216
0.2433716858429214,0.1751313485113836,0.3274956217162873,0.7352739069013028,0.9532570591415666,0.5547552191429618
0.6618309154577288,0.4428321240930699,0.6434826119589694,0.6714686851422292,0.0,0.2464604007883216
0.3219109554777388,0.4490868151113336,0.5774330748061047,0.2545476742766451,1.0,0.6086401451069989
0.8151575787893945,0.2977232924693521,0.4911183387540656,0.5327502310898722,0.7328618518583114,0.5875507961700124
0.4954977488744371,0.4901175881911435,0.7528146109582188,0.5006557720145804,0.4942009522646807,0.5005040375324834
0.6925962981490744,0.3762822116587442,0.6167125344008006,0.4850602577742121,0.8536651725761725,0.7496346163908122
0.4952476238119059,0.4896172129096824,0.7530647985989494,0.5005947294068402,0.4942009522646807,0.5005040375324834
0.4914957478739369,0.4888666499874907,0.7538153615211409,0.5005493834696618,0.4942166489352425,0.5004726441913598
0.4942471235617808,0.4893670252689518,0.7528146109582188,0.5007935539006226,0.4941852555941189,0.5005493834696618
0.5877938969484742,0.6227170377783339,0.9987490617963476,1.0,0.306617018679038,0.4711721924760625
0.5510255127563781,0.3892919689767327,0.6732549412059046,1.0,0.3569771700647052,0.5722744475643999
0.4119559779889944,0.4073054791093321,0.7185389041781337,0.502532396183965,0.641481068071228,0.5753422746219718
0.609304652326163,0.2461846384788592,0.3249937453089818,0.4369586828749324,0.4985506740847969,0.5900692397579225
0.4952476238119059,0.4898674005504129,0.7528146109582188,0.5006418194185256,0.4941852555941189,0.5003976489875648
0.6628314157078539,0.179884913685264,0.6990242682011509,2.9649266616693648e-05,0.679831522402637,0.5725186179953607
0.4417208604302151,0.4283212409306981,0.4610958218663998,0.0843451872263983,0.0,0.4174250483980676
0.5090045022511255,0.393545158869152,0.7533149862396799,0.0,0.5487573469138601,0.4946892931266023
0.6353176588294146,0.2719539654741056,0.3732799599699775,1.0,0.2785827650557232,0.6464865619059246
0.4929964982491245,0.4883662747060296,0.7530647985989494,0.5007482079634442,0.4942916441390376,0.5005040375324834
0.5485242621310654,0.4133099824868653,0.8131098323742809,1.0,0.3836981355843522,0.6120445785443954
0.5515257628814406,0.4150612959719791,0.7530647985989494,0.0028846992343513,0.4468772345954619,0.6215654812773601
0.3576788394197098,0.3630222667000251,0.4838628971728797,0.0,0.9606589113486927,0.2482306364127876
0.5257628814407203,0.4368276207155367,0.6955216412309233,1.0,0.4618326734918115,0.5856427786595043
0.6050525262631314,0.2529397047785841,0.4600950713034777,1.0,0.5135218096517083,0.4386975251582747
0.5195097548774387,0.3880410307730799,0.8548911683762823,0.0290405846137747,0.589031515426339,0.5661701867903797
0.5240120060030015,0.5411558669001753,0.6534901175881913,0.6464569126393079,1.0,0.3832411880635541
0.4942471235617808,0.4886164623467602,0.7528146109582188,0.5006418194185256,0.4942462982018591,0.5004883408619216
0.5212606303151576,0.3600200150112586,0.8368776582436829,0.9967333484486458,0.4361651289743098,0.4824511223119451
0.601800900450225,0.5156367275456594,0.5819364523392545,0.6317142508327955,0.0,0.3506583881263407
0.6403201600800399,0.2959719789842383,0.6572429321991495,0.5351762387289185,0.7789490207021643,0.5038003383504543
0.6003001500750375,0.3845384038028522,0.7595696772579437,0.6295027643580934,0.0123759527006994,0.5314212463156426
0.4942471235617808,0.4883662747060296,0.7528146109582188,0.5006261227479638,0.4942009522646807,0.5004883408619216
0.5642821410705352,0.2214160620465349,0.5063797848386291,0.9416729162669828,0.4810767916005372,0.4031410781868601
0.0,0.4781085814360772,0.5484113084813611,0.5156879501892321,1.0,0.8069518809843557
0.4919959979989994,0.4318238679009258,0.5131348511383539,0.5875664928405742,0.8967159077035771,0.7921185273034863
0.4939969984992495,0.1436077057793345,0.3437578183637729,0.3418089540785182,0.1642342640877618,0.439979419920819
0.4954977488744371,0.4898674005504129,0.7525644233174882,0.5007482079634442,0.4941399096569405,0.5004429949247432
0.534017008504252,0.4365774330748062,0.5824368276207157,0.4721645708704676,1.0,0.4829377190993599
0.5022511255627813,0.3164873655241432,0.6037027770828122,0.0,0.4963374435355878,0.4794582904581683
0.4957478739369684,0.4898674005504129,0.7525644233174882,0.5005947294068402,0.4941556063275023,0.5005197342030452
0.4954977488744371,0.4901175881911435,0.7533149862396799,0.5006714686851422,0.4940492177825836,0.5004883408619216
0.5727863931965982,0.3840380285213911,0.7993495121341008,0.9999703507333833,0.5648725953572736,0.5313602037079024
0.5755377688844422,0.5639229422066552,0.5033775331498624,0.2469487416502432,1.0,0.8966095191586585
0.295647823911956,0.394045534150613,0.5839379534650989,0.5438896349652057,0.398180930289342,0.4752010045869159
0.4952476238119059,0.4886164623467602,0.7528146109582188,0.5006714686851422,0.494171302998064,0.5004726441913598
0.8096548274137068,0.3319989992494372,0.6039529647235428,0.4011563213980501,0.6532622913650872,0.5474911488218777
0.6750875437718858,0.2754565924443333,0.4906179634726045,0.0,0.5625686729337077,0.3498194882885397
0.5780390195097548,0.3805354015511635,0.7220415311483614,0.0,0.5469871112893943,0.5243403038177791
0.3274137068534267,0.4265699274455843,0.7760820615461598,0.5888937335402968,0.0,0.3000087203725343
0.6430715357678839,0.4333249937453091,0.5339004253189893,0.5508484922475888,1.0,0.6882100563336065
0.3059029514757378,0.4370778083562673,0.5293970477858395,0.6664178453703542,0.0900378464167989,0.482008127387202
0.168584292146073,0.5051288466349764,0.6705028771578685,0.4249472417461674,0.0,0.3467220119643511
0.4954977488744371,0.4898674005504129,0.7525644233174882,0.5005947294068402,0.4941242129863787,0.5004272982541814
0.5360180090045021,0.2626970227670754,0.4505879409557168,0.5942794356174896,0.496398486143328,0.5988576311980047
0.524512256128064,0.3697773329997499,0.6084563422566927,1.0,0.4819017388422833,0.0468650260739138
0.4839919959979989,0.3825369026770079,0.613209907430573,0.0,0.3586706664108691,0.526110539442245
0.2101050525262631,0.3727795846885164,0.3775331498623969,0.5540541011912029,0.2931562516350698,0.6966182395311927
0.4942471235617808,0.4891168376282213,0.7528146109582188,0.5007028620262658,0.4941242129863787,0.5004272982541814
0.6335667833916958,0.1983987990993246,0.4503377533149863,0.0,0.73992884176012,0.3728639447477196
0.530265132566283,0.2679509632224169,0.5231423567675758,1.0,0.2379126916301864,0.3446762125678009
0.4954977488744371,0.4898674005504129,0.7525644233174882,0.5006557720145804,0.494108516315817,0.5005197342030452
0.6865932966483241,0.4475856892669503,0.3600200150112584,0.6147757992221428,1.0,0.6031777037515043
0.5740370185092546,0.2409306980235177,0.3977983487615713,0.898409404049741,0.4007133264733069,0.5812634075727715
0.8074037018509254,0.3957968476357269,0.7070302727045286,0.570962903535239,0.6306154838934719,0.6039712576521269
0.4954977488744371,0.4906179634726046,0.7528146109582188,0.5005947294068402,0.494171302998064,0.5005040375324834
0.4947473736868433,0.4898674005504129,0.7533149862396799,0.5006557720145804,0.4941852555941189,0.5004883408619216
0.6895947973986993,0.3505128846634977,0.7883412559419566,0.5848649214294435,0.004211939934074,0.5498107679160054
0.4944972486243121,0.4886164623467602,0.7525644233174882,0.5007778572300609,0.4941242129863787,0.5005650801402236
0.4952476238119059,0.4901175881911435,0.7528146109582188,0.5006261227479638,0.4941399096569405,0.5005650801402236
0.5967983991995998,0.4308231173380036,0.7878408806604955,0.7557685264314491,0.5056612658492771,0.3836527896471737
0.4942471235617808,0.4886164623467602,0.7533149862396799,0.500687165355704,0.4941852555941189,0.5005650801402236
0.5040020010005002,0.3782837127845885,0.782586940205154,0.0,0.6065193505066536,0.3214189790187837
0.4952476238119059,0.4896172129096824,0.7528146109582188,0.5006714686851422,0.4942166489352425,0.5004726441913598
0.4952476238119059,0.4901175881911435,0.7523142356767576,0.5006261227479638,0.4942009522646807,0.5005336867991
0.5677838919459729,0.2879659744808607,0.4913685263947961,0.0,0.6457854439541657,0.3134223974048171
0.4937468734367183,0.3632724543407556,0.7302977232924694,0.0,0.6125939620140572,0.478024661213527
0.4954977488744371,0.490367775831874,0.7528146109582188,0.5005807768107854,0.494171302998064,0.5005493834696618
0.5692846423211605,0.4711033274956218,0.696272204153115,0.0,0.3648970124003697,0.533451349041631
0.4944972486243121,0.4891168376282213,0.7528146109582188,0.5006557720145804,0.4941852555941189,0.5004883408619216
0.4949974987493746,0.4898674005504129,0.7530647985989494,0.5005493834696618,0.4942323456058042,0.5004726441913598
0.6975987993996997,0.3027270452839631,0.5884413309982488,0.4461900692397579,0.1772066902698083,0.513551458918325
0.5535267633816908,0.4568426319739806,0.6930197648236178,0.6600380208242496,0.4270540837504578,0.3827824964682491
0.4952476238119059,0.4898674005504129,0.7530647985989494,0.500610426077402,0.4942009522646807,0.5004883408619216
0.4949974987493746,0.4893670252689518,0.7520640480360272,0.5006261227479638,0.4942166489352425,0.5005807768107854
0.4892446223111555,0.2351763822867151,0.435576682511884,1.0,0.2820011510891745,0.4852730348640494
0.3381690845422711,0.5218914185639231,0.6675006254691019,0.4204161361773375,1.0,0.6711320787624047
0.5242621310655327,0.4265699274455843,0.689016762571929,0.032230496886827,0.495254373266826,0.5702146955717948
0.58104052026013,0.4295721791343508,0.685764323242432,0.0,0.4941852555941189,0.506196696722884
0.1155577788894447,0.380785589191894,0.4701025769326996,0.5038910302248112,0.495559586305527,0.635666323665347
0.4949974987493746,0.4901175881911435,0.7525644233174882,0.5007482079634442,0.4942323456058042,0.5004726441913598
0.4952476238119059,0.4898674005504129,0.7525644233174882,0.5006261227479638,0.4941399096569405,0.5004883408619216
0.313656828414207,0.4610958218663999,0.5806855141356018,0.5593491113940388,0.0,0.4076128852224567
0.7873936968484241,0.3417563172379285,0.6057042782086566,0.5240350907790781,0.0,0.0296056647539983
0.8694347173586793,0.3224918689016763,0.7140355266449838,0.3755498194882886,0.5882065681845928,0.541341542110679
0.493496748374187,0.3335001250938204,0.6374781085814362,0.0,0.450616530338176,0.4936829621361424
0.5052526263131565,0.2061546159619715,0.3592694520890668,1.0,0.4807262326246577,0.6553237874321991
0.4944972486243121,0.4891168376282213,0.7520640480360272,0.500687165355704,0.4941556063275023,0.5004883408619216
0.4949974987493746,0.4893670252689518,0.7523142356767576,0.5006557720145804,0.4941852555941189,0.5005493834696618
0.3246623311655827,0.5649236927695773,0.3079809857393045,0.4546767357901529,1.0,1.0
0.5557778889444722,0.4193144858643984,0.706780085063798,1.0,0.707162913999686,0.5512757905017702
0.5517758879439719,0.2119089316987741,0.3340005003752815,0.0,0.4154245949386957,0.6545302335315765
0.6623311655827913,0.4255691768826621,0.7490617963472606,0.7148403299788967,0.0,0.8131939236444181
0.5775387693846923,0.443332499374531,0.6654991243432575,1.0,0.2716396044439018,0.7901808605263616
0.4939969984992495,0.4886164623467602,0.7528146109582188,0.5007482079634442,0.4941556063275023,0.5004883408619216
0.4827413706853426,0.4170627970978234,0.7348011008256193,0.4908732581055863,0.7080942497863508,0.5933341472347698
0.5007503751875937,0.443332499374531,0.5201401050788091,0.61093011493451,0.0,0.4273296475225421
0.4714857428714357,0.4593445083812861,0.313234926194646,0.0,0.5255768526431449,0.4578195580515199
0.5175087543771886,0.411808856642482,0.7925944458343759,0.0446831888658283,0.6259622931091616,0.5095383434780334
0.4952476238119059,0.4896172129096824,0.7525644233174882,0.5005947294068402,0.4941852555941189,0.5005336867991
0.5605302651325662,0.4318238679009258,0.5444083062296723,0.7227287789734378,1.0,0.7190365732424089
0.4944972486243121,0.4881160870652991,0.7528146109582188,0.5006418194185256,0.4942462982018591,0.5004883408619216
0.2296148074037018,0.5208906680010009,0.5251438578934201,0.6659905471161728,1.0,0.7121998011755062
0.7118559279639819,0.466599949962472,0.2456842631973981,0.5272860456598706,1.0,1.0
0.5232616308154077,0.2571928946710033,0.5354015511633726,0.0,0.6342623436873223,0.5605089209411026
0.6443221610805402,0.1646234676007006,0.5624218163622718,0.0840103249210806,0.5871078012452692,0.4460679840242775
0.577288644322161,0.411808856642482,0.6157117838378785,0.0,0.4875019620838202,0.5381673265081884
0.6865932966483241,0.4310733049787342,0.8874155616712536,0.4767584631215446,0.0008092505711844,0.4491515077524112
0.5117558779389695,0.4203152364273206,0.71228421315987,1.0,0.5799047735319253,0.5626611088825715
0.4949974987493746,0.4898674005504129,0.7523142356767576,0.5006261227479638,0.4942323456058042,0.500381952317003
0.5050025012506253,0.5131348511383539,0.7518138603952966,0.5004726441913598,0.4940945637197621,0.478483352808832
0.7191095547773886,0.5156367275456594,0.3930447835876908,0.356152222822959,1.0,1.0
0.4224612306153076,0.4871153365023769,0.4120590442832125,0.4346076704396812,0.0,0.1664021486997924
0.4942471235617808,0.4886164623467602,0.7525644233174882,0.5006418194185256,0.4941852555941189,0.5004883408619216
0.4954977488744371,0.4896172129096824,0.7525644233174882,0.5006714686851422,0.4941852555941189,0.5005197342030452
0.5515257628814406,0.2366775081310984,0.461596197147861,1.0,0.250426426216928,0.4953764584823064
0.1670835417708854,0.4138103577683263,0.7940955716787592,0.4316776252681514,1.0,0.6798001290615134
0.4944972486243121,0.4896172129096824,0.7525644233174882,0.5006714686851422,0.4942323456058042,0.5005040375324834
0.153576788394197,0.3677758318739055,0.5349011758819116,0.4909970873955735,0.5598827981931388,0.5150461307707065
0.493496748374187,0.4906179634726046,0.7525644233174882,0.500687165355704,0.4940945637197621,0.5005040375324834
0.4957478739369684,0.4908681511133351,0.7523142356767576,0.500838899837801,0.4942776915429827,0.5004569475207981
0.2803901950975487,0.4886164623467602,0.4188141105829372,0.846340059647348,1.0,0.8785705565341752
0.5070035017508754,0.482611958969227,0.7350512884663498,0.5075396340931685,0.4917906412961961,0.5405322915394946
0.388944472236118,0.4906179634726046,0.5881911433575182,0.6543000156966705,0.0,0.5016638470795473
0.6858429214607302,0.1653740305228922,0.4941205904428322,0.1448541081675009,0.792226659922912,0.4224148455622024
0.5342671335667833,0.5936952714535904,0.4418313735301477,1.0,0.8075483544657027,0.7174791147077804
0.5165082541270635,0.2494370778083564,0.7275456592444335,0.0327798803564888,0.3990651760643214,0.5125904738650435
0.4974987493746873,0.5103827870903179,0.7573179884913686,0.5014807192563266,0.493866089959363,0.5775851544377976
0.1565782891445722,0.4963722792094072,0.6294721040780586,0.6761236200010464,1.0,0.7521670125747772
0.7913956978489244,0.2989742306730049,0.6795096322241683,0.6025219317369238,0.3821110277831069,0.4557737586549697
0.7466233116558278,0.318238679009257,0.6234676007005255,0.5159931632279331,0.0,0.4014475818406962
0.497248624312156,0.4901175881911435,0.7513134851138354,0.5007168146223206,0.4941242129863787,0.5005040375324834
0.4719859929964982,0.2792094070552915,0.576182136602452,1.0,0.4884019045293615,0.4749114882187767
0.2526263131565782,0.4205654240680511,0.5218914185639231,0.4976193382981321,0.3768003209097093,0.3501700472644191
0.4952476238119059,0.4898674005504129,0.7530647985989494,0.5006261227479638,0.4941556063275023,0.5006418194185256
0.3846923461730865,0.5328996747560671,0.5006254691018265,0.7107801245269199,1.0,0.6869892041788025
0.2803901950975487,0.3680260195146361,0.5624218163622718,0.3460662399497707,0.9895163681392468,0.4994663132008999
0.5707853926963481,0.3382536902677009,0.547410557918439,0.0,0.7361128067391038,0.4347611489962851
0.4949974987493746,0.4901175881911435,0.7528146109582188,0.5005947294068402,0.4941852555941189,0.5004429949247432
0.4927463731865932,0.484863647735802,0.7518138603952966,0.499694786961299,0.4935905261872787,0.5146955717948271
0.6223111555777888,0.6184638478859146,0.7272954716037029,0.997635034968694,0.3590822679944887,0.4603519542354849
0.4947473736868433,0.4893670252689518,0.7530647985989494,0.5005807768107854,0.494171302998064,0.5005040375324834
0.4939969984992495,0.4883662747060296,0.7525644233174882,0.5005650801402236,0.4942323456058042,0.5004726441913598
0.6255627813906952,0.5083812859644735,0.7578183637728297,0.6189563458150932,0.6064426112283516,0.6468074716151874
0.6310655327663831,0.4633475106329748,0.6935201401050789,1.0,0.6895826429705076,0.5632558382894117
0.4952476238119059,0.4898674005504129,0.7525644233174882,0.5005807768107854,0.4941852555941189,0.5005807768107854
0.8884442221110553,0.3477608206154617,0.6369777332999751,0.3450424682142421,0.5883286534000732,0.4606432146781311
0.4429714857428714,0.3997998498874157,0.4558418814110583,1.0,0.0777839789315799,0.6353768072972077
0.4677338669334667,0.4325744308231175,0.795846885163873,0.8720233008354117,1.0,0.4703629419048781
0.4957478739369684,0.4898674005504129,0.7525644233174882,0.5005807768107854,0.4941242129863787,0.5005197342030452
0.4952476238119059,0.4901175881911435,0.7528146109582188,0.500687165355704,0.4941242129863787,0.5005197342030452
0.2046023011505752,0.4623467600700526,0.8088566424818615,0.3371086732825226,1.0,0.6245112231194516
0.4952476238119059,0.4893670252689518,0.7528146109582188,0.5005947294068402,0.494171302998064,0.5005197342030452
0.6160580290145072,0.2959719789842383,0.5904428321240932,1.0,0.6398939602699827,0.7183651045572667
0.5467733866933466,0.2932199149362022,0.7393044783587692,0.998322200324398,0.3887960653679125,0.3165512670701292
0.6298149074537268,0.2231673755316488,0.3542656992744559,0.929862043706507,0.4608716884385301,0.7323892076669516
0.6195597798899449,0.229171878909182,0.3765323992994747,0.2368453180319863,0.3997994314317107,0.339229467882868
0.5017508754377188,0.3289967475606706,0.6632474355766826,0.0,0.6777717704100319,0.4596961822209044
0.4954977488744371,0.4901175881911435,0.7528146109582188,0.5005650801402236,0.4941556063275023,0.5005197342030452
0.6498249124562281,0.4778583937953466,0.6092069051788842,0.9846172628494688,1.0,0.5072030277133439
0.4949974987493746,0.4893670252689518,0.7523142356767576,0.5005947294068402,0.494171302998064,0.5005197342030452
0.388944472236118,0.2304228171128347,0.5754315736802603,1.0,0.0465144670980344,0.5529692868479341
0.4952476238119059,0.4901175881911435,0.7530647985989494,0.5006418194185256,0.494171302998064,0.5005040375324834
0.3541770885442721,0.526394796097073,0.7583187390542908,0.4516542546697595,1.0,0.4886460749603223
0.4924962481240619,0.4871153365023769,0.7540655491618715,0.500610426077402,0.4942323456058042,0.5005493834696618
0.5752876438219109,0.4313234926194647,0.5709281961471104,0.5357866648063205,1.0,0.5206480980867503
0.4954977488744371,0.4898674005504129,0.7525644233174882,0.5006557720145804,0.4941852555941189,0.5005336867991
0.6815907953976987,0.495371528646485,0.4370778083562673,0.0118876118387777,0.0,0.0
0.5372686343171585,0.4258193645233926,0.7070302727045286,0.0148019603397457,0.5732511292882432,0.5124526919790013
0.6240620310155077,0.6292219164373282,0.391293470102577,0.6397108324467621,0.0,0.343821616059438
0.1050525262631315,0.3322491868901677,0.696272204153115,0.5521914296178733,0.996871130334688,0.5151996093273105
0.5570285142571285,0.2997247935951965,0.4728546409807356,1.0,0.2751347297556551,0.5310706873397631
0.6218109054527263,0.3690267700775582,0.8301225919439581,0.9915604234612904,0.3613722378219998,0.3934806494933464
0.4759879939969984,0.4485864398298725,0.4683512634475857,0.2811779479219352,0.0,0.1999598862863422
0.4929964982491245,0.4911183387540657,0.7530647985989494,0.5007028620262658,0.4942916441390376,0.5004569475207981
0.5512756378189094,0.3930447835876909,0.7317988491368528,0.2702356244658772,0.588053089627989,0.4589183249908436
0.456728364182091,0.4961220915686766,0.547410557918439,0.0111864938870188,0.0,0.1667684043462337
0.588544272136068,0.3800350262697024,0.8546409807355517,1.0,0.4665643476289307,0.3959066571323927
0.4947473736868433,0.4896172129096824,0.7530647985989494,0.5007325112928824,0.494171302998064,0.500610426077402
0.5967983991995998,0.43832874655992,0.7600700525394046,0.6070844306468772,0.0,0.6510961508275633
0.5777888944472236,0.5741806354766076,0.5756817613209908,0.5691926679107732,0.0,0.0190452936149432
0.5690345172586293,0.3440080060045035,0.4718538904178134,0.0,0.1840591590072727,0.3791966792821389
0.565032516258129,0.5591693770327747,0.7343007255441583,1.0,0.5996372325025725,0.2842754242461238
0.4954977488744371,0.4898674005504129,0.7528146109582188,0.5005807768107854,0.4942009522646807,0.5004726441913598
0.5920460230115057,0.4175631723792846,0.7340505379034277,0.878432774648133,0.5529082442401939,0.4041788025184435
0.630065032516258,0.3072304228171129,0.7150362772079061,0.0,0.4840364860386835,0.4532867084081832
0.552776388194097,0.3375031273455092,0.7500625469101827,0.0,0.3689415211817849,0.3825243734412334
0.596048024012006,0.2664498373780336,0.4545909432074056,0.8194673596456041,0.3962729127788339,0.6249088721070164
0.5445222611305652,0.4008006004503379,0.6882661996497375,1.0,0.5952875106824563,0.5422868304933987
0.5292646323161581,0.338754065549162,0.4921190893169878,0.0,0.8400840643912308,0.444955264488899
0.4952476238119059,0.4898674005504129,0.7528146109582188,0.5007028620262658,0.494171302998064,0.5004429949247432
0.5117558779389695,0.2369276957718289,0.3164873655241431,0.0,0.7828417950014824,0.5954549418351152
0.7753876938469233,0.3277458093570179,0.725043782837128,0.8383905680450668,0.3579381551179866,0.3237542947834732
0.4952476238119059,0.4901175881911435,0.7523142356767576,0.5006557720145804,0.4941852555941189,0.5004726441913598
0.6048024012006002,0.2376782586940206,0.5941956467350514,0.0,0.473125555923749,0.457360866456215
0.5095047523761881,0.464348261195897,0.7905929447085316,0.0,0.1411915517030887,0.4703943352460017
0.5912956478239119,0.4901175881911435,0.7002752064048037,0.2225613478207789,0.4158832865340007,0.4959258419519682
0.8771885942971485,0.2877157868401302,0.6697523142356769,0.3725430350384568,0.6917801768491549,0.6986012522454959
0.6338169084542271,0.4398298724043034,0.5481611208406305,0.6020789368121806,1.0,0.7396689746585974
0.5247623811905953,0.4568426319739806,0.6322241681260947,1.0,0.061241432233985,0.1988768160175802
0.5862931465732866,0.4228171128346261,0.7147860895671755,1.0,0.4384847480684375,0.3741754887768805
0.4952476238119059,0.4898674005504129,0.7530647985989494,0.5006714686851422,0.4942009522646807,0.5005336867991
0.4954977488744371,0.4898674005504129,0.7528146109582188,0.5006418194185256,0.4941242129863787,0.5005040375324834
0.4952476238119059,0.4896172129096824,0.7525644233174882,0.5006418194185256,0.4941242129863787,0.5005650801402236
0.4929964982491245,0.4888666499874907,0.7540655491618715,0.5005040375324834,0.4942462982018591,0.5005040375324834
0.5202601300650325,0.4888666499874907,0.7545659244433327,0.5048834086192162,0.500381952317003,0.3558330571882031
0.533016508254127,0.5856892669502128,0.7225419064298225,1.0,4.5345937178475904e-05,0.698357081814535
0.4954977488744371,0.4898674005504129,0.7525644233174882,0.5005947294068402,0.4942323456058042,0.5005040375324834
0.5675337668834417,0.1220915686765075,0.203152364273205,0.8558784031253814,0.4285191063362227,0.5204492735929679
0.3561780890445222,0.5296472354265701,0.4971228421315988,0.4887978094424194,1.0,0.700127317439001
0.5442721360680339,0.5056292219164374,0.5726795096322242,0.2709977850253763,0.0,0.0
0.5680340170085042,0.4505879409557169,0.7100325243932951,1.0,0.4468615379249001,0.4516699513403213
0.497248624312156,0.4918689016762573,0.7528146109582188,0.5008545965083628,0.4940178244414601,0.5035858171861102
0.4952476238119059,0.4886164623467602,0.7525644233174882,0.5006418194185256,0.494171302998064,0.5001220852154804
0.5107553776888444,0.4430823117338004,0.6052039029271955,1.0,0.4424211242304271,0.3893140554964508
0.6970985492746372,0.4123092319239431,0.6064548411308482,0.7752114690339571,1.0,0.4064827249420095
0.4522261130565282,0.4753565173880412,0.5661746309732301,0.1549104417740726,0.0,0.2002807959956049
0.4954977488744371,0.4901175881911435,0.7528146109582188,0.5007168146223206,0.4942323456058042,0.5004726441913598
0.4954977488744371,0.4898674005504129,0.7528146109582188,0.5005807768107854,0.4942776915429827,0.5005650801402236
0.136568284142071,0.3672754565924444,0.5068801601200902,0.4787571725064095,0.4985192807436733,0.6919022620646353
0.5545272636318158,0.3815361521140857,0.5854390793094822,1.0,0.1977170064705164,0.4163716273959224
0.4749874937468734,0.4513385038779085,0.6827620715536653,0.0,0.5419816174546976,0.3978146746429007
0.2518759379689844,0.4330748061045785,0.5804353264948713,0.5593787606606554,0.4615431571236723,0.412342815285069
0.4752376188094046,0.4220665499124344,1.0000000000000002,0.9933917016934964,0.2842754242461238,0.4520362069867625
0.4952476238119059,0.4898674005504129,0.7528146109582188,0.5007168146223206,0.4942166489352425,0.5005650801402236
0.4979989994997498,0.4913685263947962,0.7523142356767576,0.5009470324572266,0.4936358721244571,0.513474719640023
0.4952476238119059,0.4896172129096824,0.7528146109582188,0.500610426077402,0.4941399096569405,0.5005650801402236
0.1913456728364181,0.3927945959469603,0.5116337252939706,0.5275755620280098,0.9768805483370248,0.5604932242705408
0.4939969984992495,0.4886164623467602,0.7528146109582188,0.5006418194185256,0.4942009522646807,0.5004883408619216
0.4949974987493746,0.4898674005504129,0.7525644233174882,0.5006418194185256,0.4941399096569405,0.5004429949247432
0.4954977488744371,0.4898674005504129,0.7528146109582188,0.5006557720145804,0.4942323456058042,0.5005197342030452
0.6123061530765382,0.4110582937202903,0.6424818613960471,1.0,0.6319287719971397,0.4678148490503514
0.4954977488744371,0.4898674005504129,0.7525644233174882,0.5005336867991,0.4942462982018591,0.5005197342030452
0.5675337668834417,0.4963722792094072,0.8326244683512636,1.0,0.4313584596333955,0.4751713553202993
0.5007503751875937,0.510883162371779,0.7530647985989494,0.5000906918743568,0.4943840800879013,0.4955438896349652
0.4944972486243121,0.4893670252689518,0.7525644233174882,0.5006557720145804,0.4942916441390376,0.4999843033294382
0.8116558279139569,0.2982236677508132,0.5564173129847386,0.6162408218079076,0.1060763555819104,0.44878525210597
0.2578789394697348,0.4973730297723294,0.6087065298974231,0.5005336867991,0.0002284737603991,0.5185116068158432
0.535767883941971,0.394045534150613,0.6114585939454592,0.450616530338176,0.0,0.1676073041840347
0.4952476238119059,0.4898674005504129,0.7528146109582188,0.500610426077402,0.4942009522646807,0.5004883408619216
0.6235617808904451,0.372529397047786,0.4788591443582687,1.0,0.6189266965484765,0.29819313881089
0.4954977488744371,0.4898674005504129,0.7528146109582188,0.5006557720145804,0.4941556063275023,0.5005336867991
0.5222611305652826,0.4365774330748062,0.6084563422566927,0.3412892198754731,1.0,0.5023963583724297
0.4947473736868433,0.4881160870652991,0.7525644233174882,0.500687165355704,0.4942619948724209,0.5004726441913598
0.6660830415207604,0.406805103827871,0.8356267200400302,0.6062437867345694,0.0,0.6611367877635732
0.0187593796898449,0.2251688766574932,0.349762321741306,0.5079041456651028,1.0,0.7661457697472835
0.1010505252626313,0.4493370027520642,0.662997247935952,0.4639848614332804,0.6346913860160106,0.7072693025446046
0.5280140070035017,0.4718538904178135,0.8608956717538155,0.8659347367319532,0.5449587526379127,0.5682299387829848
0.4952476238119059,0.4898674005504129,0.7525644233174882,0.5004883408619216,0.494171302998064,0.5004726441913598
0.4944972486243121,0.4893670252689518,0.7525644233174882,0.5006261227479638,0.4942462982018591,0.5005040375324834
0.497248624312156,0.4893670252689518,0.7513134851138354,0.5006557720145804,0.4941242129863787,0.5005336867991
0.0127563781890945,0.4933700275206406,0.4648486364773581,0.6194150374103982,1.0,0.8191604025323962
0.8299149574787392,0.3059794846134602,0.6534901175881913,0.4922161954758707,0.375746899907564,0.5689328008092506
0.4952476238119059,0.4898674005504129,0.7528146109582188,0.5007935539006226,0.4941556063275023,0.5004429949247432
0.4564782391195597,0.3009757317988492,0.6559919939954968,1.0,0.6255646441215968,0.6443047246978391
0.3444222111055527,0.503127345509132,0.6407305479109333,0.6368732232240961,1.0,0.7609118021521879
0.5367683841920959,0.4430823117338004,0.5133850387790844,0.0,1.0,0.2857247501613269
0.4952476238119059,0.4896172129096824,0.7528146109582188,0.5007028620262658,0.4941556063275023,0.5005336867991
0.5482741370685342,0.3360020015011259,0.3570177633224919,0.5036468597938504,0.5539459685717774,0.5397544343094337
0.4952476238119059,0.4901175881911435,0.7528146109582188,0.5006418194185256,0.4942323456058042,0.5005650801402236
0.5240120060030015,0.2139104328246185,0.4085564173129848,0.6954741266546907,0.4146013917714565,0.591258698571603
0.6428214107053526,0.2957217913435077,0.4893670252689518,0.0357866648063205,0.3035491916214661,0.704415996651377
0.0882941470735367,0.3642732049036778,0.5046284713535152,0.3595252629192319,0.8310951043828592,0.4745905785095139
0.183591795897949,0.4791093319989993,0.7322992244183139,0.4874705687426967,0.0,0.4786961298986693
0.4952476238119059,0.4898674005504129,0.7528146109582188,0.5006714686851422,0.4941852555941189,0.5004883408619216
0.4957478739369684,0.4898674005504129,0.7528146109582188,0.500687165355704,0.4941399096569405,0.5004569475207981
0.4952476238119059,0.4881160870652991,0.7533149862396799,0.5005947294068402,0.4941399096569405,0.5004272982541814
0.5052526263131565,0.4660995746810109,0.759819864898674,0.4978949020702164,0.4994052705931597,0.3837748748626541
0.3591795897948974,0.5088816612459346,0.4723542656992745,0.4658771822732267,0.0,0.0989204178802518
0.4949974987493746,0.4891168376282213,0.7525644233174882,0.500687165355704,0.494171302998064,0.5004726441913598
0.5632816408204101,0.4270703027270454,0.6592444333249938,0.4660603100964473,0.5169855416223381,0.4670212951497288
0.8306653326663331,0.2126594946209658,0.6987740805604205,0.6287231630535256,0.211451593212062,0.3938172558731709
0.5300150075037519,0.4450838128596449,0.7297973480110084,0.0,0.6654254669759492,0.5310253414025847
0.1020510255127564,0.4345759319489618,0.5399049286965225,0.3424036834853585,0.0431885170134467,0.5264767950886862
0.4942471235617808,0.4893670252689518,0.7520640480360272,0.5007325112928824,0.494171302998064,0.5004429949247432
0.524512256128064,0.3842882161621217,0.7978483862897174,1.0,0.2921202713779933,0.4353401817325636
0.4952476238119059,0.4898674005504129,0.7525644233174882,0.5005650801402236,0.4942323456058042,0.5005197342030452
0.4952476238119059,0.4893670252689518,0.7525644233174882,0.5005336867991,0.4941852555941189,0.5004726441913598
0.54152076038019,0.4385789342006506,0.7525644233174882,0.4529657986989204,0.0,0.4790780822156723
0.2583791895947974,0.3882912184138105,0.6487365524143108,0.4178070007150705,0.0,0.6224061251896681
0.4954977488744371,0.4898674005504129,0.7528146109582188,0.5006261227479638,0.4941556063275023,0.5005336867991
0.6348174087043521,0.4983737803352516,0.7695771828871656,0.4502956206289132,0.7415002528908035,0.3768770601880112
0.4917458729364681,0.4886164623467602,0.7553164873655243,0.5003505589758794,0.4942323456058042,0.5004429949247432
0.6843421710855426,0.2081561170878159,0.2797097823367526,0.2804593892251077,0.4477318311038247,0.5086994436402323
0.5077538769384692,0.3897923442581937,0.7478108581436078,0.0415857125416397,0.4729267314299666,0.4110155745853463
0.4947473736868433,0.4896172129096824,0.7530647985989494,0.5007028620262658,0.4940945637197621,0.5005650801402236
0.5025012506253126,0.3972979734801102,0.6760070052539405,0.0,0.5249507298951811,0.4645028515618187
0.5155077538769384,0.4000500375281462,0.5121341005754316,0.0,0.6124561801280151,0.7513281127369762
0.573536768384192,0.2416812609457094,0.7025268951713787,1.0,0.356762648900361,0.5239130055635977
0.5872936468234117,0.370277708281211,0.670252689517138,0.0,0.3174982995273558,0.5240961333868183
0.4954977488744371,0.4898674005504129,0.7530647985989494,0.5006557720145804,0.4942166489352425,0.5005336867991
0.2766383191595797,0.451088316237178,0.5236427320490369,0.8257390515722831,0.4199277953154159,0.5777229363238398
0.6868434217108553,0.2857142857142858,0.3960470352764574,0.1874321991035457,0.3882763311648673,0.4122817726773288
0.4957478739369684,0.4921190893169879,0.7533149862396799,0.5004726441913598,0.4945968571777386,0.496780438460331
0.5737868934467233,0.6304728546409809,0.7185389041781337,1.0,0.3800059298533233,0.3751678671712856
0.6138069034517258,0.3637728296222168,0.4523392544408307,0.2585607897169367,1.0,0.8146292969635662
0.4952476238119059,0.4906179634726046,0.7518138603952966,0.500610426077402,0.4942462982018591,0.5004116015836196
0.1603301650825412,0.550162621966475,0.6922692019014262,0.4697682124980379,1.0,0.4909970873955735
0.3614307153576788,0.8161120840630474,0.5399049286965225,0.0,0.1356366743987303,0.0207248373650522
0.5700350175087543,0.3134851138353766,0.5056292219164374,0.0,0.5108359349111394,0.265275476568359
0.3224112056028013,0.3212409306980236,0.6047035276457344,0.5384411462057659,0.521516647191168,0.4962310549906692
0.5822911455727864,0.393545158869152,0.6409807355516639,1.0,0.4233461813488672,0.380951218236043
0.4952476238119059,0.490367775831874,0.7525644233174882,0.5005947294068402,0.4941852555941189,0.5005040375324834
0.5222611305652826,0.3209907430572931,0.6557418063547662,0.0,0.5313445070373406,0.3178192092366186
0.6830915457728863,0.4285714285714287,0.5419064298223669,0.5336344768648517,1.0,0.7642534489073373
0.5957978989494747,0.2034025519139355,0.4926194645984489,0.0,0.6466400404625285,0.4474876606728639
0.4957478739369684,0.4901175881911435,0.7525644233174882,0.5006261227479638,0.4942166489352425,0.5004883408619216
0.4559779889944972,0.453840380285214,0.7570678008506382,0.0,0.6243734412334094,0.4856096412438739
0.1570785392696348,0.4295721791343508,0.4811108331248437,0.6591677276453249,0.5715872822086959,0.6269389748330049
0.5580290145072535,0.3207405554165625,0.5959469602201652,0.7574777194481748,0.4781920923661859,0.5861468161919877
0.4942471235617808,0.4881160870652991,0.7533149862396799,0.5006714686851422,0.494171302998064,0.5005040375324834
0.4952476238119059,0.4898674005504129,0.7530647985989494,0.500687165355704,0.4942462982018591,0.5004116015836196
0.4944972486243121,0.4893670252689518,0.7528146109582188,0.5007482079634442,0.4942166489352425,0.5004726441913598
0.5467733866933466,0.3827870903177384,0.5666750062546911,0.5487433943178053,0.9987477545040724,0.7954915673997593
0.5872936468234117,0.2084063047285465,0.3382536902677008,0.0,0.6128974309782513,0.2581038421961386
0.3679339669834917,0.5466599949962473,0.5359019264448337,0.2701292359209586,0.0,0.1701710937091232
0.4942471235617808,0.4891168376282213,0.7525644233174882,0.5005493834696618,0.4941852555941189,0.5005336867991
0.636568284142071,0.1781336002001502,0.3019764823617714,0.1102882955159844,0.7381272127945305,0.2190976158501491
0.4952476238119059,0.4901175881911435,0.7528146109582188,0.5005807768107854,0.4941852555941189,0.5005197342030452
0.4952476238119059,0.4878658994245685,0.7528146109582188,0.5007028620262658,0.4942619948724209,0.5004883408619216
0.605552776388194,0.3372529397047786,0.571178383787841,0.6754974972530826,0.0,0.6484556220241728
0.4944972486243121,0.4893670252689518,0.7528146109582188,0.5006557720145804,0.4942166489352425,0.4995727017458186
0.4949974987493746,0.4901175881911435,0.7525644233174882,0.5006261227479638,0.4941556063275023,0.5005493834696618
0.0,0.3700275206404805,0.6972729547160371,0.5331914819401085,0.8115614699059943,0.6337896994959624
0.0,0.3760320240180136,0.5298974230673006,0.3656452203638139,0.888918150583393,0.7252472225613478
0.8096548274137068,0.3342506880160121,0.5088816612459346,0.4483422571812268,1.5696670561837767e-05,0.0894274203393969
0.5037518759379689,0.4948711533650239,0.7393044783587692,0.5003976489875648,0.4930411427176169,0.5400125573364494
0.4952476238119059,0.4896172129096824,0.7530647985989494,0.5007168146223206,0.4941556063275023,0.5005336867991
0.4952476238119059,0.4898674005504129,0.7530647985989494,0.5005493834696618,0.494171302998064,0.5004726441913598
0.5510255127563781,0.4428321240930699,0.7635726795096324,0.1293649824720512,0.4212707326857003,0.4224601914993808
0.5655327663831915,0.3697773329997499,0.720040030022517,0.0136578474632436,0.4871200097668172,0.6028567940422415
0.4832416208104051,0.4185639229422068,0.4926194645984489,1.0,0.5874130142839702,0.1408252960566475
0.2011005502751375,0.3795346509882413,0.6257192894671004,0.610166210300504,0.2028445855206934,0.374220834714059
0.5512756378189094,0.3360020015011259,0.6407305479109333,1.0,0.4715384481225038,0.5276836946474354
0.5202601300650325,0.3910432824618465,0.7380535401551165,0.0,0.4558818912743952,0.3713221828836528
0.5247623811905953,0.2697022767075308,0.3437578183637729,0.7684200429042328,0.6075570748382371,0.427038387079896
0.8144072036018009,0.3507630723042283,0.4588441330998249,0.5402113818302318,0.6738946927812757,0.7527006993738772
0.2296148074037018,0.8836627470602954,0.6374781085814362,0.0,0.0067146868514223,0.059943840800879
0.4947473736868433,0.4893670252689518,0.7533149862396799,0.500610426077402,0.4942166489352425,0.5004883408619216
0.5322661330665333,0.4340755566675007,0.6357267950963224,0.0,0.4247641139229468,0.3747719622582277
0.6020510255127562,0.3117338003502627,0.537403052289217,0.0,0.8685438721942201,0.5651324624587962
0.6225612806403201,0.2409306980235177,0.508631473605204,0.0,0.29214992064461,0.5583567329996337
0.5382691345672835,0.4633475106329748,0.7290467850888167,0.4594066658527652,1.0,0.8460958892163872
0.8446723361680839,0.341506129597198,0.654741055791844,0.4566144025672777,0.7843678601949875,0.5268273540645656
0.4472236118059029,0.464348261195897,0.7147860895671755,0.0,0.5771125102464377,0.4851352529780072
0.4952476238119059,0.490367775831874,0.7525644233174882,0.5005650801402236,0.4941852555941189,0.5004726441913598
0.6370685342671335,0.4851138353765325,0.6499874906179636,0.0,0.2722203812546871,0.7545023283394667
0.3921960980490244,0.5361521140855643,0.5629221916437329,0.444955264488899,1.0,0.5474754521513159
0.4954977488744371,0.4898674005504129,0.7530647985989494,0.500687165355704,0.4941399096569405,0.5005197342030452
0.1498249124562281,0.4028021015761822,0.6632474355766826,0.4605961246664457,0.9910877792699304,0.522280551825174
0.4952476238119059,0.4896172129096824,0.7525644233174882,0.5006557720145804,0.4941242129863787,0.5004883408619216
0.4952476238119059,0.4901175881911435,0.7533149862396799,0.5006261227479638,0.4941556063275023,0.5005947294068402
0.4952476238119059,0.4898674005504129,0.7525644233174882,0.5006557720145804,0.4942323456058042,0.5005493834696618
0.5382691345672835,0.3712784588441332,0.7753314986239681,1.0,0.3905663009923784,0.5499014597903622
0.493496748374187,0.4896172129096824,0.7538153615211409,0.5005650801402236,0.4942166489352425,0.500381952317003
0.4942471235617808,0.4888666499874907,0.7535651738804104,0.5005807768107854,0.4942009522646807,0.5004429949247432
0.7311155577788894,0.3432574430823119,0.6187140355266451,0.5971030922441006,0.7073460418229067,0.6566806773985384
0.5297648824412206,0.4595946960220166,0.6920190142606957,1.0,0.7074995203795106,0.4636639517240176
0.743871935967984,0.2732049036777584,0.3512634475856893,6.104260774025816e-05,0.2692589427420339,0.403231770061217
0.4952476238119059,0.4901175881911435,0.7530647985989494,0.5005947294068402,0.4941852555941189,0.5005650801402236
0.6260630315157578,0.5594195646735053,0.6972729547160371,0.3105690915115894,0.0,0.0753579712925336
0.4952476238119059,0.4896172129096824,0.7528146109582188,0.500610426077402,0.4942323456058042,0.5005040375324834
0.2618809404702351,0.5506629972479361,0.7080310232674507,0.6956258611367878,0.3117289010586532,0.4931789246036591
0.5295147573786892,0.2924693520140106,0.5966975231423569,0.0,0.3734133282173814,0.5753719238885885
0.533016508254127,0.3580185138854141,0.6087065298974231,0.0,0.7130387010133072,0.4538971344855852
0.583791895947974,0.4598448836627472,0.7708281210908182,1.0,0.5347018504630517,0.4455203446291225
0.4847423711855927,0.1618714035526645,0.1133350012509382,7.67392783019849e-05,0.6134485585224201,0.2297643755341228
0.8866933466733365,0.3042281711283463,0.6700025018764074,0.4879449570085634,0.1532936847062107,0.3744353558784031
0.6068034017008503,0.3124843632724544,0.4560920690517889,0.0135061129811466,0.6324014161884995,0.4354779636186058
0.7633816908454226,0.3555166374781087,0.4851138353765324,0.3175139961979175,0.7489003610234228,0.6883478382196487
0.3029014507253627,0.5934450838128598,0.6412309231923944,0.2501526065193505,0.0,0.0583724296701955
0.4794897448724362,0.4650988241180886,0.8761571178383789,0.0,0.6832813017772119,0.615447267907285
0.5515257628814406,0.1841381035776834,0.4078058543907932,1.0,0.2447512077715959,0.4552557685264314
0.4779889944972486,0.4170627970978234,0.7185389041781337,0.5547098732057834,0.4279993721331775,0.4896994959624675
0.5350175087543771,0.2089066800100076,0.4818613960470354,0.563850567696252,0.5249821232363047,0.2994593369028725
0.4724862431215607,0.2149111833875407,0.6164623467600702,0.8401294103284092,0.3264855154612205,0.3463104103807315
0.2756378189094547,0.359769827370528,0.573930447835877,0.4565533599595375,0.088267610792333,0.4349739260861224
0.4374687343671835,0.3787840880660497,0.7257943457593197,0.0720006278668224,1.0,0.9729895181122136
0.5172586293146573,0.4448336252189143,0.641481110833125,0.5278354291295324,1.0,0.6005371749481138
0.5540270135067533,0.4468351263447587,0.7237928446334753,0.7563022132305492,0.596996703699182,0.5055705739749202
0.4947473736868433,0.4893670252689518,0.7523142356767576,0.500687165355704,0.4941556063275023,0.5005650801402236
0.4954977488744371,0.4898674005504129,0.7528146109582188,0.5006557720145804,0.4941556063275023,0.5005040375324834
0.5400200100050024,0.2404303227420566,0.5376532399299475,1.0,0.4092296422903186,0.4209655196469993
0.1983491745872936,0.5281461095821868,0.6459844883662749,0.4114428728395277,1.0,0.6566806773985384
0.4954977488744371,0.4896172129096824,0.7528146109582188,0.5006714686851422,0.4942166489352425,0.5005336867991
0.5770385192596298,0.3647735801851389,0.5679259444583439,1.0,0.3582294155606327,0.6059699670369918
0.873936968484242,0.3234926194645985,0.5559169377032775,0.4566597485044561,0.7947904494480005,0.757615501334217
0.629064532266133,0.5171378533900427,0.8068551413560172,1.0,0.4857003331182308,0.3073652266424822
0.5830415207603801,0.6167125344008008,0.7690768076057044,1.0,0.1849137555156356,0.5991331949700891
0.3119059529764882,0.4583437578183639,0.6387290467850889,0.2840922964229032,1.0,0.6661579782688316
0.6478239119559779,0.1418563922942207,0.4235676757568177,0.629837626663411,0.4444512269564156,0.3212672445366866
0.3609304652326163,0.4928696522391795,0.7147860895671755,0.431098592531873,1.0,0.6003087011877147
0.0880440220110055,0.4255691768826621,0.6569927445584189,0.5492317351797269,0.8294922999110521,0.4224462389033259
0.5857928964482241,0.4443332499374532,0.6589942456842633,0.4689746585974153,0.971142543209446,0.6615954793588782
0.3664332166083041,0.5218914185639231,0.6795096322241683,0.1845004098575091,0.0,0.0
0.4952476238119059,0.4901175881911435,0.7533149862396799,0.500687165355704,0.4942323456058042,0.5004883408619216
0.5065032516258129,0.6852639479609709,0.5939454590943208,1.0,0.9640005581038422,0.7018522071262885
0.5952976488244122,0.3802852139104329,0.5996997748311235,0.0,0.1752847201632454,0.3851474614995552
0.8964482241120559,0.3209907430572931,0.5156367275456594,0.3699635488428066,0.0,0.3349721820116155
0.5382691345672835,0.1783837878408807,0.5278959219414562,1.0,0.2254460470551302,0.4398416380347768
0.674337168584292,0.4390793094821117,0.7805854390793097,1.0,0.6647243490241903,0.5710082494724175
0.5212606303151576,0.4030522892169128,0.7002752064048037,0.0,0.8199400038369639,0.3025271639604444
0.4942471235617808,0.4886164623467602,0.7525644233174882,0.5006418194185256,0.4941852555941189,0.5004726441913598
0.4954977488744371,0.4898674005504129,0.7530647985989494,0.500610426077402,0.4942462982018591,0.5005493834696618
0.5482741370685342,0.1701275956967726,0.3417563172379285,0.7402480073948758,0.4077803163751156,0.4807105359540959
0.5895447723861931,0.0698023517638229,0.3472604453340006,0.0018626715733295,0.1295027643580934,0.4518984251007203
0.4952476238119059,0.4901175881911435,0.7525644233174882,0.5006557720145804,0.4942462982018591,0.5004569475207981
0.7311155577788894,0.354766074555917,0.7473104828621467,0.5439506775729459,0.5866491096499642,0.5026858747405689
0.6198099049524761,0.597197898423818,0.8138603952964725,0.3992186546209254,1.0,0.6711320787624047
0.6043021510755378,0.119589692269202,0.3014761070803102,0.4179587351971676,0.3577096813575876,0.4536529640546244
0.4944972486243121,0.4893670252689518,0.7530647985989494,0.5006261227479638,0.4941399096569405,0.5005197342030452
0.4949974987493746,0.4898674005504129,0.7530647985989494,0.5006261227479638,0.4942619948724209,0.5004883408619216
0.2141070535267633,0.4868651488616464,0.5519139354515887,0.5549383469661824,0.0,0.2128398765195249
0.4957478739369684,0.4881160870652991,0.7523142356767576,0.5006714686851422,0.494171302998064,0.5005336867991
0.0990495247623812,0.3214911183387542,0.7045283962972231,0.3557720145804629,1.0,0.7244536686607251
0.4499749874937468,0.5854390793094822,0.5706780085063798,0.5962798890768614,0.0,0.2238275459127614
0.8646823411705852,0.2912184138103578,0.6782586940205155,0.7669689729145229,0.0251338577184017,0.5080262308805832
0.535767883941971,0.4778583937953466,0.5724293219914938,0.6692258053264035,1.0,0.6452046671433804
0.5022511255627813,0.2679509632224169,0.3002251688766575,0.9960008371557632,0.5077070652458273,0.4928423182238345
0.1690845422711355,0.2664498373780336,0.4736052039029272,0.6000174407450687,0.83234560580428,0.3568847341158414
0.1678339169584792,0.3227420565424069,0.5581686264698524,0.274309782513909,1.0,0.6643423967071873
0.4952476238119059,0.4898674005504129,0.7525644233174882,0.5005947294068402,0.4941242129863787,0.5004569475207981
0.6788394197098548,0.4655991993995498,0.7302977232924694,1.0,0.2384167291626698,0.2089784955613304
0.4404702351175587,0.4991243432574432,0.6487365524143108,0.6802884699234351,0.0,0.5713134625111185
0.5067533766883441,0.4045534150612961,0.7032774580935703,0.0,0.569360099063432,0.5995918865653941
0.4957478739369684,0.4898674005504129,0.7528146109582188,0.5007168146223206,0.4942166489352425,0.5004883408619216
0.3886943471735867,0.4871153365023769,0.8288716537403054,0.2723564190662225,1.0,0.8508275633535065
0.4962481240620309,0.3227420565424069,0.4703527645734301,1.0,0.7760050229345797,0.4376754974972531
0.4949974987493746,0.4901175881911435,0.7530647985989494,0.5007028620262658,0.4941399096569405,0.5005197342030452
0.5680340170085042,0.2211658744058044,0.4483362521891419,0.0,0.5341838603345135,0.5839649789839022
0.6115557778889444,0.4438328746559921,0.5709281961471104,0.6068402602159164,1.0,0.6680206498421613
0.5930465232616308,0.3087315486614962,0.5273955466599951,0.9991750527582538,0.1643580933777491,0.3975862008825017
0.5670335167583791,0.5071303477608208,0.7695771828871656,0.0,0.6458307898913441,0.4879903029457418
0.605552776388194,0.336502376782587,0.5724293219914938,0.0,0.5292690583741737,0.369384516106528
0.493496748374187,0.4881160870652991,0.7533149862396799,0.5007028620262658,0.4942462982018591,0.5005336867991
0.4952476238119059,0.4901175881911435,0.7528146109582188,0.5006714686851422,0.4942009522646807,0.5005807768107854
0.6213106553276637,0.3347510632974732,0.5409056792594447,0.9645342449029424,0.5684130666062054,0.3339798036172105
0.5045022511255627,0.4671003252439331,0.7485614210657995,0.5375569004307864,0.4922161954758707,0.5168320630657341
0.4949974987493746,0.4901175881911435,0.7530647985989494,0.500610426077402,0.494171302998064,0.5004569475207981
0.2988994497248624,0.4333249937453091,0.5394045534150614,0.3913284615518775,1.0,0.6227270348989309
0.4409704852426213,0.4633475106329748,0.5599199399549664,0.0,0.2200742975739923,0.2424315886774683
0.0447723861930965,0.6274706029522144,0.6482361771328498,1.0,1.0,0.6066710849887507
0.5560280140070034,0.4235676757568177,0.592194145609207,0.4737673753422746,0.0,0.3366796309538343
0.5732866433216608,0.5056292219164374,0.6529897423067301,0.1894152118178488,0.0,0.1076181174459773
0.4947473736868433,0.4891168376282213,0.7528146109582188,0.5007028620262658,0.4941242129863787,0.5005197342030452
0.6358179089544772,0.3872904678508883,0.503127345509132,0.6661126323316532,0.9788949543924516,0.7489317543645464
0.6248124062031015,0.2859644733550164,0.4478358769076808,0.7000976681723843,0.3412578265343495,0.5767305579294347
0.5055027513756878,0.4623467600700526,0.7413059794846135,0.536442436820901,0.5105603711390551,0.4602316130945114
0.321160580290145,0.5489116837628223,0.6705028771578685,0.4631616582660411,0.0,0.3873920853898878
0.481240620310155,0.4020515386539906,0.662496872654491,0.482923766503305,0.5183581282592392,0.5814465353959921
0.7408704352176088,0.411808856642482,0.5359019264448337,0.4321206201928946,0.0,0.3144304724697839
0.4952476238119059,0.4898674005504129,0.7523142356767576,0.5005947294068402,0.4942166489352425,0.500610426077402
0.5380190095047523,0.352014010507881,0.6587440580435328,1.0,0.530856166175419,0.4034759404921778
0.4954977488744371,0.4898674005504129,0.7525644233174882,0.5005807768107854,0.4942166489352425,0.5004272982541814
0.4952476238119059,0.4896172129096824,0.7530647985989494,0.5007028620262658,0.4942462982018591,0.5004569475207981
0.6198099049524761,0.4548411308481362,0.9324493370027522,1.0,0.4508153548319584,0.3286080541360727
0.4947473736868433,0.4891168376282213,0.7533149862396799,0.5005650801402236,0.4942009522646807,0.5005650801402236
0.4952476238119059,0.4901175881911435,0.7525644233174882,0.500610426077402,0.4941852555941189,0.5004429949247432
0.4952476238119059,0.4898674005504129,0.7525644233174882,0.5006418194185256,0.4941556063275023,0.5004883408619216
0.7143571785892946,0.4120590442832125,0.7803352514385791,0.6032840922964229,0.7907162913999686,0.4575596909499974
0.9174587293646824,0.2709532149111835,0.7225419064298225,0.4340129410328409,0.0906639691647627,0.3683764410415613
0.5685342671335667,0.2694520890668002,0.339254440830623,0.7423548493991663,0.4984739348064949,0.5437361564086017
0.4867433716858428,0.7122842131598701,1.0000000000000002,0.0,0.8618605786839213,0.3506740847969025
0.4949974987493746,0.4898674005504129,0.7528146109582188,0.500687165355704,0.4941399096569405,0.5005040375324834
0.4957478739369684,0.4901175881911435,0.7525644233174882,0.5006261227479638,0.4941399096569405,0.5005040375324834
0.4494747373686842,0.4843632724543409,0.6009507130347762,0.0,1.0,0.3076390463400597
0.2068534267133566,0.5639229422066552,0.6167125344008006,0.5940666585276523,1.0,0.4789559970001918
0.0562781390695347,0.4023017262947211,0.60270202651989,0.436836597659452,0.9543697786769452,0.5639569562411706
0.5767883941970985,0.4465849387040281,0.7685764323242433,0.7055147635907006,0.6410084238798681,0.5217765142926906
0.5065032516258129,0.5198899174380787,0.7453089817363023,0.5006261227479638,0.4940021277708983,0.4782391823778711
0.5902951475737868,0.4003002251688767,0.618213660245184,0.5032509548807925,0.0,0.4408497130997436
0.5270135067533767,0.4683512634475858,0.7327995996997749,0.554511048712001,0.0,0.2252925684985263
0.4667333666833416,0.3067300475356518,0.6927695771828872,0.0,0.4406979786176465,0.3802797495509008
0.5287643821910955,0.4568426319739806,0.7420565424068052,0.0015557144601217,0.5869543226886652,0.5710832446762125
0.7836418209104551,0.3304978734050539,0.5534150612959721,0.081537227270349,4.5345937178475904e-05,0.4725761724540872
0.4949974987493746,0.4896172129096824,0.7530647985989494,0.5006557720145804,0.4942009522646807,0.5004883408619216
0.7008504252126062,0.3199899924943709,0.5626720040030023,0.5148176570103075,0.0,0.0226921534087936
0.1900950475237618,0.4550913184888668,0.6284713535151365,0.6092348745138392,0.9220032439785828,0.5362907023388039
0.4949974987493746,0.4898674005504129,0.7525644233174882,0.5005650801402236,0.494171302998064,0.5005040375324834
0.550025012506253,0.3900425318989243,0.5238929196897674,0.5194725918691246,1.0,0.6203306765265012
0.4224612306153076,0.5283962972229174,0.60270202651989,0.2345867415455988,1.0,0.7972931963653487
0.4342171085542771,0.5076307230422819,0.7395546659994997,0.0062559952561173,1.0,0.85790850585137
0.4954977488744371,0.4898674005504129,0.7530647985989494,0.5007168146223206,0.494171302998064,0.5004726441913598
0.4952476238119059,0.4901175881911435,0.7528146109582188,0.5006261227479638,0.4941242129863787,0.500610426077402
0.6823411705852925,0.3482611958969228,0.6167125344008006,0.5394788705373493,0.8267000366255646,0.4288243193749237
0.4954977488744371,0.4898674005504129,0.7525644233174882,0.5007168146223206,0.4942009522646807,0.5005336867991
0.3331665832916458,0.6284713535151365,0.5819364523392545,0.4230409683101662,1.0,0.5188011231839824
0.4282141070535267,0.4225669251938955,0.6192144108081061,0.4234368732232241,0.2680537872577916,0.3376109667404992
0.6635817908954477,0.8323742807105331,1.0000000000000002,0.9990529675427734,0.7775921307358251,0.1841498508816297
0.6395697848924462,0.1861396047035277,0.3850387790843133,0.5798890768613635,0.3364354605228735,0.5845754050613042
0.4954977488744371,0.4896172129096824,0.7528146109582188,0.5006418194185256,0.4942166489352425,0.5004272982541814
0.4629814907453726,0.5021265949462098,0.7478108581436078,0.0,0.7502589950642692,0.5191830755009854
0.5615307653826913,0.3737803352514387,0.8261195896922693,0.9581858136979612,0.5321694542790868,0.4180197778049078
0.4952476238119059,0.4898674005504129,0.7530647985989494,0.5006418194185256,0.494171302998064,0.5005336867991
0.340920460230115,0.474355766825119,0.7720790592944711,0.3147356855084849,1.0,0.6697280987843801
0.6595797898949474,0.5203902927195397,0.9437077808356268,0.5014039799780247,0.577248548057973,0.4208120410903954
0.7071035517758879,0.3034776082061547,0.7338003502626972,0.4892565010377243,0.1032230496886827,0.4582468563057014
0.5577788894447223,0.2584438328746561,0.514135601701276,1.0,0.698587299649441,0.3169942619948724
0.7068534267133566,0.6767575681761322,1.0000000000000002,0.0,0.9404834574533024,0.6029335333205434
0.4952476238119059,0.4898674005504129,0.7525644233174882,0.500610426077402,0.4941399096569405,0.5005807768107854
0.4954977488744371,0.4898674005504129,0.7528146109582188,0.5006418194185256,0.4941242129863787,0.5005040375324834
0.6580790395197598,0.4358268701526145,0.6737553164873656,0.3399759317718053,0.0,0.2108254704640982
0.5255127563781891,0.3985489116837629,0.7007755816862649,0.0,0.3270819889425676,0.4654045380818669
0.6155577788894446,0.3172379284463348,0.6705028771578685,0.5861764654586044,0.6966339362017545,0.6184993982942951
0.4949974987493746,0.4898674005504129,0.7528146109582188,0.5005807768107854,0.4942166489352425,0.5005650801402236
0.5822911455727864,0.4650988241180886,0.7155366524893672,0.777682822610182,1.0,0.7780037323194446
0.4954977488744371,0.4898674005504129,0.7530647985989494,0.5005947294068402,0.4941399096569405,0.5005197342030452
0.5605302651325662,0.3582687015261447,0.7378033525143859,0.1462423914749638,0.5851701344681445,0.5350698501839999
0.456728364182091,0.4883662747060296,0.5541656242181637,0.5885274778938556,0.0,0.642168233426932
0.4949974987493746,0.4898674005504129,0.7530647985989494,0.5003505589758794,0.4943840800879013,0.5004569475207981
0.5060030015007503,0.3920440330247687,0.6214660995746811,1.0,0.5969653103580586,0.3780682630761986
0.588544272136068,0.3820365273955468,0.7800850637978485,1.0,0.4799012853829115,0.4126026823865916
0.4102051025512756,0.4708531398548913,0.6272204153114838,0.515154263390132,1.0,0.4547988210056333
0.4952476238119059,0.4898674005504129,0.7530647985989494,0.5006557720145804,0.4941556063275023,0.5005197342030452
0.4997498749374687,0.4678508881661247,0.7690768076057044,0.0,0.7551737970246089,0.4979542006034498
0.1620810405202601,0.5026269702276709,0.7217913435076309,0.6355302858538117,0.0,0.2893576573591224
0.4942471235617808,0.4886164623467602,0.7525644233174882,0.5007028620262658,0.4941852555941189,0.5004726441913598
0.5257628814407203,0.2834625969477109,0.4956217162872155,0.9703175959676996,0.450234578021173,0.4869054886024731
0.4959979989994997,0.4911183387540657,0.7520640480360272,0.5007325112928824,0.4941556063275023,0.5004429949247432
0.1663331665832916,0.4163122341756318,0.636477358018514,0.5206010080750649,0.9558504979332716,0.5369307776828226
0.7341170585292646,0.3405053790342758,0.6887665749311985,0.3632331653208225,0.5520850410729546,0.582606344943056
0.4957478739369684,0.4901175881911435,0.7525644233174882,0.5006261227479638,0.4942009522646807,0.5004883408619216
0.8879439719859928,0.3490117588191144,0.5776832624468352,0.3420827737760957,0.0,0.3748173081954061
0.8996998499249624,0.3042281711283463,0.6362271703777834,0.56981704658423,0.0391736574986483,0.4476550918255227
0.3329164582291145,0.5253940455341507,0.6987740805604205,0.2694874165024329,1.0,0.6262204161361773
0.4949974987493746,0.4896172129096824,0.7530647985989494,0.500610426077402,0.4941852555941189,0.5005040375324834
0.516008004002001,0.3937953465098825,0.7322992244183139,0.0,0.5472783717320404,0.701424908872107
0.5790395197598799,0.4243182386790093,0.740555416562422,0.3580305910668504,0.5144217520972496,0.3634633831557284
0.4384692346173086,0.4936202151613711,0.6359769827370529,0.4611315555400527,1.0,0.6518583113870624
0.3969484742371185,0.500375281461096,0.4983737803352515,0.6661579782688316,0.0,0.4885396864154037
0.8889444722361179,0.3269952464348262,0.6579934951213411,0.3501403979978025,0.5865741144461691,0.5469103720110923
0.4724862431215607,0.5741806354766076,0.8238679009256944,0.6045816837295289,0.0,0.4195004970612345
0.4959979989994997,0.5676757568176134,0.8303727795846887,0.0,0.3127212794530583,0.4786054380243124
0.4982491245622811,0.3727795846885164,0.5546659994996248,1.0,0.1645708704675864,0.4105882763311649
0.5467733866933466,0.3380035026269703,0.5849387040280212,1.0,0.3793501578387429,0.4709594153862253
0.2528764382191095,0.3762822116587442,0.5221416062046536,0.4748504456110365,0.8487974606275179,0.4763765108045416
0.8171585792896447,0.2859644733550164,0.7395546659994997,0.6744144269843207,0.0010830702687618,0.3537419118544744
0.4947473736868433,0.4893670252689518,0.7528146109582188,0.5006714686851422,0.4942166489352425,0.5005493834696618
0.5782891445722861,0.2794595946960221,0.6422316737553166,1.0,0.7913406700734256,0.565299893611455
0.4952476238119059,0.4898674005504129,0.7523142356767576,0.5006557720145804,0.4941852555941189,0.5005336867991
0.51975987993997,0.362521891418564,0.717788341255942,0.6482724942009522,0.9890890698850654,0.3527338367895076
0.7608804402201099,0.2787090317738304,0.7087815861896424,0.6045816837295289,0.347271395434013,0.3486300294748592
0.7093546773386692,0.4215661746309733,0.5669251938954216,0.4789246036590683,1.0,0.9149833440884594
0.6485742871435717,0.2664498373780336,0.3655241431073305,0.9600327886007288,0.592784763765108,0.4914836841829883
0.3459229614807403,0.5123842882161622,0.4153114836127096,0.3924882710989413,1.0,0.917241920574847
0.2726363181590795,0.4080560420315238,0.5891918939204405,0.2106737359820011,1.0,0.5799815128102273
0.4954977488744371,0.4898674005504129,0.7533149862396799,0.5006261227479638,0.4941852555941189,0.5005650801402236
0.4954977488744371,0.4898674005504129,0.7525644233174882,0.5006714686851422,0.4941852555941189,0.5005807768107854
0.5557778889444722,0.1926444833625219,0.4435826870152615,0.8023893820744021,0.5428972565708007,0.4257564923173518
0.4952476238119059,0.4898674005504129,0.7528146109582188,0.5005947294068402,0.4940945637197621,0.5005040375324834
0.5247623811905953,0.3985489116837629,0.6579934951213411,0.0,0.5290859305509531,0.5678340338699269
0.4949974987493746,0.4893670252689518,0.7523142356767576,0.5007028620262658,0.4941556063275023,0.5004726441913598
0.6490745372686342,0.4168126094570929,0.6494871153365025,1.0,0.6116922754940091,0.5610269110696409
0.5275137568784392,0.4165624218163624,0.761571178383788,0.4417653522158467,0.4606571672741859,0.4373702844585521
0.4952476238119059,0.4898674005504129,0.7528146109582188,0.5006418194185256,0.4942009522646807,0.5004726441913598
0.5375187593796897,0.5544158118588943,0.8311233425068802,0.3780525664056368,0.6596578125817535,0.574410938835307
0.7561280640320159,0.3192394295721792,0.7297973480110084,0.4643197237385981,0.1102725988454226,0.3655231351483335
0.5155077538769384,0.4050537903427572,0.740555416562422,0.5055391806337967,0.4403003296300818,0.5094005615919912
0.5727863931965982,0.4148111083312485,0.6102076557418065,0.507659975234142,1.0,0.5493381237246455
0.6188094047023511,0.2529397047785841,0.2656992744558419,0.6178889722168931,0.4788949543924516,0.5745173273802257
0.4952476238119059,0.4898674005504129,0.7530647985989494,0.5005197342030452,0.4941852555941189,0.5004569475207981
0.4942471235617808,0.4891168376282213,0.7525644233174882,0.5007168146223206,0.4942009522646807,0.5004116015836196
0.0875437718859429,0.5651738804103079,0.5459094320740556,0.8599682578439751,1.0,0.7094214904860735
0.8324162081040519,0.3197398048536403,0.7185389041781337,0.5262029753911087,0.3980902384149851,0.3979071105917645
0.3216608304152075,0.5336502376782588,0.5924443332499375,0.5077524111830057,0.0,0.2797739679439106
0.5877938969484742,0.4133099824868653,0.7075306479859896,0.6923156077227619,0.591869124649005,0.3298446029614385
0.2421210605302651,0.5681761320990745,0.8814110582937205,0.2919981861625128,1.0,0.5950136909848789
0.4952476238119059,0.4898674005504129,0.7528146109582188,0.5006557720145804,0.4941852555941189,0.5005650801402236
0.765632816408204,0.3517638228671504,0.5571678759069303,0.4349128834783822,0.0024730976507316,0.1638994017824441
0.5062531265632816,0.4470853139854892,0.7463097322992245,0.0,0.4329909133718193,0.4834888466435286
0.4952476238119059,0.4901175881911435,0.7528146109582188,0.5006261227479638,0.4942323456058042,0.5004429949247432
0.3119059529764882,0.3915436577433075,0.5033775331498624,0.6326141932783369,0.0015417618640669,0.416936707536146
0.1620810405202601,0.5228921691268452,0.7448086064548413,0.398409404049741,0.0,0.4198057100999355
0.4952476238119059,0.4896172129096824,0.7528146109582188,0.5006418194185256,0.4942619948724209,0.5005040375324834
0.4942471235617808,0.4886164623467602,0.7525644233174882,0.5006557720145804,0.4942619948724209,0.5004429949247432
0.577288644322161,0.4458343757818365,0.7050287715786842,0.4732476411392294,0.8247309765073163,0.6330885815442036
0.4947473736868433,0.4883662747060296,0.7530647985989494,0.5005947294068402,0.4942323456058042,0.5005493834696618
0.4854927463731865,0.4053039779834877,0.7540655491618715,0.0,0.5749446256344071,0.5090186092749882
0.4944972486243121,0.4881160870652991,0.7528146109582188,0.5005807768107854,0.4942009522646807,0.5004726441913598
0.6520760380190094,0.4866149612209158,0.7490617963472606,0.5542215323438617,1.0,0.395571794827075
0.4769884942471235,0.5479109331999,0.5158869151863898,0.2100319165634756,0.0,0.0071262884350419
0.3946973486743371,0.4908681511133351,0.7152864648486366,0.3677974083052828,1.0,0.6064269145577899
0.6160580290145072,0.3600200150112586,0.6164623467600702,0.0,0.2197847812058531,0.5575474824284493
0.5785392696348174,0.2249186890167626,0.3795346509882412,1.0,0.5054484887594398,0.4251460662399497
0.605552776388194,0.3815361521140857,0.8198648986740056,0.5135968048555034,0.8335978513002076,0.6511868427019203
0.5712856428214106,0.4843632724543409,0.5881911433575182,0.5353593665521391,1.0,1.0
0.4952476238119059,0.4896172129096824,0.7528146109582188,0.500687165355704,0.4941399096569405,0.5004726441913598
0.8276638319159579,0.4130597948461347,0.5599199399549664,0.5277290405846138,0.9571794827075012,0.5606606554231996
0.4944972486243121,0.4891168376282213,0.7525644233174882,0.5006557720145804,0.4942009522646807,0.5005650801402236
0.8596798399199599,0.250187640730548,0.7150362772079061,0.337167971815756,0.1493555644697141,0.4452604775276
0.7971485742871435,0.4373279959969979,0.8068551413560172,0.4424368209009889,0.3135444826202975,0.4577288661771631
0.5025012506253126,0.3647735801851389,0.6810107580685515,0.0829272546523187,0.5768683398154769,0.4624291469731587
0.4954977488744371,0.4901175881911435,0.7525644233174882,0.5007325112928824,0.4941242129863787,0.5005650801402236
0.6538269134567283,0.5153865399049289,0.7830873154866151,0.4803285836370929,0.0,0.5608437832464203
0.5587793896948473,0.3327495621716288,0.6377282962221668,0.0,0.3790902907372203,0.5426687828104017
0.4944972486243121,0.4883662747060296,0.7525644233174882,0.5005807768107854,0.4942462982018591,0.5004272982541814
0.6810905452726362,0.2782086564923693,0.5166374781085815,0.0,0.2053769817046584,0.3186877583410363
0.5535267633816908,0.2304228171128347,0.4833625218914186,0.8028323769991454,0.2782479027504055,0.4292062716919267
0.4952476238119059,0.4898674005504129,0.7528146109582188,0.500610426077402,0.4942323456058042,0.5004726441913598
0.4404702351175587,0.4856142106579936,0.5889417062797099,0.681052374557441,0.0,0.5401206899558749
0.4997498749374687,0.3542656992744559,0.5831873905429072,0.0,0.1575963165146415,0.3706053682613321
0.4977488744372185,0.472104078058544,0.7130347760820617,0.0,0.5633465301637686,0.4425292568498526
0.5972986493246623,0.3837878408806606,0.8989241931448588,0.3595409595897937,0.3979821057955596,0.3784484713186947
0.5252626313156578,0.2251688766574932,0.4273204903677759,0.0,0.3688037392957427,0.7681444791321486
0.557528764382191,0.3187390542907181,0.8038528896672505,0.1660672863944747,0.5008545965083628,0.588267610792333
0.456728364182091,0.5316487365524144,0.7062797097823369,0.770785007935539,0.0,0.5252105969967037
0.3471735867933966,0.3217413059794847,0.3525143857893421,0.0,0.4085285243385597,0.9933620524268796
0.4952476238119059,0.4901175881911435,0.7528146109582188,0.500610426077402,0.4941399096569405,0.5005040375324834
0.5075037518759379,0.1503627720790594,0.3767825869402052,0.0,0.5474911488218777,0.6266477143903587
0.5560280140070034,0.4468351263447587,0.7187890918188643,1.0,0.6428083087709506,0.4726825609990058
0.5732866433216608,0.4423317488116088,0.4918689016762573,0.7141828138898094,1.0,0.6832185150949649
0.6203101550775387,0.7097823367525646,0.3530147610708032,1.0,0.2142142072309329,0.4666864328444111
0.4949974987493746,0.4898674005504129,0.7530647985989494,0.5005807768107854,0.494171302998064,0.5005336867991
0.6373186593296648,0.5126344758568928,0.6367275456592445,0.8608682002895163,1.0,0.6041997314125259
0.4949974987493746,0.4891168376282213,0.7523142356767576,0.5006557720145804,0.4941399096569405,0.5004726441913598
0.1625812906453226,0.6700025018764075,0.5116337252939706,0.9976803809058724,1.0,0.8469208364581334
0.5492746373186592,0.4535901926444834,0.7528146109582188,1.0,0.6092819645255245,0.4331426478539163
0.5712856428214106,0.1661245934450839,0.3950462847135352,0.0594241065978338,0.4645952875106824,0.5554877304358442
0.6153076538269134,0.1951463597698274,0.3184888666499875,1.0,0.414937998151281,0.3457906761776863
0.524512256128064,0.362521891418564,0.6169627220415312,1.0,0.3786629924830389,0.5919615605978688
0.4942471235617808,0.4881160870652991,0.7525644233174882,0.5006557720145804,0.4942619948724209,0.5004726441913598
0.630065032516258,0.2074055541656243,0.5939454590943208,1.0,0.712839876519525,0.403918935416921
0.1563281640820409,0.5071303477608208,0.6097072804603454,0.615142054868584,0.0,0.4084517850602578
0.4954977488744371,0.490367775831874,0.7528146109582188,0.5007325112928824,0.4941556063275023,0.5004883408619216
0.4954977488744371,0.4898674005504129,0.7525644233174882,0.5006714686851422,0.494171302998064,0.5005197342030452
0.4947473736868433,0.4891168376282213,0.7530647985989494,0.5007028620262658,0.4942323456058042,0.5005336867991
0.4939969984992495,0.4888666499874907,0.7528146109582188,0.500687165355704,0.494171302998064,0.5005040375324834
0.4952476238119059,0.4901175881911435,0.7528146109582188,0.500687165355704,0.4941852555941189,0.5004116015836196
0.4952476238119059,0.4901175881911435,0.7525644233174882,0.5006557720145804,0.4941399096569405,0.5005650801402236
0.4954977488744371,0.4901175881911435,0.7528146109582188,0.5006418194185256,0.4941556063275023,0.5004726441913598
0.5420210105052525,0.4450838128596449,0.7317988491368528,0.6080907616373371,0.5064251704832831,0.4858084657376563
0.2306153076538269,0.5146359769827372,0.6407305479109333,0.2878158954950556,1.0,0.7642691455778992
0.5027513756878439,0.5093820365273957,0.7558168626469853,0.503829987617071,0.4942619948724209,0.4790920348117271
0.3426713356678339,0.4831123342506881,0.7470602952214161,0.3466923626977344,1.0,0.5559307253605874
0.4957478739369684,0.4898674005504129,0.7528146109582188,0.5006557720145804,0.4942323456058042,0.5004726441913598
0.3421710855427713,0.4078058543907932,0.6554916187140356,0.2496939149240455,1.0,0.7843050735127404
0.5587793896948473,0.323242431823868,0.5409056792594447,1.0,0.2820011510891745,0.3169332193871322
0.6233116558279139,0.2026519889917439,0.6557418063547662,0.0,0.5094616041997314,0.6678514746149955
0.6268134067033516,0.3069802351763824,0.5321491118338755,0.0018312782322061,0.559792106318782,0.2750876397439699
0.4952476238119059,0.4898674005504129,0.7525644233174882,0.500763904634006,0.4942166489352425,0.5004726441913598
0.4947473736868433,0.4893670252689518,0.7525644233174882,0.5006714686851422,0.4942323456058042,0.5004726441913598
0.7598799399699849,0.3149862396797599,0.7758318739054292,0.319481312241659,0.4125102464377278,0.5537174948113783
0.6323161580790395,0.3134851138353766,0.4996247185389043,1.0,0.8909779025759981,0.3695066013220085
0.6323161580790395,0.3995496622466851,0.7147860895671755,1.0,0.7921045747074316,0.609860997261803
0.3056528264132065,0.6117087815861898,0.7247935951963974,0.2325426862235554,0.0,0.2311526588415857
0.4952476238119059,0.4896172129096824,0.7528146109582188,0.5006557720145804,0.4941852555941189,0.5004883408619216
0.0835417708854427,0.3705278959219416,0.6632474355766826,0.6093273104627029,0.7042328688281563,0.5295289254756963
0.4954977488744371,0.4898674005504129,0.7528146109582188,0.5006714686851422,0.4941399096569405,0.5005336867991
0.489744872436218,0.4193144858643984,0.5951963972979736,1.0,0.5556412089924482,0.674321991035457
0.4939969984992495,0.4883662747060296,0.7533149862396799,0.5006261227479638,0.4941852555941189,0.5004883408619216
0.4667333666833416,0.4756067050287717,0.772579434575932,1.0,0.8521094581160507,0.5517344820970752
0.5285142571285643,0.2842131598699025,0.6052039029271955,0.0,0.206400753440187,0.5213038701013307
0.4947473736868433,0.4891168376282213,0.7528146109582188,0.5005650801402236,0.4942323456058042,0.5004429949247432
0.2261130565282641,0.391293470102577,0.6159619714786091,0.629760887385109,0.2052566405636848,0.4292673142996669
0.3234117058529264,0.4045534150612961,0.819114335751814,0.6205277569457768,0.4947503357343426,0.4806181000052322
0.4944972486243121,0.4891168376282213,0.7525644233174882,0.5005336867991,0.4941852555941189,0.5005493834696618
0.5107553776888444,0.3622717037778334,0.701776332249187,0.3362680293702147,0.5743498962275668,0.5116887873449953
0.8204102051025511,0.2584438328746561,0.7082812109081813,0.5772642447285348,0.6844550639203306,0.4384237054606973
0.4957478739369684,0.4898674005504129,0.7530647985989494,0.5006557720145804,0.4940945637197621,0.5005040375324834
0.4952476238119059,0.4901175881911435,0.7528146109582188,0.5006261227479638,0.4941852555941189,0.5005197342030452
0.5625312656328163,0.3042281711283463,0.5834375781836378,1.0,0.6001255733644941,0.4158379405968223
0.5460230115057528,0.3827870903177384,0.7030272704528397,0.3429530669550203,0.554967996232799,0.5279121684078344
0.569784892446223,0.2334250688016013,0.4283212409306981,1.0,0.4077035770968136,0.2980553569248478
0.1995997998999499,0.516387290467851,0.6344758568926696,0.5508938381847672,0.0,0.4246891187191517
0.2723861930965482,0.5066299724793597,0.6379784838628972,0.6285714285714286,0.0,0.4701955107522193
0.4952476238119059,0.4901175881911435,0.7525644233174882,0.500687165355704,0.4941399096569405,0.5004429949247432
0.5447723861930965,0.4480860645484114,0.8258694020515387,1.0,0.3633099045991245,0.55672427926121
0.5775387693846923,0.3347510632974732,0.5541656242181637,0.0631337530739313,0.4143729180110574,0.4697525158274761
0.4952476238119059,0.4898674005504129,0.7528146109582188,0.5007028620262658,0.4942462982018591,0.5005807768107854
0.6048024012006002,0.2997247935951965,0.5256442331748813,1.0,0.2269564155780735,0.5738929487067688
0.1833416708354177,0.4766074555916939,0.769827370527896,0.2462615762945393,1.0,0.6568795018923208
0.1015507753876938,0.4938704028021017,0.709532149111834,0.5379998953555296,0.6336222683433036,0.6029021399794199
0.5347673836918458,0.2454340755566675,0.4941205904428322,1.0,0.3313078814726965,0.2429042328688281
0.6838419209604801,0.3902927195396548,0.7448086064548413,0.4247798105935085,0.6582677851997837,0.5454313968292726
0.5080040020010005,0.5073805354015513,0.6795096322241683,0.0,0.4861119347018505,0.5290562812843365
0.4992496248124061,0.4928696522391795,0.7518138603952966,0.5007168146223206,0.493803303277116,0.5108045415700159
0.613056528264132,0.5161371028271204,0.6770077558168628,1.0,0.3616164082529606,0.5461796047927168
0.5967983991995998,0.6474856142106582,0.5969477107830874,0.3467377086349129,1.0,0.523729877740377
0.6483241620810405,0.2231673755316488,0.5449086815111335,1.0,0.5173204039276558,0.5255001133648429
0.5395197598799399,0.3787840880660497,0.7080310232674507,1.0,0.5487120009766817,0.5042572858712524
0.4949974987493746,0.4893670252689518,0.7523142356767576,0.5006418194185256,0.4941852555941189,0.5005197342030452
0.508504252126063,0.4460845634225671,0.7335501626219666,0.0,0.5282330781170972,0.4804820621936969
0.4944972486243121,0.4893670252689518,0.7525644233174882,0.5006418194185256,0.4942009522646807,0.5004883408619216
0.8076538269134566,0.4218163622717039,0.5469101826369778,0.4276802064984216,0.0,0.1698362314038055
0.8369184592296147,0.1751313485113836,0.6042031523642732,0.5718018033730401,0.0642464726093098,0.4789716936707536
0.4944972486243121,0.4891168376282213,0.7520640480360272,0.5007028620262658,0.494171302998064,0.5005650801402236
0.4952476238119059,0.490367775831874,0.7530647985989494,0.500610426077402,0.4942166489352425,0.5004883408619216
0.2011005502751375,0.3159869902426821,0.6815111333500126,0.4814430472469784,1.0,0.7196313026492491
0.4957478739369684,0.4898674005504129,0.7530647985989494,0.5005807768107854,0.4941852555941189,0.5004883408619216
0.2586293146573286,0.5296472354265701,0.3465098824118089,0.4376144548895129,1.0,0.600293004517153
0.3946973486743371,0.4590943207405555,0.4473355016262197,0.1562987250815354,1.0,0.5675898634389661
0.4952476238119059,0.4896172129096824,0.7525644233174882,0.5006261227479638,0.4942323456058042,0.5004272982541814
0.6753376688344171,0.3435076307230423,0.8536402301726296,0.7032875804454366,0.6927882519141217,0.52710291783665
0.5532766383191595,0.430572929697273,0.709532149111834,0.2723721157367843,0.6089924481573853,0.5744719814430472
0.4944972486243121,0.4883662747060296,0.7528146109582188,0.500687165355704,0.4941852555941189,0.5005493834696618
0.7121060530265132,0.2169126845133851,0.4263197398048537,0.0004726441913598,0.2405375237630151,0.6218096517083209
0.613056528264132,0.2499374530898174,0.5609206905178885,0.0,0.3408915708879083,0.5488497828627239
0.1143071535767883,0.4696022016512385,0.6945208906680012,0.3478207789036748,1.0,0.5683520239984652
0.5905452726363181,0.278959219414561,0.3077307980985739,0.5504822366011476,0.5792490015173448,0.5301707448942219
0.584792396198099,0.2509382036527396,0.3890417813360021,0.987836824389138,0.431709018609275,0.5090500026161118
0.4949974987493746,0.4898674005504129,0.7528146109582188,0.5005807768107854,0.4941852555941189,0.5004883408619216
0.2036018009004502,0.5464098073555168,0.5238929196897674,0.7162896558940998,1.0,0.6921778258367197
0.7031015507753876,0.1688766574931199,0.3335001250938204,0.0,0.4735528541779304,0.3048921289917505
0.4954977488744371,0.4898674005504129,0.7525644233174882,0.5005947294068402,0.4942009522646807,0.5005197342030452
0.4619809904952475,0.5366524893670254,0.7307980985739306,0.437523763015156,0.0,0.3216631494497445
0.5300150075037519,0.0930698023517638,0.2396797598198649,0.0203725343146659,0.48898093726564,0.5581893018469749
0.7196098049024511,0.3257443082311735,0.5804353264948713,0.645693008005302,0.3452116434414078,0.510331897378656
0.3326663331665832,0.6384788591443584,0.7593194896172131,0.2731970629785304,0.0,0.2770723965327799
0.5020010005002501,0.3302476857643233,0.6484863647735803,0.0,0.5267052688490852,0.5850009592409788
0.5467733866933466,0.6304728546409809,0.6619964973730299,0.6039102150443867,0.0,0.4202940509618571
0.6015507753876937,0.406805103827871,0.2471853890417814,0.0,0.2843818127910424,0.4752463505240943
0.4404702351175587,0.3840380285213911,0.7878408806604955,0.0,0.3555278441495021,0.3813174738824842
0.4954977488744371,0.4901175881911435,0.7528146109582188,0.5005947294068402,0.4942009522646807,0.5004726441913598
0.4952476238119059,0.4898674005504129,0.7525644233174882,0.5006418194185256,0.4941242129863787,0.5005336867991
0.4954977488744371,0.4896172129096824,0.7523142356767576,0.5006714686851422,0.4941399096569405,0.5004726441913598
0.212856428214107,0.4390793094821117,0.5886915186389793,0.6132497340286377,0.535983745225596,0.4873955735389015
0.6083041520760379,0.2842131598699025,0.4078058543907932,0.2809477300870293,0.7541360726930254,0.3658283481870346
0.4954977488744371,0.4901175881911435,0.7523142356767576,0.5006418194185256,0.4941399096569405,0.5005493834696618
0.4579789894947473,0.5446584938704029,0.5931948961721292,0.6663724994331758,0.0,0.441964176709629
0.523511755877939,0.4986239679759821,0.6289717287965976,0.0,0.6057100999354692,0.465542319967909
0.58104052026013,0.4175631723792846,0.1933950462847135,0.0,0.4497915830964298,0.6635941887437431
0.8339169584792395,0.4535901926444834,0.5709281961471104,0.5571515775153915,0.0,0.3073338333013586
0.599799899949975,0.3412559419564674,0.816362271703778,0.4137014493259152,0.1373005214782775,0.3538186511327764
0.5965482741370685,0.3992994746059546,0.7610708031023269,1.0,0.7134049566597485,0.5860857735842475
0.577288644322161,0.42006504878659,0.4570928196147111,0.0,0.1847759736295934,0.5143607094895094
0.3116558279139569,0.4573430072554417,0.6602451838879161,0.6099830824772834,1.0,0.5406700734255367
0.6333166583291645,0.2176632474355768,0.3475106329747311,0.9505868810715594,0.3681165739400387,0.5987826359942097
0.5002501250625312,0.4100575431573681,0.6990242682011509,0.2490084936428484,0.5242025219317369,0.5882833074628948
0.4954977488744371,0.4898674005504129,0.7528146109582188,0.5005807768107854,0.4941556063275023,0.5005493834696618
0.5275137568784392,0.1696272204153115,0.2329246935201401,0.4298166977693287,0.3174982995273558,0.6595043340251495
0.5247623811905953,0.4283212409306981,0.6372279209407057,0.2413014283970211,0.5113225316985541,0.4021330031218934
0.5350175087543771,0.3665248936702527,0.6324743557668252,0.0,0.5109562760521129,0.347271395434013
0.396448224112056,0.4811108331248437,0.5756817613209908,0.5725639639325392,0.0,0.3989291382527861
0.4514757378689344,0.3950462847135352,0.7890918188641483,0.0,0.726773287754853,0.4396899035526798
0.4954977488744371,0.4898674005504129,0.7525644233174882,0.500687165355704,0.4941242129863787,0.5005493834696618
0.0787893946973486,0.4696022016512385,0.7668251188391295,0.9551790292481296,1.0,0.690864537733052
0.4914957478739369,0.4143107330497874,0.7800850637978485,0.9751853079163542,0.6213213108463993,0.4907215236234892
0.072536268134067,0.4110582937202903,0.6317237928446335,0.5941573504020092,0.6756649284057414,0.5344123340949125
0.6248124062031015,0.3742807105328998,0.7222917187890919,0.1184993982942951,0.5218375569004308,0.5110783612675933
0.4969984992496247,0.4881160870652991,0.7508131098323744,0.4999389573922598,0.496321746865026,0.4775520170221672
0.6128064032016007,0.5016262196647487,0.7312984738553917,0.4276034672201196,1.0,0.8027713343914051
0.4954977488744371,0.4898674005504129,0.7530647985989494,0.500610426077402,0.4941556063275023,0.5005493834696618
0.240120060030015,0.4728546409807357,0.5726795096322242,0.7888989657638175,1.0,0.8048921289917506
0.5257628814407203,0.4048036027020266,0.7030272704528397,0.1058635784920732,0.6318973786560163,0.4920330676526501
0.196848424212106,0.5391543657743308,0.6537403052289218,0.5855660393812023,0.0,0.2598130352128642
0.550025012506253,0.2762071553665249,0.5399049286965225,0.0,0.5485899157612013,0.4567818337199365
0.7303651825912956,0.3545158869151865,0.6159619714786091,0.5200830179465267,0.9149379981512812,0.5804995029387655
0.7191095547773886,0.32874655991994,0.7873405053790343,0.5874897535622722,0.3156059786874095,0.5481783141775817
0.56128064032016,0.3950462847135352,0.9974981235926949,0.9997715262396007,0.6032387463592445,0.68074716151874
0.4954977488744371,0.4901175881911435,0.7530647985989494,0.5005807768107854,0.4942166489352425,0.5004726441913598
0.512256128064032,0.4403302476857644,0.8338754065549163,0.3033817604688072,0.0,0.1249088721070164
0.1950975487743871,0.5118839129347011,0.7415561671253441,0.3714285714285714,1.0,0.7410572579660604
0.5972986493246623,0.591693770327746,0.6642481861396048,0.6506078099656417,1.0,0.5230584090552348
0.5185092546273136,0.3972979734801102,0.7105328996747562,0.0,0.65663533146136,0.4473498787868217
0.4947473736868433,0.4886164623467602,0.7525644233174882,0.500610426077402,0.4942323456058042,0.4998779147845196
0.6243121560780389,0.3695271453590193,0.6905178884163123,1.0,0.5137345867415456,0.4095191586584579
0.5560280140070034,0.3425068801601202,0.798598949211909,1.0,0.3788147269651359,0.368545616268727
0.153576788394197,0.5178884163122343,0.4290718038528897,0.734801262709943,1.0,0.8190400613914226
0.7518759379689843,0.2571928946710033,0.4778583937953466,0.4559882798193139,0.3215567609048259,0.5488637354587788
0.4954977488744371,0.4898674005504129,0.7528146109582188,0.500610426077402,0.4942323456058042,0.5005807768107854
0.7261130565282641,0.3219914936202153,0.6139604703527647,0.5465598130352128,0.8500497061234455,0.5357709681357588
0.4949974987493746,0.4888666499874907,0.7525644233174882,0.5005650801402236,0.4943230374801611,0.5004429949247432
0.5417708854427213,0.3199899924943709,0.6252189141856394,1.0,0.6273052304794461,0.3695362505886251
0.4007003501750875,0.4473355016262198,0.735551663747811,0.1277918272668608,0.0,0.4092906848980588
0.4954977488744371,0.4898674005504129,0.7528146109582188,0.5006557720145804,0.4941399096569405,0.5005336867991
0.4942471235617808,0.4886164623467602,0.7533149862396799,0.5006714686851422,0.494171302998064,0.5005493834696618
0.4947473736868433,0.4891168376282213,0.7528146109582188,0.500763904634006,0.4941852555941189,0.5004883408619216
0.5382691345672835,0.341506129597198,0.6452339254440832,1.0,0.4474580114062473,0.4761933829813209
0.4952476238119059,0.4898674005504129,0.7530647985989494,0.5007028620262658,0.494171302998064,0.5004726441913598
0.4952476238119059,0.4901175881911435,0.7528146109582188,0.5006418194185256,0.4942166489352425,0.5004726441913598
0.6340670335167583,0.5308981736302228,1.0000000000000002,0.9247501613268918,0.7820935870380383,0.527713343914052
0.4954977488744371,0.4898674005504129,0.7528146109582188,0.5007028620262658,0.4942166489352425,0.5004883408619216
0.4964982491245622,0.4871153365023769,0.7530647985989494,0.5006557720145804,0.4942462982018591,0.5005040375324834
0.4954977488744371,0.4898674005504129,0.7528146109582188,0.500687165355704,0.4941242129863787,0.5004883408619216
0.48224112056028,0.5724293219914938,0.7210407805854392,0.0,0.4411095802012662,0.6031009644732023
0.4954977488744371,0.4898674005504129,0.7528146109582188,0.500610426077402,0.4941399096569405,0.5006418194185256
0.5990495247623812,0.5251438578934202,0.4773580185138855,0.0,0.3216788461203063,0.5648725953572736
0.6433216608304151,0.2016512384288217,0.4918689016762573,0.285328845248269,0.4113050909534855,0.4085424769346146
0.601800900450225,0.1313485113835377,0.294971228421316,0.6822278807750667,0.4453058234647784,0.4513490416310585
0.6378189094547273,0.43832874655992,0.5033775331498624,1.0,0.4674032474667318,0.3640267192214451
0.4952476238119059,0.4898674005504129,0.7520640480360272,0.500687165355704,0.4942619948724209,0.5005336867991
0.5237618809404702,0.4568426319739806,0.7290467850888167,0.4984442855398782,0.4488619913842719,0.4925231525890786
0.840920460230115,0.2884663497623219,0.3627720790592945,0.8516821598618693,1.0,0.8343914052008301
0.5127563781890945,0.3099824868651489,0.6632474355766826,1.0,0.5592409787746132,0.2570957671311719
0.4962481240620309,0.4906179634726046,0.7528146109582188,0.5006714686851422,0.4940492177825836,0.5015714111306835
0.4952476238119059,0.4898674005504129,0.7528146109582188,0.5006714686851422,0.4942323456058042,0.5004569475207981
0.58104052026013,0.6447335501626221,1.0000000000000002,0.2036224427507543,0.9795960723442104,0.6673788304236357
0.2021010505252626,0.378033525143858,0.5118839129347011,0.3829656242914697,0.6481347123149102,0.5607670439681183
0.5525262631315657,0.4123092319239431,0.7025268951713787,1.0,0.5520536477318311,0.5798437309241851
0.4954977488744371,0.4901175881911435,0.7530647985989494,0.5006261227479638,0.4942009522646807,0.5005197342030452
0.1055527763881941,0.5038779084313236,0.7307980985739306,0.5618204649702635,1.0,0.6070844306468772
0.5937968984492246,0.3847885914435828,0.769326995246435,0.0187400805762422,0.3747859148542826,0.5103162007080942
0.4952476238119059,0.4898674005504129,0.7533149862396799,0.5006418194185256,0.494171302998064,0.5005336867991
0.4954977488744371,0.4898674005504129,0.7530647985989494,0.5006261227479638,0.4941556063275023,0.5004569475207981
0.5602801400700349,0.4128096072054041,0.7015261446084564,0.0666288783856846,0.593089976803809,0.4659539215515287
0.5567783891945972,0.294470853139855,0.5994495871903929,1.0,0.695992116783229,0.2906692013882833
0.5457728864432215,0.3157368026019516,0.6344758568926696,1.0,0.7312293981198876,0.2446587718227322
0.7246123061530765,0.4073054791093321,0.5624218163622718,0.3371383225491393,0.9876240472993004,0.9288853619826638
0.456728364182091,0.3882912184138105,0.6602451838879161,1.0,0.0,0.5507421037026702
0.4942471235617808,0.4886164623467602,0.7528146109582188,0.5005807768107854,0.4942462982018591,0.5005493834696618
0.576288144072036,0.3209907430572931,0.5153865399049288,1.0,0.3245931946212742,0.5622024172872665
0.5460230115057528,0.4205654240680511,0.7918438829121843,0.0,0.394120724837365,0.5470342013010796
0.4952476238119059,0.4901175881911435,0.7525644233174882,0.5006714686851422,0.494171302998064,0.5004726441913598
0.6073036518259128,0.4235676757568177,0.8478859144358271,0.9796885082930742,0.4313584596333955,0.4151821685822418
0.1955977988994496,0.5661746309732301,0.6867650738053541,0.4700891222073007,0.0,0.3312782322060799
0.7361180590295147,0.3184888666499876,0.8308731548661497,0.6034515234490817,0.3181087256047578,0.4002720756230706
0.4952476238119059,0.4933700275206406,0.7528146109582188,0.5011284162059403,0.4942916441390376,0.5297573992360953
0.4954977488744371,0.4898674005504129,0.7530647985989494,0.5006557720145804,0.4941399096569405,0.5005336867991
0.4947473736868433,0.4891168376282213,0.7528146109582188,0.5005947294068402,0.4942619948724209,0.5004883408619216
0.4949974987493746,0.4896172129096824,0.7523142356767576,0.5006418194185256,0.4942009522646807,0.5004726441913598
0.4949974987493746,0.4896172129096824,0.7530647985989494,0.5005650801402236,0.4942462982018591,0.5005336867991
0.4954977488744371,0.4898674005504129,0.7528146109582188,0.5007325112928824,0.494171302998064,0.5005336867991
0.0,0.4668501376032025,0.6637478108581437,0.6868357256221986,0.9005162460540315,0.7154804053229153
0.2293646823411705,0.5233925444083064,0.6349762321741307,0.3578631599141915,0.0,0.3871322182883653
0.6063031515757878,0.3069802351763824,0.6177132849637229,1.0,0.7996738580672167,0.2922563091895286
0.5205102551275638,0.2576932699524644,0.3427570678008507,1.0,0.54768997331566,0.5844829691124405
0.5092546273136568,0.3550162621966476,0.576182136602452,0.0,0.4948427716832063,0.4254059333414723
0.4959979989994997,0.490367775831874,0.7520640480360272,0.5006557720145804,0.4942166489352425,0.5004569475207981
0.4949974987493746,0.4898674005504129,0.7528146109582188,0.5007028620262658,0.4942009522646807,0.5004116015836196
0.5195097548774387,0.3630222667000251,0.23742807105329,0.0,0.7804454366290527,0.4218044194848004
0.6218109054527263,0.43832874655992,0.4435826870152615,0.6365680101853951,1.0,0.8093342867607304
0.4942471235617808,0.4873655241431074,0.7528146109582188,0.5006714686851422,0.4942323456058042,0.5004726441913598
0.5390195097548773,0.5273955466599951,0.7663247435576683,0.0,0.6492195266581788,0.5085459650836284
0.4792396198099049,0.1421065799349513,0.4583437578183638,0.7114672898826238,0.6990145979036224,0.2719151682159862
0.4952476238119059,0.4898674005504129,0.7528146109582188,0.5006261227479638,0.494171302998064,0.5004883408619216
0.4952476238119059,0.4898674005504129,0.7528146109582188,0.5006261227479638,0.4942009522646807,0.5005040375324834
0.3771885942971485,0.127345509131849,0.3820365273955467,0.5671015225770445,0.559943840800879,0.4424368209009889
0.2833916958479239,0.4575931948961722,0.6945208906680012,0.4565987058967159,0.9942776915429828,0.5753719238885885
0.5507753876938468,0.3772829622216663,0.4738553915436578,1.0,0.6925440814831609,0.771472173291243
0.4949974987493746,0.4898674005504129,0.7525644233174882,0.5005807768107854,0.4943073408095993,0.5004883408619216
0.0887943971985993,0.5904428321240932,0.8886664998749063,0.490355267977048,1.0,0.5376475923051433
0.6790895447723861,0.3592694520890669,0.8681511133350014,0.4872124457156809,0.3057920714372918,0.5068978146746429
0.6258129064532265,0.1993995496622467,0.5929447085313987,0.182745870903605,0.4898215811779479,0.5813540994471283
0.7461230615307652,0.3249937453089818,0.6217162872154116,0.5661858834609415,0.486371801803373,0.512635819802222
0.7028514257128564,0.498123592694521,0.4781085814360771,0.5152903012016673,1.0,0.9890419798733802
0.9349674837418708,0.2551913935451589,0.7167875906930199,0.5419973141252594,0.048085878228718,0.3813942131607862
0.4724862431215607,0.5689266950212661,0.727795846885164,0.3090744196592078,1.0,0.8557859671765178
0.4939969984992495,0.4891168376282213,0.7533149862396799,0.5006714686851422,0.494171302998064,0.5005336867991
0.5145072536268134,0.4298223667750814,0.6542406805103829,0.0,0.6191098243716971,0.5639569562411706
0.8959479739869933,0.3279959969977484,0.6357267950963224,0.5343059455499939,0.0189232083994628,0.4204004395067757
0.610305152576288,0.1778834125594196,0.4535901926444834,1.0,0.5264471458220695,0.5945846486561905
0.3056528264132065,0.4228171128346261,0.3907930948211159,0.3994471283813244,1.0,0.6262064635401224
0.8249124562281139,0.2822116587440582,0.6932699524643484,0.4403299788966984,0.2851143240839249,0.5519926051240909
0.5220110055027514,0.3952964723542658,0.668001000750563,0.3127055827824965,0.4917295986884559,0.4810000523222352
0.4999999999999999,0.5071303477608208,0.7528146109582188,0.5004116015836196,0.4944608193662033,0.4835952351884472
0.3519259629814907,0.4155616712534402,0.7062797097823369,0.0922964229031864,0.9997401328984774,0.6140432879292603
0.1465732866433216,0.3900425318989243,0.5999499624718541,0.4483422571812268,0.8872543035038456,0.6391474963810454
0.4944972486243121,0.5083812859644735,0.7530647985989494,0.5006557720145804,0.4942009522646807,0.4985035840731116
0.4997498749374687,0.3980485364023018,0.717788341255942,1.0,0.6662957601548738,0.3165373144740743
0.4949974987493746,0.4896172129096824,0.7528146109582188,0.5006261227479638,0.4941242129863787,0.5004569475207981
0.5202601300650325,0.3980485364023018,0.7690768076057044,1.0,0.3302248112039346,0.7130700943544308
0.4947473736868433,0.4891168376282213,0.7525644233174882,0.5006418194185256,0.4942009522646807,0.5005807768107854
0.7226113056528263,0.4210657993495122,0.5864398298724044,0.3952212358511955,0.9991454034916372,0.7912028881873834
0.5717858929464732,0.2434325744308232,0.4210657993495122,0.5430036451157193,0.5028690025637895,0.6273645290126795
0.3526763381690845,0.6042031523642734,0.5341506129597199,0.7726616321049236,0.0,0.3290196557196924
0.4414707353676838,0.2907180385288967,0.4548411308481362,0.0,0.6360482759823499,0.5429739958491027
0.5592796398199099,0.3430072554415813,0.4365774330748062,0.998322200324398,0.4957584107993093,0.3886286342152537
0.5642821410705352,0.7005253940455343,1.0000000000000002,1.0,0.5697263547098732,0.8276610216788461
0.4947473736868433,0.4891168376282213,0.7525644233174882,0.5006557720145804,0.4942009522646807,0.5005807768107854
0.4954977488744371,0.4898674005504129,0.7525644233174882,0.5006714686851422,0.4942462982018591,0.5003976489875648
0.0610305152576288,0.2697022767075308,0.6710032524393297,0.3471493102185325,1.0,0.676611960862968
0.5172586293146573,0.3890417813360021,0.7555666750062549,0.0,0.5083628372604078,0.4794443378621135
0.5075037518759379,0.5018764073054792,0.7490617963472606,0.4994192231892146,0.4929957967804385,0.544407625093744
0.1695847923961981,0.4120590442832125,0.7317988491368528,0.4113818302317875,1.0,0.5681845928458064
0.4939969984992495,0.4886164623467602,0.7530647985989494,0.5007028620262658,0.4942323456058042,0.500381952317003
0.3134067033516758,0.3435076307230423,0.5954465849387042,0.7556917871531472,1.0,0.6958403823011319
0.5040020010005002,0.4233174881160871,0.6509882411808858,0.3995238676596264,0.4767427664509828,0.5726093098697176
0.2046023011505752,0.3920440330247687,0.6464848636477359,0.2471615187400805,1.0,0.7481085511973071
0.5370185092546272,0.1290968226169627,0.4535901926444834,0.7053176831714251,0.4352634424542616,0.459422362523327
0.5857928964482241,0.3487615711783839,0.5574180635476609,0.0,0.2470690827912168,0.5410049357308544
0.6965982991495747,0.3645233925444084,0.7207905929447087,0.435615745504648,0.1335315764689467,0.4109231386364825
0.7953976988494247,0.4045534150612961,0.5406554916187142,0.4192249332891501,0.9742400195336344,0.5896401974292341
0.4717358679339669,0.3877908431323493,0.7430572929697274,0.5230584090552348,0.4728063902889931,0.4972077367145124
0.5185092546273136,0.3635226419814862,0.4655991993995497,0.0,0.2489474510351082,0.4446640040462528
0.6965982991495747,0.3800350262697024,0.5213910432824619,0.3791809826115772,0.9815651324624588,0.8873153461115859
0.4952476238119059,0.4901175881911435,0.7525644233174882,0.5006418194185256,0.494171302998064,0.5004569475207981
0.2628814407203602,0.4635976982737054,0.7425569176882663,0.3504299143659417,1.0,0.5298184418438355
0.5400200100050024,0.5081310983237429,0.7345509131848887,0.6522559603746272,0.468303189912273,0.4902331827615676
0.588544272136068,0.3367525644233176,0.4208156117087817,1.0,0.4213474719640023,0.5971798315224026
0.6990995497748873,0.4580935701776333,0.6950212659494622,0.0,0.4810767916005372,0.5493381237246455
0.4937468734367183,0.4881160870652991,0.7533149862396799,0.500610426077402,0.4941852555941189,0.5005336867991
0.4937468734367183,0.531898924193145,0.6847635726795097,0.4672968589218131,0.519289464045904,0.4451226956415578
0.5315157578789395,0.2819614711033276,0.5954465849387042,1.0,0.6400770880932034,0.2834365244083227
0.0835417708854427,0.4828621466099576,0.7465599199399551,0.617597711774247,1.0,0.7372272703489893
0.5882941470735367,0.4203152364273206,0.7292969727295473,0.8288818738336501,0.4461604199731412,0.310370267017807
0.8656828414207103,0.3202401801351014,0.5714285714285715,0.3192074925440815,0.0,0.2352285609641243
0.5562781390695347,0.3665248936702527,0.6955216412309233,0.616286167745086,0.4796885082930743,0.3987599630256204
0.4947473736868433,0.4891168376282213,0.7525644233174882,0.500610426077402,0.4942166489352425,0.5005493834696618
0.4524762381190594,0.4640980735551665,0.7593194896172131,0.606107748923034,1.0,0.4688979193191133
0.4879939969984992,0.2644483362521892,0.304978734050538,0.0,0.7098801820813785,0.2705094441634547
0.5020010005002501,0.4926194645984489,0.8503877908431325,0.0004429949247432,0.4957270174581858,0.5729755655161588
0.576288144072036,0.3647735801851389,0.5959469602201652,0.0,0.4134729755655161,0.731136962171024
0.6503251625812906,0.2126594946209658,0.4128096072054041,0.0347785897413537,0.3779758271273349,0.5257442837958037
0.4954977488744371,0.4898674005504129,0.7528146109582188,0.5006714686851422,0.4942462982018591,0.5005040375324834
0.4939969984992495,0.4888666499874907,0.7525644233174882,0.5007168146223206,0.4941852555941189,0.5005197342030452
0.6075537768884441,0.4243182386790093,0.8048536402301728,0.0,0.6813261942550186,0.4639552121666637
0.4949974987493746,0.4896172129096824,0.7528146109582188,0.5007482079634442,0.4940631703786385,0.5001674311526588
0.3861930965482741,0.4595946960220166,0.7335501626219666,0.5546941765352216,0.7374103981722099,0.5128485968920592
0.1833416708354177,0.3817863397548162,0.5256442331748813,0.3724052531524147,0.1071454732546174,0.7381586061356541
0.4954977488744371,0.4898674005504129,0.7528146109582188,0.5006261227479638,0.4942166489352425,0.5005807768107854
0.5112556278139069,0.3134851138353766,0.7057793345008758,0.0,0.4757050421193993,0.412266076006767
0.5070035017508754,0.4195646735051289,0.67575681761321,0.0,0.481626175070199,0.2183947538238833
0.4944972486243121,0.4883662747060296,0.7525644233174882,0.5007168146223206,0.4941852555941189,0.5004272982541814
0.7021010505252625,0.3867900925694272,0.6357267950963224,0.8034881490137258,0.996321746865026,0.8988837923156077
0.4954977488744371,0.4933700275206406,0.7543157368026021,0.5006557720145804,0.4945515112405602,0.4950398521024818
0.6075537768884441,0.3067300475356518,0.6459844883662749,0.4607339065524879,0.0,0.4884472504665399
0.5070035017508754,0.4731048286214662,0.6362271703777834,0.0166960252541988,0.0,0.1498142560650191
0.5062531265632816,0.3322491868901677,0.6990242682011509,0.0,0.3617698868095645,0.5427455220887036
0.4942471235617808,0.4886164623467602,0.7528146109582188,0.500687165355704,0.4942166489352425,0.5004726441913598
0.4952476238119059,0.4896172129096824,0.7525644233174882,0.5006714686851422,0.4941556063275023,0.5005040375324834
0.565032516258129,0.2664498373780336,0.3997998498874156,0.5340931684601566,0.5241571759945585,0.3699338995761899
0.7658829414707353,0.3817863397548162,0.5494120590442833,0.7169140345675568,0.7315346111585886,0.5123306067635209
0.4949974987493746,0.4896172129096824,0.7525644233174882,0.5007482079634442,0.4942009522646807,0.5005493834696618
0.3634317158579289,0.4475856892669503,0.6797598198648988,0.7017754678479864,0.0,0.1028114481050631
0.4557278639319659,0.6609957468101078,0.9457092819614712,0.0764863874984739,0.7729668451436245,0.320168477597363
0.5097548774387193,0.2889667250437829,0.6760070052539405,0.0,0.4575300416833807,0.5851544377975827
0.0510255127563782,0.396297222917188,0.7062797097823369,0.5576399183773131,0.9666393428327258,0.7163960444390185
0.4947473736868433,0.4913685263947962,0.7528146109582188,0.5007028620262658,0.4942009522646807,0.5005197342030452
0.6268134067033516,0.2942206654991244,0.4618463847885915,0.6897518181976734,0.2872054694176535,0.5159931632279331
0.5470235117558779,0.3850387790843133,0.7373029772329248,0.2375935259954305,0.5711146380173361,0.453684357395748
0.2258629314657328,0.3655241431073306,0.5171378533900426,0.6042921673613897,0.9883251652510594,0.7417287266512025
0.5880440220110055,0.4435826870152616,0.602201651238429,1.0,0.3456842876327677,0.1553080907616373
0.6480740370185092,0.4438328746559921,0.2281711283462597,0.0,0.3336588939079478,0.249038142909465
0.1028014007003501,0.5506629972479361,0.5656742556917689,0.5426234368732232,0.0502084169035701,0.363341297940248
0.5755377688844422,0.3510132599449588,0.7297973480110084,0.4706542023475243,0.9012784066135304,0.5164501107487312
0.4954977488744371,0.4898674005504129,0.7525644233174882,0.5007028620262658,0.4942009522646807,0.5004569475207981
0.6728364182091044,0.3672754565924444,0.8478859144358271,0.5655144147757992,0.5654673247641139,0.5208765718471493
0.7593796898449223,0.5341506129597199,0.0,0.5801035980257077,0.1708268657237037,0.2429042328688281
0.4952476238119059,0.4898674005504129,0.7528146109582188,0.500610426077402,0.4941852555941189,0.500381952317003
0.5077538769384692,0.4408306229672255,0.7590693019764825,0.0,0.3108900012208521,0.5927394178279296
0.4952476238119059,0.4898674005504129,0.7530647985989494,0.5006557720145804,0.4942619948724209,0.5005336867991
0.5497748874437218,0.3642732049036778,0.5546659994996248,1.0,0.2317177389818093,0.6358511955630745
0.2916458229114557,0.4711033274956218,0.5619214410808107,0.5900221497462371,0.0,0.3599229119067966
0.2161080540270135,0.3652739554666,0.6192144108081061,0.6560562987250815,0.4267645673823186,0.3954636622076495
0.3366683341670835,0.5521641230923193,0.514135601701276,0.1897361215271116,1.0,0.682058705547901
0.8389194597298648,0.3142356767575682,0.4908681511133351,0.7378376964263913,0.4066344594241066,0.4460540314282226
0.4952476238119059,0.4896172129096824,0.7530647985989494,0.5005807768107854,0.4941852555941189,0.5005493834696618
0.4944972486243121,0.4878658994245685,0.7528146109582188,0.5007325112928824,0.4942776915429827,0.5004883408619216
0.5382691345672835,0.3457593194896173,0.8003502626970229,0.1269389748330049,0.3975094616041997,0.5646598182674364
0.0,0.4415811858894172,0.673004753565174,0.864180197778049,1.0,0.8404049741004935
0.4939969984992495,0.4896172129096824,0.7525644233174882,0.5006714686851422,0.4941852555941189,0.5005040375324834
0.6078039019509754,0.2591943957968478,0.696272204153115,1.0,0.2893716099551773,0.387147914958927
0.4944972486243121,0.4893670252689518,0.7528146109582188,0.500687165355704,0.4942166489352425,0.5004726441913598
0.4952476238119059,0.4888666499874907,0.7525644233174882,0.5007028620262658,0.4942462982018591,0.5004883408619216
0.4954977488744371,0.4896172129096824,0.7528146109582188,0.5006557720145804,0.4941399096569405,0.5005336867991
0.1295647823911955,0.4123092319239431,0.5871903927945961,0.5334060031044526,0.5515356576032928,0.5803163751155449
0.4949974987493746,0.4901175881911435,0.7528146109582188,0.5005650801402236,0.4942009522646807,0.5005336867991
0.4952476238119059,0.4898674005504129,0.7533149862396799,0.5006714686851422,0.4942323456058042,0.5004726441913598
0.453976988494247,0.5283962972229174,0.6009507130347762,0.5906482724942009,0.0,0.5209829603920679
0.5027513756878439,0.5048786589942458,0.7473104828621467,0.5008842457749795,0.4947503357343426,0.5232868828156338
0.5797898949474737,0.2862146609957469,0.4320740555416563,1.0,0.2417130299806408,0.4070478050822331
0.4954977488744371,0.490367775831874,0.7525644233174882,0.500687165355704,0.4941399096569405,0.5005040375324834
0.5285142571285643,0.4678508881661247,0.8071053289967477,0.8796082808657586,0.4501892320839946,0.4137171459964769
0.8111555777888944,0.4438328746559921,0.8383787840880661,0.7348309119765597,0.5610740010813262,0.4521112021905575
0.4954977488744371,0.4901175881911435,0.7528146109582188,0.5006261227479638,0.4941852555941189,0.5005197342030452
0.4954977488744371,0.4901175881911435,0.7530647985989494,0.5006714686851422,0.4941852555941189,0.5004883408619216
0.5385192596298148,0.2434325744308232,0.3725293970477858,0.6273191830755009,0.5515356576032928,0.5380138479515845
0.4039519759879939,0.4373279959969979,0.6977733299974982,0.5269965292917314,0.1845318031986326,0.2535866892233636
0.5555277638819409,0.305479109331999,0.3612709532149112,0.5550290388405392,0.455820848666655,0.4943544308212846
0.7948974487243621,0.500375281461096,0.5356517388041032,0.3831347995186354,1.0,0.8990651760643215
0.4894947473736868,0.3710282712034026,0.727795846885164,0.9989012330606764,0.3687426966880025,0.3796396742068821
0.8181590795397697,0.3750312734550914,0.451588691518639,0.1713465999267489,0.0,0.0767462545999965
0.3759379689844922,0.3217413059794847,0.6219664748561422,1.0,0.0666899209934248,0.5428815599002389
0.4952476238119059,0.4898674005504129,0.7528146109582188,0.500610426077402,0.4942009522646807,0.5004429949247432
0.4954977488744371,0.4898674005504129,0.7528146109582188,0.5007028620262658,0.4942009522646807,0.5005040375324834
0.6463231615807903,0.6187140355266452,0.519139354515887,0.0209376144548895,1.0,0.836848806181
0.484992496248124,0.4563422566925195,0.7928446334751065,0.4424821668381673,0.4175157402724244,0.5100423810105168
0.2068534267133566,0.3917938453840381,0.5411558669001753,0.5392800460435669,0.2909290684898059,0.4156391161030399
0.1000500250125062,0.4630973229922443,0.78533900425319,0.4730348640493922,1.0,0.7652911732389207
0.2473736868434217,0.4320740555416563,0.6675006254691019,0.643237351099639,0.0,0.3831644487852521
0.4917458729364681,0.2154115586690018,0.4033024768576433,0.6516751835638418,0.3189022795053804,0.4404677607827406
0.5560280140070034,0.2767075306479861,0.6990242682011509,0.0,0.4827092453389608,0.5130945113975269
0.4942471235617808,0.4878658994245685,0.7530647985989494,0.5005493834696618,0.4942323456058042,0.5004726441913598
0.4954977488744371,0.4901175881911435,0.7523142356767576,0.500610426077402,0.4941852555941189,0.5004726441913598
0.4954977488744371,0.4901175881911435,0.7528146109582188,0.500687165355704,0.4941399096569405,0.5005493834696618
0.4939969984992495,0.4886164623467602,0.7528146109582188,0.5005807768107854,0.4942166489352425,0.5005336867991
0.4942471235617808,0.4886164623467602,0.7530647985989494,0.500687165355704,0.4941852555941189,0.5005197342030452
0.4957478739369684,0.4901175881911435,0.7525644233174882,0.5006557720145804,0.4941556063275023,0.5005040375324834
0.4952476238119059,0.4901175881911435,0.7528146109582188,0.5007028620262658,0.494108516315817,0.5005650801402236
0.0712856428214107,0.4043032274205655,0.7358018513885415,0.5010220276610217,0.8341629314404311,0.5126968624099622
0.6200600300150074,0.273455091318489,0.294971228421316,0.7847027225003051,0.4357988733278686,0.5281859881054118
0.0747873936968484,0.4160620465349013,0.7453089817363023,0.6818145351169402,1.0,0.6067635209376144
0.4954977488744371,0.4896172129096824,0.7528146109582188,0.5005947294068402,0.4942619948724209,0.5004883408619216
0.476488244122061,0.5341506129597199,0.7555666750062549,0.4202173116835551,1.0,0.7712890454680223
0.4952476238119059,0.4896172129096824,0.7528146109582188,0.5006418194185256,0.4942323456058042,0.5004726441913598
0.7328664332166082,0.3012259194395797,0.6675006254691019,0.5743498962275668,0.8668957217852347,0.467464290074472
0.2591295647823912,0.391293470102577,0.5146359769827371,0.634354779636186,0.0042415892006906,0.2643144915150776
0.5705352676338168,0.1723792844633476,0.4003002251688767,0.0663533146136003,0.2901041212480597,0.6510194115492614
0.6278139069534767,0.4658493870402803,0.5436577433074807,0.1974571393689939,1.0,0.3512391649371261
0.4942471235617808,0.4888666499874907,0.7525644233174882,0.5007168146223206,0.494171302998064,0.5005493834696618
0.5492746373186592,0.2074055541656243,0.4758568926695022,1.0,0.4408340164291818,0.4468161919877217
0.557528764382191,0.505379034275707,0.6359769827370529,1.0,0.6531855520867851,0.5932120620192894
0.2753876938469234,0.4033024768576433,0.8801601200900677,0.4054450006104261,0.2958578230462005,0.4461900692397579
0.5375187593796897,0.4463347510632976,0.7700775581686266,0.559485149205574,0.5025027469173483,0.670643737900483
0.5782891445722861,0.3645233925444084,0.6204653490117589,0.0,0.5608280865758585,0.5294992762090797
0.4942471235617808,0.4888666499874907,0.7528146109582188,0.5007325112928824,0.4941556063275023,0.5005197342030452
0.4954977488744371,0.4898674005504129,0.7525644233174882,0.5006557720145804,0.494171302998064,0.5005197342030452
0.5355177588794396,0.4413309982486866,0.6850137603202403,1.0,0.5606449587526379,0.3224427507543122
0.6368184092046022,0.2009006755066301,0.5308981736302227,0.0,0.5959886286342152,0.7025690217486091
0.4949974987493746,0.4893670252689518,0.7528146109582188,0.5006557720145804,0.494171302998064,0.5004272982541814
0.1500750375187594,0.3775331498623969,0.5546659994996248,0.5180529152205382,0.4370197254826726,0.4320752742557162
0.4954977488744371,0.4898674005504129,0.7525644233174882,0.5007168146223206,0.4941852555941189,0.5005040375324834
0.4952476238119059,0.4898674005504129,0.7530647985989494,0.5005807768107854,0.494171302998064,0.5004883408619216
0.523511755877939,0.3102326745058795,0.707280460345259,1.0,0.4997558295690392,0.6082442401939411
0.3121560780390194,0.5694270703027272,0.8161120840630474,0.3686206114725221,1.0,0.3837591781920924
0.0,0.4921190893169879,0.6937703277458095,0.7579817569806582,0.9995883984163804,0.7464290074471981
0.4952476238119059,0.4901175881911435,0.7525644233174882,0.500687165355704,0.4941399096569405,0.5005040375324834
0.5760380190095047,0.3084813610207657,0.519139354515887,0.0,0.6356209777281685,0.4572544779112963
0.5782891445722861,0.3427570678008507,0.4148111083312485,0.9070931510194116,0.527254652318747,0.6635645394771265
0.4954977488744371,0.4901175881911435,0.7525644233174882,0.5007028620262658,0.4941242129863787,0.5004883408619216
0.4264632316158078,0.5341506129597199,0.6079559669752315,0.5119800477876415,1.0,0.6412822435774457
0.2023511755877939,0.6169627220415312,0.6204653490117589,0.5282016847759736,1.0,0.6450372359907215
0.6208104052026012,0.4010507880910684,0.4968726544908682,0.568367720669027,1.0,0.5579451314160141
0.6538269134567283,0.3222416812609458,0.6509882411808858,1.0,0.4479916982053473,0.1751469382772032
0.6188094047023511,0.4738553915436578,0.6277207905929448,0.6870502467865427,1.0,0.4658457889321031
0.6990995497748873,0.4018013510132601,0.641481110833125,0.5166349826464587,0.0,0.331797966409125
0.5870435217608804,0.4803602702026521,0.9111833875406556,0.8449517763398853,0.7726616321049236,0.5593020213823534
0.5112556278139069,0.5444083062296724,0.8944208156117088,1.0,0.6221759073547622,0.5826220416136177
0.5865432716358179,0.5171378533900427,0.4663497623217414,0.4091075570748382,1.0,0.95835324485062
0.5192596298149074,0.4025519139354517,0.6394796097072806,0.0,0.5577759561888483,0.5442105446744685
0.7616308154077038,0.3565173880410309,0.5824368276207157,0.3158344524478086,0.0,0.1394370127491846
0.5045022511255627,0.5006254691018265,0.6810107580685515,0.0,0.516771020457994,0.5168774090029126
0.6063031515757878,0.4528396297222918,0.7305479109332,0.458048031811919,1.0,0.573418560440902
0.4954977488744371,0.4881160870652991,0.7525644233174882,0.5006261227479638,0.4942009522646807,0.5004726441913598
0.5002501250625312,0.4778583937953466,0.7408056042031524,0.5025027469173483,0.4992221427699391,0.4053386120655074
0.4904952476238118,0.4841130848136103,0.7520640480360272,0.500381952317003,0.4944294260250798,0.5002895163681392
0.7238619309654827,0.3222416812609458,0.7307980985739306,0.546774334199557,0.0,0.4177913040445087
0.7583791895947973,0.571178383787841,1.0000000000000002,0.8915272860456599,0.8254948811413223,0.6536285470115283
0.5035017508754377,0.3805354015511635,0.6197147860895673,0.0,0.5191063362226834,0.5019533634476865
0.7403701850925462,0.2506880160120091,0.673004753565174,0.6645551737970246,0.0,0.2845038980065228
0.5657828914457228,0.503627720790593,0.2994746059544659,0.9454593020213824,0.8518949369517066,0.5848335280883199
0.6220610305152575,0.4285714285714287,0.5444083062296723,0.4093674241763608,1.0,0.6917505275825383
0.6650825412706353,0.3937953465098825,0.829622216662497,0.5415857125416398,0.4308387254303504,0.5
0.2988994497248624,0.4898674005504129,0.6114585939454592,0.3719640023021783,0.0,0.4228735371575073
0.4949974987493746,0.4898674005504129,0.7528146109582188,0.5005807768107854,0.4942323456058042,0.5005650801402236
0.4942471235617808,0.4893670252689518,0.7525644233174882,0.500687165355704,0.494171302998064,0.5005493834696618
0.4942471235617808,0.4891168376282213,0.7528146109582188,0.5007028620262658,0.4941556063275023,0.5005493834696618
0.553776888444222,0.5519139354515888,0.8053540155116339,0.725003052130387,0.0,0.5542215323438617
0.5710355177588794,0.3965474105579185,0.7668251188391295,0.4340896803111429,0.4920330676526501,0.4813366587020597
0.4952476238119059,0.4896172129096824,0.7525644233174882,0.5005947294068402,0.4941556063275023,0.5004883408619216
0.8376688344172085,0.323242431823868,0.7232924693520142,0.4026527373249385,0.0,0.2918290109353472
0.4944972486243121,0.4881160870652991,0.7525644233174882,0.5006261227479638,0.4941556063275023,0.5004429949247432
0.5995497748874437,0.4558418814110584,0.5434075556667501,0.0,0.1411915517030887,0.4121910808029719
0.5910455227613807,0.1871403552664499,0.5609206905178885,1.5696670561837767e-05,0.4620611472522106,0.4971920400439507
0.5052526263131565,0.2702026519889918,0.6732549412059046,0.0,0.3647295812477109,0.4932696164780159
0.78264132066033,0.3009757317988492,0.7458093570177634,0.5985995081709891,0.0192127247676021,0.509262779705949
0.5270135067533767,0.4455841881411059,0.722792094070553,0.5211364389486719,0.5339553865741145,0.4619547587072919
0.6443221610805402,0.2246685013760321,0.5341506129597199,0.5871078012452692,0.5088197847812058,0.3900169175227165
0.5905452726363181,0.4773580185138855,0.7630723042281713,0.494171302998064,0.5286132863595933,0.4833353680869247
0.5842921460730365,0.3367525644233176,0.683512634475857,1.0,0.3496520571358809,0.5087604862479725
0.4952476238119059,0.4898674005504129,0.7528146109582188,0.5006557720145804,0.4942323456058042,0.5004429949247432
0.4939969984992495,0.4888666499874907,0.7525644233174882,0.5007028620262658,0.4941852555941189,0.5004883408619216
0.4954977488744371,0.4901175881911435,0.7528146109582188,0.5006557720145804,0.4941852555941189,0.5005197342030452
0.1695847923961981,0.3184888666499876,0.5839379534650989,0.1577654917418072,1.0,0.6386731081151786
0.0072536268134067,0.4053039779834877,0.7010257693269953,0.4086192162129166,0.9958491026736662,0.4765910319688857
0.4954977488744371,0.4901175881911435,0.7525644233174882,0.500610426077402,0.4942166489352425,0.4999843033294382
0.5217608804402201,0.4243182386790093,0.5676757568176133,0.540806111237072,1.0,0.8205050839771875
0.573536768384192,0.2119089316987741,0.4058043532649488,0.1346756893454488,0.4806948392835342,0.5699548284702722
0.549024512256128,0.3927945959469603,0.7633224918689018,0.0,0.5436001185970665,0.5714041543854753
0.6838419209604801,0.406805103827871,0.5233925444083063,0.4860369394980554,1.0,0.936531384620751
0.5745372686343171,0.3505128846634977,0.8151113335001252,0.0,0.3703298044892478,0.5383958002685875
0.2858929464732366,0.5161371028271204,0.4428321240930699,0.3293562620995169,1.0,0.7371505310706873
0.2528764382191095,0.4831123342506881,0.7002752064048037,0.5972862200673212,0.0,0.2320682979576888
0.4954977488744371,0.4898674005504129,0.7528146109582188,0.5005947294068402,0.494171302998064,0.5005197342030452
0.4949974987493746,0.4898674005504129,0.7530647985989494,0.5005493834696618,0.4942619948724209,0.5003976489875648
0.4952476238119059,0.4901175881911435,0.7530647985989494,0.5006714686851422,0.4941556063275023,0.5005197342030452
0.5277638819409705,0.6317237928446336,0.6177132849637229,0.6218863909866229,0.0,0.4546767357901529
0.6735867933966982,0.1871403552664499,0.4533400050037529,0.912801506880374,0.5413258454401172,0.5100720302771334
0.4939969984992495,0.4886164623467602,0.7525644233174882,0.5006418194185256,0.4942462982018591,0.5004726441913598
0.4954977488744371,0.4901175881911435,0.7525644233174882,0.5006261227479638,0.4941399096569405,0.5004726441913598
0.6248124062031015,0.2909682261696273,0.3192394295721792,0.5148176570103075,0.42168233426932,0.6661126323316532
0.5792896448224112,0.1921441080810608,0.1543657743307481,0.0076146292969635,0.6634721035282627,0.5673613896785671
0.4954977488744371,0.4896172129096824,0.7530647985989494,0.5007168146223206,0.4941852555941189,0.5005336867991
0.4954977488744371,0.4901175881911435,0.7528146109582188,0.5006418194185256,0.4941556063275023,0.5005947294068402
0.5635317658829414,0.4038028521391044,0.7305479109332,1.5696670561837767e-05,0.5052950102028358,0.5669480440204405
0.5640320160080039,0.4933700275206406,0.7665749311983989,0.0062420426600624,0.6082895861311195,0.5522210788844899
0.4304652326163081,0.5088816612459346,0.5909432074055543,0.4332507804733418,0.0,0.3460958892163873
0.4952476238119059,0.4901175881911435,0.7528146109582188,0.5006418194185256,0.4942323456058042,0.5004883408619216
0.549024512256128,0.4660995746810109,0.8106079559669754,0.4502659713622966,0.4600170919301672,0.5366552139107382
0.5690345172586293,0.417312984738554,0.7370527895921942,1.0,0.759155519123777,0.4721645708704676
0.4952476238119059,0.4898674005504129,0.7530647985989494,0.5005947294068402,0.4941556063275023,0.5005493834696618
0.6583291645822911,0.427320490367776,0.5469101826369778,0.642168233426932,1.0,0.5888623401991733
0.2216108054027013,0.4691018263697775,0.5626720040030023,0.4755533076373022,0.171803547447547,0.5440274168512479
0.6875937968984491,0.3362521891418565,0.5809357017763324,0.5317735493660289,0.0,0.3092261541413049
0.2231115557778889,0.3897923442581937,0.4425819364523393,0.6003697437954549,0.5085302684130666,0.638871932608961
0.5820410205102551,0.3750312734550914,0.4583437578183638,0.4344402392870223,0.0,0.4484486457261454
0.4952476238119059,0.4898674005504129,0.7530647985989494,0.5007028620262658,0.4942009522646807,0.5004429949247432
0.4937468734367183,0.4891168376282213,0.7528146109582188,0.500763904634006,0.4941556063275023,0.5004726441913598
0.5335167583791895,0.5023767825869403,0.6162121591193396,0.5495509008144828,0.0,0.2809634267575911
0.5655327663831915,0.4350763072304229,0.6830122591943959,1.0,0.6484852712907896,0.4468004953171599
0.4179589794897448,0.284463347510633,0.5349011758819116,0.0,0.4814726965135951,0.3802797495509008
0.4952476238119059,0.4898674005504129,0.7530647985989494,0.5005807768107854,0.4942009522646807,0.5004429949247432
0.1118059029514757,0.2546910182636979,0.4823617713284964,0.5744266355058688,0.043096081064583,0.0555191237769677
0.4957478739369684,0.4863647735801852,0.7525644233174882,0.500687165355704,0.4942619948724209,0.5004569475207981
0.5617808904452225,0.3525143857893421,0.5151363522641983,1.0,0.2641767096290354,0.6472661632104924
0.4949974987493746,0.4896172129096824,0.7528146109582188,0.5006714686851422,0.4942619948724209,0.5005336867991
0.4954977488744371,0.4898674005504129,0.7530647985989494,0.5005807768107854,0.4942166489352425,0.5005807768107854
0.5587793896948473,0.3272454340755568,0.5286464848636478,0.0,0.5034183860334513,0.2046444704117759
0.4937468734367183,0.4896172129096824,0.7528146109582188,0.500610426077402,0.494171302998064,0.5004883408619216
0.4952476238119059,0.4898674005504129,0.7528146109582188,0.5005650801402236,0.4942009522646807,0.5005650801402236
0.4957478739369684,0.4891168376282213,0.7525644233174882,0.5005493834696618,0.4942323456058042,0.5005807768107854
0.1810905452726363,0.3084813610207657,0.5531648736552415,0.495100894710222,0.7851910633622268,0.6701553970385614
0.3001500750375187,0.4503377533149864,0.5258944208156118,0.547308020998657,0.0,0.2414392102830633
0.5832916458229114,0.5178884163122343,0.7165374030522893,0.3991262186720616,0.5264314491515077,0.4613146833632733
0.569784892446223,0.3957968476357269,0.8038528896672505,0.4405148507944259,0.1194446866770148,0.521821860229869
0.7828914457228613,0.4000500375281462,0.5909432074055543,0.317177389818093,0.7097267035247745,0.7800791809826115
0.5957978989494747,0.4370778083562673,0.7235426569927447,0.8625477440396254,0.5014196766485864,0.4278772869176971
0.6073036518259128,0.2431823867900926,0.4578433825369027,1.0,0.3932975216701257,0.3737342379266442
0.6285642821410704,0.42006504878659,0.871153365023768,0.5991488916406509,0.3570835586096238,0.4328374348152153
0.5145072536268134,0.3057292969727296,0.5103827870903178,1.0,0.5790798262901791,0.5548319584212638
0.5332666333166582,0.5771828871653741,0.9304478358769078,1.5696670561837767e-05,0.3162007080942498,0.3318886582834819
0.5792896448224112,0.3477608206154617,0.673004753565174,0.2971554144793065,0.5475818406962345,0.5505589758794496
0.2301150575287643,0.3600200150112586,0.6715036277207908,0.6832342117655266,1.0,0.6362017545389539
0.6155577788894446,0.9762321741305982,0.9331998999249438,1.0,0.910740010813262,0.6982506932696164
0.5522761380690344,0.2456842631973981,0.6074555916937704,0.0,0.2664806320526013,0.4688525733819348
0.5400200100050024,0.5103827870903179,0.5366524893670254,0.6134328618518583,0.0,0.4102830632924638
0.5645322661330665,0.4085564173129848,0.8286214660995748,0.8535430873606921,0.8702687618815075,0.5535186703175959
0.4952476238119059,0.4901175881911435,0.7530647985989494,0.500687165355704,0.4941556063275023,0.5004272982541814
0.6695847923961981,0.4018013510132601,0.3645233925444083,0.8731377644452971,0.7722203812546872,0.5478731011388807
0.4954977488744371,0.4901175881911435,0.7525644233174882,0.5005807768107854,0.4942009522646807,0.5005650801402236
0.4872436218109054,0.4168126094570929,0.6474856142106581,0.611387062455308,0.5764863874984739,0.4652214102586463
0.4954977488744371,0.4898674005504129,0.7528146109582188,0.5006557720145804,0.4941852555941189,0.5005493834696618
0.4949974987493746,0.4898674005504129,0.7528146109582188,0.5006418194185256,0.4941399096569405,0.5005197342030452
0.4954977488744371,0.4898674005504129,0.7528146109582188,0.5006714686851422,0.4941852555941189,0.5005040375324834
0.4949974987493746,0.4898674005504129,0.7525644233174882,0.500610426077402,0.4941556063275023,0.5005947294068402
0.5580290145072535,0.411808856642482,0.7287965974480862,0.0,0.4245059908959311,0.5439960235101243
0.8859429714857427,0.3920440330247687,0.5429071803852891,0.5022428798158257,1.0,0.8451662975042293
0.1033016508254127,0.4896172129096824,0.6800100075056293,0.7127177913040446,1.0,0.6719727226747126
0.4947473736868433,0.4883662747060296,0.7528146109582188,0.5006261227479638,0.494108516315817,0.5004429949247432
0.4939969984992495,0.4886164623467602,0.7530647985989494,0.5007028620262658,0.494171302998064,0.5005040375324834
0.5427713856928463,0.4956217162872155,0.7130347760820617,0.4819470847794618,1.0,0.5431414270017615
0.6543271635817909,0.3487615711783839,0.5806855141356018,0.6446552836737185,0.8225944852364093,0.5172907546610391
0.5427713856928463,0.2614460845634226,0.4303227420565425,1.0,0.4091842963531402,0.0843905331635767
0.512256128064032,0.2024018013510133,0.5091318488866651,0.9117009958665434,0.4377975827127335,0.6302806215881542
0.2018509254627313,0.3845384038028522,0.7212909682261698,0.4317700612170152,1.0,0.850018312782322
0.5162581290645322,0.4681010758068553,0.5291468601451089,0.2246367964839458,0.0,0.0
0.1380690345172586,0.3410057543157369,0.7690768076057044,0.4877147391736575,0.9999703507333833,0.4949334635575632
0.4942471235617808,0.4886164623467602,0.7528146109582188,0.500610426077402,0.4942916441390376,0.5004883408619216
0.289144572286143,0.4841130848136103,0.5714285714285715,0.7471301253989571,0.0,0.1476463714529884
0.4942471235617808,0.4886164623467602,0.7533149862396799,0.5006557720145804,0.4942323456058042,0.5004883408619216
0.5027513756878439,0.3945459094320742,0.7197898423817864,1.0,0.6179343181540715,0.4854422100912151
0.5045022511255627,0.4093069802351765,0.5944458343757819,0.0,0.8494846259832219,0.6962973298219299
0.4954977488744371,0.4898674005504129,0.7525644233174882,0.5006714686851422,0.4941556063275023,0.5004883408619216
0.1425712856428214,0.3244933700275207,0.6587440580435328,0.4992064460993773,1.0,0.4285504996773462
0.6868434217108553,0.3920440330247687,0.8391293470102579,0.5833528088319933,0.2033939689903552,0.5193208573870276
0.4949974987493746,0.4901175881911435,0.7530647985989494,0.5004272982541814,0.4942916441390376,0.5004883408619216
0.3359179589794897,0.5519139354515888,0.5846885163872906,0.3037933620524269,1.0,0.5072483736505223
0.5682841420710355,0.5671753815361522,0.6557418063547662,0.4896384533547273,1.0,0.5716936707536145
0.6238119059529764,0.4460845634225671,0.6722541906429823,1.0,0.4996337443535588,0.4766049845649406
0.4942471235617808,0.4891168376282213,0.7533149862396799,0.500687165355704,0.4942166489352425,0.5005650801402236
0.5347673836918458,0.4275706780085065,0.6599949962471855,1.0,0.4805431048014371,0.5599141915342624
0.4952476238119059,0.490367775831874,0.7525644233174882,0.5006557720145804,0.494171302998064,0.5005650801402236
0.4954977488744371,0.4901175881911435,0.7530647985989494,0.500687165355704,0.4941852555941189,0.5004116015836196
0.3599299649824912,0.4791093319989993,0.6770077558168628,0.5608280865758585,0.0,0.2964229031864241
0.5242621310655327,0.5574180635476609,0.5914435826870154,0.4736609867973559,0.0,0.3675218445331984
0.4739869934967483,0.3162371778834126,0.795346509882412,0.0,0.5140711931213702,0.5280342536233148
0.588544272136068,0.443332499374531,0.8809106830122593,0.7454680223939166,0.555580166384708,0.4648708512827668
0.5092546273136568,0.4158118588941707,0.5594195646735052,0.0,0.5716483248164361,0.7066135305300243
0.4474737368684341,0.4020515386539906,0.8266199649737305,0.500228473760399,1.0,0.5788356558592183
0.4952476238119059,0.4898674005504129,0.7525644233174882,0.5005947294068402,0.4941399096569405,0.5004569475207981
0.5750375187593796,0.4190642982236678,0.8011008256192145,0.9994506165303382,0.5148943962886094,0.431403805570574
0.4654827413706853,0.4728546409807357,0.659744808606455,0.3463714529884717,0.0,0.0863909866229485
0.4944972486243121,0.4886164623467602,0.7528146109582188,0.5006714686851422,0.494171302998064,0.5004569475207981
0.6170585292646322,0.14610958218664,0.3607705779334501,0.1669218829028376,0.4594991018016289,0.6101051676927638
0.4952476238119059,0.4901175881911435,0.7530647985989494,0.5006418194185256,0.494108516315817,0.5005040375324834
0.3896948474237118,0.5078809106830124,0.6527395546659996,0.3290039590491306,1.0,0.7983919633046723
0.4952476238119059,0.4901175881911435,0.7533149862396799,0.5006557720145804,0.4942323456058042,0.5004569475207981
0.6708354177088544,0.3064798598949213,0.3460095071303478,0.4368209009888902,0.1326141932783369,0.7510228996982751
0.78264132066033,0.4013009757317989,0.6474856142106581,0.3493468440971798,0.0,0.3291870868723512
0.8651825912956477,0.2979734801100826,0.5771828871653741,0.4340739836405811,0.0820569614733942,0.4085895669462999
0.4944972486243121,0.4883662747060296,0.7525644233174882,0.5007168146223206,0.4941242129863787,0.5005040375324834
0.4952476238119059,0.4898674005504129,0.7528146109582188,0.5006714686851422,0.4942776915429827,0.5005336867991
0.725112556278139,0.2702026519889918,0.5419064298223669,1.0,0.5464080785531158,0.3626384359139822
0.00200100050025,0.3847885914435828,0.7365524143107332,0.4002249856113853,0.9985960200219752,0.7543802431239863
0.7006003001500749,0.563422566925194,0.516387290467851,0.4569806582137189,1.0,0.7507176866595741
0.4947473736868433,0.4893670252689518,0.7533149862396799,0.5005947294068402,0.4942462982018591,0.5005197342030452
0.2136068034017008,0.3855391543657744,0.5804353264948713,0.4326089610548163,0.8369098487887403,0.5542511816104784
0.3539269634817408,0.5646735051288467,0.7425569176882663,0.5163437222038125,1.0,0.6417862811099291
0.4954977488744371,0.4898674005504129,0.7520640480360272,0.500687165355704,0.4942009522646807,0.5004726441913598
0.5470235117558779,0.2969727295471605,0.6367275456592445,0.0,0.5866491096499642,0.5190906395521216
0.1075537768884442,0.4190642982236678,0.6820115086314738,0.4793222526466331,1.0,0.6468231682857492
0.6028014007003502,0.3572679509632225,0.4333249937453091,0.0,0.4912552104225892,0.4911174285365471
0.0120060030015007,0.4193144858643984,0.6462346760070053,0.4758428240054415,0.93018295341577,0.6246176116643702
0.1295647823911955,0.2667000250187641,0.4771078308731549,0.7095906657132393,0.5451401363866264,0.4630535256466156
0.372936468234117,0.4633475106329748,0.503127345509132,0.6107609397073442,0.0,0.4986117166925371
0.5030015007503751,0.4075556667500626,0.8418814110582938,0.3063275023108987,0.6313183459197377,0.3540471248931754
0.5042521260630315,0.3755316487365525,0.5434075556667501,0.8552226311108011,0.3630814308387254,0.4593299265744632
0.4942471235617808,0.4883662747060296,0.7525644233174882,0.500687165355704,0.4942462982018591,0.5004726441913598
0.4942471235617808,0.4886164623467602,0.7523142356767576,0.5006418194185256,0.4942166489352425,0.4998622181139578
0.2813906953476738,0.5906930197648238,0.5406554916187142,0.9009435443082128,1.0,0.9413537506322268
0.5025012506253126,0.4265699274455843,0.7045283962972231,0.0,0.4811988768160176,0.4755829569039189
0.5535267633816908,0.3697773329997499,0.5686765073805355,1.0,0.0998046636552313,0.6449448000418578
0.2336168084042021,0.4946209657242933,0.5223917938453841,0.4458395102638784,0.0,0.2818633692031324
0.5030015007503751,0.5023767825869403,0.7335501626219666,0.5010534210021452,0.4939114358965415,0.5658039311439385
0.4952476238119059,0.4901175881911435,0.7528146109582188,0.5006261227479638,0.4941852555941189,0.5005650801402236
0.744872436218109,0.2714535901926446,0.5504128096072055,0.8283638837051119,0.5652841969408933,0.6377888623401992
0.4949974987493746,0.4898674005504129,0.7533149862396799,0.5005807768107854,0.4941852555941189,0.5005336867991
0.6673336668334167,0.2599449587190394,0.4816112084063048,1.0,0.3954183162704711,0.3236322095679927
0.2396198099049524,0.5216412309231925,0.6239679759819866,0.7273383678950764,1.0,0.6216422205556621
0.4954977488744371,0.4901175881911435,0.7528146109582188,0.5006418194185256,0.494171302998064,0.5004569475207981
0.4952476238119059,0.4896172129096824,0.7520640480360272,0.5006557720145804,0.4941852555941189,0.5003662556464412
0.5752876438219109,0.3977983487615713,0.7375531648736553,1.0,0.5159024713535763,0.4965659172959868
0.5347673836918458,0.2884663497623219,0.798098573930448,1.0,0.5932120620192894,0.3965031306137398
0.4939969984992495,0.4886164623467602,0.7528146109582188,0.5007325112928824,0.4942166489352425,0.5004883408619216
0.7748874437218608,0.2484363272454341,0.6632474355766826,0.6271517519228421,0.0116434414078169,0.4527826708756998
0.6240620310155077,0.3930447835876909,0.6274706029522142,0.0,0.2883652789647174,0.3596473481347123
0.4954977488744371,0.4896172129096824,0.7530647985989494,0.5007028620262658,0.4942009522646807,0.5004726441913598
0.4947473736868433,0.4891168376282213,0.7525644233174882,0.5006261227479638,0.4942462982018591,0.5005040375324834
0.8241620810405201,0.2707030272704529,0.6047035276457344,0.5479498404171826,0.6478905418839493,0.4965048746882466
0.1925962981490745,0.3865399049286966,0.5576682511883914,0.4052461761166437,0.9593752725116416,0.6637162739592235
0.7526263131565782,0.3002251688766576,0.5354015511633726,1.0,0.8592967891588328,0.9272372115736784
0.5777888944472236,0.3159869902426821,0.6322241681260947,0.0,0.4417496555452849,0.5031742156024905
0.4949974987493746,0.4898674005504129,0.7530647985989494,0.5007028620262658,0.4941399096569405,0.5004569475207981
0.5290145072536268,0.409557167875907,0.7588191143357519,0.0867729389399515,0.2646040078832168,0.3571916912290493
0.5730365182591295,0.6262196647485616,0.8381285964473357,1.0,0.3095470638505677,0.4384533547273139
0.51975987993997,0.3555166374781087,0.6992744558418815,0.0,0.3491480196033975,0.7865950433402515
0.4937468734367183,0.4883662747060296,0.7528146109582188,0.5007482079634442,0.4942009522646807,0.5005040375324834
0.1308154077038519,0.5278959219414562,0.4938704028021016,0.7860456598705896,1.0,0.9159896750789194
0.535767883941971,0.3827870903177384,0.7175381536152116,0.0,0.5554720337652824,0.8183371993651569
0.1595797898949474,0.5033775331498626,0.8088566424818615,0.4390951741458395,1.0,0.7013952596054903
0.4574787393696848,0.2544408306229673,0.3802852139104329,1.0,0.2808727348832342,0.4646877234595462
0.4954977488744371,0.4883662747060296,0.7533149862396799,0.5005040375324834,0.4941556063275023,0.5005040375324834
0.7493746873436717,0.3164873655241432,0.6354766074555918,0.4655719692345257,0.0,0.1281598269878089
0.5185092546273136,0.4280710532899676,0.7653239929947462,0.0171983187121753,0.4596665329542878,0.5409299405270593
0.5225112556278139,0.5298974230673006,0.4523392544408307,0.4861747213840975,1.0,0.9582311596351396
0.2146073036518259,0.3685263947960971,0.5544158118588942,0.5602037079024016,0.2449639848614333,0.276141060746115
0.4949974987493746,0.487615711783838,0.7530647985989494,0.500687165355704,0.4942462982018591,0.5004429949247432
0.5517758879439719,0.4673505128846636,0.5906930197648237,0.250121213178227,0.0,0.1463487800198825
0.5792896448224112,0.3932949712284214,0.6837628221165876,1.0,0.7995657254477911,0.504974100493573
0.4937468734367183,0.4881160870652991,0.7530647985989494,0.500610426077402,0.4941852555941189,0.4956659748504456
0.2351175587793896,0.4325744308231175,0.579434575931949,0.6459075291696461,0.4856235938399288,0.4589793675985838
0.4942471235617808,0.4888666499874907,0.7528146109582188,0.5006557720145804,0.4942166489352425,0.5004116015836196
0.4359679839919959,0.5051288466349764,0.5496622466850138,0.5375569004307864,0.0,0.3744650051450198
0.4954977488744371,0.490367775831874,0.7528146109582188,0.5005650801402236,0.494171302998064,0.5005650801402236
0.3411705852926463,0.8273705278959221,0.9074305729296974,0.0,0.3083576050368871,0.3789525088511781
0.5425212606303151,0.2594445834375782,0.5471603702777084,0.0,0.5806529814953695,0.5366709105813
0.5360180090045021,0.3847885914435828,0.6507380535401552,1.0,0.8309730191673788,0.337230758498003
0.550025012506253,0.4133099824868653,0.7100325243932951,1.0,0.4843573957479463,0.5147112684653888
0.5562781390695347,0.4545909432074057,0.7222917187890919,0.0050211905052584,0.4222317177389818,0.4662887838568463
0.6303151575787893,0.2717037778333751,0.3762822116587441,0.5709315101941155,0.482083122590997,0.6815860613565412
0.4757378689344672,0.5849387040280212,0.5881911433575182,0.4618640668329351,0.0,0.4245199434919859
0.0090045022511255,0.4861145859394547,0.832374280710533,0.7720512060275215,1.0,0.7141531646231927
0.6088044022011004,0.2644483362521892,0.5724293219914938,1.0,0.4522803774177233,0.369384516106528
0.4952476238119059,0.4898674005504129,0.7525644233174882,0.5006557720145804,0.4942166489352425,0.500610426077402
0.4947473736868433,0.4883662747060296,0.7525644233174882,0.500610426077402,0.4942776915429827,0.5005197342030452
0.5495247623811905,0.2589442081561172,0.6107080310232675,1.0,0.2783385946247624,0.4606432146781311
0.5852926463231616,0.3372529397047786,0.6507380535401552,0.6684008580846573,1.0,0.6672410485375935
0.168584292146073,0.4163122341756318,0.5544158118588942,0.5554720337652824,0.0,0.4238955648185291
0.5712856428214106,0.3109832374280711,0.514135601701276,0.0,0.5769904250309573,0.6260529849835185
0.1613306653326663,0.4168126094570929,0.5699274455841883,0.5517187854265134,0.9989779723389782,0.5843155379597816
0.4947473736868433,0.4898674005504129,0.7528146109582188,0.5007482079634442,0.4941556063275023,0.5004726441913598
0.6663331665832916,0.2604453340005005,0.4668501376032025,1.0,0.2028742347873101,0.4685473603432338
0.4957478739369684,0.49311983987991,0.7530647985989494,0.5006261227479638,0.4941852555941189,0.4988855363901145
0.4954977488744371,0.4898674005504129,0.751063297473105,0.5007482079634442,0.4941556063275023,0.5005336867991
0.6033016508254126,0.5901926444833626,0.6915186389792345,1.0,0.1827772642447285,0.6176291051153705
0.5562781390695347,0.2819614711033276,0.4781085814360771,0.4822209044770392,0.5055252280377418,0.4737516786717128
0.4954977488744371,0.4896172129096824,0.7528146109582188,0.5006261227479638,0.4942009522646807,0.5005336867991
0.535767883941971,0.1223417563172379,0.2461846384788591,0.6793745748818389,0.2627884263215725,0.4961996616495456
0.7946473236618308,0.3932949712284214,0.6692519389542158,0.4861747213840975,0.9176378254879048,0.4811221375377156
0.5887943971985993,0.283962972229172,0.4916187140355267,1.0,0.5290719779548982,0.5717093674241763
0.4954977488744371,0.4901175881911435,0.7528146109582188,0.5007028620262658,0.4942166489352425,0.5004883408619216
0.5665332666333166,0.4733550162621968,0.7833375031273456,0.2852974519071455,0.4931632279330973,0.4801001098766939
0.2566283141570785,0.4640980735551665,0.631473605203903,0.6254425589061164,0.0025027469173483,0.4618483701623733
0.7908954477238619,0.3319989992494372,0.4533400050037529,0.514390358756126,0.8069675776549174,0.6936428484224846
0.425712856428214,0.4005504128096073,0.1373530147610708,1.0,0.3515286813052654,0.362272180267541
0.4952476238119059,0.4898674005504129,0.7525644233174882,0.500687165355704,0.494171302998064,0.5005197342030452
0.5930465232616308,0.3477608206154617,0.5421566174630974,0.0,0.6049932853131486,0.3457767235816313
0.4912456228114056,0.4195646735051289,0.7280460345258946,0.0,0.5909377888623402,0.6391161030399218
0.2568784392196098,0.5253940455341507,0.7433074806104579,0.3926713989221619,1.0,0.5717704100319165
0.4942471235617808,0.4888666499874907,0.7528146109582188,0.5007168146223206,0.4942323456058042,0.5004569475207981
0.4942471235617808,0.4888666499874907,0.7530647985989494,0.5005947294068402,0.4942462982018591,0.5004569475207981
0.4952476238119059,0.4898674005504129,0.7528146109582188,0.5007482079634442,0.4941556063275023,0.5004429949247432
0.2133566783391696,0.3765323992994747,0.6322241681260947,0.4533477510159234,0.6376964263913354,0.5102708547709158
0.4794897448724362,0.3542656992744559,0.5626720040030023,0.5677119486544465,1.0,0.3701013307288487
0.1258129064532266,0.4303227420565425,0.5724293219914938,0.4112597450163071,0.0139630605019447,0.3993110905697891
0.1563281640820409,0.4468351263447587,0.545659244433325,0.7371348344001256,0.8132863595932818,0.3397317613408445
0.4954977488744371,0.4898674005504129,0.7525644233174882,0.500610426077402,0.4942323456058042,0.5005493834696618
0.3049024512256127,0.4570928196147111,0.6124593445083814,0.5041508973263338,0.0,0.5073704588660027
0.5242621310655327,0.4340755566675007,0.578934200650488,0.6690269808326211,1.0,0.811362645412212
0.42096048024012,0.4030522892169128,0.6587440580435328,0.3542616460575196,0.2042328688281563,0.3931597397840836
0.4944972486243121,0.4883662747060296,0.7528146109582188,0.500610426077402,0.494171302998064,0.5005650801402236
0.6023011505752875,0.2937202902176633,0.3532649487115337,0.3449831696810088,0.4445122695641558,0.4833964106946649
0.7061030515257628,0.4310733049787342,0.6837628221165876,0.6719116800669724,0.0001063885449186,0.5934562324502503
0.4827413706853426,0.3590192644483364,0.7077808356267201,1.0,0.6132497340286377,0.3411671346599927
0.572536268134067,0.4313234926194647,0.6619964973730299,0.0,0.5472173291243002,0.7889303591049409
0.6250625312656327,0.3460095071303478,0.6827620715536653,1.0,0.7972618030242251,0.5346565045258733
0.5440220110055027,0.4530898173630224,0.7182887165374032,0.7152519315625163,0.0,0.5297434466400405
0.7906453226613306,0.2809607205404054,0.7162872154115588,0.6434954741266546,0.3337356331862497,0.4681043654184906
0.4954977488744371,0.4898674005504129,0.7528146109582188,0.5006418194185256,0.494171302998064,0.5004726441913598
0.4929964982491245,0.4816112084063048,0.7548161120840631,0.5004569475207981,0.4949491602281249,0.4893471929120812
0.4954977488744371,0.4898674005504129,0.7528146109582188,0.5005807768107854,0.4941556063275023,0.5005197342030452
0.3591795897948974,0.3767825869402053,0.8003502626970229,0.2941939759666533,1.0,1.0
0.5667833916958479,0.372529397047786,0.7650738053540156,1.0,0.3816226869211853,0.3903064338908558
0.6478239119559779,0.3555166374781087,0.805854390793095,0.4858084657376563,0.0,0.5384411462057659
0.4952476238119059,0.4898674005504129,0.7528146109582188,0.500610426077402,0.4942009522646807,0.5004116015836196
0.5892946473236618,0.4345759319489618,0.7908431323492621,0.0,0.5320177197969898,0.5353593665521391
0.4947473736868433,0.4891168376282213,0.7528146109582188,0.5006261227479638,0.4941556063275023,0.5004569475207981
0.5455227613806903,0.2394295721791344,0.5256442331748813,0.3706507141985106,0.535832010743499,0.5142996668817692
0.5400200100050024,0.3304978734050539,0.6079559669752315,0.0,0.461635593072536,0.4974065612082948
0.6013006503251626,0.5516637478108583,0.7798348761571179,0.0,0.6226642482166838,0.6183773130788147
0.5940470235117559,0.3715286464848637,0.7620715536652491,0.0,0.7253239618396498,0.7008458761358285
0.6630815407703852,0.4195646735051289,0.7310482862146611,1.0,0.749587526379127,0.5823621745120952
0.3869434717358679,0.5331498623967977,0.6339754816112085,0.4057955595863055,0.0,0.0925248966635854
0.528264132066033,0.3665248936702527,0.7880910683012261,1.0,0.3460208940125922,0.5154123864171477
0.4954977488744371,0.4851138353765325,0.7525644233174882,0.500381952317003,0.4942916441390376,0.4988401904529361
0.4909954977488744,0.4948711533650239,0.6822616962722042,0.7245757538762055,0.0,0.4807105359540959
0.4954977488744371,0.4888666499874907,0.7520640480360272,0.5006261227479638,0.494171302998064,0.5004726441913598
0.4792396198099049,0.4635976982737054,0.6722541906429823,0.634736731953189,0.0,0.6314543837312729
0.5505252626313156,0.7580685514135603,0.8083562672004004,0.0,0.7087203725343146,0.6026579695484591
0.4957478739369684,0.490367775831874,0.7528146109582188,0.500610426077402,0.4941556063275023,0.500610426077402
0.5450225112556277,0.3762822116587442,0.8966725043782839,0.985609641243874,0.4116416973333101,0.4718593578317666
0.5880440220110055,0.263447585689267,0.540155116337253,1.0,0.4968100877269477,0.3689868671189633
0.5292646323161581,0.5218914185639231,0.798098573930448,1.0,0.3999354692432461,0.2860003139334112
0.4954977488744371,0.4901175881911435,0.7528146109582188,0.500610426077402,0.4942009522646807,0.5004569475207981
0.6403201600800399,0.4738553915436578,0.6327245434075558,0.0,0.8068315398433821,0.6071908191917958
0.1790895447723862,0.4140605454090569,0.8096072054040532,0.4086506095540401,1.0,0.7813157298079774
0.5792896448224112,0.4458343757818365,0.3905429071803853,0.0,0.4552243751853079,0.5064862130910233
0.6170585292646322,0.4245684263197399,0.6404803602702027,0.4650993250431658,1.0,0.8641645011074872
0.5052526263131565,0.3972979734801102,0.6202151613710284,0.4517606432146781,0.5800268587474057,0.4019202260320561
0.5652826413206603,0.3685263947960971,0.7415561671253441,0.3856828923731621,0.4169053141950224,0.5234717547133614
0.4952476238119059,0.4898674005504129,0.7528146109582188,0.500610426077402,0.4941556063275023,0.5005197342030452
0.5680340170085042,0.4781085814360772,0.8558919189392046,1.0,0.559333414723477,0.5049444512269564
0.4947473736868433,0.490367775831874,0.7525644233174882,0.500687165355704,0.494171302998064,0.5004569475207981
0.790145072536268,0.3537653239929949,0.618213660245184,0.4269023492683607,0.6594275947468475,0.6105795559586306
0.7721360680340169,0.4065549161871404,0.6069552164123093,0.3214346756893455,0.0,0.0248146920836458
0.4954977488744371,0.4901175881911435,0.7525644233174882,0.5006714686851422,0.4942009522646807,0.5005040375324834
0.2446223111555778,0.5476607455591695,0.7358018513885415,0.3758689851230444,1.0,0.4855485986361337
0.4947473736868433,0.4896172129096824,0.7525644233174882,0.5006557720145804,0.4941852555941189,0.5005650801402236
0.6540770385192596,0.4856142106579936,0.9754816112084064,1.0,0.9805727540680538,0.2000976681723843
0.4684842421210605,0.2854640980735553,0.8393795346509884,0.0,0.5398154769171739,0.2821546296457785
0.5127563781890945,0.2919689767325495,0.5186389792344259,1.0,0.5951811221375377,0.3152240263704066
0.4954977488744371,0.4898674005504129,0.7530647985989494,0.5006261227479638,0.4942009522646807,0.5005807768107854
0.7686343171585792,0.3455091318488867,0.6462346760070053,0.670492003418386,0.0001220852154804,0.3856985890437239
0.2798899449724862,0.6009507130347762,0.6905178884163123,0.5719081919179587,0.0,0.1424437971990163
0.5280140070035017,0.4921190893169879,0.4490868151113336,0.0,0.4270244344838411,0.7402794007359994
0.5087543771885943,0.4255691768826621,0.7338003502626972,1.0,0.4986117166925371,0.4468004953171599
0.4959979989994997,0.4893670252689518,0.7520640480360272,0.5007028620262658,0.494171302998064,0.5005040375324834
0.4999999999999999,0.4928696522391795,0.7545659244433327,0.5007778572300609,0.4946282505188621,0.517840138130701
0.5492746373186592,0.430072554415812,0.6777583187390543,0.0159164239496311,0.3864607496032231,0.5119347018504631
0.6590795397698849,0.2231673755316488,0.4658493870402803,0.1465336519176099,0.4131363691856916,0.5802256832411881
0.4817408704352175,0.4370778083562673,0.6272204153114838,0.1298533233339728,0.0,0.0003819523170029
0.5857928964482241,0.513635226419815,0.7688266199649738,1.0,0.4811831801454558,0.5719535378551371
0.4952476238119059,0.4901175881911435,0.7530647985989494,0.5005807768107854,0.4942462982018591,0.5005947294068402
0.4954977488744371,0.4898674005504129,0.7528146109582188,0.500610426077402,0.4942009522646807,0.5005197342030452
0.5640320160080039,0.3840380285213911,0.863397548161121,0.9927062804122992,0.4816575684113225,0.4740411950398521
0.5912956478239119,0.5951963972979737,0.2764573430072555,1.0,0.3328653400073251,0.7016847759736295
0.5622811405702851,0.2874655991993996,0.4473355016262197,0.8665451628093552,0.5731447407433246,0.3106301341193296
0.4952476238119059,0.4898674005504129,0.7528146109582188,0.5006261227479638,0.4942166489352425,0.5005197342030452
0.4944972486243121,0.4888666499874907,0.7525644233174882,0.500610426077402,0.4942619948724209,0.5004569475207981
0.6493246623311655,0.394045534150613,0.6609957468101078,0.5117812232938591,0.9997715262396007,0.5991331949700891
0.4939969984992495,0.4893670252689518,0.7528146109582188,0.5006714686851422,0.4941852555941189,0.5004726441913598
0.5520260130065032,0.2049036777583188,0.4973730297723293,0.6305090953485533,0.5772345954619181,0.4795803756736487
0.4952476238119059,0.4898674005504129,0.7530647985989494,0.5007028620262658,0.4942166489352425,0.5005650801402236
0.4924962481240619,0.4901175881911435,0.7535651738804104,0.5005947294068402,0.4942776915429827,0.5005197342030452
0.6565782891445722,0.4168126094570929,0.6494871153365025,0.3783124335071594,0.0,0.1751608908732581
0.4942471235617808,0.4886164623467602,0.7525644233174882,0.5007028620262658,0.4941556063275023,0.5004429949247432
0.096048024012006,0.4193144858643984,0.5951963972979736,0.5240507874496398,0.932624657725378,0.5925248966635854
0.5397698849424711,0.3292469352014011,0.7400550412809608,0.2228508641889182,0.616362907023388,0.4941399096569405
0.7408704352176088,0.3842882161621217,0.5676757568176133,0.5961107138496956,0.9296632192127248,0.5451558330571882
0.4957478739369684,0.4898674005504129,0.7528146109582188,0.500610426077402,0.4942009522646807,0.5005197342030452
0.4949974987493746,0.4898674005504129,0.7528146109582188,0.5005650801402236,0.4941556063275023,0.5005040375324834
0.557528764382191,0.4163122341756318,0.65749311983988,1.0,0.5836440692746394,0.508652353628547
0.4947473736868433,0.4891168376282213,0.7525644233174882,0.5006418194185256,0.4941399096569405,0.5005197342030452
0.5775387693846923,0.179884913685264,0.3337503127345509,0.0,0.326288435041945,0.4732179918726128
0.6358179089544772,0.2486865148861647,0.4701025769326996,0.7903343390829656,0.3964560406020545,0.5751277534576277
0.4952476238119059,0.4898674005504129,0.7530647985989494,0.5006261227479638,0.494171302998064,0.5005493834696618
0.5817908954477238,0.3112334250688017,0.6517388041030774,0.4732179918726128,0.501374330711408,0.5668713047421385
0.7811405702851425,0.4238178633975483,0.5181386039529648,0.4412613146833632,0.9999843033294382,0.6013464255192982
0.4952476238119059,0.4898674005504129,0.7525644233174882,0.5006557720145804,0.4942009522646807,0.5004883408619216
0.4937468734367183,0.487615711783838,0.7545659244433327,0.5005336867991,0.4942166489352425,0.5004569475207981
0.4952476238119059,0.4901175881911435,0.7533149862396799,0.500610426077402,0.4942009522646807,0.5004429949247432
0.1355677838919459,0.3805354015511635,0.5391543657743308,0.6148664910964996,0.5676055601095279,0.7434693130090517
0.4952476238119059,0.4901175881911435,0.7528146109582188,0.5006418194185256,0.4941852555941189,0.5005197342030452
0.6380690345172586,0.5414060545409058,0.7423067300475358,0.4470917557598061,0.0,0.4279993721331775
0.5240120060030015,0.263447585689267,0.4398298724043033,0.0,0.5027765666149258,0.489896576381743
0.5760380190095047,0.3129847385539155,0.6332249186890169,0.0,0.5902366709105813,0.540500898198371
0.3486743371685842,0.4005504128096073,0.5989492119089318,0.633667614280482,0.0,0.3328339466662016
0.6695847923961981,0.4808606454841132,0.7170377783337505,1.0,0.5394649179412945,0.2363866264366814
0.2818909454727363,0.1170878158618965,0.8809106830122593,7.67392783019849e-05,1.0,0.8413502624832132
0.4952476238119059,0.4898674005504129,0.7528146109582188,0.5005947294068402,0.4942009522646807,0.5004726441913598
0.6880940470235117,0.4163122341756318,0.4883662747060296,0.2153129741702565,0.0,0.0069135113452046
0.5767883941970985,0.3972979734801102,0.5934450838128598,0.0,0.629303939864311,0.642930393986431
0.4944972486243121,0.4886164623467602,0.7525644233174882,0.5005807768107854,0.4942009522646807,0.5005197342030452
0.4942471235617808,0.4886164623467602,0.7533149862396799,0.5007325112928824,0.4942009522646807,0.5005493834696618
0.5210105052526263,0.4583437578183639,0.8076057042782088,0.0049758445680799,0.4916214660690304,0.5655283673718541
0.4954977488744371,0.4898674005504129,0.7525644233174882,0.5006261227479638,0.4942776915429827,0.5005650801402236
0.8096548274137068,0.2707030272704529,0.7092819614711035,0.6045956363255838,0.3136369185691613,0.4249786350872909
0.4952476238119059,0.4898674005504129,0.7528146109582188,0.5005493834696618,0.4941242129863787,0.5005807768107854
0.4952476238119059,0.4898674005504129,0.7523142356767576,0.5006714686851422,0.4941556063275023,0.5005650801402236
0.7773886943471735,0.2904678508881662,0.6029522141606205,0.4359052618727872,0.0,0.4675253326822122
0.4949974987493746,0.490367775831874,0.7530647985989494,0.500610426077402,0.4941852555941189,0.5005040375324834
0.6965982991495747,0.3352514385789343,0.3284963722792094,0.573953991314509,0.312049810767916,0.4753230898023963
0.4949974987493746,0.4901175881911435,0.7528146109582188,0.5006261227479638,0.4942462982018591,0.5005336867991
0.1780890445222611,0.4808606454841132,0.6657493119839881,0.3695833406003104,0.0,0.5590438983553377
0.6158079039519759,0.5256442331748813,0.652489367025269,0.3196347907982629,1.0,0.8330641645011074
0.7911455727863931,0.3425068801601202,0.7718288716537405,0.6320665538831819,0.8199539564330188,0.6826080890175628
0.5685342671335667,0.3209907430572931,0.336502376782587,0.8872700001744074,0.4104504944451227,0.4581858136979612
0.6835917958979489,0.3767825869402053,0.8196147110332751,0.5347785897413537,0.4075361459441547,0.473202295202051
0.6830915457728863,0.4783587690768077,0.6147110332749564,0.606641435722134,0.0,0.6065489997732703
0.5380190095047523,0.3522641981486115,0.6339754816112085,1.0,0.4712035858171861,0.4724540872386068
0.4952476238119059,0.4901175881911435,0.7525644233174882,0.5006418194185256,0.4942916441390376,0.5005807768107854
0.6170585292646322,0.4465849387040281,0.7353014761070804,0.2895093918412195,0.9913023004342744,0.530932905453721
0.625312656328164,0.2749562171628722,0.6284713535151365,1.0,0.4980466365523135,0.1938102795751434
0.493496748374187,0.490367775831874,0.7530647985989494,0.5006261227479638,0.4942323456058042,0.5005197342030452
0.4952476238119059,0.4896172129096824,0.7528146109582188,0.5006418194185256,0.494171302998064,0.5005807768107854
0.4942471235617808,0.4883662747060296,0.7525644233174882,0.5005947294068402,0.4942916441390376,0.5004726441913598
0.4952476238119059,0.4898674005504129,0.7528146109582188,0.5007482079634442,0.4942776915429827,0.5005197342030452
0.5190095047523762,0.3692769577182888,0.6367275456592445,0.3884141130509095,0.7150374103981723,0.2990791286603764
0.4949974987493746,0.4896172129096824,0.7523142356767576,0.500992378394405,0.4939253884925964,0.5004429949247432
0.5935467733866933,0.3750312734550914,0.6307230422817114,0.4137467952630936,0.3236636029091163,0.6178889722168931
0.6108054027013506,0.5346509882411811,1.0000000000000002,0.999618047682997,0.4495945026771544,0.6779078082215673
0.4952476238119059,0.4898674005504129,0.7528146109582188,0.5005336867991,0.494171302998064,0.5004569475207981
0.5072536268134067,0.4623467600700526,0.406805103827871,0.1961909412770113,0.0,0.0038456842876327
0.599799899949975,0.2892169126845135,0.5969477107830874,0.001602804471807,0.5452936149432304,0.3519716762300086
0.4987493746873436,0.4863647735801852,0.7718288716537405,0.3465842300783089,0.4361040863665696,0.4030486422379964
0.6663331665832916,0.3194896172129098,0.5679259444583439,0.0,0.2649092209219177,0.3753056490573278
0.7906453226613306,0.1258443832874656,0.3257443082311734,0.4415508310515025,0.4085128276679979,0.6146990599438408
0.6768384192096047,0.3640230172629473,0.6975231423567677,0.5139630605019446,0.7728604565987058,0.5183424315886774
0.4944972486243121,0.4891168376282213,0.7530647985989494,0.5006714686851422,0.4941852555941189,0.5004883408619216
0.512256128064032,0.4218163622717039,0.7132849637227923,0.0,1.0,0.4158379405968223
0.4792396198099049,0.5749311983987992,0.6029522141606205,1.0,0.4520972495945027,0.5003976489875648
0.51975987993997,0.1786339754816113,0.3202401801351013,0.1058478818215114,0.5549836929033608,0.7466574812075971
0.2051025512756378,0.391293470102577,0.6242181636227171,0.4257425397212969,1.0,0.5539163193051607
0.1560780390195097,0.5138854140605456,0.665248936702527,0.4361197830371313,1.0,0.7730278877513648
0.5240120060030015,0.3957968476357269,0.6980235176382288,0.0,0.4954514536861015,0.5491549959014249
0.2171085542771385,0.5201401050788093,0.727795846885164,0.4645342449029422,0.0,0.3061443744876781
0.0,0.404053039779835,0.7703277458093571,0.4532570591415665,0.5815982698780892,0.6997610617925598
0.5535267633816908,0.5113835376532401,0.6985238929196899,0.3456232450250275,0.5124073460418229,0.5471091965048747
0.4952476238119059,0.4898674005504129,0.7530647985989494,0.5006261227479638,0.4942166489352425,0.5005650801402236
0.4932466233116557,0.521391043282462,0.5273955466599951,0.4925981477928737,0.0,0.2611245792420252
0.4959979989994997,0.4901175881911435,0.7530647985989494,0.5005650801402236,0.494108516315817,0.5017545389539041
0.5727863931965982,0.4686014510883163,0.7968476357267953,0.3771369272895338,0.6278999598862863,0.537968502014406
0.4949974987493746,0.4901175881911435,0.7528146109582188,0.5006261227479638,0.4941242129863787,0.5005197342030452
0.4942471235617808,0.4873655241431074,0.7530647985989494,0.5006261227479638,0.4942776915429827,0.5005197342030452
0.0980490245122561,0.370277708281211,0.7453089817363023,0.515841428745836,0.9514868235171008,0.5167099778502537
0.6948474237118558,0.4275706780085065,0.824118088566425,0.3784031253815163,0.4898215811779479,0.4568725255942933
0.096048024012006,0.479859894921191,0.651988991743808,0.5227688926870956,0.0116137921412002,0.3770758846817936
0.3356678339169584,0.4463347510632976,0.6252189141856394,0.6064879571655302,0.0,0.4605507787292673
0.4924962481240619,0.4936202151613711,0.7428071053289969,0.5005807768107854,0.4940178244414601,0.5004883408619216
0.4939969984992495,0.4891168376282213,0.7525644233174882,0.5007028620262658,0.4942166489352425,0.5004569475207981
0.5105052526263131,0.4836127095321492,0.7665749311983989,0.5175959676997401,0.4919266791077314,0.5552278633343216
