2026-08-27 16:01:00,601 [INFO] Activator:176 - 


2026-08-27 16:01:00,614 [INFO] Activator:177 - !SESSION log4j initialized
2026-08-27 16:01:02,828 [INFO] LogOutputStream:77 - [STDOUT_REDIRECT] 
2026-08-27 16:01:04,627 [INFO] ApplicationProperties:184 - Using Application install path: C:\ST\STM32CubeIDE_1.19.0\STM32CubeIDE\plugins\com.st.stm32cube.common.mx_6.15.0.202507011659
2026-08-27 16:01:04,643 [INFO] DbMcusXml:78 - Set database path to: C:\ST\STM32CubeIDE_1.19.0\STM32CubeIDE\plugins\com.st.stm32cube.common.mx_6.15.0.202507011659\\db\/mcu/
2026-08-27 16:01:04,643 [INFO] ApiDb:274 - Set plugin database path to: C:\ST\STM32CubeIDE_1.19.0\STM32CubeIDE\plugins\com.st.stm32cube.common.mx_6.15.0.202507011659\\db\/plugins/boardmanager/
2026-08-27 16:01:04,643 [WARN] ApiDb:259 - Overriding images path with different value:  => C:\ST\STM32CubeIDE_1.19.0\STM32CubeIDE\plugins\com.st.stm32cube.common.mx_6.15.0.202507011659\\db\/plugins/mcufinder/images/
2026-08-27 16:01:05,503 [WARN] ApiFinderProperties:113 - C:\Users\student\.stmcufinder\plugins\mcufinder\mcu\mcuFinder.mfd doesn't exist
2026-08-27 16:01:05,503 [INFO] ApiDb:250 - Set database path to: C:\Users\student\.stmcufinder\plugins\mcufinder//mcu/
2026-08-27 16:01:05,503 [INFO] DbMcusAds:125 - Set database path to: C:\Users\student\.stmcufinder\plugins\mcufinder//mcu/
2026-08-27 16:01:05,519 [INFO] CrossReferenceDbSqlite:203 - Set database path to: C:\Users\student\.stmcufinder\plugins\mcufinder//mcu/cs/
2026-08-27 16:01:05,599 [INFO] RulesReader:64 - Compatibility file has been processed (317 Rules)
2026-08-27 16:01:05,658 [INFO] DbMcusXml:78 - Set database path to: C:\ST\STM32CubeIDE_1.19.0\STM32CubeIDE\plugins\com.st.stm32cube.common.mx_6.15.0.202507011659\\db\/mcu/
2026-08-27 16:01:05,658 [INFO] ApiDb:274 - Set plugin database path to: C:\ST\STM32CubeIDE_1.19.0\STM32CubeIDE\plugins\com.st.stm32cube.common.mx_6.15.0.202507011659\\db\/plugins/boardmanager/
2026-08-27 16:01:05,658 [INFO] ApiDb:261 - Set plugin images path to: C:\ST\STM32CubeIDE_1.19.0\STM32CubeIDE\plugins\com.st.stm32cube.common.mx_6.15.0.202507011659\\db\/plugins/mcufinder/images/
2026-08-27 16:01:05,658 [WARN] DbFile:41 - Overriding database path with different value: C:\Users\student\.stmcufinder\plugins\mcufinder/ => C:\Users\student\.stmcufinder\plugins\mcufinder
2026-08-27 16:01:05,658 [INFO] ApiDb:250 - Set database path to: C:\Users\student\.stmcufinder\plugins\mcufinder//mcu/
2026-08-27 16:01:05,658 [WARN] DbFile:41 - Overriding database path with different value: C:\Users\student\.stmcufinder\plugins\mcufinder/ => C:\Users\student\.stmcufinder\plugins\mcufinder
2026-08-27 16:01:05,658 [INFO] DbMcusAds:125 - Set database path to: C:\Users\student\.stmcufinder\plugins\mcufinder//mcu/
2026-08-27 16:01:05,658 [WARN] DbFile:41 - Overriding database path with different value: C:\Users\student\.stmcufinder\plugins\mcufinder/ => C:\Users\student\.stmcufinder\plugins\mcufinder
2026-08-27 16:01:05,658 [WARN] DbFile:41 - Overriding database path with different value: C:\Users\student\.stmcufinder\plugins\mcufinder/ => C:\Users\student\.stmcufinder\plugins\mcufinder
2026-08-27 16:01:05,658 [INFO] CrossReferenceDbSqlite:203 - Set database path to: C:\Users\student\.stmcufinder\plugins\mcufinder//mcu/cs/
2026-08-27 16:01:05,715 [INFO] MainPanel:274 - HeapMemory: 268435456
2026-08-27 16:01:05,774 [INFO] DbMcusXml:78 - Set database path to: C:\ST\STM32CubeIDE_1.19.0\STM32CubeIDE\plugins\com.st.stm32cube.common.mx_6.15.0.202507011659\\db\/mcu/
2026-08-27 16:01:05,774 [INFO] ApiDb:274 - Set plugin database path to: C:\ST\STM32CubeIDE_1.19.0\STM32CubeIDE\plugins\com.st.stm32cube.common.mx_6.15.0.202507011659\\db\/plugins/boardmanager/
2026-08-27 16:01:05,774 [INFO] ApiDb:261 - Set plugin images path to: C:\ST\STM32CubeIDE_1.19.0\STM32CubeIDE\plugins\com.st.stm32cube.common.mx_6.15.0.202507011659\\db\/plugins/mcufinder/images/
2026-08-27 16:01:05,774 [WARN] DbFile:41 - Overriding database path with different value: C:\Users\student\.stmcufinder\plugins\mcufinder/ => C:\Users\student\.stmcufinder\plugins\mcufinder
2026-08-27 16:01:05,774 [INFO] ApiDb:250 - Set database path to: C:\Users\student\.stmcufinder\plugins\mcufinder//mcu/
2026-08-27 16:01:05,774 [WARN] DbFile:41 - Overriding database path with different value: C:\Users\student\.stmcufinder\plugins\mcufinder/ => C:\Users\student\.stmcufinder\plugins\mcufinder
2026-08-27 16:01:05,774 [INFO] DbMcusAds:125 - Set database path to: C:\Users\student\.stmcufinder\plugins\mcufinder//mcu/
2026-08-27 16:01:05,774 [WARN] DbFile:41 - Overriding database path with different value: C:\Users\student\.stmcufinder\plugins\mcufinder/ => C:\Users\student\.stmcufinder\plugins\mcufinder
2026-08-27 16:01:05,774 [WARN] DbFile:41 - Overriding database path with different value: C:\Users\student\.stmcufinder\plugins\mcufinder/ => C:\Users\student\.stmcufinder\plugins\mcufinder
2026-08-27 16:01:05,774 [INFO] CrossReferenceDbSqlite:203 - Set database path to: C:\Users\student\.stmcufinder\plugins\mcufinder//mcu/cs/
2026-08-27 16:01:05,789 [INFO] ApplicationProperties:184 - Using Application install path: C:\ST\STM32CubeIDE_1.19.0\STM32CubeIDE\plugins\com.st.stm32cube.common.mx_6.15.0.202507011659
2026-08-27 16:01:05,789 [INFO] PluginManage:196 - Search for loadable plugins [exclusion list=, ]
2026-08-27 16:01:05,789 [INFO] PluginManage:310 - Check plugin analytics
2026-08-27 16:01:05,946 [INFO] AnalyticsPlugin:253 - Accepted Software Licenses: 
2026-08-27 16:01:05,946 [INFO] AnalyticsPlugin:255 - Accepted CMSIS Pack Licenses: 
2026-08-27 16:01:05,946 [INFO] AnalyticsPlugin:257 - Accepted Firmware Licenses: 
2026-08-27 16:01:05,946 [INFO] PluginManage:359 - Loaded plugin analytics (category:tool,tabindex:-1)
2026-08-27 16:01:05,946 [INFO] PluginManage:310 - Check plugin cadmodel
2026-08-27 16:01:05,946 [INFO] CADModel:105 - Init CAD model plugin
2026-08-27 16:01:05,946 [INFO] PluginManage:359 - Loaded plugin cadmodel (category:power,tabindex:5)
2026-08-27 16:01:05,946 [INFO] PluginManage:310 - Check plugin clock
2026-08-27 16:01:05,960 [INFO] PluginManage:359 - Loaded plugin clock (category:base,tabindex:2)
2026-08-27 16:01:05,960 [INFO] PluginManage:310 - Check plugin ddr
2026-08-27 16:01:05,960 [INFO] PluginManage:359 - Loaded plugin ddr (category:tool,tabindex:6)
2026-08-27 16:01:05,965 [INFO] PluginManage:310 - Check plugin filemanager
2026-08-27 16:01:06,100 [INFO] PluginManage:359 - Loaded plugin filemanager (category:base,tabindex:10)
2026-08-27 16:01:06,100 [INFO] PluginManage:310 - Check plugin ipmanager
2026-08-27 16:01:06,108 [INFO] PluginManage:359 - Loaded plugin ipmanager (category:base,tabindex:5)
2026-08-27 16:01:06,108 [INFO] PluginManage:310 - Check plugin lpbam
2026-08-27 16:01:06,114 [INFO] PluginManage:359 - Loaded plugin lpbam (category:base,tabindex:0)
2026-08-27 16:01:06,114 [INFO] PluginManage:310 - Check plugin memorymap
2026-08-27 16:01:06,137 [INFO] PluginManage:359 - Loaded plugin memorymap (category:base,tabindex:4)
2026-08-27 16:01:06,137 [INFO] PluginManage:310 - Check plugin pinoutandconfiguration
2026-08-27 16:01:06,144 [INFO] PluginManage:359 - Loaded plugin pinoutandconfiguration (category:base,tabindex:1)
2026-08-27 16:01:06,144 [INFO] PluginManage:310 - Check plugin pinoutconfig
2026-08-27 16:01:06,193 [WARN] SupportedApi:132 - Cannot load RTOS API schema: s4s-elt-must-match.1: The content of 'definitions' must match (annotation?, (simpleType | complexType)?, (unique | key | keyref)*)). A problem was found starting at: attribute.
2026-08-27 16:01:06,286 [INFO] PluginManage:359 - Loaded plugin pinoutconfig (category:base,tabindex:0)
2026-08-27 16:01:06,286 [INFO] PluginManage:310 - Check plugin power
2026-08-27 16:01:06,286 [INFO] PluginManage:359 - Loaded plugin power (category:power,tabindex:4)
2026-08-27 16:01:06,286 [INFO] PluginManage:310 - Check plugin projectmanager
2026-08-27 16:01:06,302 [INFO] PluginManage:359 - Loaded plugin projectmanager (category:projectmanager,tabindex:4)
2026-08-27 16:01:06,302 [INFO] PluginManage:310 - Check plugin rif
2026-08-27 16:01:06,310 [INFO] PluginManage:359 - Loaded plugin rif (category:base,tabindex:3)
2026-08-27 16:01:06,310 [INFO] PluginManage:310 - Check plugin thirdparty
2026-08-27 16:01:06,385 [INFO] PluginManage:359 - Loaded plugin thirdparty (category:base,tabindex:-1)
2026-08-27 16:01:06,385 [INFO] PluginManage:310 - Check plugin tools
2026-08-27 16:01:06,385 [WARN] IntegrityCheckThread:84 - waiting for thirdparty lock release [integrity check]
2026-08-27 16:01:06,385 [INFO] IntegrityCheckThread:86 - entering critical section [integrity check]
2026-08-27 16:01:06,385 [INFO] ThirdPartyUpdaterWithRetryManager:70 - Updater plugin not ready yet. [1/15]
2026-08-27 16:01:06,385 [INFO] PluginManage:359 - Loaded plugin tools (category:base,tabindex:7)
2026-08-27 16:01:06,385 [INFO] PluginManage:310 - Check plugin tutovideos
2026-08-27 16:01:06,518 [INFO] PluginManage:359 - Loaded plugin tutovideos (category:base,tabindex:-1)
2026-08-27 16:01:06,521 [INFO] PluginManage:310 - Check plugin updater
2026-08-27 16:01:06,528 [INFO] PluginManage:359 - Loaded plugin updater (category:base,tabindex:12)
2026-08-27 16:01:06,528 [INFO] PluginManage:310 - Check plugin userauth
2026-08-27 16:01:06,528 [INFO] UserAuth:118 - Init User Auth plugin
2026-08-27 16:01:06,528 [INFO] PluginManage:359 - Loaded plugin userauth (category:base,tabindex:14)
2026-08-27 16:01:06,528 [INFO] PluginManage:283 - PluginManage : Loaded plugins [18]
2026-08-27 16:01:06,693 [INFO] PinOutPanel:1589 - setPackage(No Configuration,No Configuration)
2026-08-27 16:01:06,760 [INFO] CADModel:165 - CPN selected for project level
2026-08-27 16:01:06,760 [INFO] CADModel:114 - Register for checkConnection events
2026-08-27 16:01:06,773 [INFO] IPUIPlugin:80 - create IPUIPlugin
2026-08-27 16:01:06,773 [INFO] PluginManager:220 - loadIPPluginJar : add adc
2026-08-27 16:01:06,776 [INFO] IPUIPlugin:80 - create IPUIPlugin
2026-08-27 16:01:06,776 [INFO] PluginManager:220 - loadIPPluginJar : add aes
2026-08-27 16:01:06,776 [INFO] IPUIPlugin:80 - create IPUIPlugin
2026-08-27 16:01:06,776 [INFO] PluginManager:220 - loadIPPluginJar : add can
2026-08-27 16:01:06,776 [INFO] IPUIPlugin:80 - create IPUIPlugin
2026-08-27 16:01:06,776 [INFO] PluginManager:220 - loadIPPluginJar : add comp
2026-08-27 16:01:06,782 [INFO] IPUIPlugin:80 - create IPUIPlugin
2026-08-27 16:01:06,782 [INFO] PluginManager:220 - loadIPPluginJar : add cryp
2026-08-27 16:01:06,782 [INFO] IPUIPlugin:80 - create IPUIPlugin
2026-08-27 16:01:06,782 [INFO] PluginManager:220 - loadIPPluginJar : add ddr_ctrl_phy
2026-08-27 16:01:06,787 [INFO] IPUIPlugin:80 - create IPUIPlugin
2026-08-27 16:01:06,787 [INFO] PluginManager:220 - loadIPPluginJar : add dfsdm
2026-08-27 16:01:06,792 [INFO] IPUIPlugin:80 - create IPUIPlugin
2026-08-27 16:01:06,792 [INFO] PluginManager:220 - loadIPPluginJar : add dma
2026-08-27 16:01:06,794 [INFO] IPUIPlugin:80 - create IPUIPlugin
2026-08-27 16:01:06,794 [INFO] PluginManager:220 - loadIPPluginJar : add dma3
2026-08-27 16:01:06,796 [INFO] IPUIPlugin:80 - create IPUIPlugin
2026-08-27 16:01:06,796 [INFO] PluginManager:220 - loadIPPluginJar : add extmemmanager
2026-08-27 16:01:06,796 [INFO] IPUIPlugin:80 - create IPUIPlugin
2026-08-27 16:01:06,796 [INFO] PluginManager:220 - loadIPPluginJar : add fatfs
2026-08-27 16:01:06,799 [INFO] IPUIPlugin:80 - create IPUIPlugin
2026-08-27 16:01:06,799 [INFO] PluginManager:220 - loadIPPluginJar : add fmc
2026-08-27 16:01:06,809 [INFO] IPUIPlugin:80 - create IPUIPlugin
2026-08-27 16:01:06,809 [INFO] PluginManager:220 - loadIPPluginJar : add freertos
2026-08-27 16:01:06,809 [INFO] IPUIPlugin:80 - create IPUIPlugin
2026-08-27 16:01:06,809 [INFO] PluginManager:220 - loadIPPluginJar : add genericplugin
2026-08-27 16:01:06,809 [INFO] IPUIPlugin:80 - create IPUIPlugin
2026-08-27 16:01:06,809 [INFO] PluginManager:220 - loadIPPluginJar : add gfxmmu
2026-08-27 16:01:06,816 [INFO] IPUIPlugin:80 - create IPUIPlugin
2026-08-27 16:01:06,818 [INFO] PluginManager:220 - loadIPPluginJar : add gic
2026-08-27 16:01:06,822 [INFO] IPUIPlugin:80 - create IPUIPlugin
2026-08-27 16:01:06,822 [INFO] PluginManager:220 - loadIPPluginJar : add gpio
2026-08-27 16:01:06,823 [INFO] IPUIPlugin:80 - create IPUIPlugin
2026-08-27 16:01:06,823 [INFO] PluginManager:220 - loadIPPluginJar : add gtzc
2026-08-27 16:01:06,825 [INFO] IPUIPlugin:80 - create IPUIPlugin
2026-08-27 16:01:06,825 [INFO] PluginManager:220 - loadIPPluginJar : add hash
2026-08-27 16:01:06,825 [INFO] IPUIPlugin:80 - create IPUIPlugin
2026-08-27 16:01:06,825 [INFO] PluginManager:220 - loadIPPluginJar : add i2c
2026-08-27 16:01:06,825 [INFO] IPUIPlugin:80 - create IPUIPlugin
2026-08-27 16:01:06,825 [INFO] PluginManager:220 - loadIPPluginJar : add i2s
2026-08-27 16:01:06,825 [INFO] IPUIPlugin:80 - create IPUIPlugin
2026-08-27 16:01:06,825 [INFO] PluginManager:220 - loadIPPluginJar : add i3c
2026-08-27 16:01:06,835 [INFO] IPUIPlugin:80 - create IPUIPlugin
2026-08-27 16:01:06,835 [INFO] PluginManager:220 - loadIPPluginJar : add ipddr
2026-08-27 16:01:06,841 [INFO] IPUIPlugin:80 - create IPUIPlugin
2026-08-27 16:01:06,841 [INFO] PluginManager:220 - loadIPPluginJar : add linkedlist
2026-08-27 16:01:06,843 [INFO] IPUIPlugin:80 - create IPUIPlugin
2026-08-27 16:01:06,843 [INFO] PluginManager:220 - loadIPPluginJar : add lorawan
2026-08-27 16:01:06,843 [INFO] IPUIPlugin:80 - create IPUIPlugin
2026-08-27 16:01:06,843 [INFO] PluginManager:220 - loadIPPluginJar : add ltdc
2026-08-27 16:01:06,847 [INFO] IPUIPlugin:80 - create IPUIPlugin
2026-08-27 16:01:06,847 [INFO] PluginManager:220 - loadIPPluginJar : add mdma
2026-08-27 16:01:06,853 [INFO] IPUIPlugin:80 - create IPUIPlugin
2026-08-27 16:01:06,853 [INFO] PluginManager:220 - loadIPPluginJar : add nvic
2026-08-27 16:01:06,855 [INFO] IPUIPlugin:80 - create IPUIPlugin
2026-08-27 16:01:06,855 [INFO] PluginManager:220 - loadIPPluginJar : add opamp
2026-08-27 16:01:06,855 [INFO] IPUIPlugin:80 - create IPUIPlugin
2026-08-27 16:01:06,855 [INFO] PluginManager:220 - loadIPPluginJar : add openamp
2026-08-27 16:01:06,858 [INFO] IPUIPlugin:80 - create IPUIPlugin
2026-08-27 16:01:06,858 [INFO] PluginManager:220 - loadIPPluginJar : add pdm2pcm
2026-08-27 16:01:06,858 [INFO] IPUIPlugin:80 - create IPUIPlugin
2026-08-27 16:01:06,858 [INFO] PluginManager:220 - loadIPPluginJar : add plateformsettings
2026-08-27 16:01:06,865 [INFO] IPUIPlugin:80 - create IPUIPlugin
2026-08-27 16:01:06,865 [INFO] PluginManager:220 - loadIPPluginJar : add quadspi
2026-08-27 16:01:06,867 [INFO] IPUIPlugin:80 - create IPUIPlugin
2026-08-27 16:01:06,867 [INFO] PluginManager:220 - loadIPPluginJar : add radio
2026-08-27 16:01:06,871 [INFO] IPUIPlugin:80 - create IPUIPlugin
2026-08-27 16:01:06,871 [INFO] PluginManager:220 - loadIPPluginJar : add resmgrutility
2026-08-27 16:01:06,873 [INFO] IPUIPlugin:80 - create IPUIPlugin
2026-08-27 16:01:06,873 [INFO] PluginManager:220 - loadIPPluginJar : add sai
2026-08-27 16:01:06,875 [INFO] IPUIPlugin:80 - create IPUIPlugin
2026-08-27 16:01:06,875 [INFO] PluginManager:220 - loadIPPluginJar : add spi
2026-08-27 16:01:06,880 [INFO] IPUIPlugin:80 - create IPUIPlugin
2026-08-27 16:01:06,880 [INFO] PluginManager:220 - loadIPPluginJar : add stm32_wpan
2026-08-27 16:01:06,880 [INFO] IPUIPlugin:80 - create IPUIPlugin
2026-08-27 16:01:06,880 [INFO] PluginManager:220 - loadIPPluginJar : add tim
2026-08-27 16:01:06,880 [INFO] IPUIPlugin:80 - create IPUIPlugin
2026-08-27 16:01:06,880 [INFO] PluginManager:220 - loadIPPluginJar : add touchsensing
2026-08-27 16:01:06,887 [INFO] IPUIPlugin:80 - create IPUIPlugin
2026-08-27 16:01:06,887 [INFO] PluginManager:220 - loadIPPluginJar : add tracer_emb
2026-08-27 16:01:06,887 [INFO] IPUIPlugin:80 - create IPUIPlugin
2026-08-27 16:01:06,887 [INFO] PluginManager:220 - loadIPPluginJar : add ts
2026-08-27 16:01:06,887 [INFO] IPUIPlugin:80 - create IPUIPlugin
2026-08-27 16:01:06,887 [INFO] PluginManager:220 - loadIPPluginJar : add tsc
2026-08-27 16:01:06,890 [INFO] IPUIPlugin:80 - create IPUIPlugin
2026-08-27 16:01:06,890 [INFO] PluginManager:220 - loadIPPluginJar : add ucpd
2026-08-27 16:01:06,890 [INFO] IPUIPlugin:80 - create IPUIPlugin
2026-08-27 16:01:06,890 [INFO] PluginManager:220 - loadIPPluginJar : add usart
2026-08-27 16:01:06,895 [INFO] IPUIPlugin:80 - create IPUIPlugin
2026-08-27 16:01:06,895 [INFO] PluginManager:220 - loadIPPluginJar : add usbx
2026-08-27 16:01:07,029 [FATAL] Updater:351 - Updater called before beeing initialized
2026-08-27 16:01:07,045 [INFO] RulesReader:64 - Compatibility file has been processed (317 Rules)
2026-08-27 16:01:07,056 [INFO] RulesReader:64 - Compatibility file has been processed (317 Rules)
2026-08-27 16:01:07,063 [INFO] CADModel:165 - CPN selected for project level
2026-08-27 16:01:07,063 [INFO] CADModel:114 - Register for checkConnection events
2026-08-27 16:01:07,063 [FATAL] Updater:351 - Updater called before beeing initialized
2026-08-27 16:01:07,063 [ERROR] CADModel:125 - Updater not yet initialized, retry later 
2026-08-27 16:01:07,159 [FATAL] Updater:351 - Updater called before beeing initialized
2026-08-27 16:01:07,165 [INFO] CADModel:165 - CPN selected for project level
2026-08-27 16:01:07,165 [INFO] CADModel:114 - Register for checkConnection events
2026-08-27 16:01:07,165 [FATAL] Updater:351 - Updater called before beeing initialized
2026-08-27 16:01:07,165 [ERROR] CADModel:125 - Updater not yet initialized, retry later 
2026-08-27 16:01:07,168 [FATAL] Updater:351 - Updater called before beeing initialized
2026-08-27 16:01:07,263 [FATAL] Updater:351 - Updater called before beeing initialized
2026-08-27 16:01:07,265 [INFO] DbMcusAds:53 - JSON generation date=Thu Sep 30 12:25:09 IST 2021 (1632984909247)
2026-08-27 16:01:07,265 [FATAL] Updater:351 - Updater called before beeing initialized
2026-08-27 16:01:07,331 [WARN] DetailPanel:346 - Failed to get advertising image, set to default
2026-08-27 16:01:07,411 [FATAL] Updater:351 - Updater called before beeing initialized
2026-08-27 16:01:07,415 [FATAL] Updater:351 - Updater called before beeing initialized
2026-08-27 16:01:07,415 [FATAL] Updater:351 - Updater called before beeing initialized
2026-08-27 16:01:07,415 [WARN] DetailPanel:346 - Failed to get advertising image, set to default
2026-08-27 16:01:07,417 [FATAL] Updater:351 - Updater called before beeing initialized
2026-08-27 16:01:07,451 [ERROR] Updater:1198 - MainUpdater not yet initialized. External WinMGr cannot be set.
2026-08-27 16:01:07,453 [INFO] Updater:1134 - Updater Version found : 6.15.0
2026-08-27 16:01:07,463 [INFO] ApplicationProperties:184 - Using Application install path: C:\ST\STM32CubeIDE_1.19.0\STM32CubeIDE\plugins\com.st.stm32cube.common.mx_6.15.0.202507011659
2026-08-27 16:01:09,067 [ERROR] LogOutputStream:75 - [STDERR_REDIRECT] Aug 27, 2026 4:01:09 PM java.util.prefs.WindowsPreferences <init>
2026-08-27 16:01:09,067 [ERROR] LogOutputStream:75 - [STDERR_REDIRECT] WARNING: Could not open/create prefs root node Software\JavaSoft\Prefs at root 0xffffffff80000002. Windows RegCreateKeyEx(...) returned error code 5.
2026-08-27 16:01:09,067 [ERROR] LogOutputStream:75 - [STDERR_REDIRECT] 
2026-08-27 16:01:09,085 [INFO] MainUpdater:525 - Copy updater definitions from MX database
2026-08-27 16:01:09,104 [INFO] MainUpdater:558 - Copy flag file definitions from MX database
2026-08-27 16:01:09,104 [INFO] MainUpdater:574 - Copy thirdparty index definitions from MX database
2026-08-27 16:01:09,104 [INFO] MainUpdater:593 - Copy default thirdparty db definitions from MX database
2026-08-27 16:01:09,324 [INFO] MainUpdater:2872 - connection check result : 10
2026-08-27 16:01:09,334 [INFO] MainUpdater:3604 - Updater definition file requires update
2026-08-27 16:01:09,337 [INFO] MainUpdater:289 - Updater Check For Update Now.
2026-08-27 16:01:09,337 [INFO] MicroXplorer:498 - Change Database Version : DB.6.0.150
2026-08-27 16:01:09,337 [INFO] McuFinderGlobals:63 - Set McuFinder mode to 2 (CubeIDE integrated)
2026-08-27 16:01:09,337 [INFO] UserAuth:171 - activating auth plugin
2026-08-27 16:01:09,337 [INFO] UserAuth:487 - Internet connection configuration mode: 1
2026-08-27 16:01:09,343 [INFO] JxBrowserEngine:152 - Initiate JxBrowser Engine with user profile folder
2026-08-27 16:01:09,400 [WARN] MainUpdater:1193 - Updater busy. Cannot search thirdparties
2026-08-27 16:01:09,400 [INFO] ThirdPartyUpdaterWithRetryManager:96 - Updater plugin is busy. [1/15]
2026-08-27 16:01:09,484 [INFO] ServerAccessManage:452 - Complete download http(s) 200
2026-08-27 16:01:09,484 [INFO] ServerAccessManage:509 - Download File updaters.zip
2026-08-27 16:01:10,236 [INFO] FileExtend:248 - Unzip File : updaters.zip
2026-08-27 16:01:10,236 [INFO] FileExtend:263 - Standard Zip Deflate
2026-08-27 16:01:10,564 [INFO] ServerAccessManage:452 - Complete download http(s) 200
2026-08-27 16:01:10,564 [INFO] ServerAccessManage:509 - Download File PacksControlFlags.xml
2026-08-27 16:01:10,764 [INFO] ServerAccessManage:452 - Complete download http(s) 200
2026-08-27 16:01:10,764 [INFO] ServerAccessManage:509 - Download File cubemx.pidx
2026-08-27 16:01:10,879 [INFO] ServerAccessManage:452 - Complete download http(s) 200
2026-08-27 16:01:10,879 [INFO] ServerAccessManage:509 - Download File STMicroelectronics.FP-ATR-ASTRA1.pdsc
2026-08-27 16:01:11,211 [INFO] ServerAccessManage:452 - Complete download http(s) 200
2026-08-27 16:01:11,211 [INFO] ServerAccessManage:509 - Download File STMicroelectronics.FP-ATR-SIGFOX1.pdsc
2026-08-27 16:01:11,347 [INFO] ServerAccessManage:452 - Complete download http(s) 200
2026-08-27 16:01:11,347 [INFO] ServerAccessManage:509 - Download File STMicroelectronics.FP-SNS-STBOX1.pdsc
2026-08-27 16:01:11,559 [INFO] ServerAccessManage:452 - Complete download http(s) 200
2026-08-27 16:01:11,559 [INFO] ServerAccessManage:509 - Download File STMicroelectronics.FP-SNS-FLIGHT1.pdsc
2026-08-27 16:01:11,812 [INFO] ServerAccessManage:452 - Complete download http(s) 200
2026-08-27 16:01:11,812 [INFO] ServerAccessManage:509 - Download File STMicroelectronics.FP-SNS-MOTENV1.pdsc
2026-08-27 16:01:12,098 [INFO] ServerAccessManage:452 - Complete download http(s) 200
2026-08-27 16:01:12,098 [INFO] ServerAccessManage:509 - Download File STMicroelectronics.FP-SNS-MOTENVWB1.pdsc
2026-08-27 16:01:12,368 [INFO] ServerAccessManage:452 - Complete download http(s) 200
2026-08-27 16:01:12,368 [INFO] ServerAccessManage:509 - Download File STMicroelectronics.FP-SNS-SMARTAG2.pdsc
2026-08-27 16:01:12,415 [WARN] MainUpdater:1193 - Updater busy. Cannot search thirdparties
2026-08-27 16:01:12,415 [INFO] ThirdPartyUpdaterWithRetryManager:96 - Updater plugin is busy. [2/15]
2026-08-27 16:01:12,495 [INFO] ServerAccessManage:452 - Complete download http(s) 200
2026-08-27 16:01:12,495 [INFO] ServerAccessManage:509 - Download File STMicroelectronics.FP-SNS-STAIOTCFT.pdsc
2026-08-27 16:01:12,667 [INFO] ServerAccessManage:452 - Complete download http(s) 200
2026-08-27 16:01:12,667 [INFO] ServerAccessManage:509 - Download File STMicroelectronics.X-CUBE-AI.pdsc
2026-08-27 16:01:13,313 [INFO] WebApp:169 - Instantiating new browser for Auth
2026-08-27 16:01:13,864 [INFO] WebApp:463 - Apply proxy settings
2026-08-27 16:01:13,864 [INFO] WebApp:548 - Chromium requires no authentication
2026-08-27 16:01:13,878 [INFO] WebApp:491 - Direct internet connection detected
2026-08-27 16:01:13,894 [INFO] WebApp:900 - Register for checkConnection events
2026-08-27 16:01:13,894 [INFO] WebApp:463 - Apply proxy settings
2026-08-27 16:01:13,894 [INFO] WebApp:548 - Chromium requires no authentication
2026-08-27 16:01:13,894 [INFO] WebApp:491 - Direct internet connection detected
2026-08-27 16:01:13,923 [INFO] ServerAccessManage:452 - Complete download http(s) 200
2026-08-27 16:01:13,924 [INFO] ServerAccessManage:509 - Download File STMicroelectronics.X-CUBE-ALS.pdsc
2026-08-27 16:01:14,049 [INFO] WebApp:225 - Starting web application
2026-08-27 16:01:14,049 [INFO] WebApp:593 - Web application path used C:\ST\STM32CubeIDE_1.19.0\STM32CubeIDE\plugins\com.st.stm32cube.common.mx_6.15.0.202507011659\db\plugins\mcufinder\reactClient1\index.html
2026-08-27 16:01:14,173 [INFO] WebApp:191 - Connection restablished
2026-08-27 16:01:14,205 [INFO] ServerAccessManage:452 - Complete download http(s) 200
2026-08-27 16:01:14,205 [INFO] ServerAccessManage:509 - Download File STMicroelectronics.X-CUBE-BLE1.pdsc
2026-08-27 16:01:14,574 [ERROR] LogOutputStream:75 - [STDERR_REDIRECT] [Fatal Error] :1:1: Premature end of file.
2026-08-27 16:01:14,574 [ERROR] LogOutputStream:75 - [STDERR_REDIRECT] 
2026-08-27 16:01:15,364 [ERROR] ServerAccessManage:1212 - Problem, file not found on Server
2026-08-27 16:01:15,364 [ERROR] LogOutputStream:75 - [STDERR_REDIRECT] [Fatal Error] :1:1: Premature end of file.
2026-08-27 16:01:15,364 [ERROR] LogOutputStream:75 - [STDERR_REDIRECT] 
2026-08-27 16:01:15,425 [WARN] MainUpdater:1193 - Updater busy. Cannot search thirdparties
2026-08-27 16:01:15,425 [INFO] ThirdPartyUpdaterWithRetryManager:96 - Updater plugin is busy. [3/15]
2026-08-27 16:01:15,475 [INFO] ServerAccessManage:452 - Complete download http(s) 200
2026-08-27 16:01:15,475 [INFO] ServerAccessManage:509 - Download File STMicroelectronics.X-CUBE-BLE2.pdsc
2026-08-27 16:01:16,145 [INFO] ServerAccessManage:452 - Complete download http(s) 200
2026-08-27 16:01:16,145 [INFO] ServerAccessManage:509 - Download File STMicroelectronics.X-CUBE-BLEMGR.pdsc
2026-08-27 16:01:16,345 [ERROR] LogOutputStream:75 - [STDERR_REDIRECT] [Fatal Error] :1:1: Premature end of file.
2026-08-27 16:01:16,345 [ERROR] LogOutputStream:75 - [STDERR_REDIRECT] 
2026-08-27 16:01:16,595 [ERROR] ServerAccessManage:1212 - Problem, file not found on Server
2026-08-27 16:01:17,047 [INFO] ServerAccessManage:452 - Complete download http(s) 200
2026-08-27 16:01:17,047 [INFO] ServerAccessManage:509 - Download File STMicroelectronics.X-CUBE-DISPLAY.pdsc
2026-08-27 16:01:17,348 [ERROR] LogOutputStream:75 - [STDERR_REDIRECT] [Fatal Error] :1:1: Premature end of file.
2026-08-27 16:01:17,348 [ERROR] LogOutputStream:75 - [STDERR_REDIRECT] 
2026-08-27 16:01:17,460 [INFO] ServerAccessManage:452 - Complete download http(s) 200
2026-08-27 16:01:17,460 [INFO] ServerAccessManage:509 - Download File STMicroelectronics.X-CUBE-DPOWER.pdsc
2026-08-27 16:01:17,665 [ERROR] ServerAccessManage:1212 - Problem, file not found on Server
2026-08-27 16:01:17,792 [ERROR] ServerAccessManage:1212 - Problem, file not found on Server
2026-08-27 16:01:18,349 [ERROR] LogOutputStream:75 - [STDERR_REDIRECT] [Fatal Error] :1:1: Premature end of file.
2026-08-27 16:01:18,349 [ERROR] LogOutputStream:75 - [STDERR_REDIRECT] 
2026-08-27 16:01:18,412 [ERROR] ServerAccessManage:1212 - Problem, file not found on Server
2026-08-27 16:01:18,428 [WARN] MainUpdater:1193 - Updater busy. Cannot search thirdparties
2026-08-27 16:01:18,428 [INFO] ThirdPartyUpdaterWithRetryManager:96 - Updater plugin is busy. [4/15]
2026-08-27 16:01:18,650 [ERROR] ServerAccessManage:1212 - Problem, file not found on Server
2026-08-27 16:01:19,141 [ERROR] ServerAccessManage:1212 - Problem, file not found on Server
2026-08-27 16:01:19,362 [ERROR] LogOutputStream:75 - [STDERR_REDIRECT] [Fatal Error] :1:1: Premature end of file.
2026-08-27 16:01:19,362 [ERROR] LogOutputStream:75 - [STDERR_REDIRECT] 
2026-08-27 16:01:19,418 [ERROR] ServerAccessManage:1212 - Problem, file not found on Server
2026-08-27 16:01:19,648 [ERROR] ServerAccessManage:1212 - Problem, file not found on Server
2026-08-27 16:01:20,152 [ERROR] ServerAccessManage:1212 - Problem, file not found on Server
2026-08-27 16:01:20,342 [ERROR] LogOutputStream:75 - [STDERR_REDIRECT] [Fatal Error] :1:1: Premature end of file.
2026-08-27 16:01:20,342 [ERROR] LogOutputStream:75 - [STDERR_REDIRECT] 
2026-08-27 16:01:20,374 [ERROR] ServerAccessManage:1212 - Problem, file not found on Server
2026-08-27 16:01:20,904 [ERROR] ServerAccessManage:1212 - Problem, file not found on Server
2026-08-27 16:01:21,163 [ERROR] ServerAccessManage:1212 - Problem, file not found on Server
2026-08-27 16:01:21,240 [INFO] ServerAccessManage:452 - Complete download http(s) 200
2026-08-27 16:01:21,240 [INFO] ServerAccessManage:509 - Download File STMicroelectronics.X-CUBE-EEPRMA1.pdsc
2026-08-27 16:01:21,353 [ERROR] LogOutputStream:75 - [STDERR_REDIRECT] [Fatal Error] :1:1: Premature end of file.
2026-08-27 16:01:21,353 [ERROR] LogOutputStream:75 - [STDERR_REDIRECT] 
2026-08-27 16:01:21,434 [WARN] MainUpdater:1193 - Updater busy. Cannot search thirdparties
2026-08-27 16:01:21,434 [INFO] ThirdPartyUpdaterWithRetryManager:96 - Updater plugin is busy. [5/15]
2026-08-27 16:01:21,867 [ERROR] ServerAccessManage:1212 - Problem, file not found on Server
2026-08-27 16:01:22,348 [ERROR] LogOutputStream:75 - [STDERR_REDIRECT] [Fatal Error] :1:1: Premature end of file.
2026-08-27 16:01:22,348 [ERROR] LogOutputStream:75 - [STDERR_REDIRECT] 
2026-08-27 16:01:22,491 [ERROR] ServerAccessManage:1212 - Problem, file not found on Server
2026-08-27 16:01:22,717 [INFO] ServerAccessManage:452 - Complete download http(s) 200
2026-08-27 16:01:22,717 [INFO] ServerAccessManage:509 - Download File STMicroelectronics.X-CUBE-FREERTOS.pdsc
2026-08-27 16:01:23,242 [INFO] ServerAccessManage:452 - Complete download http(s) 200
2026-08-27 16:01:23,242 [INFO] ServerAccessManage:509 - Download File STMicroelectronics.X-CUBE-GNSS1.pdsc
2026-08-27 16:01:23,355 [ERROR] LogOutputStream:75 - [STDERR_REDIRECT] [Fatal Error] :1:1: Premature end of file.
2026-08-27 16:01:23,355 [ERROR] LogOutputStream:75 - [STDERR_REDIRECT] 
2026-08-27 16:01:24,334 [ERROR] ServerAccessManage:1212 - Problem, file not found on Server
2026-08-27 16:01:24,350 [ERROR] LogOutputStream:75 - [STDERR_REDIRECT] [Fatal Error] :1:1: Premature end of file.
2026-08-27 16:01:24,350 [ERROR] LogOutputStream:75 - [STDERR_REDIRECT] 
2026-08-27 16:01:24,446 [WARN] MainUpdater:1193 - Updater busy. Cannot search thirdparties
2026-08-27 16:01:24,446 [INFO] ThirdPartyUpdaterWithRetryManager:96 - Updater plugin is busy. [6/15]
2026-08-27 16:01:24,926 [ERROR] ServerAccessManage:1212 - Problem, file not found on Server
2026-08-27 16:01:25,209 [ERROR] ServerAccessManage:1212 - Problem, file not found on Server
2026-08-27 16:01:25,361 [ERROR] LogOutputStream:75 - [STDERR_REDIRECT] [Fatal Error] :1:1: Premature end of file.
2026-08-27 16:01:25,361 [ERROR] LogOutputStream:75 - [STDERR_REDIRECT] 
2026-08-27 16:01:25,736 [ERROR] ServerAccessManage:1212 - Problem, file not found on Server
2026-08-27 16:01:26,230 [ERROR] ServerAccessManage:1212 - Problem, file not found on Server
2026-08-27 16:01:26,354 [ERROR] LogOutputStream:75 - [STDERR_REDIRECT] [Fatal Error] :1:1: Premature end of file.
2026-08-27 16:01:26,355 [ERROR] LogOutputStream:75 - [STDERR_REDIRECT] 
2026-08-27 16:01:26,449 [ERROR] ServerAccessManage:1212 - Problem, file not found on Server
2026-08-27 16:01:26,521 [INFO] ServerAccessManage:452 - Complete download http(s) 200
2026-08-27 16:01:26,521 [INFO] ServerAccessManage:509 - Download File STMicroelectronics.X-CUBE-ISPU.pdsc
2026-08-27 16:01:26,788 [INFO] ServerAccessManage:452 - Complete download http(s) 200
2026-08-27 16:01:26,788 [INFO] ServerAccessManage:509 - Download File STMicroelectronics.X-CUBE-IPS.pdsc
2026-08-27 16:01:27,204 [INFO] ServerAccessManage:452 - Complete download http(s) 200
2026-08-27 16:01:27,204 [INFO] ServerAccessManage:509 - Download File STMicroelectronics.X-CUBE-MEMS1.pdsc
2026-08-27 16:01:27,352 [ERROR] LogOutputStream:75 - [STDERR_REDIRECT] [Fatal Error] :1:1: Premature end of file.
2026-08-27 16:01:27,353 [ERROR] LogOutputStream:75 - [STDERR_REDIRECT] 
2026-08-27 16:01:27,449 [WARN] MainUpdater:1193 - Updater busy. Cannot search thirdparties
2026-08-27 16:01:27,449 [INFO] ThirdPartyUpdaterWithRetryManager:96 - Updater plugin is busy. [7/15]
2026-08-27 16:01:28,345 [ERROR] LogOutputStream:75 - [STDERR_REDIRECT] [Fatal Error] :1:1: Premature end of file.
2026-08-27 16:01:28,345 [ERROR] LogOutputStream:75 - [STDERR_REDIRECT] 
2026-08-27 16:01:29,355 [ERROR] LogOutputStream:75 - [STDERR_REDIRECT] [Fatal Error] :1:1: Premature end of file.
2026-08-27 16:01:29,355 [ERROR] LogOutputStream:75 - [STDERR_REDIRECT] 
2026-08-27 16:01:29,387 [INFO] ServerAccessManage:452 - Complete download http(s) 200
2026-08-27 16:01:29,387 [INFO] ServerAccessManage:509 - Download File STMicroelectronics.X-CUBE-NFC4.pdsc
2026-08-27 16:01:30,091 [INFO] ServerAccessManage:452 - Complete download http(s) 200
2026-08-27 16:01:30,091 [INFO] ServerAccessManage:509 - Download File STMicroelectronics.X-CUBE-NFC6.pdsc
2026-08-27 16:01:30,351 [ERROR] LogOutputStream:75 - [STDERR_REDIRECT] [Fatal Error] :1:1: Premature end of file.
2026-08-27 16:01:30,351 [ERROR] LogOutputStream:75 - [STDERR_REDIRECT] 
2026-08-27 16:01:30,358 [INFO] ServerAccessManage:452 - Complete download http(s) 200
2026-08-27 16:01:30,358 [INFO] ServerAccessManage:509 - Download File STMicroelectronics.X-CUBE-NFC7.pdsc
2026-08-27 16:01:30,454 [WARN] MainUpdater:1193 - Updater busy. Cannot search thirdparties
2026-08-27 16:01:30,454 [INFO] ThirdPartyUpdaterWithRetryManager:96 - Updater plugin is busy. [8/15]
2026-08-27 16:01:30,581 [INFO] ServerAccessManage:452 - Complete download http(s) 200
2026-08-27 16:01:30,581 [INFO] ServerAccessManage:509 - Download File STMicroelectronics.X-CUBE-NFC9.pdsc
2026-08-27 16:01:30,734 [INFO] ServerAccessManage:452 - Complete download http(s) 200
2026-08-27 16:01:30,734 [INFO] ServerAccessManage:509 - Download File STMicroelectronics.X-CUBE-NFC10.pdsc
2026-08-27 16:01:30,877 [INFO] ServerAccessManage:452 - Complete download http(s) 200
2026-08-27 16:01:30,877 [INFO] ServerAccessManage:509 - Download File STMicroelectronics.X-CUBE-NFC12.pdsc
2026-08-27 16:01:31,036 [INFO] ServerAccessManage:452 - Complete download http(s) 200
2026-08-27 16:01:31,036 [INFO] ServerAccessManage:509 - Download File STMicroelectronics.X-CUBE-NFC13.pdsc
2026-08-27 16:01:31,182 [INFO] ServerAccessManage:452 - Complete download http(s) 200
2026-08-27 16:01:31,182 [INFO] ServerAccessManage:509 - Download File STMicroelectronics.X-CUBE-SFXS2LP1.pdsc
2026-08-27 16:01:31,342 [ERROR] LogOutputStream:75 - [STDERR_REDIRECT] [Fatal Error] :1:1: Premature end of file.
2026-08-27 16:01:31,342 [ERROR] LogOutputStream:75 - [STDERR_REDIRECT] 
2026-08-27 16:01:31,485 [INFO] ServerAccessManage:452 - Complete download http(s) 200
2026-08-27 16:01:31,485 [INFO] ServerAccessManage:509 - Download File STMicroelectronics.X-CUBE-SUBG2.pdsc
2026-08-27 16:01:32,164 [INFO] ServerAccessManage:452 - Complete download http(s) 200
2026-08-27 16:01:32,164 [INFO] ServerAccessManage:509 - Download File STMicroelectronics.X-CUBE-SMBUS.pdsc
2026-08-27 16:01:32,350 [ERROR] LogOutputStream:75 - [STDERR_REDIRECT] [Fatal Error] :1:1: Premature end of file.
2026-08-27 16:01:32,350 [ERROR] LogOutputStream:75 - [STDERR_REDIRECT] 
2026-08-27 16:01:32,556 [ERROR] ServerAccessManage:1212 - Problem, file not found on Server
2026-08-27 16:01:32,625 [INFO] ServerAccessManage:452 - Complete download http(s) 200
2026-08-27 16:01:32,625 [INFO] ServerAccessManage:509 - Download File STMicroelectronics.X-CUBE-ST60.pdsc
2026-08-27 16:01:32,798 [INFO] ServerAccessManage:452 - Complete download http(s) 200
2026-08-27 16:01:32,798 [INFO] ServerAccessManage:509 - Download File STMicroelectronics.X-CUBE-ST67W61.pdsc
2026-08-27 16:01:33,014 [INFO] ServerAccessManage:452 - Complete download http(s) 200
2026-08-27 16:01:33,014 [INFO] ServerAccessManage:509 - Download File STMicroelectronics.X-CUBE-STSE01.pdsc
2026-08-27 16:01:33,255 [INFO] ServerAccessManage:452 - Complete download http(s) 200
2026-08-27 16:01:33,255 [INFO] ServerAccessManage:509 - Download File STMicroelectronics.X-CUBE-PM33A1.pdsc
2026-08-27 16:01:33,370 [ERROR] LogOutputStream:75 - [STDERR_REDIRECT] [Fatal Error] :1:1: Premature end of file.
2026-08-27 16:01:33,370 [ERROR] LogOutputStream:75 - [STDERR_REDIRECT] 
2026-08-27 16:01:33,384 [INFO] ServerAccessManage:452 - Complete download http(s) 200
2026-08-27 16:01:33,384 [INFO] ServerAccessManage:509 - Download File STMicroelectronics.X-CUBE-TCPP.pdsc
2026-08-27 16:01:33,458 [WARN] MainUpdater:1193 - Updater busy. Cannot search thirdparties
2026-08-27 16:01:33,458 [INFO] ThirdPartyUpdaterWithRetryManager:96 - Updater plugin is busy. [9/15]
2026-08-27 16:01:33,589 [INFO] ServerAccessManage:452 - Complete download http(s) 200
2026-08-27 16:01:33,590 [INFO] ServerAccessManage:509 - Download File STMicroelectronics.X-CUBE-TOF1.pdsc
2026-08-27 16:01:34,343 [ERROR] LogOutputStream:75 - [STDERR_REDIRECT] [Fatal Error] :1:1: Premature end of file.
2026-08-27 16:01:34,343 [ERROR] LogOutputStream:75 - [STDERR_REDIRECT] 
2026-08-27 16:01:34,869 [ERROR] ServerAccessManage:1212 - Problem, file not found on Server
2026-08-27 16:01:35,004 [INFO] ServerAccessManage:452 - Complete download http(s) 200
2026-08-27 16:01:35,004 [INFO] ServerAccessManage:509 - Download File STMicroelectronics.X-CUBE-TOUCHGFX.pdsc
2026-08-27 16:01:35,351 [ERROR] LogOutputStream:75 - [STDERR_REDIRECT] [Fatal Error] :1:1: Premature end of file.
2026-08-27 16:01:35,351 [ERROR] LogOutputStream:75 - [STDERR_REDIRECT] 
2026-08-27 16:01:36,350 [ERROR] LogOutputStream:75 - [STDERR_REDIRECT] [Fatal Error] :1:1: Premature end of file.
2026-08-27 16:01:36,350 [ERROR] LogOutputStream:75 - [STDERR_REDIRECT] 
2026-08-27 16:01:36,356 [INFO] ServerAccessManage:452 - Complete download http(s) 200
2026-08-27 16:01:36,356 [INFO] ServerAccessManage:509 - Download File STMicroelectronics.X-CUBE-ALGOBUILD.pdsc
2026-08-27 16:01:36,459 [WARN] MainUpdater:1193 - Updater busy. Cannot search thirdparties
2026-08-27 16:01:36,459 [INFO] ThirdPartyUpdaterWithRetryManager:96 - Updater plugin is busy. [10/15]
2026-08-27 16:01:36,805 [INFO] ServerAccessManage:452 - Complete download http(s) 200
2026-08-27 16:01:36,805 [INFO] ServerAccessManage:509 - Download File STMicroelectronics.X-CUBE-AZRTOS-H7.pdsc
2026-08-27 16:01:37,353 [ERROR] LogOutputStream:75 - [STDERR_REDIRECT] [Fatal Error] :1:1: Premature end of file.
2026-08-27 16:01:37,353 [ERROR] LogOutputStream:75 - [STDERR_REDIRECT] 
2026-08-27 16:01:38,014 [INFO] ServerAccessManage:452 - Complete download http(s) 200
2026-08-27 16:01:38,014 [INFO] ServerAccessManage:509 - Download File STMicroelectronics.X-CUBE-AZRTOS-H7RS.pdsc
2026-08-27 16:01:38,361 [ERROR] LogOutputStream:75 - [STDERR_REDIRECT] [Fatal Error] :1:1: Premature end of file.
2026-08-27 16:01:38,361 [ERROR] LogOutputStream:75 - [STDERR_REDIRECT] 
2026-08-27 16:01:38,916 [INFO] ServerAccessManage:452 - Complete download http(s) 200
2026-08-27 16:01:38,916 [INFO] ServerAccessManage:509 - Download File STMicroelectronics.X-CUBE-AZRTOS-F4.pdsc
2026-08-27 16:01:39,353 [ERROR] LogOutputStream:75 - [STDERR_REDIRECT] [Fatal Error] :1:1: Premature end of file.
2026-08-27 16:01:39,353 [ERROR] LogOutputStream:75 - [STDERR_REDIRECT] 
2026-08-27 16:01:39,469 [WARN] MainUpdater:1193 - Updater busy. Cannot search thirdparties
2026-08-27 16:01:39,469 [INFO] ThirdPartyUpdaterWithRetryManager:96 - Updater plugin is busy. [11/15]
2026-08-27 16:01:39,660 [INFO] ServerAccessManage:452 - Complete download http(s) 200
2026-08-27 16:01:39,660 [INFO] ServerAccessManage:509 - Download File STMicroelectronics.X-CUBE-AZRTOS-F7.pdsc
2026-08-27 16:01:40,353 [ERROR] LogOutputStream:75 - [STDERR_REDIRECT] [Fatal Error] :1:1: Premature end of file.
2026-08-27 16:01:40,354 [ERROR] LogOutputStream:75 - [STDERR_REDIRECT] 
2026-08-27 16:01:40,399 [INFO] ServerAccessManage:452 - Complete download http(s) 200
2026-08-27 16:01:40,399 [INFO] ServerAccessManage:509 - Download File STMicroelectronics.X-CUBE-AZRTOS-L4.pdsc
2026-08-27 16:01:41,191 [INFO] ServerAccessManage:452 - Complete download http(s) 200
2026-08-27 16:01:41,191 [INFO] ServerAccessManage:509 - Download File STMicroelectronics.X-CUBE-AZRTOS-L5.pdsc
2026-08-27 16:01:41,348 [ERROR] LogOutputStream:75 - [STDERR_REDIRECT] [Fatal Error] :1:1: Premature end of file.
2026-08-27 16:01:41,349 [ERROR] LogOutputStream:75 - [STDERR_REDIRECT] 
2026-08-27 16:01:41,966 [INFO] ServerAccessManage:452 - Complete download http(s) 200
2026-08-27 16:01:41,966 [INFO] ServerAccessManage:509 - Download File STMicroelectronics.X-CUBE-AZRTOS-G0.pdsc
2026-08-27 16:01:42,367 [ERROR] LogOutputStream:75 - [STDERR_REDIRECT] [Fatal Error] :1:1: Premature end of file.
2026-08-27 16:01:42,367 [ERROR] LogOutputStream:75 - [STDERR_REDIRECT] 
2026-08-27 16:01:42,472 [WARN] MainUpdater:1193 - Updater busy. Cannot search thirdparties
2026-08-27 16:01:42,472 [INFO] ThirdPartyUpdaterWithRetryManager:96 - Updater plugin is busy. [12/15]
2026-08-27 16:01:42,685 [INFO] ServerAccessManage:452 - Complete download http(s) 200
2026-08-27 16:01:42,685 [INFO] ServerAccessManage:509 - Download File STMicroelectronics.X-CUBE-AZRTOS-G4.pdsc
2026-08-27 16:01:43,349 [INFO] ServerAccessManage:452 - Complete download http(s) 200
2026-08-27 16:01:43,349 [INFO] ServerAccessManage:509 - Download File STMicroelectronics.X-CUBE-AZRTOS-WB.pdsc
2026-08-27 16:01:43,353 [ERROR] LogOutputStream:75 - [STDERR_REDIRECT] [Fatal Error] :1:1: Premature end of file.
2026-08-27 16:01:43,353 [ERROR] LogOutputStream:75 - [STDERR_REDIRECT] 
2026-08-27 16:01:44,007 [INFO] ServerAccessManage:452 - Complete download http(s) 200
2026-08-27 16:01:44,007 [INFO] ServerAccessManage:509 - Download File STMicroelectronics.X-CUBE-AZRTOS-WL.pdsc
2026-08-27 16:01:44,351 [ERROR] LogOutputStream:75 - [STDERR_REDIRECT] [Fatal Error] :1:1: Premature end of file.
2026-08-27 16:01:44,351 [ERROR] LogOutputStream:75 - [STDERR_REDIRECT] 
2026-08-27 16:01:44,548 [INFO] ServerAccessManage:452 - Complete download http(s) 200
2026-08-27 16:01:44,548 [INFO] ServerAccessManage:509 - Download File STMicroelectronics.X-CUBE-WB05N.pdsc
2026-08-27 16:01:44,705 [INFO] ServerAccessManage:452 - Complete download http(s) 200
2026-08-27 16:01:44,705 [INFO] ServerAccessManage:509 - Download File STMicroelectronics.X-CUBE-WBA.pdsc
2026-08-27 16:01:44,819 [INFO] ServerAccessManage:452 - Complete download http(s) 200
2026-08-27 16:01:44,819 [INFO] ServerAccessManage:509 - Download File STMicroelectronics.eDS-WB_DPC_VIENNA.pdsc
2026-08-27 16:01:45,360 [ERROR] LogOutputStream:75 - [STDERR_REDIRECT] [Fatal Error] :1:1: Premature end of file.
2026-08-27 16:01:45,360 [ERROR] LogOutputStream:75 - [STDERR_REDIRECT] 
2026-08-27 16:01:45,387 [ERROR] ServerAccessManage:1212 - Problem, file not found on Server
2026-08-27 16:01:45,495 [WARN] MainUpdater:1193 - Updater busy. Cannot search thirdparties
2026-08-27 16:01:45,495 [INFO] ThirdPartyUpdaterWithRetryManager:96 - Updater plugin is busy. [13/15]
2026-08-27 16:01:45,902 [ERROR] ServerAccessManage:1212 - Problem, file not found on Server
2026-08-27 16:01:46,354 [ERROR] LogOutputStream:75 - [STDERR_REDIRECT] [Fatal Error] :1:1: Premature end of file.
2026-08-27 16:01:46,354 [ERROR] LogOutputStream:75 - [STDERR_REDIRECT] 
2026-08-27 16:01:46,404 [ERROR] ServerAccessManage:1212 - Problem, file not found on Server
2026-08-27 16:01:46,656 [ERROR] ServerAccessManage:1212 - Problem, file not found on Server
2026-08-27 16:01:47,175 [ERROR] ServerAccessManage:1212 - Problem, file not found on Server
2026-08-27 16:01:47,229 [INFO] ServerAccessManage:452 - Complete download http(s) 200
2026-08-27 16:01:47,229 [INFO] ServerAccessManage:509 - Download File STMicroelectronics.eDS-WB_DPC_TT-BIDIR.pdsc
2026-08-27 16:01:47,352 [ERROR] LogOutputStream:75 - [STDERR_REDIRECT] [Fatal Error] :1:1: Premature end of file.
2026-08-27 16:01:47,352 [ERROR] LogOutputStream:75 - [STDERR_REDIRECT] 
2026-08-27 16:01:47,515 [ERROR] ServerAccessManage:1212 - Problem, file not found on Server
2026-08-27 16:01:47,746 [ERROR] ServerAccessManage:1212 - Problem, file not found on Server
2026-08-27 16:01:48,318 [ERROR] ServerAccessManage:1212 - Problem, file not found on Server
2026-08-27 16:01:48,358 [ERROR] LogOutputStream:75 - [STDERR_REDIRECT] [Fatal Error] :1:1: Premature end of file.
2026-08-27 16:01:48,358 [ERROR] LogOutputStream:75 - [STDERR_REDIRECT] 
2026-08-27 16:01:48,504 [WARN] MainUpdater:1193 - Updater busy. Cannot search thirdparties
2026-08-27 16:01:48,504 [INFO] ThirdPartyUpdaterWithRetryManager:96 - Updater plugin is busy. [14/15]
2026-08-27 16:01:48,820 [ERROR] ServerAccessManage:1212 - Problem, file not found on Server
2026-08-27 16:01:48,882 [INFO] ServerAccessManage:452 - Complete download http(s) 200
2026-08-27 16:01:48,882 [INFO] ServerAccessManage:509 - Download File STMicroelectronics.eDS-WB_DPC_3PH2L-BIDIR.pdsc
2026-08-27 16:01:49,155 [ERROR] ServerAccessManage:1212 - Problem, file not found on Server
2026-08-27 16:01:49,355 [ERROR] LogOutputStream:75 - [STDERR_REDIRECT] [Fatal Error] :1:1: Premature end of file.
2026-08-27 16:01:49,355 [ERROR] LogOutputStream:75 - [STDERR_REDIRECT] 
2026-08-27 16:01:49,657 [ERROR] ServerAccessManage:1212 - Problem, file not found on Server
2026-08-27 16:01:49,951 [INFO] ServerAccessManage:452 - Complete download http(s) 200
2026-08-27 16:01:49,951 [INFO] ServerAccessManage:509 - Download File wolfSSL.I-CUBE-wolfSSL.pdsc
2026-08-27 16:01:50,352 [ERROR] LogOutputStream:75 - [STDERR_REDIRECT] [Fatal Error] :1:1: Premature end of file.
2026-08-27 16:01:50,352 [ERROR] LogOutputStream:75 - [STDERR_REDIRECT] 
2026-08-27 16:01:51,362 [ERROR] LogOutputStream:75 - [STDERR_REDIRECT] [Fatal Error] :1:1: Premature end of file.
2026-08-27 16:01:51,362 [ERROR] LogOutputStream:75 - [STDERR_REDIRECT] 
2026-08-27 16:01:51,506 [WARN] MainUpdater:1193 - Updater busy. Cannot search thirdparties
2026-08-27 16:01:51,506 [INFO] ThirdPartyUpdaterWithRetryManager:96 - Updater plugin is busy. [15/15]
2026-08-27 16:01:51,506 [ERROR] IntegrityCheckThread:130 - Cannot retrieve database content from updater: error -1
2026-08-27 16:01:51,506 [INFO] ThirdParty:978 - Integrity check success = false
2026-08-27 16:01:51,506 [INFO] IntegrityCheckThread:100 - exiting critical section [integrity check]
2026-08-27 16:01:51,506 [INFO] IntegrityCheckThread:103 - End integrity checks thread
2026-08-27 16:01:52,350 [ERROR] LogOutputStream:75 - [STDERR_REDIRECT] [Fatal Error] :1:1: Premature end of file.
2026-08-27 16:01:52,350 [ERROR] LogOutputStream:75 - [STDERR_REDIRECT] 
2026-08-27 16:01:53,355 [ERROR] LogOutputStream:75 - [STDERR_REDIRECT] [Fatal Error] :1:1: Premature end of file.
2026-08-27 16:01:53,355 [ERROR] LogOutputStream:75 - [STDERR_REDIRECT] 
2026-08-27 16:01:54,352 [ERROR] LogOutputStream:75 - [STDERR_REDIRECT] [Fatal Error] :1:1: Premature end of file.
2026-08-27 16:01:54,352 [ERROR] LogOutputStream:75 - [STDERR_REDIRECT] 
2026-08-27 16:01:55,355 [ERROR] LogOutputStream:75 - [STDERR_REDIRECT] [Fatal Error] :1:1: Premature end of file.
2026-08-27 16:01:55,355 [ERROR] LogOutputStream:75 - [STDERR_REDIRECT] 
2026-08-27 16:01:56,343 [ERROR] LogOutputStream:75 - [STDERR_REDIRECT] [Fatal Error] :1:1: Premature end of file.
2026-08-27 16:01:56,343 [ERROR] LogOutputStream:75 - [STDERR_REDIRECT] 
2026-08-27 16:01:56,883 [ERROR] ServerAccessManage:1212 - Problem, file not found on Server
2026-08-27 16:01:56,957 [ERROR] ServerAccessManage:1212 - Problem, file not found on Server
2026-08-27 16:01:57,014 [ERROR] ServerAccessManage:1212 - Problem, file not found on Server
2026-08-27 16:01:57,037 [INFO] ServerAccessManage:452 - Complete download http(s) 200
2026-08-27 16:01:57,037 [INFO] ServerAccessManage:509 - Download File wolfSSL.I-CUBE-wolfMQTT.pdsc
2026-08-27 16:01:57,344 [INFO] ServerAccessManage:452 - Complete download http(s) 200
2026-08-27 16:01:57,344 [INFO] ServerAccessManage:509 - Download File wolfSSL.I-CUBE-wolfTPM.pdsc
2026-08-27 16:01:57,344 [ERROR] LogOutputStream:75 - [STDERR_REDIRECT] [Fatal Error] :1:1: Premature end of file.
2026-08-27 16:01:57,344 [ERROR] LogOutputStream:75 - [STDERR_REDIRECT] 
2026-08-27 16:01:58,354 [ERROR] LogOutputStream:75 - [STDERR_REDIRECT] [Fatal Error] :1:1: Premature end of file.
2026-08-27 16:01:58,354 [ERROR] LogOutputStream:75 - [STDERR_REDIRECT] 
2026-08-27 16:01:59,006 [INFO] ServerAccessManage:452 - Complete download http(s) 200
2026-08-27 16:01:59,006 [INFO] ServerAccessManage:509 - Download File wolfSSL.I-CUBE-wolfSSH.pdsc
2026-08-27 16:01:59,346 [ERROR] LogOutputStream:75 - [STDERR_REDIRECT] [Fatal Error] :1:1: Premature end of file.
2026-08-27 16:01:59,346 [ERROR] LogOutputStream:75 - [STDERR_REDIRECT] 
2026-08-27 16:02:00,353 [ERROR] LogOutputStream:75 - [STDERR_REDIRECT] [Fatal Error] :1:1: Premature end of file.
2026-08-27 16:02:00,353 [ERROR] LogOutputStream:75 - [STDERR_REDIRECT] 
2026-08-27 16:02:00,614 [INFO] ServerAccessManage:452 - Complete download http(s) 200
2026-08-27 16:02:00,614 [INFO] ServerAccessManage:509 - Download File RealThread.X-CUBE-RT-Thread_Nano.pdsc
2026-08-27 16:02:01,360 [ERROR] LogOutputStream:75 - [STDERR_REDIRECT] [Fatal Error] :1:1: Premature end of file.
2026-08-27 16:02:01,360 [ERROR] LogOutputStream:75 - [STDERR_REDIRECT] 
2026-08-27 16:02:01,454 [INFO] ServerAccessManage:452 - Complete download http(s) 200
2026-08-27 16:02:01,454 [INFO] ServerAccessManage:509 - Download File SEGGER.I-CUBE-embOS.pdsc
2026-08-27 16:02:02,352 [ERROR] LogOutputStream:75 - [STDERR_REDIRECT] [Fatal Error] :1:1: Premature end of file.
2026-08-27 16:02:02,352 [ERROR] LogOutputStream:75 - [STDERR_REDIRECT] 
2026-08-27 16:02:03,349 [ERROR] LogOutputStream:75 - [STDERR_REDIRECT] [Fatal Error] :1:1: Premature end of file.
2026-08-27 16:02:03,349 [ERROR] LogOutputStream:75 - [STDERR_REDIRECT] 
2026-08-27 16:02:03,605 [INFO] ServerAccessManage:452 - Complete download http(s) 200
2026-08-27 16:02:03,605 [INFO] ServerAccessManage:509 - Download File emotas.I-CUBE-CANOPEN.pdsc
2026-08-27 16:02:04,349 [ERROR] LogOutputStream:75 - [STDERR_REDIRECT] [Fatal Error] :1:1: Premature end of file.
2026-08-27 16:02:04,349 [ERROR] LogOutputStream:75 - [STDERR_REDIRECT] 
2026-08-27 16:02:05,338 [ERROR] LogOutputStream:75 - [STDERR_REDIRECT] [Fatal Error] :1:1: Premature end of file.
2026-08-27 16:02:05,338 [ERROR] LogOutputStream:75 - [STDERR_REDIRECT] 
2026-08-27 16:02:05,545 [INFO] ServerAccessManage:452 - Complete download http(s) 200
2026-08-27 16:02:05,545 [INFO] ServerAccessManage:509 - Download File WES.I-CUBE-Cesium.pdsc
2026-08-27 16:02:06,360 [ERROR] LogOutputStream:75 - [STDERR_REDIRECT] [Fatal Error] :1:1: Premature end of file.
2026-08-27 16:02:06,360 [ERROR] LogOutputStream:75 - [STDERR_REDIRECT] 
2026-08-27 16:02:06,670 [ERROR] ServerAccessManage:1212 - Problem, file not found on Server
2026-08-27 16:02:07,029 [ERROR] ServerAccessManage:1212 - Problem, file not found on Server
2026-08-27 16:02:07,344 [ERROR] LogOutputStream:75 - [STDERR_REDIRECT] [Fatal Error] :1:1: Premature end of file.
2026-08-27 16:02:07,344 [ERROR] LogOutputStream:75 - [STDERR_REDIRECT] 
2026-08-27 16:02:08,239 [INFO] ServerAccessManage:452 - Complete download http(s) 200
2026-08-27 16:02:08,239 [INFO] ServerAccessManage:509 - Download File ITTIA_DB.I-CUBE-ITTIADB.pdsc
2026-08-27 16:02:08,351 [ERROR] LogOutputStream:75 - [STDERR_REDIRECT] [Fatal Error] :1:1: Premature end of file.
2026-08-27 16:02:08,351 [ERROR] LogOutputStream:75 - [STDERR_REDIRECT] 
2026-08-27 16:02:09,347 [ERROR] LogOutputStream:75 - [STDERR_REDIRECT] [Fatal Error] :1:1: Premature end of file.
2026-08-27 16:02:09,347 [ERROR] LogOutputStream:75 - [STDERR_REDIRECT] 
2026-08-27 16:02:10,361 [ERROR] LogOutputStream:75 - [STDERR_REDIRECT] [Fatal Error] :1:1: Premature end of file.
2026-08-27 16:02:10,361 [ERROR] LogOutputStream:75 - [STDERR_REDIRECT] 
2026-08-27 16:02:11,352 [ERROR] LogOutputStream:75 - [STDERR_REDIRECT] [Fatal Error] :1:1: Premature end of file.
2026-08-27 16:02:11,353 [ERROR] LogOutputStream:75 - [STDERR_REDIRECT] 
2026-08-27 16:02:12,354 [ERROR] LogOutputStream:75 - [STDERR_REDIRECT] [Fatal Error] :1:1: Premature end of file.
2026-08-27 16:02:12,354 [ERROR] LogOutputStream:75 - [STDERR_REDIRECT] 
2026-08-27 16:02:12,725 [INFO] ServerAccessManage:452 - Complete download http(s) 200
2026-08-27 16:02:12,725 [INFO] ServerAccessManage:509 - Download File Infineon.AIROC-Wi-Fi-Bluetooth-STM32.pdsc
2026-08-27 16:02:13,352 [ERROR] LogOutputStream:75 - [STDERR_REDIRECT] [Fatal Error] :1:1: Premature end of file.
2026-08-27 16:02:13,352 [ERROR] LogOutputStream:75 - [STDERR_REDIRECT] 
2026-08-27 16:02:14,341 [ERROR] LogOutputStream:75 - [STDERR_REDIRECT] [Fatal Error] :1:1: Premature end of file.
2026-08-27 16:02:14,341 [ERROR] LogOutputStream:75 - [STDERR_REDIRECT] 
2026-08-27 16:02:15,362 [ERROR] LogOutputStream:75 - [STDERR_REDIRECT] [Fatal Error] :1:1: Premature end of file.
2026-08-27 16:02:15,362 [ERROR] LogOutputStream:75 - [STDERR_REDIRECT] 
2026-08-27 16:02:16,101 [INFO] ServerAccessManage:452 - Complete download http(s) 200
2026-08-27 16:02:16,101 [INFO] ServerAccessManage:509 - Download File Cesanta.I-CUBE-Mongoose.pdsc
2026-08-27 16:02:16,362 [ERROR] LogOutputStream:75 - [STDERR_REDIRECT] [Fatal Error] :1:1: Premature end of file.
2026-08-27 16:02:16,363 [ERROR] LogOutputStream:75 - [STDERR_REDIRECT] 
2026-08-27 16:02:17,349 [ERROR] LogOutputStream:75 - [STDERR_REDIRECT] [Fatal Error] :1:1: Premature end of file.
2026-08-27 16:02:17,349 [ERROR] LogOutputStream:75 - [STDERR_REDIRECT] 
2026-08-27 16:02:18,348 [ERROR] LogOutputStream:75 - [STDERR_REDIRECT] [Fatal Error] :1:1: Premature end of file.
2026-08-27 16:02:18,348 [ERROR] LogOutputStream:75 - [STDERR_REDIRECT] 
2026-08-27 16:02:19,350 [ERROR] LogOutputStream:75 - [STDERR_REDIRECT] [Fatal Error] :1:1: Premature end of file.
2026-08-27 16:02:19,350 [ERROR] LogOutputStream:75 - [STDERR_REDIRECT] 
2026-08-27 16:02:20,350 [ERROR] LogOutputStream:75 - [STDERR_REDIRECT] [Fatal Error] :1:1: Premature end of file.
2026-08-27 16:02:20,350 [ERROR] LogOutputStream:75 - [STDERR_REDIRECT] 
2026-08-27 16:02:21,350 [ERROR] LogOutputStream:75 - [STDERR_REDIRECT] [Fatal Error] :1:1: Premature end of file.
2026-08-27 16:02:21,350 [ERROR] LogOutputStream:75 - [STDERR_REDIRECT] 
2026-08-27 16:02:21,657 [INFO] ServerAccessManage:452 - Complete download http(s) 200
2026-08-27 16:02:21,657 [INFO] ServerAccessManage:509 - Download File EmbeddedOffice.I-CUBE-FS-RTOS.pdsc
2026-08-27 16:02:22,347 [ERROR] LogOutputStream:75 - [STDERR_REDIRECT] [Fatal Error] :1:1: Premature end of file.
2026-08-27 16:02:22,347 [ERROR] LogOutputStream:75 - [STDERR_REDIRECT] 
2026-08-27 16:02:23,349 [ERROR] LogOutputStream:75 - [STDERR_REDIRECT] [Fatal Error] :1:1: Premature end of file.
2026-08-27 16:02:23,349 [ERROR] LogOutputStream:75 - [STDERR_REDIRECT] 
2026-08-27 16:02:23,408 [INFO] ServerAccessManage:452 - Complete download http(s) 200
2026-08-27 16:02:23,408 [INFO] ServerAccessManage:509 - Download File quantropi.X-CUBE-qispace-sdk-base.pdsc
2026-08-27 16:02:24,349 [ERROR] LogOutputStream:75 - [STDERR_REDIRECT] [Fatal Error] :1:1: Premature end of file.
2026-08-27 16:02:24,349 [ERROR] LogOutputStream:75 - [STDERR_REDIRECT] 
2026-08-27 16:02:24,609 [ERROR] ServerAccessManage:1295 - Problem during Server Connection :  IO error PKIX path building failed: sun.security.provider.certpath.SunCertPathBuilderException: unable to find valid certification path to requested target
2026-08-27 16:02:24,609 [ERROR] ServerAccessManage:740 - Problem during Server Connection :  : Avnet-IOTCONNECT.X-CUBE-iotc-st67-sdk.pdsc.
2026-08-27 16:02:24,663 [WARN] CheckServerUpdateThread:151 - Open CheckUpdateFile Fail
2026-08-27 16:02:24,670 [WARN] PackLoader:240 - Cannot read IP mode file for STMicroelectronics.FP-ATR-ASTRA1.2.0.3
2026-08-27 16:02:24,675 [WARN] PackLoader:240 - Cannot read IP mode file for STMicroelectronics.FP-ATR-SIGFOX1.3.2.0
2026-08-27 16:02:24,682 [WARN] PackLoader:240 - Cannot read IP mode file for STMicroelectronics.FP-SNS-STBOX1.2.1.0
2026-08-27 16:02:24,688 [WARN] PackLoader:240 - Cannot read IP mode file for STMicroelectronics.FP-SNS-FLIGHT1.5.1.0
2026-08-27 16:02:24,691 [WARN] PackLoader:240 - Cannot read IP mode file for STMicroelectronics.FP-SNS-MOTENV1.5.1.0
2026-08-27 16:02:24,695 [WARN] PackLoader:240 - Cannot read IP mode file for STMicroelectronics.FP-SNS-MOTENVWB1.1.5.0
2026-08-27 16:02:24,699 [WARN] PackLoader:240 - Cannot read IP mode file for STMicroelectronics.FP-SNS-SMARTAG2.1.2.0
2026-08-27 16:02:24,705 [WARN] PackLoader:240 - Cannot read IP mode file for STMicroelectronics.FP-SNS-STAIOTCFT.1.1.0
2026-08-27 16:02:24,709 [WARN] PackLoader:240 - Cannot read IP mode file for STMicroelectronics.X-CUBE-AI.10.2.1
2026-08-27 16:02:24,712 [WARN] PackLoader:240 - Cannot read IP mode file for STMicroelectronics.X-CUBE-ALS.1.0.2
2026-08-27 16:02:24,717 [WARN] PackLoader:240 - Cannot read IP mode file for STMicroelectronics.X-CUBE-BLE1.7.1.0
2026-08-27 16:02:24,721 [WARN] PackLoader:240 - Cannot read IP mode file for STMicroelectronics.X-CUBE-BLE2.3.3.0
2026-08-27 16:02:24,724 [WARN] PopulateThirdPartyThread:106 - Error when creating pack: C:/Users/student/.stm32cubemx/thirdparties/pdsc/STMicroelectronics.X-CUBE-BLEMGR.pdsc
2026-08-27 16:02:24,732 [WARN] PackLoader:240 - Cannot read IP mode file for STMicroelectronics.X-CUBE-DISPLAY.3.0.0
2026-08-27 16:02:24,739 [WARN] PackLoader:240 - Cannot read IP mode file for STMicroelectronics.X-CUBE-DPower.1.3.0
2026-08-27 16:02:24,743 [WARN] PackLoader:240 - Cannot read IP mode file for STMicroelectronics.X-CUBE-EEPRMA1.5.2.0
2026-08-27 16:02:24,749 [WARN] PackLoader:240 - Cannot read IP mode file for STMicroelectronics.X-CUBE-FREERTOS.1.6.0
2026-08-27 16:02:24,752 [WARN] PackLoader:240 - Cannot read IP mode file for STMicroelectronics.X-CUBE-GNSS1.7.1.1
2026-08-27 16:02:24,756 [WARN] PackLoader:240 - Cannot read IP mode file for STMicroelectronics.X-CUBE-ISPU.2.1.0
2026-08-27 16:02:24,762 [WARN] PackLoader:240 - Cannot read IP mode file for STMicroelectronics.X-CUBE-IPS.3.2.0
2026-08-27 16:02:24,781 [INFO] CheckServerUpdateThread:120 - End of CheckServer Thread
2026-08-27 16:02:24,793 [WARN] PackLoader:240 - Cannot read IP mode file for STMicroelectronics.X-CUBE-MEMS1.13.0.0
2026-08-27 16:02:24,874 [WARN] PackLoader:240 - Cannot read IP mode file for STMicroelectronics.X-CUBE-NFC4.3.0.0
2026-08-27 16:02:24,879 [WARN] PackLoader:240 - Cannot read IP mode file for STMicroelectronics.X-CUBE-NFC6.3.2.0
2026-08-27 16:02:24,882 [WARN] PackLoader:240 - Cannot read IP mode file for STMicroelectronics.X-CUBE-NFC7.2.0.0
2026-08-27 16:02:24,887 [WARN] PackLoader:240 - Cannot read IP mode file for STMicroelectronics.X-CUBE-NFC9.1.0.0
2026-08-27 16:02:24,891 [WARN] PackLoader:240 - Cannot read IP mode file for STMicroelectronics.X-CUBE-NFC10.1.0.0
2026-08-27 16:02:24,895 [WARN] PackLoader:240 - Cannot read IP mode file for STMicroelectronics.X-CUBE-NFC12.1.0.0
2026-08-27 16:02:24,899 [WARN] PackLoader:240 - Cannot read IP mode file for STMicroelectronics.X-CUBE-NFC13.1.0.0
2026-08-27 16:02:24,903 [WARN] PackLoader:240 - Cannot read IP mode file for STMicroelectronics.X-CUBE-SFXS2LP1.4.0.0
2026-08-27 16:02:24,909 [WARN] PackLoader:240 - Cannot read IP mode file for STMicroelectronics.X-CUBE-SUBG2.5.0.0
2026-08-27 16:02:24,912 [WARN] PopulateThirdPartyThread:106 - Error when creating pack: C:/Users/student/.stm32cubemx/thirdparties/pdsc/STMicroelectronics.X-CUBE-SMBUS.pdsc
2026-08-27 16:02:24,915 [WARN] PackLoader:240 - Cannot read IP mode file for STMicroelectronics.X-CUBE-ST60.1.1.0
2026-08-27 16:02:24,917 [WARN] PopulateThirdPartyThread:106 - Error when creating pack: C:/Users/student/.stm32cubemx/thirdparties/pdsc/STMicroelectronics.X-CUBE-ST67W61.pdsc
2026-08-27 16:02:24,921 [WARN] PackLoader:240 - Cannot read IP mode file for STMicroelectronics.X-CUBE-STSE01.2.0.0
2026-08-27 16:02:24,923 [WARN] PackLoader:240 - Cannot read IP mode file for STMicroelectronics.X-CUBE-PM33A1.1.0.0
2026-08-27 16:02:24,927 [WARN] PackLoader:240 - Cannot read IP mode file for STMicroelectronics.X-CUBE-TCPP.4.2.0
2026-08-27 16:02:24,932 [WARN] PackLoader:240 - Cannot read IP mode file for STMicroelectronics.X-CUBE-TOF1.3.4.3
2026-08-27 16:02:24,940 [WARN] PackLoader:240 - Cannot read IP mode file for STMicroelectronics.X-CUBE-TOUCHGFX.4.26.1
2026-08-27 16:02:24,944 [WARN] PackLoader:240 - Cannot read IP mode file for STMicroelectronics.X-CUBE-ALGOBUILD.1.5.0
2026-08-27 16:02:24,952 [WARN] PackLoader:240 - Cannot read IP mode file for STMicroelectronics.X-CUBE-AZRTOS-H7.3.5.0
2026-08-27 16:02:24,961 [WARN] PackLoader:240 - Cannot read IP mode file for STMicroelectronics.X-CUBE-AZRTOS-H7RS.1.3.0
2026-08-27 16:02:24,969 [WARN] PackLoader:240 - Cannot read IP mode file for STMicroelectronics.X-CUBE-AZRTOS-F4.1.1.0
2026-08-27 16:02:24,977 [WARN] PackLoader:240 - Cannot read IP mode file for STMicroelectronics.X-CUBE-AZRTOS-F7.1.1.0
2026-08-27 16:02:24,987 [WARN] ConditionMgr:438 - getConditionDescription Invalid condition id : LAN8742 Phy interface Condition cause : null
2026-08-27 16:02:24,988 [WARN] PackLoader:240 - Cannot read IP mode file for STMicroelectronics.X-CUBE-AZRTOS-L4.2.0.0
2026-08-27 16:02:24,988 [WARN] ConditionMgr:1044 - genDependencies : Invalid condition id : LAN8742 Phy interface Condition cause : null
2026-08-27 16:02:24,988 [WARN] ConditionMgr:1044 - genDependencies : Invalid condition id : LAN8742 Phy interface Condition cause : null
2026-08-27 16:02:24,989 [WARN] ConditionMgr:1044 - genDependencies : Invalid condition id : LAN8742 Phy interface Condition cause : null
2026-08-27 16:02:24,996 [WARN] PackLoader:240 - Cannot read IP mode file for STMicroelectronics.X-CUBE-AZRTOS-L5.2.0.0
2026-08-27 16:02:25,003 [WARN] PackLoader:240 - Cannot read IP mode file for STMicroelectronics.X-CUBE-AZRTOS-G0.1.1.0
2026-08-27 16:02:25,011 [WARN] PackLoader:240 - Cannot read IP mode file for STMicroelectronics.X-CUBE-AZRTOS-G4.2.0.0
2026-08-27 16:02:25,017 [WARN] ConditionMgr:438 - getConditionDescription Invalid condition id : UX DEVICE CLASS RTOS Condition cause : null
2026-08-27 16:02:25,017 [WARN] ConditionMgr:438 - getConditionDescription Invalid condition id : UX DEVICE CLASS RTOS Condition cause : null
2026-08-27 16:02:25,018 [WARN] PackLoader:240 - Cannot read IP mode file for STMicroelectronics.X-CUBE-AZRTOS-WB.2.0.0
2026-08-27 16:02:25,018 [WARN] ConditionMgr:1044 - genDependencies : Invalid condition id : UX DEVICE CLASS RTOS Condition cause : null
2026-08-27 16:02:25,018 [WARN] ConditionMgr:1044 - genDependencies : Invalid condition id : UX DEVICE CLASS RTOS Condition cause : null
2026-08-27 16:02:25,018 [WARN] ConditionMgr:1044 - genDependencies : Invalid condition id : UX DEVICE CLASS RTOS Condition cause : null
2026-08-27 16:02:25,018 [WARN] ConditionMgr:1044 - genDependencies : Invalid condition id : UX DEVICE CLASS RTOS Condition cause : null
2026-08-27 16:02:25,018 [WARN] ConditionMgr:1044 - genDependencies : Invalid condition id : UX DEVICE CLASS RTOS Condition cause : null
2026-08-27 16:02:25,023 [INFO] LogOutputStream:77 - [STDOUT_REDIRECT] 1 : Invalid condition id : UX_CORESTACK_Condition cause : null
2026-08-27 16:02:25,023 [INFO] LogOutputStream:77 - [STDOUT_REDIRECT] 1 : Invalid condition id : UX_CORESTACK_Condition cause : null
2026-08-27 16:02:25,023 [INFO] LogOutputStream:77 - [STDOUT_REDIRECT] 1 : Invalid condition id : UX_CORESTACK_Condition cause : null
2026-08-27 16:02:25,024 [INFO] LogOutputStream:77 - [STDOUT_REDIRECT] 1 : Invalid condition id : UX_CORESTACK_Condition cause : null
2026-08-27 16:02:25,024 [INFO] LogOutputStream:77 - [STDOUT_REDIRECT] 1 : Invalid condition id : UX_CORESTACK_Condition cause : null
2026-08-27 16:02:25,025 [WARN] PackLoader:240 - Cannot read IP mode file for STMicroelectronics.X-CUBE-AZRTOS-WL.2.0.0
2026-08-27 16:02:25,029 [WARN] PackLoader:240 - Cannot read IP mode file for STMicroelectronics.X-CUBE-WB05N.2.1.0
2026-08-27 16:02:25,030 [WARN] PopulateThirdPartyThread:106 - Error when creating pack: C:/Users/student/.stm32cubemx/thirdparties/pdsc/STMicroelectronics.X-CUBE-WBA.pdsc
2026-08-27 16:02:25,032 [WARN] PackLoader:240 - Cannot read IP mode file for STMicroelectronics.eDS-WB_DPC_VIENNA.1.2.0
2026-08-27 16:02:25,047 [WARN] PackLoader:240 - Cannot read IP mode file for STMicroelectronics.eDS-WB_DPC_TT-BIDIR.2.1.1
2026-08-27 16:02:25,049 [WARN] PackLoader:240 - Cannot read IP mode file for STMicroelectronics.eDS-WB_DPC_3PH2L-BIDIR.1.1.1
2026-08-27 16:02:25,051 [WARN] PackLoader:240 - Cannot read IP mode file for wolfSSL.I-CUBE-wolfSSL.5.9.2
2026-08-27 16:02:25,054 [WARN] PackLoader:240 - Cannot read IP mode file for wolfSSL.I-CUBE-wolfMQTT.1.19.2
2026-08-27 16:02:25,056 [WARN] PackLoader:240 - Cannot read IP mode file for wolfSSL.I-CUBE-wolfTPM.3.8.0
2026-08-27 16:02:25,059 [WARN] PackLoader:240 - Cannot read IP mode file for wolfSSL.I-CUBE-wolfSSH.1.4.20
2026-08-27 16:02:25,061 [WARN] PackLoader:240 - Cannot read IP mode file for RealThread.X-CUBE-RT-Thread_Nano.4.1.1
2026-08-27 16:02:25,072 [WARN] PackLoader:240 - Cannot read IP mode file for SEGGER.I-CUBE-embOS.1.3.1
2026-08-27 16:02:25,093 [WARN] PackLoader:240 - Cannot read IP mode file for emotas.I-CUBE-CANOPEN.1.3.0
2026-08-27 16:02:25,098 [WARN] PackLoader:240 - Cannot read IP mode file for WES.I-CUBE-Cesium.1.4.0
2026-08-27 16:02:25,102 [WARN] PackLoader:240 - Cannot read IP mode file for ITTIA_DB.I-CUBE-ITTIADB.8.9.0
2026-08-27 16:02:25,109 [WARN] PackLoader:240 - Cannot read IP mode file for Infineon.AIROC-Wi-Fi-Bluetooth-STM32.1.8.0
2026-08-27 16:02:25,114 [WARN] PackLoader:240 - Cannot read IP mode file for Cesanta.I-CUBE-Mongoose.7.21.7
2026-08-27 16:02:25,118 [WARN] PackLoader:240 - Cannot read IP mode file for EmbeddedOffice.I-CUBE-FS-RTOS.1.0.1
2026-08-27 16:02:25,121 [WARN] ConditionMgr:438 - getConditionDescription Invalid condition id : Cortex-A Device cause : null
2026-08-27 16:02:25,128 [WARN] ConditionMgr:1044 - genDependencies : Invalid condition id : Cortex-A Device cause : null
2026-08-27 16:02:25,128 [WARN] ConditionMgr:1044 - genDependencies : Invalid condition id : Cortex-A Device cause : null
2026-08-27 16:02:25,128 [WARN] ConditionMgr:1044 - genDependencies : Invalid condition id : Cortex-A Device cause : null
2026-08-27 16:02:25,129 [INFO] PopulateThirdPartyThread:66 - Ending populate Thread
2026-08-27 16:02:25,130 [INFO] ThirdParty:1030 - CMSIS Pack Vendor :STMicroelectronics X-CUBE-AZRTOS-H7 3.5.0
2026-08-27 16:02:25,130 [INFO] ThirdParty:1030 - CMSIS Pack Vendor :STMicroelectronics X-CUBE-PM33A1 1.0.0
2026-08-27 16:02:25,130 [INFO] ThirdParty:1030 - CMSIS Pack Vendor :STMicroelectronics X-CUBE-NFC9 1.0.0
2026-08-27 16:02:25,130 [INFO] ThirdParty:1030 - CMSIS Pack Vendor :STMicroelectronics FP-ATR-ASTRA1 2.0.3
2026-08-27 16:02:25,130 [INFO] ThirdParty:1030 - CMSIS Pack Vendor :STMicroelectronics X-CUBE-AZRTOS-F4 1.1.0
2026-08-27 16:02:25,130 [INFO] ThirdParty:1030 - CMSIS Pack Vendor :STMicroelectronics X-CUBE-BLE1 7.1.0
2026-08-27 16:02:25,130 [INFO] ThirdParty:1030 - CMSIS Pack Vendor :wolfSSL I-CUBE-wolfMQTT 1.19.2
2026-08-27 16:02:25,130 [INFO] ThirdParty:1030 - CMSIS Pack Vendor :STMicroelectronics X-CUBE-ISPU 2.1.0
2026-08-27 16:02:25,130 [INFO] ThirdParty:1030 - CMSIS Pack Vendor :STMicroelectronics X-CUBE-EEPRMA1 5.2.0
2026-08-27 16:02:25,130 [INFO] ThirdParty:1030 - CMSIS Pack Vendor :STMicroelectronics X-CUBE-IPS 3.2.0
2026-08-27 16:02:25,130 [INFO] ThirdParty:1030 - CMSIS Pack Vendor :STMicroelectronics eDS-WB_DPC_TT-BIDIR 2.1.1
2026-08-27 16:02:25,130 [INFO] ThirdParty:1030 - CMSIS Pack Vendor :STMicroelectronics X-CUBE-AZRTOS-WB 2.0.0
2026-08-27 16:02:25,130 [INFO] ThirdParty:1030 - CMSIS Pack Vendor :STMicroelectronics X-CUBE-NFC12 1.0.0
2026-08-27 16:02:25,130 [INFO] ThirdParty:1030 - CMSIS Pack Vendor :STMicroelectronics X-CUBE-AZRTOS-F7 1.1.0
2026-08-27 16:02:25,130 [INFO] ThirdParty:1030 - CMSIS Pack Vendor :STMicroelectronics X-CUBE-AZRTOS-L5 2.0.0
2026-08-27 16:02:25,130 [INFO] ThirdParty:1030 - CMSIS Pack Vendor :STMicroelectronics X-CUBE-FREERTOS 1.6.0
2026-08-27 16:02:25,130 [INFO] ThirdParty:1030 - CMSIS Pack Vendor :STMicroelectronics FP-SNS-STAIOTCFT 1.1.0
2026-08-27 16:02:25,130 [INFO] ThirdParty:1030 - CMSIS Pack Vendor :quantropi X-CUBE-qispace-sdk-base 2.1.0
2026-08-27 16:02:25,130 [INFO] ThirdParty:1030 - CMSIS Pack Vendor :STMicroelectronics X-CUBE-STSE01 2.0.0
2026-08-27 16:02:25,130 [INFO] ThirdParty:1030 - CMSIS Pack Vendor :STMicroelectronics X-CUBE-ALGOBUILD 1.5.0
2026-08-27 16:02:25,130 [INFO] ThirdParty:1030 - CMSIS Pack Vendor :STMicroelectronics FP-SNS-MOTENV1 5.1.0
2026-08-27 16:02:25,130 [INFO] ThirdParty:1030 - CMSIS Pack Vendor :STMicroelectronics X-CUBE-AZRTOS-H7RS 1.3.0
2026-08-27 16:02:25,130 [INFO] ThirdParty:1030 - CMSIS Pack Vendor :STMicroelectronics X-CUBE-AZRTOS-G0 1.1.0
2026-08-27 16:02:25,130 [INFO] ThirdParty:1030 - CMSIS Pack Vendor :STMicroelectronics X-CUBE-NFC4 3.0.0
2026-08-27 16:02:25,130 [INFO] ThirdParty:1030 - CMSIS Pack Vendor :STMicroelectronics X-CUBE-SUBG2 5.0.0
2026-08-27 16:02:25,130 [INFO] ThirdParty:1030 - CMSIS Pack Vendor :STMicroelectronics eDS-WB_DPC_VIENNA 1.2.0
2026-08-27 16:02:25,130 [INFO] ThirdParty:1030 - CMSIS Pack Vendor :EmbeddedOffice I-CUBE-FS-RTOS 1.0.1
2026-08-27 16:02:25,130 [INFO] ThirdParty:1030 - CMSIS Pack Vendor :STMicroelectronics X-CUBE-MEMS1 13.0.0
2026-08-27 16:02:25,130 [INFO] ThirdParty:1030 - CMSIS Pack Vendor :WES I-CUBE-Cesium 1.4.0
2026-08-27 16:02:25,130 [INFO] ThirdParty:1030 - CMSIS Pack Vendor :STMicroelectronics eDS-WB_DPC_3PH2L-BIDIR 1.1.1
2026-08-27 16:02:25,130 [INFO] ThirdParty:1030 - CMSIS Pack Vendor :STMicroelectronics X-CUBE-AZRTOS-G4 2.0.0
2026-08-27 16:02:25,130 [INFO] ThirdParty:1030 - CMSIS Pack Vendor :wolfSSL I-CUBE-wolfTPM 3.8.0
2026-08-27 16:02:25,130 [INFO] ThirdParty:1030 - CMSIS Pack Vendor :STMicroelectronics X-CUBE-DISPLAY 3.0.0
2026-08-27 16:02:25,130 [INFO] ThirdParty:1030 - CMSIS Pack Vendor :wolfSSL I-CUBE-wolfSSH 1.4.20
2026-08-27 16:02:25,130 [INFO] ThirdParty:1030 - CMSIS Pack Vendor :STMicroelectronics X-CUBE-NFC7 2.0.0
2026-08-27 16:02:25,130 [INFO] ThirdParty:1030 - CMSIS Pack Vendor :STMicroelectronics FP-SNS-MOTENVWB1 1.5.0
2026-08-27 16:02:25,130 [INFO] ThirdParty:1030 - CMSIS Pack Vendor :STMicroelectronics X-CUBE-GNSS1 7.1.1
2026-08-27 16:02:25,130 [INFO] ThirdParty:1030 - CMSIS Pack Vendor :STMicroelectronics X-CUBE-TCPP 4.2.0
2026-08-27 16:02:25,130 [INFO] ThirdParty:1030 - CMSIS Pack Vendor :RealThread X-CUBE-RT-Thread_Nano 4.1.1
2026-08-27 16:02:25,130 [INFO] ThirdParty:1030 - CMSIS Pack Vendor :STMicroelectronics FP-ATR-SIGFOX1 3.2.0
2026-08-27 16:02:25,130 [INFO] ThirdParty:1030 - CMSIS Pack Vendor :STMicroelectronics X-CUBE-NFC10 1.0.0
2026-08-27 16:02:25,130 [INFO] ThirdParty:1030 - CMSIS Pack Vendor :STMicroelectronics X-CUBE-ALS 1.0.2
2026-08-27 16:02:25,130 [INFO] ThirdParty:1030 - CMSIS Pack Vendor :STMicroelectronics X-CUBE-ST60 1.1.0
2026-08-27 16:02:25,130 [INFO] ThirdParty:1030 - CMSIS Pack Vendor :emotas I-CUBE-CANOPEN 1.3.0
2026-08-27 16:02:25,130 [INFO] ThirdParty:1030 - CMSIS Pack Vendor :wolfSSL I-CUBE-wolfSSL 5.9.2
2026-08-27 16:02:25,130 [INFO] ThirdParty:1030 - CMSIS Pack Vendor :ITTIA_DB I-CUBE-ITTIADB 8.9.0
2026-08-27 16:02:25,130 [INFO] ThirdParty:1030 - CMSIS Pack Vendor :Cesanta I-CUBE-Mongoose 7.21.7
2026-08-27 16:02:25,130 [INFO] ThirdParty:1030 - CMSIS Pack Vendor :STMicroelectronics X-CUBE-TOUCHGFX 4.26.1
2026-08-27 16:02:25,130 [INFO] ThirdParty:1030 - CMSIS Pack Vendor :STMicroelectronics X-CUBE-NFC6 3.2.0
2026-08-27 16:02:25,130 [INFO] ThirdParty:1030 - CMSIS Pack Vendor :STMicroelectronics FP-SNS-STBOX1 2.1.0
2026-08-27 16:02:25,130 [INFO] ThirdParty:1030 - CMSIS Pack Vendor :STMicroelectronics X-CUBE-AI 10.2.1
2026-08-27 16:02:25,130 [INFO] ThirdParty:1030 - CMSIS Pack Vendor :STMicroelectronics FP-SNS-SMARTAG2 1.2.0
2026-08-27 16:02:25,130 [INFO] ThirdParty:1030 - CMSIS Pack Vendor :STMicroelectronics FP-SNS-FLIGHT1 5.1.0
2026-08-27 16:02:25,130 [INFO] ThirdParty:1030 - CMSIS Pack Vendor :STMicroelectronics X-CUBE-AZRTOS-WL 2.0.0
2026-08-27 16:02:25,131 [INFO] ThirdParty:1030 - CMSIS Pack Vendor :SEGGER I-CUBE-embOS 1.3.1
2026-08-27 16:02:25,131 [INFO] ThirdParty:1030 - CMSIS Pack Vendor :STMicroelectronics X-CUBE-DPower 1.3.0
2026-08-27 16:02:25,131 [INFO] ThirdParty:1030 - CMSIS Pack Vendor :STMicroelectronics X-CUBE-AZRTOS-L4 2.0.0
2026-08-27 16:02:25,131 [INFO] ThirdParty:1030 - CMSIS Pack Vendor :STMicroelectronics X-CUBE-SFXS2LP1 4.0.0
2026-08-27 16:02:25,131 [INFO] ThirdParty:1030 - CMSIS Pack Vendor :STMicroelectronics X-CUBE-BLE2 3.3.0
2026-08-27 16:02:25,131 [INFO] ThirdParty:1030 - CMSIS Pack Vendor :STMicroelectronics X-CUBE-TOF1 3.4.3
2026-08-27 16:02:25,131 [INFO] ThirdParty:1030 - CMSIS Pack Vendor :Infineon AIROC-Wi-Fi-Bluetooth-STM32 1.8.0
2026-08-27 16:02:25,131 [INFO] ThirdParty:1030 - CMSIS Pack Vendor :STMicroelectronics X-CUBE-NFC13 1.0.0
2026-08-27 16:02:25,131 [INFO] ThirdParty:1030 - CMSIS Pack Vendor :STMicroelectronics X-CUBE-WB05N 2.1.0
2026-08-27 16:02:25,131 [INFO] LoadServerUpdatesThread:375 - End of LoadServerUpdate Thread
2026-08-27 16:02:30,378 [ERROR] LogOutputStream:75 - [STDERR_REDIRECT] [Fatal Error] :1:1: Premature end of file.
2026-08-27 16:02:30,378 [ERROR] LogOutputStream:75 - [STDERR_REDIRECT] 
2026-08-27 16:02:30,400 [ERROR] LogOutputStream:75 - [STDERR_REDIRECT] [Fatal Error] :1:1: Premature end of file.
2026-08-27 16:02:30,401 [ERROR] LogOutputStream:75 - [STDERR_REDIRECT] 
2026-08-27 16:02:30,422 [ERROR] LogOutputStream:75 - [STDERR_REDIRECT] [Fatal Error] :1:1: Premature end of file.
2026-08-27 16:02:30,422 [ERROR] LogOutputStream:75 - [STDERR_REDIRECT] 
2026-08-27 16:02:30,444 [ERROR] LogOutputStream:75 - [STDERR_REDIRECT] [Fatal Error] :1:1: Premature end of file.
2026-08-27 16:02:30,444 [ERROR] LogOutputStream:75 - [STDERR_REDIRECT] 
2026-08-27 16:02:30,467 [ERROR] LogOutputStream:75 - [STDERR_REDIRECT] [Fatal Error] :1:1: Premature end of file.
2026-08-27 16:02:30,467 [ERROR] LogOutputStream:75 - [STDERR_REDIRECT] 
2026-08-27 16:02:30,491 [ERROR] LogOutputStream:75 - [STDERR_REDIRECT] [Fatal Error] :1:1: Premature end of file.
2026-08-27 16:02:30,491 [ERROR] LogOutputStream:75 - [STDERR_REDIRECT] 
2026-08-27 16:02:31,351 [ERROR] LogOutputStream:75 - [STDERR_REDIRECT] [Fatal Error] :1:1: Premature end of file.
2026-08-27 16:02:31,351 [ERROR] LogOutputStream:75 - [STDERR_REDIRECT] 
2026-08-27 16:02:32,351 [ERROR] LogOutputStream:75 - [STDERR_REDIRECT] [Fatal Error] :1:1: Premature end of file.
2026-08-27 16:02:32,352 [ERROR] LogOutputStream:75 - [STDERR_REDIRECT] 
2026-08-27 16:02:33,347 [ERROR] LogOutputStream:75 - [STDERR_REDIRECT] [Fatal Error] :1:1: Premature end of file.
2026-08-27 16:02:33,347 [ERROR] LogOutputStream:75 - [STDERR_REDIRECT] 
2026-08-27 16:02:34,348 [ERROR] LogOutputStream:75 - [STDERR_REDIRECT] [Fatal Error] :1:1: Premature end of file.
2026-08-27 16:02:34,349 [ERROR] LogOutputStream:75 - [STDERR_REDIRECT] 
2026-08-27 16:02:35,348 [ERROR] LogOutputStream:75 - [STDERR_REDIRECT] [Fatal Error] :1:1: Premature end of file.
2026-08-27 16:02:35,348 [ERROR] LogOutputStream:75 - [STDERR_REDIRECT] 
2026-08-27 16:02:36,348 [ERROR] LogOutputStream:75 - [STDERR_REDIRECT] [Fatal Error] :1:1: Premature end of file.
2026-08-27 16:02:36,349 [ERROR] LogOutputStream:75 - [STDERR_REDIRECT] 
2026-08-27 16:02:37,347 [ERROR] LogOutputStream:75 - [STDERR_REDIRECT] [Fatal Error] :1:1: Premature end of file.
2026-08-27 16:02:37,347 [ERROR] LogOutputStream:75 - [STDERR_REDIRECT] 
2026-08-27 16:02:38,349 [ERROR] LogOutputStream:75 - [STDERR_REDIRECT] [Fatal Error] :1:1: Premature end of file.
2026-08-27 16:02:38,349 [ERROR] LogOutputStream:75 - [STDERR_REDIRECT] 
2026-08-27 16:02:39,348 [ERROR] LogOutputStream:75 - [STDERR_REDIRECT] [Fatal Error] :1:1: Premature end of file.
2026-08-27 16:02:39,349 [ERROR] LogOutputStream:75 - [STDERR_REDIRECT] 
2026-08-27 16:02:40,349 [ERROR] LogOutputStream:75 - [STDERR_REDIRECT] [Fatal Error] :1:1: Premature end of file.
2026-08-27 16:02:40,349 [ERROR] LogOutputStream:75 - [STDERR_REDIRECT] 
2026-08-27 16:02:41,348 [ERROR] LogOutputStream:75 - [STDERR_REDIRECT] [Fatal Error] :1:1: Premature end of file.
2026-08-27 16:02:41,348 [ERROR] LogOutputStream:75 - [STDERR_REDIRECT] 
2026-08-27 16:02:42,349 [ERROR] LogOutputStream:75 - [STDERR_REDIRECT] [Fatal Error] :1:1: Premature end of file.
2026-08-27 16:02:42,349 [ERROR] LogOutputStream:75 - [STDERR_REDIRECT] 
2026-08-27 16:02:43,349 [ERROR] LogOutputStream:75 - [STDERR_REDIRECT] [Fatal Error] :1:1: Premature end of file.
2026-08-27 16:02:43,349 [ERROR] LogOutputStream:75 - [STDERR_REDIRECT] 
2026-08-27 16:02:44,349 [ERROR] LogOutputStream:75 - [STDERR_REDIRECT] [Fatal Error] :1:1: Premature end of file.
2026-08-27 16:02:44,349 [ERROR] LogOutputStream:75 - [STDERR_REDIRECT] 
2026-08-27 16:02:45,350 [ERROR] LogOutputStream:75 - [STDERR_REDIRECT] [Fatal Error] :1:1: Premature end of file.
2026-08-27 16:02:45,350 [ERROR] LogOutputStream:75 - [STDERR_REDIRECT] 
2026-08-27 16:02:46,350 [ERROR] LogOutputStream:75 - [STDERR_REDIRECT] [Fatal Error] :1:1: Premature end of file.
2026-08-27 16:02:46,350 [ERROR] LogOutputStream:75 - [STDERR_REDIRECT] 
2026-08-27 16:02:47,348 [ERROR] LogOutputStream:75 - [STDERR_REDIRECT] [Fatal Error] :1:1: Premature end of file.
2026-08-27 16:02:47,348 [ERROR] LogOutputStream:75 - [STDERR_REDIRECT] 
2026-08-27 16:02:48,349 [ERROR] LogOutputStream:75 - [STDERR_REDIRECT] [Fatal Error] :1:1: Premature end of file.
2026-08-27 16:02:48,350 [ERROR] LogOutputStream:75 - [STDERR_REDIRECT] 
2026-08-27 16:02:49,348 [ERROR] LogOutputStream:75 - [STDERR_REDIRECT] [Fatal Error] :1:1: Premature end of file.
2026-08-27 16:02:49,348 [ERROR] LogOutputStream:75 - [STDERR_REDIRECT] 
2026-08-27 16:02:50,348 [ERROR] LogOutputStream:75 - [STDERR_REDIRECT] [Fatal Error] :1:1: Premature end of file.
2026-08-27 16:02:50,348 [ERROR] LogOutputStream:75 - [STDERR_REDIRECT] 
2026-08-27 16:02:51,348 [ERROR] LogOutputStream:75 - [STDERR_REDIRECT] [Fatal Error] :1:1: Premature end of file.
2026-08-27 16:02:51,348 [ERROR] LogOutputStream:75 - [STDERR_REDIRECT] 
2026-08-27 16:02:52,348 [ERROR] LogOutputStream:75 - [STDERR_REDIRECT] [Fatal Error] :1:1: Premature end of file.
2026-08-27 16:02:52,348 [ERROR] LogOutputStream:75 - [STDERR_REDIRECT] 
2026-08-27 16:02:53,348 [ERROR] LogOutputStream:75 - [STDERR_REDIRECT] [Fatal Error] :1:1: Premature end of file.
2026-08-27 16:02:53,348 [ERROR] LogOutputStream:75 - [STDERR_REDIRECT] 
2026-08-27 16:02:54,356 [ERROR] LogOutputStream:75 - [STDERR_REDIRECT] [Fatal Error] :1:1: Premature end of file.
2026-08-27 16:02:54,356 [ERROR] LogOutputStream:75 - [STDERR_REDIRECT] 
2026-08-27 16:02:55,351 [ERROR] LogOutputStream:75 - [STDERR_REDIRECT] [Fatal Error] :1:1: Premature end of file.
2026-08-27 16:02:55,351 [ERROR] LogOutputStream:75 - [STDERR_REDIRECT] 
2026-08-27 16:02:56,348 [ERROR] LogOutputStream:75 - [STDERR_REDIRECT] [Fatal Error] :1:1: Premature end of file.
2026-08-27 16:02:56,349 [ERROR] LogOutputStream:75 - [STDERR_REDIRECT] 
2026-08-27 16:02:57,349 [ERROR] LogOutputStream:75 - [STDERR_REDIRECT] [Fatal Error] :1:1: Premature end of file.
2026-08-27 16:02:57,349 [ERROR] LogOutputStream:75 - [STDERR_REDIRECT] 
2026-08-27 16:02:58,349 [ERROR] LogOutputStream:75 - [STDERR_REDIRECT] [Fatal Error] :1:1: Premature end of file.
2026-08-27 16:02:58,349 [ERROR] LogOutputStream:75 - [STDERR_REDIRECT] 
2026-08-27 16:02:59,348 [ERROR] LogOutputStream:75 - [STDERR_REDIRECT] [Fatal Error] :1:1: Premature end of file.
2026-08-27 16:02:59,349 [ERROR] LogOutputStream:75 - [STDERR_REDIRECT] 
2026-08-27 16:03:00,348 [ERROR] LogOutputStream:75 - [STDERR_REDIRECT] [Fatal Error] :1:1: Premature end of file.
2026-08-27 16:03:00,348 [ERROR] LogOutputStream:75 - [STDERR_REDIRECT] 
2026-08-27 16:03:01,348 [ERROR] LogOutputStream:75 - [STDERR_REDIRECT] [Fatal Error] :1:1: Premature end of file.
2026-08-27 16:03:01,348 [ERROR] LogOutputStream:75 - [STDERR_REDIRECT] 
2026-08-27 16:03:02,349 [ERROR] LogOutputStream:75 - [STDERR_REDIRECT] [Fatal Error] :1:1: Premature end of file.
2026-08-27 16:03:02,350 [ERROR] LogOutputStream:75 - [STDERR_REDIRECT] 
2026-08-27 16:03:03,346 [ERROR] LogOutputStream:75 - [STDERR_REDIRECT] [Fatal Error] :1:1: Premature end of file.
2026-08-27 16:03:03,347 [ERROR] LogOutputStream:75 - [STDERR_REDIRECT] 
2026-08-27 16:03:04,346 [ERROR] LogOutputStream:75 - [STDERR_REDIRECT] [Fatal Error] :1:1: Premature end of file.
2026-08-27 16:03:04,346 [ERROR] LogOutputStream:75 - [STDERR_REDIRECT] 
2026-08-27 16:03:05,349 [ERROR] LogOutputStream:75 - [STDERR_REDIRECT] [Fatal Error] :1:1: Premature end of file.
2026-08-27 16:03:05,349 [ERROR] LogOutputStream:75 - [STDERR_REDIRECT] 
2026-08-27 16:03:06,348 [ERROR] LogOutputStream:75 - [STDERR_REDIRECT] [Fatal Error] :1:1: Premature end of file.
2026-08-27 16:03:06,348 [ERROR] LogOutputStream:75 - [STDERR_REDIRECT] 
2026-08-27 16:03:07,349 [ERROR] LogOutputStream:75 - [STDERR_REDIRECT] [Fatal Error] :1:1: Premature end of file.
2026-08-27 16:03:07,349 [ERROR] LogOutputStream:75 - [STDERR_REDIRECT] 
2026-08-27 16:03:08,348 [ERROR] LogOutputStream:75 - [STDERR_REDIRECT] [Fatal Error] :1:1: Premature end of file.
2026-08-27 16:03:08,348 [ERROR] LogOutputStream:75 - [STDERR_REDIRECT] 
2026-08-27 16:03:09,348 [ERROR] LogOutputStream:75 - [STDERR_REDIRECT] [Fatal Error] :1:1: Premature end of file.
2026-08-27 16:03:09,348 [ERROR] LogOutputStream:75 - [STDERR_REDIRECT] 
2026-08-27 16:03:10,348 [ERROR] LogOutputStream:75 - [STDERR_REDIRECT] [Fatal Error] :1:1: Premature end of file.
2026-08-27 16:03:10,348 [ERROR] LogOutputStream:75 - [STDERR_REDIRECT] 
2026-08-27 16:03:11,351 [ERROR] LogOutputStream:75 - [STDERR_REDIRECT] [Fatal Error] :1:1: Premature end of file.
2026-08-27 16:03:11,351 [ERROR] LogOutputStream:75 - [STDERR_REDIRECT] 
2026-08-27 16:03:11,443 [INFO] McuFinderGlobals:63 - Set McuFinder mode to 2 (CubeIDE integrated)
2026-08-27 16:03:11,446 [INFO] MainUpdater:2872 - connection check result : 10
2026-08-27 16:03:11,448 [INFO] McuFinderGlobals:76 - Set McuFinderConnectedMode to true
2026-08-27 16:03:12,005 [INFO] ServerAccessManage:452 - Complete download http(s) 200
2026-08-27 16:03:12,006 [INFO] ServerAccessManage:509 - Download File mcusAds.json._tmp_
2026-08-27 16:03:12,115 [INFO] LoadUrlFilesThread:156 - End of LoadUrlFiles Thread
2026-08-27 16:03:12,348 [ERROR] LogOutputStream:75 - [STDERR_REDIRECT] [Fatal Error] :1:1: Premature end of file.
2026-08-27 16:03:12,348 [ERROR] LogOutputStream:75 - [STDERR_REDIRECT] 
2026-08-27 16:03:12,462 [INFO] ServerAccessManage:452 - Complete download http(s) 200
2026-08-27 16:03:12,463 [INFO] ServerAccessManage:509 - Download File cube-finder-db.zip
2026-08-27 16:03:13,352 [ERROR] LogOutputStream:75 - [STDERR_REDIRECT] [Fatal Error] :1:1: Premature end of file.
2026-08-27 16:03:13,353 [ERROR] LogOutputStream:75 - [STDERR_REDIRECT] 
2026-08-27 16:03:14,349 [ERROR] LogOutputStream:75 - [STDERR_REDIRECT] [Fatal Error] :1:1: Premature end of file.
2026-08-27 16:03:14,349 [ERROR] LogOutputStream:75 - [STDERR_REDIRECT] 
2026-08-27 16:03:15,348 [ERROR] LogOutputStream:75 - [STDERR_REDIRECT] [Fatal Error] :1:1: Premature end of file.
2026-08-27 16:03:15,348 [ERROR] LogOutputStream:75 - [STDERR_REDIRECT] 
2026-08-27 16:03:16,348 [ERROR] LogOutputStream:75 - [STDERR_REDIRECT] [Fatal Error] :1:1: Premature end of file.
2026-08-27 16:03:16,349 [ERROR] LogOutputStream:75 - [STDERR_REDIRECT] 
2026-08-27 16:03:17,348 [ERROR] LogOutputStream:75 - [STDERR_REDIRECT] [Fatal Error] :1:1: Premature end of file.
2026-08-27 16:03:17,348 [ERROR] LogOutputStream:75 - [STDERR_REDIRECT] 
2026-08-27 16:03:18,349 [ERROR] LogOutputStream:75 - [STDERR_REDIRECT] [Fatal Error] :1:1: Premature end of file.
2026-08-27 16:03:18,349 [ERROR] LogOutputStream:75 - [STDERR_REDIRECT] 
2026-08-27 16:03:19,349 [ERROR] LogOutputStream:75 - [STDERR_REDIRECT] [Fatal Error] :1:1: Premature end of file.
2026-08-27 16:03:19,349 [ERROR] LogOutputStream:75 - [STDERR_REDIRECT] 
2026-08-27 16:03:20,350 [ERROR] LogOutputStream:75 - [STDERR_REDIRECT] [Fatal Error] :1:1: Premature end of file.
2026-08-27 16:03:20,350 [ERROR] LogOutputStream:75 - [STDERR_REDIRECT] 
2026-08-27 16:03:21,349 [ERROR] LogOutputStream:75 - [STDERR_REDIRECT] [Fatal Error] :1:1: Premature end of file.
2026-08-27 16:03:21,349 [ERROR] LogOutputStream:75 - [STDERR_REDIRECT] 
2026-08-27 16:03:22,349 [ERROR] LogOutputStream:75 - [STDERR_REDIRECT] [Fatal Error] :1:1: Premature end of file.
2026-08-27 16:03:22,349 [ERROR] LogOutputStream:75 - [STDERR_REDIRECT] 
2026-08-27 16:03:23,347 [ERROR] LogOutputStream:75 - [STDERR_REDIRECT] [Fatal Error] :1:1: Premature end of file.
2026-08-27 16:03:23,347 [ERROR] LogOutputStream:75 - [STDERR_REDIRECT] 
2026-08-27 16:03:24,348 [ERROR] LogOutputStream:75 - [STDERR_REDIRECT] [Fatal Error] :1:1: Premature end of file.
2026-08-27 16:03:24,348 [ERROR] LogOutputStream:75 - [STDERR_REDIRECT] 
2026-08-27 16:03:25,348 [ERROR] LogOutputStream:75 - [STDERR_REDIRECT] [Fatal Error] :1:1: Premature end of file.
2026-08-27 16:03:25,349 [ERROR] LogOutputStream:75 - [STDERR_REDIRECT] 
2026-08-27 16:03:25,578 [ERROR] ServerAccessManage:740 - User Cancel Download : cube-finder-db.zip.
2026-08-27 16:03:25,685 [INFO] LoadUrlFilesThread:156 - End of LoadUrlFiles Thread
2026-08-27 16:03:26,348 [ERROR] LogOutputStream:75 - [STDERR_REDIRECT] [Fatal Error] :1:1: Premature end of file.
2026-08-27 16:03:26,348 [ERROR] LogOutputStream:75 - [STDERR_REDIRECT] 
2026-08-27 16:03:27,249 [INFO] ProgressBarDialog:420 - C:\Users\student\.stmcufinder\plugins\mcufinder\mcu\cube-finder-db.zip.tmp : file deleted.
2026-08-27 16:03:27,349 [ERROR] LogOutputStream:75 - [STDERR_REDIRECT] [Fatal Error] :1:1: Premature end of file.
2026-08-27 16:03:27,349 [ERROR] LogOutputStream:75 - [STDERR_REDIRECT] 
2026-08-27 16:03:28,348 [ERROR] LogOutputStream:75 - [STDERR_REDIRECT] [Fatal Error] :1:1: Premature end of file.
2026-08-27 16:03:28,348 [ERROR] LogOutputStream:75 - [STDERR_REDIRECT] 
2026-08-27 16:03:29,350 [ERROR] LogOutputStream:75 - [STDERR_REDIRECT] [Fatal Error] :1:1: Premature end of file.
2026-08-27 16:03:29,350 [ERROR] LogOutputStream:75 - [STDERR_REDIRECT] 
2026-08-27 16:03:30,349 [ERROR] LogOutputStream:75 - [STDERR_REDIRECT] [Fatal Error] :1:1: Premature end of file.
2026-08-27 16:03:30,349 [ERROR] LogOutputStream:75 - [STDERR_REDIRECT] 
2026-08-27 16:03:30,567 [INFO] DbMcusAds:53 - JSON generation date=Wed Jul 15 15:14:54 IST 2026 (1784108694001)
2026-08-27 16:03:30,574 [ERROR] TargetSelectorAdapter:267 - Unable to refresh data
2026-08-27 16:03:30,796 [INFO] ApiDb:581 - Connected to CubeFinder SQLite database (C:\Users\student\.stmcufinder\plugins\mcufinder\mcu\cube-finder-db.db)
2026-08-27 16:03:30,854 [INFO] ApiDb:668 - CubeFinder database Data Model version=2.1
2026-08-27 16:03:30,854 [INFO] ApiDb:669 - CubeFinder database Configuration version=3.0.39
2026-08-27 16:03:30,855 [INFO] ApiDb:670 - CubeFinder database generation date=2025-06-24 (1750757100)
2026-08-27 16:03:30,855 [INFO] ApiDb:671 - CubeFinder database FW Pack versions=[FP-ATR-ASTRA1_V2.0.0, FP-SNS-FLIGHT1_V5.1.0, FP-SNS-MOTENV1_V5.0.0, FP-SNS-MOTENVWB1_V1.4.0, FP-SNS-SMARTAG2_V1.2.0, FP-SNS-STBOX1_V2.0.0, STM32Cube_FW_C0_V1.4.0, STM32Cube_FW_F4_V1.28.2, STM32Cube_FW_F7_V1.17.3, STM32Cube_FW_G0_V1.6.2, STM32Cube_FW_G4_V1.6.1, STM32Cube_FW_H5_V1.5.0, STM32Cube_FW_H7RS_V1.2.0, STM32Cube_FW_H7_V1.12.1, STM32Cube_FW_L0_V1.12.2, STM32Cube_FW_L4_V1.18.1, STM32Cube_FW_L5_V1.5.1, STM32Cube_FW_N6_V1.2.0, STM32Cube_FW_U0_V1.3.0, STM32Cube_FW_U3_V1.2.0, STM32Cube_FW_U5_V1.8.0, STM32Cube_FW_WB0_V1.3.0, STM32Cube_FW_WBA_V1.7.0, STM32Cube_FW_WB_V1.23.0, STM32Cube_FW_WL3_V1.2.0, STM32Cube_FW_WL_V1.3.1, X-CUBE-ALGOBUILD_V1.4.0, X-CUBE-ALS_V1.0.2, X-CUBE-AZRTOS-F4_V1.1.0, X-CUBE-AZRTOS-F7_V1.1.0, X-CUBE-AZRTOS-G0_V1.1.0, X-CUBE-AZRTOS-G4_V2.0.0, X-CUBE-AZRTOS-H7RS_V1.1.0, X-CUBE-AZRTOS-H7_V3.3.0, X-CUBE-AZRTOS-L4_V2.0.0, X-CUBE-AZRTOS-L5_V2.0.0, X-CUBE-AZRTOS-WB_V2.0.0, X-CUBE-AZRTOS-WL_V2.0.0, X-CUBE-BLE1_V7.1.0, X-CUBE-BLE2_V3.3.0, X-CUBE-BLEMGR_V4.0.0, X-CUBE-EEPRMA1_V5.1.0, X-CUBE-FREERTOS_V1.3.1, X-CUBE-GNSS1_V6.0.0, X-CUBE-MEMS1_V11.3.0, X-CUBE-NFC4_V3.0.0, X-CUBE-NFC7_V2.0.0, X-CUBE-SFXS2LP1_V4.0.0, X-CUBE-SUBG2_V5.0.0, X-CUBE-TOF1_V3.4.3]
2026-08-27 16:03:31,350 [ERROR] LogOutputStream:75 - [STDERR_REDIRECT] [Fatal Error] :1:1: Premature end of file.
2026-08-27 16:03:31,350 [ERROR] LogOutputStream:75 - [STDERR_REDIRECT] 
2026-08-27 16:03:32,290 [INFO] ApiDb:240 - Found 880 in-development CPN: [B-G473E-ZEST1S, B-WB1M-WPAN1, B-WBA5M-WPAN, B-WL5M-SUBG1, NUCLEO-C031C6, NUCLEO-C051C8, NUCLEO-C071RB, NUCLEO-C092RC, NUCLEO-H503RB, NUCLEO-H533RE, NUCLEO-H563ZI, NUCLEO-H7S3L8, NUCLEO-N657X0-Q, NUCLEO-U031R8, NUCLEO-U083RC, NUCLEO-U385RG-Q, NUCLEO-U545RE-Q, NUCLEO-U5A5ZJ-Q, NUCLEO-WB05KZ, NUCLEO-WB07CC, NUCLEO-WB09KE, NUCLEO-WBA52CG, NUCLEO-WBA55CG, NUCLEO-WL33CC1, NUCLEO-WL33CC2, STEVAL-PROTEUS1, STEVAL-SMARTAG2, STEVAL-STWINBX1, STM320518-EVAL, STM32C0116-DK, STM32C011D6Y3TR, STM32C011D6Y6TR, STM32C011F4P3, STM32C011F4P6, STM32C011F4U3, STM32C011F4U6TR, STM32C011F6P3, STM32C011F6P6, STM32C011F6U3, STM32C011F6U6TR, STM32C011J4M3, STM32C011J4M6, STM32C011J6M3, STM32C011J6M6, STM32C0316-DK, STM32C031C4T3, STM32C031C4T6, STM32C031C4U3, STM32C031C4U6, STM32C031C6T3, STM32C031C6T6, STM32C031C6U3, STM32C031C6U6, STM32C031F4P3, STM32C031F4P6, STM32C031F6P3, STM32C031F6P6, STM32C031G4U3, STM32C031G4U6, STM32C031G6U3, STM32C031G6U6, STM32C031K4T3, STM32C031K4T6, STM32C031K4U3, STM32C031K4U6, STM32C031K6T3, STM32C031K6T6, STM32C031K6U3, STM32C031K6U6, STM32C051C6T6, STM32C051C6U6, STM32C051C8T6, STM32C051C8U6, STM32C051D8Y6TR, STM32C051F6P6, STM32C051F8P6, STM32C051G6U6, STM32C051G8U6, STM32C051K6T6, STM32C051K6U6, STM32C051K8T6, STM32C071C8T6, STM32C071C8T6N, STM32C071C8U6, STM32C071C8U6N, STM32C071CBT6, STM32C071CBT6N, STM32C071CBU6, STM32C071CBU6N, STM32C071F8P6, STM32C071F8P6N, STM32C071FBP6, STM32C071FBP6N, STM32C071FBY6TR, STM32C071G8U6, STM32C071G8U6N, STM32C071GBU6, STM32C071GBU6N, STM32C071K8T6, STM32C071K8T6N, STM32C071K8U6, STM32C071K8U6N, STM32C071KBT6, STM32C071KBT6N, STM32C071KBU6, STM32C071KBU6N, STM32C071R8T6, STM32C071R8T6N, STM32C071RBI6N, STM32C071RBT6, STM32C071RBT6N, STM32C091CBT6, STM32C091CBU6, STM32C091CCT6, STM32C091CCU6, STM32C091ECY6TR, STM32C091FBP6, STM32C091FCP6, STM32C091GBU6, STM32C091GCU6, STM32C091KBT6, STM32C091KBU6, STM32C091KCT6, STM32C091KCU6, STM32C091RBT6, STM32C091RCI6, STM32C091RCT6, STM32C092CBT6, STM32C092CBU6, STM32C092CCT6, STM32C092CCU6, STM32C092ECY6TR, STM32C092FBP6, STM32C092FCP6, STM32C092GBU6, STM32C092GCU6, STM32C092KBT6, STM32C092KBU6, STM32C092KCT6, STM32C092KCU6, STM32C092RBT6, STM32C092RCI6, STM32C092RCT6, STM32G071K8TXN, STM32G071K8UXN, STM32G081GBU6N, STM32G081KBT6N, STM32G081KBUXN, STM32G0B1CCT6N, STM32G0B1KCT6, STM32G0B1NEY6TR, STM32G0B1RCT6N, STM32G0C1CCT6, STM32G0C1CCT6N, STM32G0C1CCU6N, STM32G0C1CET6N, STM32G0C1CEU6N, STM32G0C1KCT6, STM32G0C1NEY6TR, STM32G0C1RCI6N, STM32G0C1RCT6N, STM32G0C1REI6N, STM32G0C1RET6N, STM32G0C1VCI6, STM32G0C1VEI6, STM32G411C6T3, STM32G411C6T6, STM32G411C6U3, STM32G411C6U6, STM32G411C8T3, STM32G411C8T6, STM32G411C8U3, STM32G411C8U6, STM32G411CBT3, STM32G411CBT6, STM32G411CBU3, STM32G411CBU6, STM32G411K6T3, STM32G411K6T6, STM32G411K6U3, STM32G411K6U6, STM32G411K8T3, STM32G411K8T6, STM32G411K8U3, STM32G411K8U6, STM32G411KBT3, STM32G411KBT6, STM32G411KBU3, STM32G411KBU6, STM32G411M6T3, STM32G411M6T6, STM32G411M8T3, STM32G411M8T6, STM32G411MBT3, STM32G411MBT6, STM32G411R6T3, STM32G411R6T6, STM32G411R8T3, STM32G411R8T6, STM32G411RBT3, STM32G411RBT6, STM32G414CBT3, STM32G414CBT6, STM32G414CBU3, STM32G414CBU6, STM32G414CCT3, STM32G414CCT6, STM32G414CCU3, STM32G414CCU6, STM32G414MBT3, STM32G414MBT6, STM32G414MCT3, STM32G414MCT6, STM32G414RBT3, STM32G414RBT6, STM32G414RCT3, STM32G414RCT6, STM32G414VBT3, STM32G414VBT6, STM32G414VCT3, STM32G414VCT6, STM32G431CBT3Z, STM32G431RBT3Z, STM32G471CCT6, STM32G471CCU6, STM32G471CET3, STM32G471CET6, STM32G471CEU3, STM32G471CEU6, STM32G471MCT6, STM32G471MET3, STM32G471MET6, STM32G471MEY6TR, STM32G471QCT6, STM32G471QET3, STM32G471RCT6, STM32G471RET3, STM32G471RET6, STM32G471VCH6, STM32G471VCI6, STM32G471VCT6, STM32G471VEH3, STM32G471VEH6, STM32G471VEI3, STM32G471VEI6, STM32G471VET3, STM32G471VET6, STM32G473QET3Z, STM32G473RET3Z, STM32G474CCT6, STM32G491RET3Z, STM32H503CBT6, STM32H503CBU6, STM32H503EBY6TR, STM32H503KBU6, STM32H503RBT6, STM32H523CCT6, STM32H523CCU6, STM32H523CET6, STM32H523CEU6, STM32H523HEY6TR, STM32H523RCT6, STM32H523RET6, STM32H523VCI6, STM32H523VCT6, STM32H523VEI6, STM32H523VET6, STM32H523ZCJ6, STM32H523ZCT6, STM32H523ZEJ6, STM32H523ZET6, STM32H533CET6, STM32H533CEU6, STM32H533HEY6TR, STM32H533RET6, STM32H533VEI6, STM32H533VET6, STM32H533ZEJ6, STM32H533ZET6, STM32H562AGI6, STM32H562AII6, STM32H562IGK6, STM32H562IGT6, STM32H562IIK6, STM32H562IIT6, STM32H562RGT6, STM32H562RGV6, STM32H562RIT6, STM32H562RIV6, STM32H562VGT6, STM32H562VIT6, STM32H562ZGT6, STM32H562ZIT6, STM32H563AGI6, STM32H563AII3Q, STM32H563AII6, STM32H563IGK6, STM32H563IGT6, STM32H563IIK3Q, STM32H563IIK6, STM32H563IIT3Q, STM32H563IIT6, STM32H563MIY3QTR, STM32H563RGT6, STM32H563RGV6, STM32H563RIT6, STM32H563RIV6, STM32H563VGT6, STM32H563VIT3Q, STM32H563VIT6, STM32H563ZGT6, STM32H563ZIT3Q, STM32H563ZIT6, STM32H573AII3Q, STM32H573AII6, STM32H573I-DK, STM32H573IIK3Q, STM32H573IIK6, STM32H573IIT3Q, STM32H573IIT6, STM32H573MIY3QTR, STM32H573RIT6, STM32H573RIV6, STM32H573VIT3Q, STM32H573VIT6, STM32H573ZIT3Q, STM32H573ZIT6, STM32H7R3A8I6, STM32H7R3I8K6, STM32H7R3I8T6, STM32H7R3L8H6, STM32H7R3L8H6H, STM32H7R3R8V6, STM32H7R3V8H6, STM32H7R3V8T6, STM32H7R3V8Y6TR, STM32H7R3Z8J6, STM32H7R3Z8T6, STM32H7R7A8I6, STM32H7R7I8K6, STM32H7R7I8T6, STM32H7R7L8H6, STM32H7R7L8H6H, STM32H7R7Z8J6, STM32H7S3A8I6, STM32H7S3I8K6, STM32H7S3I8T6, STM32H7S3L8H6, STM32H7S3L8H6H, STM32H7S3R8V6, STM32H7S3V8H6, STM32H7S3V8T6, STM32H7S3V8Y6TR, STM32H7S3Z8J6, STM32H7S3Z8T6, STM32H7S78-DK, STM32H7S7A8I6, STM32H7S7I8K6, STM32H7S7I8T6, STM32H7S7L8H6, STM32H7S7L8H6H, STM32H7S7Z8J6, STM32L4R5QGI6STR, STM32MP131AAE3, STM32MP131AAF3, STM32MP131AAG3, STM32MP131CAE3, STM32MP131CAF3, STM32MP131CAG3, STM32MP131DAE7, STM32MP131DAF7, STM32MP131DAG7, STM32MP131FAE7, STM32MP131FAF7, STM32MP131FAG7, STM32MP133AAE3, STM32MP133AAF3, STM32MP133AAG3, STM32MP133CAE3, STM32MP133CAF3, STM32MP133CAG3, STM32MP133DAE7, STM32MP133DAF7, STM32MP133DAG7, STM32MP133FAE7, STM32MP133FAF7, STM32MP133FAG7, STM32MP135AAE3, STM32MP135AAF3, STM32MP135AAG3, STM32MP135CAE3, STM32MP135CAF3, STM32MP135CAG3, STM32MP135DAE7, STM32MP135DAF7, STM32MP135DAG7, STM32MP135F-DK, STM32MP135FAE7, STM32MP135FAF7, STM32MP135FAF7T, STM32MP135FAF7U, STM32MP135FAG7, STM32MP211AAL3, STM32MP211AAM3, STM32MP211AAN3, STM32MP211AAO3, STM32MP211CAL3, STM32MP211CAM3, STM32MP211CAN3, STM32MP211CAO3, STM32MP211DAL3, STM32MP211DAM3, STM32MP211DAN3, STM32MP211DAO3, STM32MP211FAL3, STM32MP211FAM3, STM32MP211FAN3, STM32MP211FAO3, STM32MP213AAL3, STM32MP213AAM3, STM32MP213AAN3, STM32MP213AAO3, STM32MP213CAL3, STM32MP213CAM3, STM32MP213CAN3, STM32MP213CAO3, STM32MP213DAL3, STM32MP213DAM3, STM32MP213DAN3, STM32MP213DAO3, STM32MP213FAL3, STM32MP213FAM3, STM32MP213FAN3, STM32MP213FAO3, STM32MP215AAL3, STM32MP215AAM3, STM32MP215AAN3, STM32MP215AAO3, STM32MP215CAL3, STM32MP215CAM3, STM32MP215CAN3, STM32MP215CAO3, STM32MP215DAL3, STM32MP215DAM3, STM32MP215DAN3, STM32MP215DAO3, STM32MP215F-DK, STM32MP215FAL3, STM32MP215FAM3, STM32MP215FAN3, STM32MP215FAO3, STM32MP231AAJ3, STM32MP231AAK3, STM32MP231AAL3, STM32MP231CAJ3, STM32MP231CAK3, STM32MP231CAL3, STM32MP231DAJ3, STM32MP231DAK3, STM32MP231DAL3, STM32MP231FAJ3, STM32MP231FAK3, STM32MP231FAL3, STM32MP233AAJ3, STM32MP233AAK3, STM32MP233AAL3, STM32MP233CAJ3, STM32MP233CAK3, STM32MP233CAL3, STM32MP233DAJ3, STM32MP233DAK3, STM32MP233DAL3, STM32MP233FAJ3, STM32MP233FAK3, STM32MP233FAL3, STM32MP235AAJ3, STM32MP235AAK3, STM32MP235AAL3, STM32MP235CAJ3, STM32MP235CAK3, STM32MP235CAL3, STM32MP235DAJ3, STM32MP235DAK3, STM32MP235DAL3, STM32MP235FAJ3, STM32MP235FAK3, STM32MP235FAL3, STM32MP251AAI3, STM32MP251AAK3, STM32MP251AAL3, STM32MP251CAI3, STM32MP251CAK3, STM32MP251CAL3, STM32MP251DAI3, STM32MP251DAK3, STM32MP251DAL3, STM32MP251FAI3, STM32MP251FAK3, STM32MP251FAL3, STM32MP253AAI3, STM32MP253AAK3, STM32MP253AAL3, STM32MP253CAI3, STM32MP253CAK3, STM32MP253CAL3, STM32MP253DAI3, STM32MP253DAK3, STM32MP253DAL3, STM32MP253FAI3, STM32MP253FAK3, STM32MP253FAL3, STM32MP255AAI3, STM32MP255AAK3, STM32MP255AAL3, STM32MP255CAI3, STM32MP255CAK3, STM32MP255CAL3, STM32MP255DAI3, STM32MP255DAK3, STM32MP255DAL3, STM32MP255FAI3, STM32MP255FAK3, STM32MP255FAL3, STM32MP257AAI3, STM32MP257AAK3, STM32MP257AAL3, STM32MP257CAI3, STM32MP257CAK3, STM32MP257CAL3, STM32MP257DAI3, STM32MP257DAK3, STM32MP257DAL3, STM32MP257F-DK, STM32MP257F-EV1, STM32MP257FAI3, STM32MP257FAK3, STM32MP257FAL3, STM32N645A0H3Q, STM32N645B0H3Q, STM32N645I0H3Q, STM32N645L0H3Q, STM32N645X0H3Q, STM32N645Z0H3Q, STM32N647A0H3Q, STM32N647B0H3Q, STM32N647I0H3Q, STM32N647L0H3Q, STM32N647X0H3Q, STM32N647Z0H3Q, STM32N655A0H3Q, STM32N655B0H3Q, STM32N655I0H3Q, STM32N655L0H3Q, STM32N655X0H3Q, STM32N655Z0H3Q, STM32N6570-DK, STM32N657A0H3Q, STM32N657B0H3Q, STM32N657I0H3Q, STM32N657L0H3Q, STM32N657X0H3Q, STM32N657Z0H3Q, STM32U031C6T6, STM32U031C6U6, STM32U031C8T6, STM32U031C8U6, STM32U031F4P6, STM32U031F6P6, STM32U031F8P6, STM32U031G6Y6TR, STM32U031G8Y6TR, STM32U031K4U6, STM32U031K6U6, STM32U031K8U6, STM32U031R6I6, STM32U031R6T6, STM32U031R8I6, STM32U031R8T6, STM32U073C8T6, STM32U073C8U6, STM32U073CBT6, STM32U073CBU6, STM32U073CCT6, STM32U073CCU6, STM32U073H8Y6TR, STM32U073HBY6TR, STM32U073HCY6TR, STM32U073K8U6, STM32U073KBU6, STM32U073KCU6, STM32U073M8I6, STM32U073M8T6, STM32U073MBI6, STM32U073MBT6, STM32U073MCI6, STM32U073MCT6, STM32U073R8I6, STM32U073R8T6, STM32U073RBI6, STM32U073RBT6, STM32U073RCI6, STM32U073RCT6, STM32U083C-DK, STM32U083CCT6, STM32U083CCU6, STM32U083HCY6TR, STM32U083KCU6, STM32U083MCI6, STM32U083MCT6, STM32U083RCI6, STM32U083RCT6, STM32U375CET6, STM32U375CET6Q, STM32U375CEU6, STM32U375CEU6Q, STM32U375CEY6QTR, STM32U375CGT6, STM32U375CGT6Q, STM32U375CGU6, STM32U375CGU6Q, STM32U375CGY6QTR, STM32U375KEU6, STM32U375KGU6, STM32U375REI6, STM32U375REI6Q, STM32U375RET6, STM32U375RET6Q, STM32U375REY6GTR, STM32U375REY6QTR, STM32U375RGI6, STM32U375RGI6Q, STM32U375RGT6, STM32U375RGT6Q, STM32U375RGY6GTR, STM32U375RGY6QTR, STM32U375VEI6, STM32U375VEI6Q, STM32U375VET6, STM32U375VET6Q, STM32U375VGI6, STM32U375VGI6Q, STM32U375VGT6, STM32U375VGT6Q, STM32U385CGT6, STM32U385CGT6Q, STM32U385CGU6, STM32U385CGU6Q, STM32U385CGY6QTR, STM32U385KGU6, STM32U385RGI6, STM32U385RGI6Q, STM32U385RGT6, STM32U385RGT6Q, STM32U385RGY6GTR, STM32U385RGY6QTR, STM32U385VGI6, STM32U385VGI6Q, STM32U385VGT6, STM32U385VGT6Q, STM32U535CBT6, STM32U535CBT6Q, STM32U535CBU6, STM32U535CBU6Q, STM32U535CCT6, STM32U535CCT6Q, STM32U535CCU6, STM32U535CCU6Q, STM32U535CET6, STM32U535CET6Q, STM32U535CEU6, STM32U535CEU6Q, STM32U535JEY6QTR, STM32U535NCY6QTR, STM32U535NEY6QTR, STM32U535RBI6, STM32U535RBI6Q, STM32U535RBT6, STM32U535RBT6Q, STM32U535RCI6, STM32U535RCI6Q, STM32U535RCT6, STM32U535RCT6Q, STM32U535REI6, STM32U535REI6Q, STM32U535RET6, STM32U535RET6Q, STM32U535VCI6, STM32U535VCI6Q, STM32U535VCT6, STM32U535VCT6Q, STM32U535VEI6, STM32U535VEI6Q, STM32U535VET6, STM32U535VET6Q, STM32U545CET6, STM32U545CET6Q, STM32U545CEU6, STM32U545CEU6Q, STM32U545JEY6QTR, STM32U545NEY6QTR, STM32U545REI6, STM32U545REI6Q, STM32U545RET6, STM32U545RET6Q, STM32U545VEI6, STM32U545VEI6Q, STM32U545VET6, STM32U545VET6Q, STM32U595AIH6, STM32U595AIH6Q, STM32U595AJH6, STM32U595AJH6Q, STM32U595QII6, STM32U595QII6Q, STM32U595QJI6, STM32U595QJI6Q, STM32U595RIT6, STM32U595RIT6Q, STM32U595RJT6, STM32U595RJT6Q, STM32U595VIT6, STM32U595VIT6Q, STM32U595VJT6, STM32U595VJT6Q, STM32U595ZIT6, STM32U595ZIT6Q, STM32U595ZIY6QTR, STM32U595ZJT6, STM32U595ZJT6Q, STM32U595ZJY6QTR, STM32U599BJY6QTR, STM32U599NIH6Q, STM32U599NJH6Q, STM32U599VIT6Q, STM32U599VJT6, STM32U599VJT6Q, STM32U599ZIT6Q, STM32U599ZIY6QTR, STM32U599ZJT6Q, STM32U599ZJY6QTR, STM32U5A5AJH6, STM32U5A5AJH6Q, STM32U5A5QII3Q , STM32U5A5QJI6, STM32U5A5QJI6Q, STM32U5A5RJT6, STM32U5A5RJT6Q, STM32U5A5VJT6, STM32U5A5VJT6Q, STM32U5A5ZJT6, STM32U5A5ZJT6Q, STM32U5A5ZJY6QTR, STM32U5A9BJY6QTR, STM32U5A9J-DK, STM32U5A9NJH6Q, STM32U5A9VJT6Q, STM32U5A9ZJT6Q, STM32U5A9ZJY6QTR, STM32U5F7VIT6, STM32U5F7VIT6Q, STM32U5F7VJT6, STM32U5F7VJT6Q, STM32U5F9BJY6QTR, STM32U5F9NJH6Q, STM32U5F9VIT6Q, STM32U5F9VJT6Q, STM32U5F9ZIJ6QTR, STM32U5F9ZIT6Q, STM32U5F9ZJJ6QTR, STM32U5F9ZJT6Q, STM32U5G7VJT6, STM32U5G7VJT6Q, STM32U5G9BJY6QTR, STM32U5G9J-DK1, STM32U5G9J-DK2, STM32U5G9NJH6Q, STM32U5G9VJT6Q, STM32U5G9ZJJ6QTR, STM32U5G9ZJT6Q, STM32WB05KZV6TR, STM32WB05KZV7TR, STM32WB05TZF6TR, STM32WB05TZF7TR, STM32WB06CCF6TR, STM32WB06CCF7TR, STM32WB06CCV6TR, STM32WB06CCV7TR, STM32WB06KCV6TR, STM32WB06KCV7TR, STM32WB07CCF6TR, STM32WB07CCF7TR, STM32WB07CCV6TR, STM32WB07CCV7TR, STM32WB07KCV6TR, STM32WB07KCV7TR, STM32WB09KEV6TR, STM32WB09KEV7TR, STM32WB09TEF6TR, STM32WB09TEF7TR, STM32WB1MMCH6, STM32WBA50KGU6, STM32WBA50KGU6TR, STM32WBA52CEU6, STM32WBA52CEU6TR, STM32WBA52CEU7, STM32WBA52CEU7TR, STM32WBA52CGU6, STM32WBA52CGU6TR, STM32WBA52CGU6U, STM32WBA52CGU7, STM32WBA52CGU7TR, STM32WBA52KEU6, STM32WBA52KEU6TR, STM32WBA52KGU6, STM32WBA52KGU6TR, STM32WBA54CEU6, STM32WBA54CEU6TR, STM32WBA54CEU7, STM32WBA54CEU7TR, STM32WBA54CGU6, STM32WBA54CGU6TR, STM32WBA54CGU7, STM32WBA54CGU7TR, STM32WBA54KEU6, STM32WBA54KEU6TR, STM32WBA54KEU7, STM32WBA54KEU7TR, STM32WBA54KGU6, STM32WBA54KGU6TR, STM32WBA54KGU7, STM32WBA54KGU7TR, STM32WBA55CEU6, STM32WBA55CEU6TR, STM32WBA55CEU7, STM32WBA55CEU7TR, STM32WBA55CGU6, STM32WBA55CGU6TR, STM32WBA55CGU6U, STM32WBA55CGU7, STM32WBA55CGU7TR, STM32WBA55G-DK1, STM32WBA55HEF6, STM32WBA55HEF7, STM32WBA55HGF6, STM32WBA55HGF7, STM32WBA55UEI6, STM32WBA55UEI6TR, STM32WBA55UEI7, STM32WBA55UEI7TR, STM32WBA55UGI6, STM32WBA55UGI6TR, STM32WBA55UGI7, STM32WBA55UGI7TR, STM32WBA5MMGH6TR, STM32WBA62MGF6, STM32WBA62MIF6, STM32WBA65MGF7, STM32WBA65MIF6, STM32WBA65MIF7, STM32WL30K8V6, STM32WL30KBV6, STM32WL31C8V6, STM32WL31CBV6, STM32WL31K8V6, STM32WL31KBV6, STM32WL33C8V6, STM32WL33C8V6X, STM32WL33CBV6, STM32WL33CBV6X, STM32WL33CCV6, STM32WL33CCV6A, STM32WL33CCV6X, STM32WL33K8V7, STM32WL33K8V7X, STM32WL33KBV7 , STM32WL33KBV7X, STM32WL33KCV7, STM32WL33KCV7X, STM32WL5MOCH6, STM32WL5MOCH6TR]
2026-08-27 16:03:32,295 [INFO] DbMcus:218 - Found 4801 MCUs, 4801 are supported
2026-08-27 16:03:32,296 [INFO] ApiDb:414 - User favorites file not found: C:\Users\student/.stm32cubeide/favorites.mcus.txt
2026-08-27 16:03:32,296 [INFO] DbMcus:224 - Set 0 / 0 favorites MCUs
2026-08-27 16:03:32,349 [ERROR] LogOutputStream:75 - [STDERR_REDIRECT] [Fatal Error] :1:1: Premature end of file.
2026-08-27 16:03:32,349 [ERROR] LogOutputStream:75 - [STDERR_REDIRECT] 
2026-08-27 16:03:32,565 [INFO] ApiDb:668 - CubeFinder database Data Model version=2.1
2026-08-27 16:03:32,565 [INFO] ApiDb:669 - CubeFinder database Configuration version=3.0.39
2026-08-27 16:03:32,565 [INFO] ApiDb:670 - CubeFinder database generation date=2025-06-24 (1750757100)
2026-08-27 16:03:32,565 [INFO] ApiDb:671 - CubeFinder database FW Pack versions=[FP-ATR-ASTRA1_V2.0.0, FP-SNS-FLIGHT1_V5.1.0, FP-SNS-MOTENV1_V5.0.0, FP-SNS-MOTENVWB1_V1.4.0, FP-SNS-SMARTAG2_V1.2.0, FP-SNS-STBOX1_V2.0.0, STM32Cube_FW_C0_V1.4.0, STM32Cube_FW_F4_V1.28.2, STM32Cube_FW_F7_V1.17.3, STM32Cube_FW_G0_V1.6.2, STM32Cube_FW_G4_V1.6.1, STM32Cube_FW_H5_V1.5.0, STM32Cube_FW_H7RS_V1.2.0, STM32Cube_FW_H7_V1.12.1, STM32Cube_FW_L0_V1.12.2, STM32Cube_FW_L4_V1.18.1, STM32Cube_FW_L5_V1.5.1, STM32Cube_FW_N6_V1.2.0, STM32Cube_FW_U0_V1.3.0, STM32Cube_FW_U3_V1.2.0, STM32Cube_FW_U5_V1.8.0, STM32Cube_FW_WB0_V1.3.0, STM32Cube_FW_WBA_V1.7.0, STM32Cube_FW_WB_V1.23.0, STM32Cube_FW_WL3_V1.2.0, STM32Cube_FW_WL_V1.3.1, X-CUBE-ALGOBUILD_V1.4.0, X-CUBE-ALS_V1.0.2, X-CUBE-AZRTOS-F4_V1.1.0, X-CUBE-AZRTOS-F7_V1.1.0, X-CUBE-AZRTOS-G0_V1.1.0, X-CUBE-AZRTOS-G4_V2.0.0, X-CUBE-AZRTOS-H7RS_V1.1.0, X-CUBE-AZRTOS-H7_V3.3.0, X-CUBE-AZRTOS-L4_V2.0.0, X-CUBE-AZRTOS-L5_V2.0.0, X-CUBE-AZRTOS-WB_V2.0.0, X-CUBE-AZRTOS-WL_V2.0.0, X-CUBE-BLE1_V7.1.0, X-CUBE-BLE2_V3.3.0, X-CUBE-BLEMGR_V4.0.0, X-CUBE-EEPRMA1_V5.1.0, X-CUBE-FREERTOS_V1.3.1, X-CUBE-GNSS1_V6.0.0, X-CUBE-MEMS1_V11.3.0, X-CUBE-NFC4_V3.0.0, X-CUBE-NFC7_V2.0.0, X-CUBE-SFXS2LP1_V4.0.0, X-CUBE-SUBG2_V5.0.0, X-CUBE-TOF1_V3.4.3]
2026-08-27 16:03:32,596 [INFO] DbBoardsSqlite:226 - include board P-NUCLEO-WB55-NUCLEO as a kit item of type 'Nucleo-64'
2026-08-27 16:03:32,596 [INFO] DbBoardsSqlite:226 - include board P-NUCLEO-WB55-USBDONGLE as a kit item of type 'Nucleo USB Dongle'
2026-08-27 16:03:32,596 [INFO] DbBoardsSqlite:226 - include board STEVAL-IDP005V1 as a kit item of type 'Evaluation Board'
2026-08-27 16:03:32,596 [INFO] DbBoardsSqlite:226 - include board STEVAL-IDP005V2 as a kit item of type 'Evaluation Board'
2026-08-27 16:03:32,638 [INFO] ApiDb:240 - Found 880 in-development CPN: [B-G473E-ZEST1S, B-WB1M-WPAN1, B-WBA5M-WPAN, B-WL5M-SUBG1, NUCLEO-C031C6, NUCLEO-C051C8, NUCLEO-C071RB, NUCLEO-C092RC, NUCLEO-H503RB, NUCLEO-H533RE, NUCLEO-H563ZI, NUCLEO-H7S3L8, NUCLEO-N657X0-Q, NUCLEO-U031R8, NUCLEO-U083RC, NUCLEO-U385RG-Q, NUCLEO-U545RE-Q, NUCLEO-U5A5ZJ-Q, NUCLEO-WB05KZ, NUCLEO-WB07CC, NUCLEO-WB09KE, NUCLEO-WBA52CG, NUCLEO-WBA55CG, NUCLEO-WL33CC1, NUCLEO-WL33CC2, STEVAL-PROTEUS1, STEVAL-SMARTAG2, STEVAL-STWINBX1, STM320518-EVAL, STM32C0116-DK, STM32C011D6Y3TR, STM32C011D6Y6TR, STM32C011F4P3, STM32C011F4P6, STM32C011F4U3, STM32C011F4U6TR, STM32C011F6P3, STM32C011F6P6, STM32C011F6U3, STM32C011F6U6TR, STM32C011J4M3, STM32C011J4M6, STM32C011J6M3, STM32C011J6M6, STM32C0316-DK, STM32C031C4T3, STM32C031C4T6, STM32C031C4U3, STM32C031C4U6, STM32C031C6T3, STM32C031C6T6, STM32C031C6U3, STM32C031C6U6, STM32C031F4P3, STM32C031F4P6, STM32C031F6P3, STM32C031F6P6, STM32C031G4U3, STM32C031G4U6, STM32C031G6U3, STM32C031G6U6, STM32C031K4T3, STM32C031K4T6, STM32C031K4U3, STM32C031K4U6, STM32C031K6T3, STM32C031K6T6, STM32C031K6U3, STM32C031K6U6, STM32C051C6T6, STM32C051C6U6, STM32C051C8T6, STM32C051C8U6, STM32C051D8Y6TR, STM32C051F6P6, STM32C051F8P6, STM32C051G6U6, STM32C051G8U6, STM32C051K6T6, STM32C051K6U6, STM32C051K8T6, STM32C071C8T6, STM32C071C8T6N, STM32C071C8U6, STM32C071C8U6N, STM32C071CBT6, STM32C071CBT6N, STM32C071CBU6, STM32C071CBU6N, STM32C071F8P6, STM32C071F8P6N, STM32C071FBP6, STM32C071FBP6N, STM32C071FBY6TR, STM32C071G8U6, STM32C071G8U6N, STM32C071GBU6, STM32C071GBU6N, STM32C071K8T6, STM32C071K8T6N, STM32C071K8U6, STM32C071K8U6N, STM32C071KBT6, STM32C071KBT6N, STM32C071KBU6, STM32C071KBU6N, STM32C071R8T6, STM32C071R8T6N, STM32C071RBI6N, STM32C071RBT6, STM32C071RBT6N, STM32C091CBT6, STM32C091CBU6, STM32C091CCT6, STM32C091CCU6, STM32C091ECY6TR, STM32C091FBP6, STM32C091FCP6, STM32C091GBU6, STM32C091GCU6, STM32C091KBT6, STM32C091KBU6, STM32C091KCT6, STM32C091KCU6, STM32C091RBT6, STM32C091RCI6, STM32C091RCT6, STM32C092CBT6, STM32C092CBU6, STM32C092CCT6, STM32C092CCU6, STM32C092ECY6TR, STM32C092FBP6, STM32C092FCP6, STM32C092GBU6, STM32C092GCU6, STM32C092KBT6, STM32C092KBU6, STM32C092KCT6, STM32C092KCU6, STM32C092RBT6, STM32C092RCI6, STM32C092RCT6, STM32G071K8TXN, STM32G071K8UXN, STM32G081GBU6N, STM32G081KBT6N, STM32G081KBUXN, STM32G0B1CCT6N, STM32G0B1KCT6, STM32G0B1NEY6TR, STM32G0B1RCT6N, STM32G0C1CCT6, STM32G0C1CCT6N, STM32G0C1CCU6N, STM32G0C1CET6N, STM32G0C1CEU6N, STM32G0C1KCT6, STM32G0C1NEY6TR, STM32G0C1RCI6N, STM32G0C1RCT6N, STM32G0C1REI6N, STM32G0C1RET6N, STM32G0C1VCI6, STM32G0C1VEI6, STM32G411C6T3, STM32G411C6T6, STM32G411C6U3, STM32G411C6U6, STM32G411C8T3, STM32G411C8T6, STM32G411C8U3, STM32G411C8U6, STM32G411CBT3, STM32G411CBT6, STM32G411CBU3, STM32G411CBU6, STM32G411K6T3, STM32G411K6T6, STM32G411K6U3, STM32G411K6U6, STM32G411K8T3, STM32G411K8T6, STM32G411K8U3, STM32G411K8U6, STM32G411KBT3, STM32G411KBT6, STM32G411KBU3, STM32G411KBU6, STM32G411M6T3, STM32G411M6T6, STM32G411M8T3, STM32G411M8T6, STM32G411MBT3, STM32G411MBT6, STM32G411R6T3, STM32G411R6T6, STM32G411R8T3, STM32G411R8T6, STM32G411RBT3, STM32G411RBT6, STM32G414CBT3, STM32G414CBT6, STM32G414CBU3, STM32G414CBU6, STM32G414CCT3, STM32G414CCT6, STM32G414CCU3, STM32G414CCU6, STM32G414MBT3, STM32G414MBT6, STM32G414MCT3, STM32G414MCT6, STM32G414RBT3, STM32G414RBT6, STM32G414RCT3, STM32G414RCT6, STM32G414VBT3, STM32G414VBT6, STM32G414VCT3, STM32G414VCT6, STM32G431CBT3Z, STM32G431RBT3Z, STM32G471CCT6, STM32G471CCU6, STM32G471CET3, STM32G471CET6, STM32G471CEU3, STM32G471CEU6, STM32G471MCT6, STM32G471MET3, STM32G471MET6, STM32G471MEY6TR, STM32G471QCT6, STM32G471QET3, STM32G471RCT6, STM32G471RET3, STM32G471RET6, STM32G471VCH6, STM32G471VCI6, STM32G471VCT6, STM32G471VEH3, STM32G471VEH6, STM32G471VEI3, STM32G471VEI6, STM32G471VET3, STM32G471VET6, STM32G473QET3Z, STM32G473RET3Z, STM32G474CCT6, STM32G491RET3Z, STM32H503CBT6, STM32H503CBU6, STM32H503EBY6TR, STM32H503KBU6, STM32H503RBT6, STM32H523CCT6, STM32H523CCU6, STM32H523CET6, STM32H523CEU6, STM32H523HEY6TR, STM32H523RCT6, STM32H523RET6, STM32H523VCI6, STM32H523VCT6, STM32H523VEI6, STM32H523VET6, STM32H523ZCJ6, STM32H523ZCT6, STM32H523ZEJ6, STM32H523ZET6, STM32H533CET6, STM32H533CEU6, STM32H533HEY6TR, STM32H533RET6, STM32H533VEI6, STM32H533VET6, STM32H533ZEJ6, STM32H533ZET6, STM32H562AGI6, STM32H562AII6, STM32H562IGK6, STM32H562IGT6, STM32H562IIK6, STM32H562IIT6, STM32H562RGT6, STM32H562RGV6, STM32H562RIT6, STM32H562RIV6, STM32H562VGT6, STM32H562VIT6, STM32H562ZGT6, STM32H562ZIT6, STM32H563AGI6, STM32H563AII3Q, STM32H563AII6, STM32H563IGK6, STM32H563IGT6, STM32H563IIK3Q, STM32H563IIK6, STM32H563IIT3Q, STM32H563IIT6, STM32H563MIY3QTR, STM32H563RGT6, STM32H563RGV6, STM32H563RIT6, STM32H563RIV6, STM32H563VGT6, STM32H563VIT3Q, STM32H563VIT6, STM32H563ZGT6, STM32H563ZIT3Q, STM32H563ZIT6, STM32H573AII3Q, STM32H573AII6, STM32H573I-DK, STM32H573IIK3Q, STM32H573IIK6, STM32H573IIT3Q, STM32H573IIT6, STM32H573MIY3QTR, STM32H573RIT6, STM32H573RIV6, STM32H573VIT3Q, STM32H573VIT6, STM32H573ZIT3Q, STM32H573ZIT6, STM32H7R3A8I6, STM32H7R3I8K6, STM32H7R3I8T6, STM32H7R3L8H6, STM32H7R3L8H6H, STM32H7R3R8V6, STM32H7R3V8H6, STM32H7R3V8T6, STM32H7R3V8Y6TR, STM32H7R3Z8J6, STM32H7R3Z8T6, STM32H7R7A8I6, STM32H7R7I8K6, STM32H7R7I8T6, STM32H7R7L8H6, STM32H7R7L8H6H, STM32H7R7Z8J6, STM32H7S3A8I6, STM32H7S3I8K6, STM32H7S3I8T6, STM32H7S3L8H6, STM32H7S3L8H6H, STM32H7S3R8V6, STM32H7S3V8H6, STM32H7S3V8T6, STM32H7S3V8Y6TR, STM32H7S3Z8J6, STM32H7S3Z8T6, STM32H7S78-DK, STM32H7S7A8I6, STM32H7S7I8K6, STM32H7S7I8T6, STM32H7S7L8H6, STM32H7S7L8H6H, STM32H7S7Z8J6, STM32L4R5QGI6STR, STM32MP131AAE3, STM32MP131AAF3, STM32MP131AAG3, STM32MP131CAE3, STM32MP131CAF3, STM32MP131CAG3, STM32MP131DAE7, STM32MP131DAF7, STM32MP131DAG7, STM32MP131FAE7, STM32MP131FAF7, STM32MP131FAG7, STM32MP133AAE3, STM32MP133AAF3, STM32MP133AAG3, STM32MP133CAE3, STM32MP133CAF3, STM32MP133CAG3, STM32MP133DAE7, STM32MP133DAF7, STM32MP133DAG7, STM32MP133FAE7, STM32MP133FAF7, STM32MP133FAG7, STM32MP135AAE3, STM32MP135AAF3, STM32MP135AAG3, STM32MP135CAE3, STM32MP135CAF3, STM32MP135CAG3, STM32MP135DAE7, STM32MP135DAF7, STM32MP135DAG7, STM32MP135F-DK, STM32MP135FAE7, STM32MP135FAF7, STM32MP135FAF7T, STM32MP135FAF7U, STM32MP135FAG7, STM32MP211AAL3, STM32MP211AAM3, STM32MP211AAN3, STM32MP211AAO3, STM32MP211CAL3, STM32MP211CAM3, STM32MP211CAN3, STM32MP211CAO3, STM32MP211DAL3, STM32MP211DAM3, STM32MP211DAN3, STM32MP211DAO3, STM32MP211FAL3, STM32MP211FAM3, STM32MP211FAN3, STM32MP211FAO3, STM32MP213AAL3, STM32MP213AAM3, STM32MP213AAN3, STM32MP213AAO3, STM32MP213CAL3, STM32MP213CAM3, STM32MP213CAN3, STM32MP213CAO3, STM32MP213DAL3, STM32MP213DAM3, STM32MP213DAN3, STM32MP213DAO3, STM32MP213FAL3, STM32MP213FAM3, STM32MP213FAN3, STM32MP213FAO3, STM32MP215AAL3, STM32MP215AAM3, STM32MP215AAN3, STM32MP215AAO3, STM32MP215CAL3, STM32MP215CAM3, STM32MP215CAN3, STM32MP215CAO3, STM32MP215DAL3, STM32MP215DAM3, STM32MP215DAN3, STM32MP215DAO3, STM32MP215F-DK, STM32MP215FAL3, STM32MP215FAM3, STM32MP215FAN3, STM32MP215FAO3, STM32MP231AAJ3, STM32MP231AAK3, STM32MP231AAL3, STM32MP231CAJ3, STM32MP231CAK3, STM32MP231CAL3, STM32MP231DAJ3, STM32MP231DAK3, STM32MP231DAL3, STM32MP231FAJ3, STM32MP231FAK3, STM32MP231FAL3, STM32MP233AAJ3, STM32MP233AAK3, STM32MP233AAL3, STM32MP233CAJ3, STM32MP233CAK3, STM32MP233CAL3, STM32MP233DAJ3, STM32MP233DAK3, STM32MP233DAL3, STM32MP233FAJ3, STM32MP233FAK3, STM32MP233FAL3, STM32MP235AAJ3, STM32MP235AAK3, STM32MP235AAL3, STM32MP235CAJ3, STM32MP235CAK3, STM32MP235CAL3, STM32MP235DAJ3, STM32MP235DAK3, STM32MP235DAL3, STM32MP235FAJ3, STM32MP235FAK3, STM32MP235FAL3, STM32MP251AAI3, STM32MP251AAK3, STM32MP251AAL3, STM32MP251CAI3, STM32MP251CAK3, STM32MP251CAL3, STM32MP251DAI3, STM32MP251DAK3, STM32MP251DAL3, STM32MP251FAI3, STM32MP251FAK3, STM32MP251FAL3, STM32MP253AAI3, STM32MP253AAK3, STM32MP253AAL3, STM32MP253CAI3, STM32MP253CAK3, STM32MP253CAL3, STM32MP253DAI3, STM32MP253DAK3, STM32MP253DAL3, STM32MP253FAI3, STM32MP253FAK3, STM32MP253FAL3, STM32MP255AAI3, STM32MP255AAK3, STM32MP255AAL3, STM32MP255CAI3, STM32MP255CAK3, STM32MP255CAL3, STM32MP255DAI3, STM32MP255DAK3, STM32MP255DAL3, STM32MP255FAI3, STM32MP255FAK3, STM32MP255FAL3, STM32MP257AAI3, STM32MP257AAK3, STM32MP257AAL3, STM32MP257CAI3, STM32MP257CAK3, STM32MP257CAL3, STM32MP257DAI3, STM32MP257DAK3, STM32MP257DAL3, STM32MP257F-DK, STM32MP257F-EV1, STM32MP257FAI3, STM32MP257FAK3, STM32MP257FAL3, STM32N645A0H3Q, STM32N645B0H3Q, STM32N645I0H3Q, STM32N645L0H3Q, STM32N645X0H3Q, STM32N645Z0H3Q, STM32N647A0H3Q, STM32N647B0H3Q, STM32N647I0H3Q, STM32N647L0H3Q, STM32N647X0H3Q, STM32N647Z0H3Q, STM32N655A0H3Q, STM32N655B0H3Q, STM32N655I0H3Q, STM32N655L0H3Q, STM32N655X0H3Q, STM32N655Z0H3Q, STM32N6570-DK, STM32N657A0H3Q, STM32N657B0H3Q, STM32N657I0H3Q, STM32N657L0H3Q, STM32N657X0H3Q, STM32N657Z0H3Q, STM32U031C6T6, STM32U031C6U6, STM32U031C8T6, STM32U031C8U6, STM32U031F4P6, STM32U031F6P6, STM32U031F8P6, STM32U031G6Y6TR, STM32U031G8Y6TR, STM32U031K4U6, STM32U031K6U6, STM32U031K8U6, STM32U031R6I6, STM32U031R6T6, STM32U031R8I6, STM32U031R8T6, STM32U073C8T6, STM32U073C8U6, STM32U073CBT6, STM32U073CBU6, STM32U073CCT6, STM32U073CCU6, STM32U073H8Y6TR, STM32U073HBY6TR, STM32U073HCY6TR, STM32U073K8U6, STM32U073KBU6, STM32U073KCU6, STM32U073M8I6, STM32U073M8T6, STM32U073MBI6, STM32U073MBT6, STM32U073MCI6, STM32U073MCT6, STM32U073R8I6, STM32U073R8T6, STM32U073RBI6, STM32U073RBT6, STM32U073RCI6, STM32U073RCT6, STM32U083C-DK, STM32U083CCT6, STM32U083CCU6, STM32U083HCY6TR, STM32U083KCU6, STM32U083MCI6, STM32U083MCT6, STM32U083RCI6, STM32U083RCT6, STM32U375CET6, STM32U375CET6Q, STM32U375CEU6, STM32U375CEU6Q, STM32U375CEY6QTR, STM32U375CGT6, STM32U375CGT6Q, STM32U375CGU6, STM32U375CGU6Q, STM32U375CGY6QTR, STM32U375KEU6, STM32U375KGU6, STM32U375REI6, STM32U375REI6Q, STM32U375RET6, STM32U375RET6Q, STM32U375REY6GTR, STM32U375REY6QTR, STM32U375RGI6, STM32U375RGI6Q, STM32U375RGT6, STM32U375RGT6Q, STM32U375RGY6GTR, STM32U375RGY6QTR, STM32U375VEI6, STM32U375VEI6Q, STM32U375VET6, STM32U375VET6Q, STM32U375VGI6, STM32U375VGI6Q, STM32U375VGT6, STM32U375VGT6Q, STM32U385CGT6, STM32U385CGT6Q, STM32U385CGU6, STM32U385CGU6Q, STM32U385CGY6QTR, STM32U385KGU6, STM32U385RGI6, STM32U385RGI6Q, STM32U385RGT6, STM32U385RGT6Q, STM32U385RGY6GTR, STM32U385RGY6QTR, STM32U385VGI6, STM32U385VGI6Q, STM32U385VGT6, STM32U385VGT6Q, STM32U535CBT6, STM32U535CBT6Q, STM32U535CBU6, STM32U535CBU6Q, STM32U535CCT6, STM32U535CCT6Q, STM32U535CCU6, STM32U535CCU6Q, STM32U535CET6, STM32U535CET6Q, STM32U535CEU6, STM32U535CEU6Q, STM32U535JEY6QTR, STM32U535NCY6QTR, STM32U535NEY6QTR, STM32U535RBI6, STM32U535RBI6Q, STM32U535RBT6, STM32U535RBT6Q, STM32U535RCI6, STM32U535RCI6Q, STM32U535RCT6, STM32U535RCT6Q, STM32U535REI6, STM32U535REI6Q, STM32U535RET6, STM32U535RET6Q, STM32U535VCI6, STM32U535VCI6Q, STM32U535VCT6, STM32U535VCT6Q, STM32U535VEI6, STM32U535VEI6Q, STM32U535VET6, STM32U535VET6Q, STM32U545CET6, STM32U545CET6Q, STM32U545CEU6, STM32U545CEU6Q, STM32U545JEY6QTR, STM32U545NEY6QTR, STM32U545REI6, STM32U545REI6Q, STM32U545RET6, STM32U545RET6Q, STM32U545VEI6, STM32U545VEI6Q, STM32U545VET6, STM32U545VET6Q, STM32U595AIH6, STM32U595AIH6Q, STM32U595AJH6, STM32U595AJH6Q, STM32U595QII6, STM32U595QII6Q, STM32U595QJI6, STM32U595QJI6Q, STM32U595RIT6, STM32U595RIT6Q, STM32U595RJT6, STM32U595RJT6Q, STM32U595VIT6, STM32U595VIT6Q, STM32U595VJT6, STM32U595VJT6Q, STM32U595ZIT6, STM32U595ZIT6Q, STM32U595ZIY6QTR, STM32U595ZJT6, STM32U595ZJT6Q, STM32U595ZJY6QTR, STM32U599BJY6QTR, STM32U599NIH6Q, STM32U599NJH6Q, STM32U599VIT6Q, STM32U599VJT6, STM32U599VJT6Q, STM32U599ZIT6Q, STM32U599ZIY6QTR, STM32U599ZJT6Q, STM32U599ZJY6QTR, STM32U5A5AJH6, STM32U5A5AJH6Q, STM32U5A5QII3Q , STM32U5A5QJI6, STM32U5A5QJI6Q, STM32U5A5RJT6, STM32U5A5RJT6Q, STM32U5A5VJT6, STM32U5A5VJT6Q, STM32U5A5ZJT6, STM32U5A5ZJT6Q, STM32U5A5ZJY6QTR, STM32U5A9BJY6QTR, STM32U5A9J-DK, STM32U5A9NJH6Q, STM32U5A9VJT6Q, STM32U5A9ZJT6Q, STM32U5A9ZJY6QTR, STM32U5F7VIT6, STM32U5F7VIT6Q, STM32U5F7VJT6, STM32U5F7VJT6Q, STM32U5F9BJY6QTR, STM32U5F9NJH6Q, STM32U5F9VIT6Q, STM32U5F9VJT6Q, STM32U5F9ZIJ6QTR, STM32U5F9ZIT6Q, STM32U5F9ZJJ6QTR, STM32U5F9ZJT6Q, STM32U5G7VJT6, STM32U5G7VJT6Q, STM32U5G9BJY6QTR, STM32U5G9J-DK1, STM32U5G9J-DK2, STM32U5G9NJH6Q, STM32U5G9VJT6Q, STM32U5G9ZJJ6QTR, STM32U5G9ZJT6Q, STM32WB05KZV6TR, STM32WB05KZV7TR, STM32WB05TZF6TR, STM32WB05TZF7TR, STM32WB06CCF6TR, STM32WB06CCF7TR, STM32WB06CCV6TR, STM32WB06CCV7TR, STM32WB06KCV6TR, STM32WB06KCV7TR, STM32WB07CCF6TR, STM32WB07CCF7TR, STM32WB07CCV6TR, STM32WB07CCV7TR, STM32WB07KCV6TR, STM32WB07KCV7TR, STM32WB09KEV6TR, STM32WB09KEV7TR, STM32WB09TEF6TR, STM32WB09TEF7TR, STM32WB1MMCH6, STM32WBA50KGU6, STM32WBA50KGU6TR, STM32WBA52CEU6, STM32WBA52CEU6TR, STM32WBA52CEU7, STM32WBA52CEU7TR, STM32WBA52CGU6, STM32WBA52CGU6TR, STM32WBA52CGU6U, STM32WBA52CGU7, STM32WBA52CGU7TR, STM32WBA52KEU6, STM32WBA52KEU6TR, STM32WBA52KGU6, STM32WBA52KGU6TR, STM32WBA54CEU6, STM32WBA54CEU6TR, STM32WBA54CEU7, STM32WBA54CEU7TR, STM32WBA54CGU6, STM32WBA54CGU6TR, STM32WBA54CGU7, STM32WBA54CGU7TR, STM32WBA54KEU6, STM32WBA54KEU6TR, STM32WBA54KEU7, STM32WBA54KEU7TR, STM32WBA54KGU6, STM32WBA54KGU6TR, STM32WBA54KGU7, STM32WBA54KGU7TR, STM32WBA55CEU6, STM32WBA55CEU6TR, STM32WBA55CEU7, STM32WBA55CEU7TR, STM32WBA55CGU6, STM32WBA55CGU6TR, STM32WBA55CGU6U, STM32WBA55CGU7, STM32WBA55CGU7TR, STM32WBA55G-DK1, STM32WBA55HEF6, STM32WBA55HEF7, STM32WBA55HGF6, STM32WBA55HGF7, STM32WBA55UEI6, STM32WBA55UEI6TR, STM32WBA55UEI7, STM32WBA55UEI7TR, STM32WBA55UGI6, STM32WBA55UGI6TR, STM32WBA55UGI7, STM32WBA55UGI7TR, STM32WBA5MMGH6TR, STM32WBA62MGF6, STM32WBA62MIF6, STM32WBA65MGF7, STM32WBA65MIF6, STM32WBA65MIF7, STM32WL30K8V6, STM32WL30KBV6, STM32WL31C8V6, STM32WL31CBV6, STM32WL31K8V6, STM32WL31KBV6, STM32WL33C8V6, STM32WL33C8V6X, STM32WL33CBV6, STM32WL33CBV6X, STM32WL33CCV6, STM32WL33CCV6A, STM32WL33CCV6X, STM32WL33K8V7, STM32WL33K8V7X, STM32WL33KBV7 , STM32WL33KBV7X, STM32WL33KCV7, STM32WL33KCV7X, STM32WL5MOCH6, STM32WL5MOCH6TR]
2026-08-27 16:03:32,810 [INFO] BoardInfo:889 - No configuration file found for board P-NUCLEO-WB55
2026-08-27 16:03:32,811 [INFO] DbBoards:161 - Kit is not supported: P-NUCLEO-WB55
2026-08-27 16:03:32,815 [INFO] BoardInfo:889 - No configuration file found for board STEVAL-BFA001V1B
2026-08-27 16:03:32,816 [INFO] DbBoards:161 - Kit is not supported: STEVAL-BFA001V1B
2026-08-27 16:03:32,817 [INFO] BoardInfo:889 - No configuration file found for board STEVAL-BFA001V2B
2026-08-27 16:03:32,818 [INFO] DbBoards:161 - Kit is not supported: STEVAL-BFA001V2B
2026-08-27 16:03:32,980 [INFO] DbBoards:168 - Found 212 boards, 209 are supported
2026-08-27 16:03:32,980 [INFO] DbBoards:169 - Found 212 boards, 43 of them is supported for  Bsp
2026-08-27 16:03:32,982 [INFO] ApiDb:414 - User favorites file not found: C:\Users\student/.stm32cubeide/favorites.boards.txt
2026-08-27 16:03:32,982 [INFO] DbBoards:198 - Set 0 / 0 favorites Boards
2026-08-27 16:03:32,982 [INFO] McuFinderGlobals:76 - Set McuFinderConnectedMode to true
2026-08-27 16:03:32,991 [INFO] MultiScanPanel:200 - Auto-refresh data requested => check proxy status ongoing
2026-08-27 16:03:32,993 [INFO] FinderPluginLoader:96 - Searching for filters in installed packs
2026-08-27 16:03:33,350 [ERROR] LogOutputStream:75 - [STDERR_REDIRECT] [Fatal Error] :1:1: Premature end of file.
2026-08-27 16:03:33,350 [ERROR] LogOutputStream:75 - [STDERR_REDIRECT] 
2026-08-27 16:03:34,044 [INFO] ServerAccessManage:452 - Complete download http(s) 200
2026-08-27 16:03:34,044 [INFO] ServerAccessManage:509 - Download File 
2026-08-27 16:03:34,207 [INFO] LoadUrlFilesThread:185 - End of LoadServerUrlFiles without Thread
2026-08-27 16:03:34,218 [INFO] DetailPanel:341 - Set advertising image to C:/Users/student/STM32Cube/Repository/\en.stm32h5cubemxbanner.png
2026-08-27 16:03:34,353 [ERROR] LogOutputStream:75 - [STDERR_REDIRECT] [Fatal Error] :1:1: Premature end of file.
2026-08-27 16:03:34,353 [ERROR] LogOutputStream:75 - [STDERR_REDIRECT] 
2026-08-27 16:03:35,358 [ERROR] LogOutputStream:75 - [STDERR_REDIRECT] [Fatal Error] :1:1: Premature end of file.
2026-08-27 16:03:35,358 [ERROR] LogOutputStream:75 - [STDERR_REDIRECT] 
2026-08-27 16:03:36,353 [ERROR] LogOutputStream:75 - [STDERR_REDIRECT] [Fatal Error] :1:1: Premature end of file.
2026-08-27 16:03:36,353 [ERROR] LogOutputStream:75 - [STDERR_REDIRECT] 
2026-08-27 16:03:37,352 [ERROR] LogOutputStream:75 - [STDERR_REDIRECT] [Fatal Error] :1:1: Premature end of file.
2026-08-27 16:03:37,353 [ERROR] LogOutputStream:75 - [STDERR_REDIRECT] 
2026-08-27 16:03:38,351 [ERROR] LogOutputStream:75 - [STDERR_REDIRECT] Exception in thread "AWT-EventQueue-0" java.lang.NullPointerException: Cannot invoke "com.st.stm32cube.common.mx.targetselector.IdeMcuFinder.cleanUp(boolean)" because "this.this$0.mcuFinder" is null
2026-08-27 16:03:38,352 [ERROR] LogOutputStream:75 - [STDERR_REDIRECT] 	at com.st.stm32cube.common.mx.targetselector.TargetSelectorAdapter$7.run(TargetSelectorAdapter.java:353)
2026-08-27 16:03:38,352 [ERROR] LogOutputStream:75 - [STDERR_REDIRECT] 	at com.st.stm32cube.common.mx.oss.core.awtswtbridge.AwtEnvironment$2.run(AwtEnvironment.java:166)
2026-08-27 16:03:38,353 [ERROR] LogOutputStream:75 - [STDERR_REDIRECT] 	at java.desktop/java.awt.event.InvocationEvent.dispatch(InvocationEvent.java:318)
2026-08-27 16:03:38,354 [ERROR] LogOutputStream:75 - [STDERR_REDIRECT] 	at java.desktop/java.awt.EventQueue.dispatchEventImpl(EventQueue.java:773)
2026-08-27 16:03:38,354 [ERROR] LogOutputStream:75 - [STDERR_REDIRECT] 	at java.desktop/java.awt.EventQueue$4.run(EventQueue.java:720)
2026-08-27 16:03:38,354 [ERROR] LogOutputStream:75 - [STDERR_REDIRECT] 	at java.desktop/java.awt.EventQueue$4.run(EventQueue.java:714)
2026-08-27 16:03:38,355 [ERROR] LogOutputStream:75 - [STDERR_REDIRECT] 	at java.base/java.security.AccessController.doPrivileged(AccessController.java:400)
2026-08-27 16:03:38,355 [ERROR] LogOutputStream:75 - [STDERR_REDIRECT] 	at java.base/java.security.ProtectionDomain$JavaSecurityAccessImpl.doIntersectionPrivilege(ProtectionDomain.java:87)
2026-08-27 16:03:38,356 [ERROR] LogOutputStream:75 - [STDERR_REDIRECT] 	at java.desktop/java.awt.EventQueue.dispatchEvent(EventQueue.java:742)
2026-08-27 16:03:38,356 [ERROR] LogOutputStream:75 - [STDERR_REDIRECT] 	at java.desktop/java.awt.EventDispatchThread.pumpOneEventForFilters(EventDispatchThread.java:203)
2026-08-27 16:03:38,357 [ERROR] LogOutputStream:75 - [STDERR_REDIRECT] 	at java.desktop/java.awt.EventDispatchThread.pumpEventsForFilter(EventDispatchThread.java:124)
2026-08-27 16:03:38,357 [ERROR] LogOutputStream:75 - [STDERR_REDIRECT] 	at java.desktop/java.awt.EventDispatchThread.pumpEventsForHierarchy(EventDispatchThread.java:113)
2026-08-27 16:03:38,358 [ERROR] LogOutputStream:75 - [STDERR_REDIRECT] 	at java.desktop/java.awt.EventDispatchThread.pumpEvents(EventDispatchThread.java:109)
2026-08-27 16:03:38,358 [ERROR] LogOutputStream:75 - [STDERR_REDIRECT] 	at java.desktop/java.awt.EventDispatchThread.pumpEvents(EventDispatchThread.java:101)
2026-08-27 16:03:38,359 [ERROR] LogOutputStream:75 - [STDERR_REDIRECT] 	at java.desktop/java.awt.EventDispatchThread.run(EventDispatchThread.java:90)
2026-08-27 16:03:38,359 [ERROR] LogOutputStream:75 - [STDERR_REDIRECT] [Fatal Error] :1:1: Premature end of file.
2026-08-27 16:03:38,360 [ERROR] LogOutputStream:75 - [STDERR_REDIRECT] 
2026-08-27 16:03:38,362 [ERROR] LogOutputStream:75 - [STDERR_REDIRECT] Exception in thread "AWT-EventQueue-0" java.lang.NullPointerException: Cannot invoke "com.st.stm32cube.common.mx.targetselector.IdeMcuFinder.cleanUp(boolean)" because "this.this$0.mcuFinder" is null
2026-08-27 16:03:38,362 [ERROR] LogOutputStream:75 - [STDERR_REDIRECT] 	at com.st.stm32cube.common.mx.targetselector.TargetSelectorAdapter$7.run(TargetSelectorAdapter.java:353)
2026-08-27 16:03:38,363 [ERROR] LogOutputStream:75 - [STDERR_REDIRECT] 	at com.st.stm32cube.common.mx.oss.core.awtswtbridge.AwtEnvironment$2.run(AwtEnvironment.java:166)
2026-08-27 16:03:38,363 [ERROR] LogOutputStream:75 - [STDERR_REDIRECT] 	at java.desktop/java.awt.event.InvocationEvent.dispatch(InvocationEvent.java:318)
2026-08-27 16:03:38,364 [ERROR] LogOutputStream:75 - [STDERR_REDIRECT] 	at java.desktop/java.awt.EventQueue.dispatchEventImpl(EventQueue.java:773)
2026-08-27 16:03:38,365 [ERROR] LogOutputStream:75 - [STDERR_REDIRECT] 	at java.desktop/java.awt.EventQueue$4.run(EventQueue.java:720)
2026-08-27 16:03:38,365 [ERROR] LogOutputStream:75 - [STDERR_REDIRECT] 	at java.desktop/java.awt.EventQueue$4.run(EventQueue.java:714)
2026-08-27 16:03:38,366 [ERROR] LogOutputStream:75 - [STDERR_REDIRECT] 	at java.base/java.security.AccessController.doPrivileged(AccessController.java:400)
2026-08-27 16:03:38,366 [ERROR] LogOutputStream:75 - [STDERR_REDIRECT] 	at java.base/java.security.ProtectionDomain$JavaSecurityAccessImpl.doIntersectionPrivilege(ProtectionDomain.java:87)
2026-08-27 16:03:38,367 [ERROR] LogOutputStream:75 - [STDERR_REDIRECT] 	at java.desktop/java.awt.EventQueue.dispatchEvent(EventQueue.java:742)
2026-08-27 16:03:38,367 [ERROR] LogOutputStream:75 - [STDERR_REDIRECT] 	at java.desktop/java.awt.EventDispatchThread.pumpOneEventForFilters(EventDispatchThread.java:203)
2026-08-27 16:03:38,368 [ERROR] LogOutputStream:75 - [STDERR_REDIRECT] 	at java.desktop/java.awt.EventDispatchThread.pumpEventsForFilter(EventDispatchThread.java:124)
2026-08-27 16:03:38,368 [ERROR] LogOutputStream:75 - [STDERR_REDIRECT] 	at java.desktop/java.awt.EventDispatchThread.pumpEventsForHierarchy(EventDispatchThread.java:113)
2026-08-27 16:03:38,369 [ERROR] LogOutputStream:75 - [STDERR_REDIRECT] 	at java.desktop/java.awt.EventDispatchThread.pumpEvents(EventDispatchThread.java:109)
2026-08-27 16:03:38,369 [ERROR] LogOutputStream:75 - [STDERR_REDIRECT] 	at java.desktop/java.awt.EventDispatchThread.pumpEvents(EventDispatchThread.java:101)
2026-08-27 16:03:38,370 [ERROR] LogOutputStream:75 - [STDERR_REDIRECT] 	at java.desktop/java.awt.EventDispatchThread.run(EventDispatchThread.java:90)
2026-08-27 16:03:38,745 [INFO] MainUpdater:2872 - connection check result : 10
2026-08-27 16:03:38,746 [INFO] McuFinderGlobals:76 - Set McuFinderConnectedMode to true
2026-08-27 16:03:38,931 [INFO] ServerAccessManage:452 - Complete download http(s) 200
2026-08-27 16:03:38,932 [INFO] ServerAccessManage:509 - Download File mcusAds.json._tmp_
2026-08-27 16:03:39,045 [INFO] LoadUrlFilesThread:156 - End of LoadUrlFiles Thread
2026-08-27 16:03:39,353 [ERROR] LogOutputStream:75 - [STDERR_REDIRECT] [Fatal Error] :1:1: Premature end of file.
2026-08-27 16:03:39,353 [ERROR] LogOutputStream:75 - [STDERR_REDIRECT] 
2026-08-27 16:03:39,544 [INFO] ServerAccessManage:452 - Complete download http(s) 200
2026-08-27 16:03:39,544 [INFO] ServerAccessManage:509 - Download File cube-finder-db.zip
2026-08-27 16:03:40,348 [ERROR] LogOutputStream:75 - [STDERR_REDIRECT] [Fatal Error] :1:1: Premature end of file.
2026-08-27 16:03:40,348 [ERROR] LogOutputStream:75 - [STDERR_REDIRECT] 
2026-08-27 16:03:41,346 [ERROR] LogOutputStream:75 - [STDERR_REDIRECT] [Fatal Error] :1:1: Premature end of file.
2026-08-27 16:03:41,346 [ERROR] LogOutputStream:75 - [STDERR_REDIRECT] 
2026-08-27 16:03:42,348 [ERROR] LogOutputStream:75 - [STDERR_REDIRECT] [Fatal Error] :1:1: Premature end of file.
2026-08-27 16:03:42,348 [ERROR] LogOutputStream:75 - [STDERR_REDIRECT] 
2026-08-27 16:03:43,347 [ERROR] LogOutputStream:75 - [STDERR_REDIRECT] [Fatal Error] :1:1: Premature end of file.
2026-08-27 16:03:43,348 [ERROR] LogOutputStream:75 - [STDERR_REDIRECT] 
2026-08-27 16:03:44,348 [ERROR] LogOutputStream:75 - [STDERR_REDIRECT] [Fatal Error] :1:1: Premature end of file.
2026-08-27 16:03:44,348 [ERROR] LogOutputStream:75 - [STDERR_REDIRECT] 
2026-08-27 16:03:45,351 [ERROR] LogOutputStream:75 - [STDERR_REDIRECT] [Fatal Error] :1:1: Premature end of file.
2026-08-27 16:03:45,351 [ERROR] LogOutputStream:75 - [STDERR_REDIRECT] 
2026-08-27 16:03:46,350 [ERROR] LogOutputStream:75 - [STDERR_REDIRECT] [Fatal Error] :1:1: Premature end of file.
2026-08-27 16:03:46,350 [ERROR] LogOutputStream:75 - [STDERR_REDIRECT] 
2026-08-27 16:03:47,350 [ERROR] LogOutputStream:75 - [STDERR_REDIRECT] [Fatal Error] :1:1: Premature end of file.
2026-08-27 16:03:47,350 [ERROR] LogOutputStream:75 - [STDERR_REDIRECT] 
2026-08-27 16:03:48,348 [ERROR] LogOutputStream:75 - [STDERR_REDIRECT] [Fatal Error] :1:1: Premature end of file.
2026-08-27 16:03:48,348 [ERROR] LogOutputStream:75 - [STDERR_REDIRECT] 
2026-08-27 16:03:49,348 [ERROR] LogOutputStream:75 - [STDERR_REDIRECT] [Fatal Error] :1:1: Premature end of file.
2026-08-27 16:03:49,348 [ERROR] LogOutputStream:75 - [STDERR_REDIRECT] 
2026-08-27 16:03:50,348 [ERROR] LogOutputStream:75 - [STDERR_REDIRECT] [Fatal Error] :1:1: Premature end of file.
2026-08-27 16:03:50,348 [ERROR] LogOutputStream:75 - [STDERR_REDIRECT] 
2026-08-27 16:03:51,348 [ERROR] LogOutputStream:75 - [STDERR_REDIRECT] [Fatal Error] :1:1: Premature end of file.
2026-08-27 16:03:51,348 [ERROR] LogOutputStream:75 - [STDERR_REDIRECT] 
2026-08-27 16:03:52,349 [ERROR] LogOutputStream:75 - [STDERR_REDIRECT] [Fatal Error] :1:1: Premature end of file.
2026-08-27 16:03:52,349 [ERROR] LogOutputStream:75 - [STDERR_REDIRECT] 
2026-08-27 16:03:53,350 [ERROR] LogOutputStream:75 - [STDERR_REDIRECT] [Fatal Error] :1:1: Premature end of file.
2026-08-27 16:03:53,350 [ERROR] LogOutputStream:75 - [STDERR_REDIRECT] 
2026-08-27 16:03:54,349 [ERROR] LogOutputStream:75 - [STDERR_REDIRECT] [Fatal Error] :1:1: Premature end of file.
2026-08-27 16:03:54,349 [ERROR] LogOutputStream:75 - [STDERR_REDIRECT] 
2026-08-27 16:03:55,351 [ERROR] LogOutputStream:75 - [STDERR_REDIRECT] [Fatal Error] :1:1: Premature end of file.
2026-08-27 16:03:55,351 [ERROR] LogOutputStream:75 - [STDERR_REDIRECT] 
2026-08-27 16:03:56,350 [ERROR] LogOutputStream:75 - [STDERR_REDIRECT] [Fatal Error] :1:1: Premature end of file.
2026-08-27 16:03:56,350 [ERROR] LogOutputStream:75 - [STDERR_REDIRECT] 
2026-08-27 16:03:57,347 [ERROR] LogOutputStream:75 - [STDERR_REDIRECT] [Fatal Error] :1:1: Premature end of file.
2026-08-27 16:03:57,347 [ERROR] LogOutputStream:75 - [STDERR_REDIRECT] 
2026-08-27 16:03:58,350 [ERROR] LogOutputStream:75 - [STDERR_REDIRECT] [Fatal Error] :1:1: Premature end of file.
2026-08-27 16:03:58,350 [ERROR] LogOutputStream:75 - [STDERR_REDIRECT] 
2026-08-27 16:03:59,350 [ERROR] LogOutputStream:75 - [STDERR_REDIRECT] [Fatal Error] :1:1: Premature end of file.
2026-08-27 16:03:59,350 [ERROR] LogOutputStream:75 - [STDERR_REDIRECT] 
2026-08-27 16:04:00,347 [ERROR] LogOutputStream:75 - [STDERR_REDIRECT] [Fatal Error] :1:1: Premature end of file.
2026-08-27 16:04:00,347 [ERROR] LogOutputStream:75 - [STDERR_REDIRECT] 
2026-08-27 16:04:01,350 [ERROR] LogOutputStream:75 - [STDERR_REDIRECT] [Fatal Error] :1:1: Premature end of file.
2026-08-27 16:04:01,350 [ERROR] LogOutputStream:75 - [STDERR_REDIRECT] 
2026-08-27 16:04:02,349 [ERROR] LogOutputStream:75 - [STDERR_REDIRECT] [Fatal Error] :1:1: Premature end of file.
2026-08-27 16:04:02,349 [ERROR] LogOutputStream:75 - [STDERR_REDIRECT] 
2026-08-27 16:04:03,349 [ERROR] LogOutputStream:75 - [STDERR_REDIRECT] [Fatal Error] :1:1: Premature end of file.
2026-08-27 16:04:03,349 [ERROR] LogOutputStream:75 - [STDERR_REDIRECT] 
2026-08-27 16:04:04,349 [ERROR] LogOutputStream:75 - [STDERR_REDIRECT] [Fatal Error] :1:1: Premature end of file.
2026-08-27 16:04:04,349 [ERROR] LogOutputStream:75 - [STDERR_REDIRECT] 
2026-08-27 16:04:05,348 [ERROR] LogOutputStream:75 - [STDERR_REDIRECT] [Fatal Error] :1:1: Premature end of file.
2026-08-27 16:04:05,348 [ERROR] LogOutputStream:75 - [STDERR_REDIRECT] 
2026-08-27 16:04:06,349 [ERROR] LogOutputStream:75 - [STDERR_REDIRECT] [Fatal Error] :1:1: Premature end of file.
2026-08-27 16:04:06,349 [ERROR] LogOutputStream:75 - [STDERR_REDIRECT] 
2026-08-27 16:04:07,347 [ERROR] LogOutputStream:75 - [STDERR_REDIRECT] [Fatal Error] :1:1: Premature end of file.
2026-08-27 16:04:07,347 [ERROR] LogOutputStream:75 - [STDERR_REDIRECT] 
2026-08-27 16:04:08,347 [ERROR] LogOutputStream:75 - [STDERR_REDIRECT] [Fatal Error] :1:1: Premature end of file.
2026-08-27 16:04:08,347 [ERROR] LogOutputStream:75 - [STDERR_REDIRECT] 
2026-08-27 16:04:09,348 [ERROR] LogOutputStream:75 - [STDERR_REDIRECT] [Fatal Error] :1:1: Premature end of file.
2026-08-27 16:04:09,348 [ERROR] LogOutputStream:75 - [STDERR_REDIRECT] 
2026-08-27 16:04:10,349 [ERROR] LogOutputStream:75 - [STDERR_REDIRECT] [Fatal Error] :1:1: Premature end of file.
2026-08-27 16:04:10,349 [ERROR] LogOutputStream:75 - [STDERR_REDIRECT] 
2026-08-27 16:04:11,349 [ERROR] LogOutputStream:75 - [STDERR_REDIRECT] [Fatal Error] :1:1: Premature end of file.
2026-08-27 16:04:11,349 [ERROR] LogOutputStream:75 - [STDERR_REDIRECT] 
2026-08-27 16:04:12,351 [ERROR] LogOutputStream:75 - [STDERR_REDIRECT] [Fatal Error] :1:1: Premature end of file.
2026-08-27 16:04:12,351 [ERROR] LogOutputStream:75 - [STDERR_REDIRECT] 
2026-08-27 16:04:13,349 [ERROR] LogOutputStream:75 - [STDERR_REDIRECT] [Fatal Error] :1:1: Premature end of file.
2026-08-27 16:04:13,349 [ERROR] LogOutputStream:75 - [STDERR_REDIRECT] 
2026-08-27 16:04:14,355 [ERROR] LogOutputStream:75 - [STDERR_REDIRECT] [Fatal Error] :1:1: Premature end of file.
2026-08-27 16:04:14,355 [ERROR] LogOutputStream:75 - [STDERR_REDIRECT] 
2026-08-27 16:04:15,353 [ERROR] LogOutputStream:75 - [STDERR_REDIRECT] [Fatal Error] :1:1: Premature end of file.
2026-08-27 16:04:15,353 [ERROR] LogOutputStream:75 - [STDERR_REDIRECT] 
2026-08-27 16:04:16,349 [ERROR] LogOutputStream:75 - [STDERR_REDIRECT] [Fatal Error] :1:1: Premature end of file.
2026-08-27 16:04:16,349 [ERROR] LogOutputStream:75 - [STDERR_REDIRECT] 
2026-08-27 16:04:17,349 [ERROR] LogOutputStream:75 - [STDERR_REDIRECT] [Fatal Error] :1:1: Premature end of file.
2026-08-27 16:04:17,349 [ERROR] LogOutputStream:75 - [STDERR_REDIRECT] 
2026-08-27 16:04:18,351 [ERROR] LogOutputStream:75 - [STDERR_REDIRECT] [Fatal Error] :1:1: Premature end of file.
2026-08-27 16:04:18,352 [ERROR] LogOutputStream:75 - [STDERR_REDIRECT] 
2026-08-27 16:04:19,348 [ERROR] LogOutputStream:75 - [STDERR_REDIRECT] [Fatal Error] :1:1: Premature end of file.
2026-08-27 16:04:19,348 [ERROR] LogOutputStream:75 - [STDERR_REDIRECT] 
2026-08-27 16:04:20,347 [ERROR] LogOutputStream:75 - [STDERR_REDIRECT] [Fatal Error] :1:1: Premature end of file.
2026-08-27 16:04:20,347 [ERROR] LogOutputStream:75 - [STDERR_REDIRECT] 
2026-08-27 16:04:21,353 [ERROR] LogOutputStream:75 - [STDERR_REDIRECT] [Fatal Error] :1:1: Premature end of file.
2026-08-27 16:04:21,353 [ERROR] LogOutputStream:75 - [STDERR_REDIRECT] 
2026-08-27 16:04:22,349 [ERROR] LogOutputStream:75 - [STDERR_REDIRECT] [Fatal Error] :1:1: Premature end of file.
2026-08-27 16:04:22,349 [ERROR] LogOutputStream:75 - [STDERR_REDIRECT] 
2026-08-27 16:04:23,348 [ERROR] LogOutputStream:75 - [STDERR_REDIRECT] [Fatal Error] :1:1: Premature end of file.
2026-08-27 16:04:23,348 [ERROR] LogOutputStream:75 - [STDERR_REDIRECT] 
2026-08-27 16:04:24,348 [ERROR] LogOutputStream:75 - [STDERR_REDIRECT] [Fatal Error] :1:1: Premature end of file.
2026-08-27 16:04:24,348 [ERROR] LogOutputStream:75 - [STDERR_REDIRECT] 
2026-08-27 16:04:25,354 [ERROR] LogOutputStream:75 - [STDERR_REDIRECT] [Fatal Error] :1:1: Premature end of file.
2026-08-27 16:04:25,354 [ERROR] LogOutputStream:75 - [STDERR_REDIRECT] 
2026-08-27 16:04:26,351 [ERROR] LogOutputStream:75 - [STDERR_REDIRECT] [Fatal Error] :1:1: Premature end of file.
2026-08-27 16:04:26,351 [ERROR] LogOutputStream:75 - [STDERR_REDIRECT] 
2026-08-27 16:04:27,347 [ERROR] LogOutputStream:75 - [STDERR_REDIRECT] [Fatal Error] :1:1: Premature end of file.
2026-08-27 16:04:27,347 [ERROR] LogOutputStream:75 - [STDERR_REDIRECT] 
2026-08-27 16:04:28,351 [ERROR] LogOutputStream:75 - [STDERR_REDIRECT] [Fatal Error] :1:1: Premature end of file.
2026-08-27 16:04:28,351 [ERROR] LogOutputStream:75 - [STDERR_REDIRECT] 
2026-08-27 16:04:29,351 [ERROR] LogOutputStream:75 - [STDERR_REDIRECT] [Fatal Error] :1:1: Premature end of file.
2026-08-27 16:04:29,351 [ERROR] LogOutputStream:75 - [STDERR_REDIRECT] 
2026-08-27 16:04:30,351 [ERROR] LogOutputStream:75 - [STDERR_REDIRECT] [Fatal Error] :1:1: Premature end of file.
2026-08-27 16:04:30,351 [ERROR] LogOutputStream:75 - [STDERR_REDIRECT] 
2026-08-27 16:04:31,354 [ERROR] LogOutputStream:75 - [STDERR_REDIRECT] [Fatal Error] :1:1: Premature end of file.
2026-08-27 16:04:31,354 [ERROR] LogOutputStream:75 - [STDERR_REDIRECT] 
2026-08-27 16:04:32,349 [ERROR] LogOutputStream:75 - [STDERR_REDIRECT] [Fatal Error] :1:1: Premature end of file.
2026-08-27 16:04:32,349 [ERROR] LogOutputStream:75 - [STDERR_REDIRECT] 
2026-08-27 16:04:33,352 [ERROR] LogOutputStream:75 - [STDERR_REDIRECT] [Fatal Error] :1:1: Premature end of file.
2026-08-27 16:04:33,353 [ERROR] LogOutputStream:75 - [STDERR_REDIRECT] 
2026-08-27 16:04:34,350 [ERROR] LogOutputStream:75 - [STDERR_REDIRECT] [Fatal Error] :1:1: Premature end of file.
2026-08-27 16:04:34,350 [ERROR] LogOutputStream:75 - [STDERR_REDIRECT] 
2026-08-27 16:04:35,349 [ERROR] LogOutputStream:75 - [STDERR_REDIRECT] [Fatal Error] :1:1: Premature end of file.
2026-08-27 16:04:35,349 [ERROR] LogOutputStream:75 - [STDERR_REDIRECT] 
2026-08-27 16:04:36,350 [ERROR] LogOutputStream:75 - [STDERR_REDIRECT] [Fatal Error] :1:1: Premature end of file.
2026-08-27 16:04:36,350 [ERROR] LogOutputStream:75 - [STDERR_REDIRECT] 
2026-08-27 16:04:37,349 [ERROR] LogOutputStream:75 - [STDERR_REDIRECT] [Fatal Error] :1:1: Premature end of file.
2026-08-27 16:04:37,349 [ERROR] LogOutputStream:75 - [STDERR_REDIRECT] 
2026-08-27 16:04:38,352 [ERROR] LogOutputStream:75 - [STDERR_REDIRECT] [Fatal Error] :1:1: Premature end of file.
2026-08-27 16:04:38,352 [ERROR] LogOutputStream:75 - [STDERR_REDIRECT] 
2026-08-27 16:04:39,353 [ERROR] LogOutputStream:75 - [STDERR_REDIRECT] [Fatal Error] :1:1: Premature end of file.
2026-08-27 16:04:39,353 [ERROR] LogOutputStream:75 - [STDERR_REDIRECT] 
2026-08-27 16:04:40,352 [ERROR] LogOutputStream:75 - [STDERR_REDIRECT] [Fatal Error] :1:1: Premature end of file.
2026-08-27 16:04:40,352 [ERROR] LogOutputStream:75 - [STDERR_REDIRECT] 
2026-08-27 16:04:41,354 [ERROR] LogOutputStream:75 - [STDERR_REDIRECT] [Fatal Error] :1:1: Premature end of file.
2026-08-27 16:04:41,354 [ERROR] LogOutputStream:75 - [STDERR_REDIRECT] 
2026-08-27 16:04:42,352 [ERROR] LogOutputStream:75 - [STDERR_REDIRECT] [Fatal Error] :1:1: Premature end of file.
2026-08-27 16:04:42,352 [ERROR] LogOutputStream:75 - [STDERR_REDIRECT] 
2026-08-27 16:04:43,352 [ERROR] LogOutputStream:75 - [STDERR_REDIRECT] [Fatal Error] :1:1: Premature end of file.
2026-08-27 16:04:43,352 [ERROR] LogOutputStream:75 - [STDERR_REDIRECT] 
2026-08-27 16:04:44,347 [ERROR] LogOutputStream:75 - [STDERR_REDIRECT] [Fatal Error] :1:1: Premature end of file.
2026-08-27 16:04:44,347 [ERROR] LogOutputStream:75 - [STDERR_REDIRECT] 
2026-08-27 16:04:45,349 [ERROR] LogOutputStream:75 - [STDERR_REDIRECT] [Fatal Error] :1:1: Premature end of file.
2026-08-27 16:04:45,349 [ERROR] LogOutputStream:75 - [STDERR_REDIRECT] 
2026-08-27 16:04:46,348 [ERROR] LogOutputStream:75 - [STDERR_REDIRECT] [Fatal Error] :1:1: Premature end of file.
2026-08-27 16:04:46,349 [ERROR] LogOutputStream:75 - [STDERR_REDIRECT] 
2026-08-27 16:04:47,348 [ERROR] LogOutputStream:75 - [STDERR_REDIRECT] [Fatal Error] :1:1: Premature end of file.
2026-08-27 16:04:47,348 [ERROR] LogOutputStream:75 - [STDERR_REDIRECT] 
2026-08-27 16:04:48,348 [ERROR] LogOutputStream:75 - [STDERR_REDIRECT] [Fatal Error] :1:1: Premature end of file.
2026-08-27 16:04:48,348 [ERROR] LogOutputStream:75 - [STDERR_REDIRECT] 
2026-08-27 16:04:49,350 [ERROR] LogOutputStream:75 - [STDERR_REDIRECT] [Fatal Error] :1:1: Premature end of file.
2026-08-27 16:04:49,350 [ERROR] LogOutputStream:75 - [STDERR_REDIRECT] 
2026-08-27 16:04:50,349 [ERROR] LogOutputStream:75 - [STDERR_REDIRECT] [Fatal Error] :1:1: Premature end of file.
2026-08-27 16:04:50,349 [ERROR] LogOutputStream:75 - [STDERR_REDIRECT] 
2026-08-27 16:04:51,349 [ERROR] LogOutputStream:75 - [STDERR_REDIRECT] [Fatal Error] :1:1: Premature end of file.
2026-08-27 16:04:51,349 [ERROR] LogOutputStream:75 - [STDERR_REDIRECT] 
2026-08-27 16:04:52,348 [ERROR] LogOutputStream:75 - [STDERR_REDIRECT] [Fatal Error] :1:1: Premature end of file.
2026-08-27 16:04:52,348 [ERROR] LogOutputStream:75 - [STDERR_REDIRECT] 
2026-08-27 16:04:53,348 [ERROR] LogOutputStream:75 - [STDERR_REDIRECT] [Fatal Error] :1:1: Premature end of file.
2026-08-27 16:04:53,348 [ERROR] LogOutputStream:75 - [STDERR_REDIRECT] 
2026-08-27 16:04:54,349 [ERROR] LogOutputStream:75 - [STDERR_REDIRECT] [Fatal Error] :1:1: Premature end of file.
2026-08-27 16:04:54,349 [ERROR] LogOutputStream:75 - [STDERR_REDIRECT] 
2026-08-27 16:04:55,349 [ERROR] LogOutputStream:75 - [STDERR_REDIRECT] [Fatal Error] :1:1: Premature end of file.
2026-08-27 16:04:55,349 [ERROR] LogOutputStream:75 - [STDERR_REDIRECT] 
2026-08-27 16:04:56,349 [ERROR] LogOutputStream:75 - [STDERR_REDIRECT] [Fatal Error] :1:1: Premature end of file.
2026-08-27 16:04:56,349 [ERROR] LogOutputStream:75 - [STDERR_REDIRECT] 
2026-08-27 16:04:57,349 [ERROR] LogOutputStream:75 - [STDERR_REDIRECT] [Fatal Error] :1:1: Premature end of file.
2026-08-27 16:04:57,349 [ERROR] LogOutputStream:75 - [STDERR_REDIRECT] 
2026-08-27 16:04:58,349 [ERROR] LogOutputStream:75 - [STDERR_REDIRECT] [Fatal Error] :1:1: Premature end of file.
2026-08-27 16:04:58,349 [ERROR] LogOutputStream:75 - [STDERR_REDIRECT] 
2026-08-27 16:04:59,349 [ERROR] LogOutputStream:75 - [STDERR_REDIRECT] [Fatal Error] :1:1: Premature end of file.
2026-08-27 16:04:59,349 [ERROR] LogOutputStream:75 - [STDERR_REDIRECT] 
2026-08-27 16:05:00,350 [ERROR] LogOutputStream:75 - [STDERR_REDIRECT] [Fatal Error] :1:1: Premature end of file.
2026-08-27 16:05:00,350 [ERROR] LogOutputStream:75 - [STDERR_REDIRECT] 
2026-08-27 16:05:01,350 [ERROR] LogOutputStream:75 - [STDERR_REDIRECT] [Fatal Error] :1:1: Premature end of file.
2026-08-27 16:05:01,350 [ERROR] LogOutputStream:75 - [STDERR_REDIRECT] 
2026-08-27 16:05:02,346 [ERROR] LogOutputStream:75 - [STDERR_REDIRECT] [Fatal Error] :1:1: Premature end of file.
2026-08-27 16:05:02,346 [ERROR] LogOutputStream:75 - [STDERR_REDIRECT] 
2026-08-27 16:05:03,347 [ERROR] LogOutputStream:75 - [STDERR_REDIRECT] [Fatal Error] :1:1: Premature end of file.
2026-08-27 16:05:03,348 [ERROR] LogOutputStream:75 - [STDERR_REDIRECT] 
2026-08-27 16:05:04,349 [ERROR] LogOutputStream:75 - [STDERR_REDIRECT] [Fatal Error] :1:1: Premature end of file.
2026-08-27 16:05:04,349 [ERROR] LogOutputStream:75 - [STDERR_REDIRECT] 
2026-08-27 16:05:05,349 [ERROR] LogOutputStream:75 - [STDERR_REDIRECT] [Fatal Error] :1:1: Premature end of file.
2026-08-27 16:05:05,349 [ERROR] LogOutputStream:75 - [STDERR_REDIRECT] 
2026-08-27 16:05:06,350 [ERROR] LogOutputStream:75 - [STDERR_REDIRECT] [Fatal Error] :1:1: Premature end of file.
2026-08-27 16:05:06,350 [ERROR] LogOutputStream:75 - [STDERR_REDIRECT] 
2026-08-27 16:05:07,347 [ERROR] LogOutputStream:75 - [STDERR_REDIRECT] [Fatal Error] :1:1: Premature end of file.
2026-08-27 16:05:07,347 [ERROR] LogOutputStream:75 - [STDERR_REDIRECT] 
2026-08-27 16:05:08,349 [ERROR] LogOutputStream:75 - [STDERR_REDIRECT] [Fatal Error] :1:1: Premature end of file.
2026-08-27 16:05:08,349 [ERROR] LogOutputStream:75 - [STDERR_REDIRECT] 
2026-08-27 16:05:09,351 [ERROR] LogOutputStream:75 - [STDERR_REDIRECT] [Fatal Error] :1:1: Premature end of file.
2026-08-27 16:05:09,351 [ERROR] LogOutputStream:75 - [STDERR_REDIRECT] 
2026-08-27 16:05:10,349 [ERROR] LogOutputStream:75 - [STDERR_REDIRECT] [Fatal Error] :1:1: Premature end of file.
2026-08-27 16:05:10,350 [ERROR] LogOutputStream:75 - [STDERR_REDIRECT] 
2026-08-27 16:05:11,348 [ERROR] LogOutputStream:75 - [STDERR_REDIRECT] [Fatal Error] :1:1: Premature end of file.
2026-08-27 16:05:11,348 [ERROR] LogOutputStream:75 - [STDERR_REDIRECT] 
2026-08-27 16:05:12,349 [ERROR] LogOutputStream:75 - [STDERR_REDIRECT] [Fatal Error] :1:1: Premature end of file.
2026-08-27 16:05:12,349 [ERROR] LogOutputStream:75 - [STDERR_REDIRECT] 
2026-08-27 16:05:13,348 [ERROR] LogOutputStream:75 - [STDERR_REDIRECT] [Fatal Error] :1:1: Premature end of file.
2026-08-27 16:05:13,348 [ERROR] LogOutputStream:75 - [STDERR_REDIRECT] 
2026-08-27 16:05:14,347 [ERROR] LogOutputStream:75 - [STDERR_REDIRECT] [Fatal Error] :1:1: Premature end of file.
2026-08-27 16:05:14,347 [ERROR] LogOutputStream:75 - [STDERR_REDIRECT] 
2026-08-27 16:05:15,350 [ERROR] LogOutputStream:75 - [STDERR_REDIRECT] [Fatal Error] :1:1: Premature end of file.
2026-08-27 16:05:15,350 [ERROR] LogOutputStream:75 - [STDERR_REDIRECT] 
2026-08-27 16:05:16,348 [ERROR] LogOutputStream:75 - [STDERR_REDIRECT] [Fatal Error] :1:1: Premature end of file.
2026-08-27 16:05:16,348 [ERROR] LogOutputStream:75 - [STDERR_REDIRECT] 
2026-08-27 16:05:17,350 [ERROR] LogOutputStream:75 - [STDERR_REDIRECT] [Fatal Error] :1:1: Premature end of file.
2026-08-27 16:05:17,350 [ERROR] LogOutputStream:75 - [STDERR_REDIRECT] 
2026-08-27 16:05:18,350 [ERROR] LogOutputStream:75 - [STDERR_REDIRECT] [Fatal Error] :1:1: Premature end of file.
2026-08-27 16:05:18,350 [ERROR] LogOutputStream:75 - [STDERR_REDIRECT] 
2026-08-27 16:05:18,607 [INFO] FileExtend:248 - Unzip File : cube-finder-db.zip
2026-08-27 16:05:18,608 [INFO] FileExtend:263 - Standard Zip Deflate
2026-08-27 16:05:19,099 [INFO] LoadUrlFilesThread:156 - End of LoadUrlFiles Thread
2026-08-27 16:05:19,349 [ERROR] LogOutputStream:75 - [STDERR_REDIRECT] [Fatal Error] :1:1: Premature end of file.
2026-08-27 16:05:19,349 [ERROR] LogOutputStream:75 - [STDERR_REDIRECT] 
2026-08-27 16:05:20,349 [ERROR] LogOutputStream:75 - [STDERR_REDIRECT] [Fatal Error] :1:1: Premature end of file.
2026-08-27 16:05:20,349 [ERROR] LogOutputStream:75 - [STDERR_REDIRECT] 
2026-08-27 16:05:21,346 [ERROR] LogOutputStream:75 - [STDERR_REDIRECT] [Fatal Error] :1:1: Premature end of file.
2026-08-27 16:05:21,347 [ERROR] LogOutputStream:75 - [STDERR_REDIRECT] 
2026-08-27 16:05:22,347 [ERROR] LogOutputStream:75 - [STDERR_REDIRECT] [Fatal Error] :1:1: Premature end of file.
2026-08-27 16:05:22,347 [ERROR] LogOutputStream:75 - [STDERR_REDIRECT] 
2026-08-27 16:05:23,349 [ERROR] LogOutputStream:75 - [STDERR_REDIRECT] [Fatal Error] :1:1: Premature end of file.
2026-08-27 16:05:23,349 [ERROR] LogOutputStream:75 - [STDERR_REDIRECT] 
2026-08-27 16:05:24,348 [ERROR] LogOutputStream:75 - [STDERR_REDIRECT] [Fatal Error] :1:1: Premature end of file.
2026-08-27 16:05:24,348 [ERROR] LogOutputStream:75 - [STDERR_REDIRECT] 
2026-08-27 16:05:25,349 [ERROR] LogOutputStream:75 - [STDERR_REDIRECT] [Fatal Error] :1:1: Premature end of file.
2026-08-27 16:05:25,349 [ERROR] LogOutputStream:75 - [STDERR_REDIRECT] 
2026-08-27 16:05:26,347 [ERROR] LogOutputStream:75 - [STDERR_REDIRECT] [Fatal Error] :1:1: Premature end of file.
2026-08-27 16:05:26,347 [ERROR] LogOutputStream:75 - [STDERR_REDIRECT] 
2026-08-27 16:05:27,347 [ERROR] LogOutputStream:75 - [STDERR_REDIRECT] [Fatal Error] :1:1: Premature end of file.
2026-08-27 16:05:27,347 [ERROR] LogOutputStream:75 - [STDERR_REDIRECT] 
2026-08-27 16:05:28,347 [ERROR] LogOutputStream:75 - [STDERR_REDIRECT] [Fatal Error] :1:1: Premature end of file.
2026-08-27 16:05:28,347 [ERROR] LogOutputStream:75 - [STDERR_REDIRECT] 
2026-08-27 16:05:29,349 [ERROR] LogOutputStream:75 - [STDERR_REDIRECT] [Fatal Error] :1:1: Premature end of file.
2026-08-27 16:05:29,349 [ERROR] LogOutputStream:75 - [STDERR_REDIRECT] 
2026-08-27 16:05:30,347 [ERROR] LogOutputStream:75 - [STDERR_REDIRECT] [Fatal Error] :1:1: Premature end of file.
2026-08-27 16:05:30,347 [ERROR] LogOutputStream:75 - [STDERR_REDIRECT] 
2026-08-27 16:05:31,347 [ERROR] LogOutputStream:75 - [STDERR_REDIRECT] [Fatal Error] :1:1: Premature end of file.
2026-08-27 16:05:31,347 [ERROR] LogOutputStream:75 - [STDERR_REDIRECT] 
2026-08-27 16:05:32,350 [ERROR] LogOutputStream:75 - [STDERR_REDIRECT] [Fatal Error] :1:1: Premature end of file.
2026-08-27 16:05:32,350 [ERROR] LogOutputStream:75 - [STDERR_REDIRECT] 
2026-08-27 16:05:33,346 [ERROR] LogOutputStream:75 - [STDERR_REDIRECT] [Fatal Error] :1:1: Premature end of file.
2026-08-27 16:05:33,346 [ERROR] LogOutputStream:75 - [STDERR_REDIRECT] 
2026-08-27 16:05:34,348 [ERROR] LogOutputStream:75 - [STDERR_REDIRECT] [Fatal Error] :1:1: Premature end of file.
2026-08-27 16:05:34,348 [ERROR] LogOutputStream:75 - [STDERR_REDIRECT] 
2026-08-27 16:05:34,755 [ERROR] ServerAccessManage:1295 - Problem during Server Connection :  IO error Connection reset
2026-08-27 16:05:34,758 [ERROR] ServerAccessManage:740 - Problem during Server Connection :  : crdb.zip.
2026-08-27 16:05:35,347 [ERROR] LogOutputStream:75 - [STDERR_REDIRECT] [Fatal Error] :1:1: Premature end of file.
2026-08-27 16:05:35,347 [ERROR] LogOutputStream:75 - [STDERR_REDIRECT] 
2026-08-27 16:05:36,347 [ERROR] LogOutputStream:75 - [STDERR_REDIRECT] [Fatal Error] :1:1: Premature end of file.
2026-08-27 16:05:36,347 [ERROR] LogOutputStream:75 - [STDERR_REDIRECT] 
2026-08-27 16:05:37,348 [ERROR] LogOutputStream:75 - [STDERR_REDIRECT] [Fatal Error] :1:1: Premature end of file.
2026-08-27 16:05:37,348 [ERROR] LogOutputStream:75 - [STDERR_REDIRECT] 
2026-08-27 16:05:38,322 [INFO] LoadUrlFilesThread:156 - End of LoadUrlFiles Thread
2026-08-27 16:05:38,357 [ERROR] LogOutputStream:75 - [STDERR_REDIRECT] [Fatal Error] :1:1: Premature end of file.
2026-08-27 16:05:38,357 [ERROR] LogOutputStream:75 - [STDERR_REDIRECT] 
2026-08-27 16:05:39,351 [ERROR] LogOutputStream:75 - [STDERR_REDIRECT] [Fatal Error] :1:1: Premature end of file.
2026-08-27 16:05:39,351 [ERROR] LogOutputStream:75 - [STDERR_REDIRECT] 
2026-08-27 16:05:39,353 [INFO] DbMcusAds:53 - JSON generation date=Wed Jul 15 15:14:54 IST 2026 (1784108694001)
2026-08-27 16:05:39,357 [INFO] ApiDb:448 - Save user favorites file C:\Users\student/.stm32cubeide/favorites.mcus.txt: 0 item(s)
2026-08-27 16:05:39,357 [INFO] ApiDb:452 - User favorites MCUs=[]
2026-08-27 16:05:39,359 [INFO] ApiDb:581 - Connected to CubeFinder SQLite database (C:\Users\student\.stmcufinder\plugins\mcufinder\mcu\cube-finder-db.db)
2026-08-27 16:05:39,413 [INFO] ApiDb:668 - CubeFinder database Data Model version=2.1
2026-08-27 16:05:39,413 [INFO] ApiDb:669 - CubeFinder database Configuration version=3.0.42
2026-08-27 16:05:39,414 [INFO] ApiDb:670 - CubeFinder database generation date=2026-08-04 (1785840812)
2026-08-27 16:05:39,414 [INFO] ApiDb:671 - CubeFinder database FW Pack versions=[FP-ATR-ASTRA1_V2.0.0, FP-SNS-FLIGHT1_V5.1.0, FP-SNS-MOTENV1_V5.1.0, FP-SNS-MOTENVWB1_V1.5.0, FP-SNS-SMARTAG2_V1.2.0, FP-SNS-STBOX1_V2.1.0, STM32Cube_FW_C0_V1.4.1, STM32Cube_FW_F4_V1.28.3, STM32Cube_FW_F7_V1.17.4, STM32Cube_FW_G0_V1.6.3, STM32Cube_FW_G4_V1.6.2, STM32Cube_FW_H5_V1.7.0, STM32Cube_FW_H7RS_V1.3.0, STM32Cube_FW_H7_V1.13.0, STM32Cube_FW_L0_V1.12.2, STM32Cube_FW_L4_V1.18.2, STM32Cube_FW_L5_V1.6.0, STM32Cube_FW_N6_V1.4.0, STM32Cube_FW_U0_V1.3.0, STM32Cube_FW_U3_V1.4.0, STM32Cube_FW_U5_V1.9.0, STM32Cube_FW_WB0_V1.5.0, STM32Cube_FW_WBA_V1.10.0, STM32Cube_FW_WB_V1.24.0, STM32Cube_FW_WL3_V1.5.0, STM32Cube_FW_WL_V1.6.0, X-CUBE-ALGOBUILD_V1.5.0, X-CUBE-ALS_V1.0.2, X-CUBE-AZRTOS-F4_V1.1.0, X-CUBE-AZRTOS-F7_V1.1.0, X-CUBE-AZRTOS-G0_V1.1.0, X-CUBE-AZRTOS-G4_V2.0.0, X-CUBE-AZRTOS-H7RS_V1.3.0, X-CUBE-AZRTOS-H7_V3.5.0, X-CUBE-AZRTOS-L4_V2.0.0, X-CUBE-AZRTOS-L5_V2.0.0, X-CUBE-AZRTOS-WB_V2.0.0, X-CUBE-AZRTOS-WL_V2.0.0, X-CUBE-BLE1_V7.1.0, X-CUBE-BLE2_V3.3.0, X-CUBE-BLEMGR_V4.2.0, X-CUBE-EEPRMA1_V5.2.0, X-CUBE-FREERTOS_V1.6.0, X-CUBE-GNSS1_V7.1.1, X-CUBE-MEMS1_V13.0.0, X-CUBE-NFC4_V3.0.0, X-CUBE-NFC7_V2.0.0, X-CUBE-SFXS2LP1_V4.0.0, X-CUBE-ST67W61_V1.3.0, X-CUBE-SUBG2_V5.0.0, X-CUBE-TOF1_V3.4.3]
2026-08-27 16:05:40,349 [ERROR] LogOutputStream:75 - [STDERR_REDIRECT] [Fatal Error] :1:1: Premature end of file.
2026-08-27 16:05:40,349 [ERROR] LogOutputStream:75 - [STDERR_REDIRECT] 
2026-08-27 16:05:41,129 [INFO] ApiDb:240 - Found 880 in-development CPN: [B-G473E-ZEST1S, B-WB1M-WPAN1, B-WBA5M-WPAN, B-WL5M-SUBG1, NUCLEO-C031C6, NUCLEO-C051C8, NUCLEO-C071RB, NUCLEO-C092RC, NUCLEO-H503RB, NUCLEO-H533RE, NUCLEO-H563ZI, NUCLEO-H7S3L8, NUCLEO-N657X0-Q, NUCLEO-U031R8, NUCLEO-U083RC, NUCLEO-U385RG-Q, NUCLEO-U545RE-Q, NUCLEO-U5A5ZJ-Q, NUCLEO-WB05KZ, NUCLEO-WB07CC, NUCLEO-WB09KE, NUCLEO-WBA52CG, NUCLEO-WBA55CG, NUCLEO-WL33CC1, NUCLEO-WL33CC2, STEVAL-PROTEUS1, STEVAL-SMARTAG2, STEVAL-STWINBX1, STM320518-EVAL, STM32C0116-DK, STM32C011D6Y3TR, STM32C011D6Y6TR, STM32C011F4P3, STM32C011F4P6, STM32C011F4U3, STM32C011F4U6TR, STM32C011F6P3, STM32C011F6P6, STM32C011F6U3, STM32C011F6U6TR, STM32C011J4M3, STM32C011J4M6, STM32C011J6M3, STM32C011J6M6, STM32C0316-DK, STM32C031C4T3, STM32C031C4T6, STM32C031C4U3, STM32C031C4U6, STM32C031C6T3, STM32C031C6T6, STM32C031C6U3, STM32C031C6U6, STM32C031F4P3, STM32C031F4P6, STM32C031F6P3, STM32C031F6P6, STM32C031G4U3, STM32C031G4U6, STM32C031G6U3, STM32C031G6U6, STM32C031K4T3, STM32C031K4T6, STM32C031K4U3, STM32C031K4U6, STM32C031K6T3, STM32C031K6T6, STM32C031K6U3, STM32C031K6U6, STM32C051C6T6, STM32C051C6U6, STM32C051C8T6, STM32C051C8U6, STM32C051D8Y6TR, STM32C051F6P6, STM32C051F8P6, STM32C051G6U6, STM32C051G8U6, STM32C051K6T6, STM32C051K6U6, STM32C051K8T6, STM32C071C8T6, STM32C071C8T6N, STM32C071C8U6, STM32C071C8U6N, STM32C071CBT6, STM32C071CBT6N, STM32C071CBU6, STM32C071CBU6N, STM32C071F8P6, STM32C071F8P6N, STM32C071FBP6, STM32C071FBP6N, STM32C071FBY6TR, STM32C071G8U6, STM32C071G8U6N, STM32C071GBU6, STM32C071GBU6N, STM32C071K8T6, STM32C071K8T6N, STM32C071K8U6, STM32C071K8U6N, STM32C071KBT6, STM32C071KBT6N, STM32C071KBU6, STM32C071KBU6N, STM32C071R8T6, STM32C071R8T6N, STM32C071RBI6N, STM32C071RBT6, STM32C071RBT6N, STM32C091CBT6, STM32C091CBU6, STM32C091CCT6, STM32C091CCU6, STM32C091ECY6TR, STM32C091FBP6, STM32C091FCP6, STM32C091GBU6, STM32C091GCU6, STM32C091KBT6, STM32C091KBU6, STM32C091KCT6, STM32C091KCU6, STM32C091RBT6, STM32C091RCI6, STM32C091RCT6, STM32C092CBT6, STM32C092CBU6, STM32C092CCT6, STM32C092CCU6, STM32C092ECY6TR, STM32C092FBP6, STM32C092FCP6, STM32C092GBU6, STM32C092GCU6, STM32C092KBT6, STM32C092KBU6, STM32C092KCT6, STM32C092KCU6, STM32C092RBT6, STM32C092RCI6, STM32C092RCT6, STM32G071K8TXN, STM32G071K8UXN, STM32G081GBU6N, STM32G081KBT6N, STM32G081KBUXN, STM32G0B1CCT6N, STM32G0B1KCT6, STM32G0B1NEY6TR, STM32G0B1RCT6N, STM32G0C1CCT6, STM32G0C1CCT6N, STM32G0C1CCU6N, STM32G0C1CET6N, STM32G0C1CEU6N, STM32G0C1KCT6, STM32G0C1NEY6TR, STM32G0C1RCI6N, STM32G0C1RCT6N, STM32G0C1REI6N, STM32G0C1RET6N, STM32G0C1VCI6, STM32G0C1VEI6, STM32G411C6T3, STM32G411C6T6, STM32G411C6U3, STM32G411C6U6, STM32G411C8T3, STM32G411C8T6, STM32G411C8U3, STM32G411C8U6, STM32G411CBT3, STM32G411CBT6, STM32G411CBU3, STM32G411CBU6, STM32G411K6T3, STM32G411K6T6, STM32G411K6U3, STM32G411K6U6, STM32G411K8T3, STM32G411K8T6, STM32G411K8U3, STM32G411K8U6, STM32G411KBT3, STM32G411KBT6, STM32G411KBU3, STM32G411KBU6, STM32G411M6T3, STM32G411M6T6, STM32G411M8T3, STM32G411M8T6, STM32G411MBT3, STM32G411MBT6, STM32G411R6T3, STM32G411R6T6, STM32G411R8T3, STM32G411R8T6, STM32G411RBT3, STM32G411RBT6, STM32G414CBT3, STM32G414CBT6, STM32G414CBU3, STM32G414CBU6, STM32G414CCT3, STM32G414CCT6, STM32G414CCU3, STM32G414CCU6, STM32G414MBT3, STM32G414MBT6, STM32G414MCT3, STM32G414MCT6, STM32G414RBT3, STM32G414RBT6, STM32G414RCT3, STM32G414RCT6, STM32G414VBT3, STM32G414VBT6, STM32G414VCT3, STM32G414VCT6, STM32G431CBT3Z, STM32G431RBT3Z, STM32G471CCT6, STM32G471CCU6, STM32G471CET3, STM32G471CET6, STM32G471CEU3, STM32G471CEU6, STM32G471MCT6, STM32G471MET3, STM32G471MET6, STM32G471MEY6TR, STM32G471QCT6, STM32G471QET3, STM32G471RCT6, STM32G471RET3, STM32G471RET6, STM32G471VCH6, STM32G471VCI6, STM32G471VCT6, STM32G471VEH3, STM32G471VEH6, STM32G471VEI3, STM32G471VEI6, STM32G471VET3, STM32G471VET6, STM32G473QET3Z, STM32G473RET3Z, STM32G474CCT6, STM32G491RET3Z, STM32H503CBT6, STM32H503CBU6, STM32H503EBY6TR, STM32H503KBU6, STM32H503RBT6, STM32H523CCT6, STM32H523CCU6, STM32H523CET6, STM32H523CEU6, STM32H523HEY6TR, STM32H523RCT6, STM32H523RET6, STM32H523VCI6, STM32H523VCT6, STM32H523VEI6, STM32H523VET6, STM32H523ZCJ6, STM32H523ZCT6, STM32H523ZEJ6, STM32H523ZET6, STM32H533CET6, STM32H533CEU6, STM32H533HEY6TR, STM32H533RET6, STM32H533VEI6, STM32H533VET6, STM32H533ZEJ6, STM32H533ZET6, STM32H562AGI6, STM32H562AII6, STM32H562IGK6, STM32H562IGT6, STM32H562IIK6, STM32H562IIT6, STM32H562RGT6, STM32H562RGV6, STM32H562RIT6, STM32H562RIV6, STM32H562VGT6, STM32H562VIT6, STM32H562ZGT6, STM32H562ZIT6, STM32H563AGI6, STM32H563AII3Q, STM32H563AII6, STM32H563IGK6, STM32H563IGT6, STM32H563IIK3Q, STM32H563IIK6, STM32H563IIT3Q, STM32H563IIT6, STM32H563MIY3QTR, STM32H563RGT6, STM32H563RGV6, STM32H563RIT6, STM32H563RIV6, STM32H563VGT6, STM32H563VIT3Q, STM32H563VIT6, STM32H563ZGT6, STM32H563ZIT3Q, STM32H563ZIT6, STM32H573AII3Q, STM32H573AII6, STM32H573I-DK, STM32H573IIK3Q, STM32H573IIK6, STM32H573IIT3Q, STM32H573IIT6, STM32H573MIY3QTR, STM32H573RIT6, STM32H573RIV6, STM32H573VIT3Q, STM32H573VIT6, STM32H573ZIT3Q, STM32H573ZIT6, STM32H7R3A8I6, STM32H7R3I8K6, STM32H7R3I8T6, STM32H7R3L8H6, STM32H7R3L8H6H, STM32H7R3R8V6, STM32H7R3V8H6, STM32H7R3V8T6, STM32H7R3V8Y6TR, STM32H7R3Z8J6, STM32H7R3Z8T6, STM32H7R7A8I6, STM32H7R7I8K6, STM32H7R7I8T6, STM32H7R7L8H6, STM32H7R7L8H6H, STM32H7R7Z8J6, STM32H7S3A8I6, STM32H7S3I8K6, STM32H7S3I8T6, STM32H7S3L8H6, STM32H7S3L8H6H, STM32H7S3R8V6, STM32H7S3V8H6, STM32H7S3V8T6, STM32H7S3V8Y6TR, STM32H7S3Z8J6, STM32H7S3Z8T6, STM32H7S78-DK, STM32H7S7A8I6, STM32H7S7I8K6, STM32H7S7I8T6, STM32H7S7L8H6, STM32H7S7L8H6H, STM32H7S7Z8J6, STM32L4R5QGI6STR, STM32MP131AAE3, STM32MP131AAF3, STM32MP131AAG3, STM32MP131CAE3, STM32MP131CAF3, STM32MP131CAG3, STM32MP131DAE7, STM32MP131DAF7, STM32MP131DAG7, STM32MP131FAE7, STM32MP131FAF7, STM32MP131FAG7, STM32MP133AAE3, STM32MP133AAF3, STM32MP133AAG3, STM32MP133CAE3, STM32MP133CAF3, STM32MP133CAG3, STM32MP133DAE7, STM32MP133DAF7, STM32MP133DAG7, STM32MP133FAE7, STM32MP133FAF7, STM32MP133FAG7, STM32MP135AAE3, STM32MP135AAF3, STM32MP135AAG3, STM32MP135CAE3, STM32MP135CAF3, STM32MP135CAG3, STM32MP135DAE7, STM32MP135DAF7, STM32MP135DAG7, STM32MP135F-DK, STM32MP135FAE7, STM32MP135FAF7, STM32MP135FAF7T, STM32MP135FAF7U, STM32MP135FAG7, STM32MP211AAL3, STM32MP211AAM3, STM32MP211AAN3, STM32MP211AAO3, STM32MP211CAL3, STM32MP211CAM3, STM32MP211CAN3, STM32MP211CAO3, STM32MP211DAL3, STM32MP211DAM3, STM32MP211DAN3, STM32MP211DAO3, STM32MP211FAL3, STM32MP211FAM3, STM32MP211FAN3, STM32MP211FAO3, STM32MP213AAL3, STM32MP213AAM3, STM32MP213AAN3, STM32MP213AAO3, STM32MP213CAL3, STM32MP213CAM3, STM32MP213CAN3, STM32MP213CAO3, STM32MP213DAL3, STM32MP213DAM3, STM32MP213DAN3, STM32MP213DAO3, STM32MP213FAL3, STM32MP213FAM3, STM32MP213FAN3, STM32MP213FAO3, STM32MP215AAL3, STM32MP215AAM3, STM32MP215AAN3, STM32MP215AAO3, STM32MP215CAL3, STM32MP215CAM3, STM32MP215CAN3, STM32MP215CAO3, STM32MP215DAL3, STM32MP215DAM3, STM32MP215DAN3, STM32MP215DAO3, STM32MP215F-DK, STM32MP215FAL3, STM32MP215FAM3, STM32MP215FAN3, STM32MP215FAO3, STM32MP231AAJ3, STM32MP231AAK3, STM32MP231AAL3, STM32MP231CAJ3, STM32MP231CAK3, STM32MP231CAL3, STM32MP231DAJ3, STM32MP231DAK3, STM32MP231DAL3, STM32MP231FAJ3, STM32MP231FAK3, STM32MP231FAL3, STM32MP233AAJ3, STM32MP233AAK3, STM32MP233AAL3, STM32MP233CAJ3, STM32MP233CAK3, STM32MP233CAL3, STM32MP233DAJ3, STM32MP233DAK3, STM32MP233DAL3, STM32MP233FAJ3, STM32MP233FAK3, STM32MP233FAL3, STM32MP235AAJ3, STM32MP235AAK3, STM32MP235AAL3, STM32MP235CAJ3, STM32MP235CAK3, STM32MP235CAL3, STM32MP235DAJ3, STM32MP235DAK3, STM32MP235DAL3, STM32MP235FAJ3, STM32MP235FAK3, STM32MP235FAL3, STM32MP251AAI3, STM32MP251AAK3, STM32MP251AAL3, STM32MP251CAI3, STM32MP251CAK3, STM32MP251CAL3, STM32MP251DAI3, STM32MP251DAK3, STM32MP251DAL3, STM32MP251FAI3, STM32MP251FAK3, STM32MP251FAL3, STM32MP253AAI3, STM32MP253AAK3, STM32MP253AAL3, STM32MP253CAI3, STM32MP253CAK3, STM32MP253CAL3, STM32MP253DAI3, STM32MP253DAK3, STM32MP253DAL3, STM32MP253FAI3, STM32MP253FAK3, STM32MP253FAL3, STM32MP255AAI3, STM32MP255AAK3, STM32MP255AAL3, STM32MP255CAI3, STM32MP255CAK3, STM32MP255CAL3, STM32MP255DAI3, STM32MP255DAK3, STM32MP255DAL3, STM32MP255FAI3, STM32MP255FAK3, STM32MP255FAL3, STM32MP257AAI3, STM32MP257AAK3, STM32MP257AAL3, STM32MP257CAI3, STM32MP257CAK3, STM32MP257CAL3, STM32MP257DAI3, STM32MP257DAK3, STM32MP257DAL3, STM32MP257F-DK, STM32MP257F-EV1, STM32MP257FAI3, STM32MP257FAK3, STM32MP257FAL3, STM32N645A0H3Q, STM32N645B0H3Q, STM32N645I0H3Q, STM32N645L0H3Q, STM32N645X0H3Q, STM32N645Z0H3Q, STM32N647A0H3Q, STM32N647B0H3Q, STM32N647I0H3Q, STM32N647L0H3Q, STM32N647X0H3Q, STM32N647Z0H3Q, STM32N655A0H3Q, STM32N655B0H3Q, STM32N655I0H3Q, STM32N655L0H3Q, STM32N655X0H3Q, STM32N655Z0H3Q, STM32N6570-DK, STM32N657A0H3Q, STM32N657B0H3Q, STM32N657I0H3Q, STM32N657L0H3Q, STM32N657X0H3Q, STM32N657Z0H3Q, STM32U031C6T6, STM32U031C6U6, STM32U031C8T6, STM32U031C8U6, STM32U031F4P6, STM32U031F6P6, STM32U031F8P6, STM32U031G6Y6TR, STM32U031G8Y6TR, STM32U031K4U6, STM32U031K6U6, STM32U031K8U6, STM32U031R6I6, STM32U031R6T6, STM32U031R8I6, STM32U031R8T6, STM32U073C8T6, STM32U073C8U6, STM32U073CBT6, STM32U073CBU6, STM32U073CCT6, STM32U073CCU6, STM32U073H8Y6TR, STM32U073HBY6TR, STM32U073HCY6TR, STM32U073K8U6, STM32U073KBU6, STM32U073KCU6, STM32U073M8I6, STM32U073M8T6, STM32U073MBI6, STM32U073MBT6, STM32U073MCI6, STM32U073MCT6, STM32U073R8I6, STM32U073R8T6, STM32U073RBI6, STM32U073RBT6, STM32U073RCI6, STM32U073RCT6, STM32U083C-DK, STM32U083CCT6, STM32U083CCU6, STM32U083HCY6TR, STM32U083KCU6, STM32U083MCI6, STM32U083MCT6, STM32U083RCI6, STM32U083RCT6, STM32U375CET6, STM32U375CET6Q, STM32U375CEU6, STM32U375CEU6Q, STM32U375CEY6QTR, STM32U375CGT6, STM32U375CGT6Q, STM32U375CGU6, STM32U375CGU6Q, STM32U375CGY6QTR, STM32U375KEU6, STM32U375KGU6, STM32U375REI6, STM32U375REI6Q, STM32U375RET6, STM32U375RET6Q, STM32U375REY6GTR, STM32U375REY6QTR, STM32U375RGI6, STM32U375RGI6Q, STM32U375RGT6, STM32U375RGT6Q, STM32U375RGY6GTR, STM32U375RGY6QTR, STM32U375VEI6, STM32U375VEI6Q, STM32U375VET6, STM32U375VET6Q, STM32U375VGI6, STM32U375VGI6Q, STM32U375VGT6, STM32U375VGT6Q, STM32U385CGT6, STM32U385CGT6Q, STM32U385CGU6, STM32U385CGU6Q, STM32U385CGY6QTR, STM32U385KGU6, STM32U385RGI6, STM32U385RGI6Q, STM32U385RGT6, STM32U385RGT6Q, STM32U385RGY6GTR, STM32U385RGY6QTR, STM32U385VGI6, STM32U385VGI6Q, STM32U385VGT6, STM32U385VGT6Q, STM32U535CBT6, STM32U535CBT6Q, STM32U535CBU6, STM32U535CBU6Q, STM32U535CCT6, STM32U535CCT6Q, STM32U535CCU6, STM32U535CCU6Q, STM32U535CET6, STM32U535CET6Q, STM32U535CEU6, STM32U535CEU6Q, STM32U535JEY6QTR, STM32U535NCY6QTR, STM32U535NEY6QTR, STM32U535RBI6, STM32U535RBI6Q, STM32U535RBT6, STM32U535RBT6Q, STM32U535RCI6, STM32U535RCI6Q, STM32U535RCT6, STM32U535RCT6Q, STM32U535REI6, STM32U535REI6Q, STM32U535RET6, STM32U535RET6Q, STM32U535VCI6, STM32U535VCI6Q, STM32U535VCT6, STM32U535VCT6Q, STM32U535VEI6, STM32U535VEI6Q, STM32U535VET6, STM32U535VET6Q, STM32U545CET6, STM32U545CET6Q, STM32U545CEU6, STM32U545CEU6Q, STM32U545JEY6QTR, STM32U545NEY6QTR, STM32U545REI6, STM32U545REI6Q, STM32U545RET6, STM32U545RET6Q, STM32U545VEI6, STM32U545VEI6Q, STM32U545VET6, STM32U545VET6Q, STM32U595AIH6, STM32U595AIH6Q, STM32U595AJH6, STM32U595AJH6Q, STM32U595QII6, STM32U595QII6Q, STM32U595QJI6, STM32U595QJI6Q, STM32U595RIT6, STM32U595RIT6Q, STM32U595RJT6, STM32U595RJT6Q, STM32U595VIT6, STM32U595VIT6Q, STM32U595VJT6, STM32U595VJT6Q, STM32U595ZIT6, STM32U595ZIT6Q, STM32U595ZIY6QTR, STM32U595ZJT6, STM32U595ZJT6Q, STM32U595ZJY6QTR, STM32U599BJY6QTR, STM32U599NIH6Q, STM32U599NJH6Q, STM32U599VIT6Q, STM32U599VJT6, STM32U599VJT6Q, STM32U599ZIT6Q, STM32U599ZIY6QTR, STM32U599ZJT6Q, STM32U599ZJY6QTR, STM32U5A5AJH6, STM32U5A5AJH6Q, STM32U5A5QII3Q , STM32U5A5QJI6, STM32U5A5QJI6Q, STM32U5A5RJT6, STM32U5A5RJT6Q, STM32U5A5VJT6, STM32U5A5VJT6Q, STM32U5A5ZJT6, STM32U5A5ZJT6Q, STM32U5A5ZJY6QTR, STM32U5A9BJY6QTR, STM32U5A9J-DK, STM32U5A9NJH6Q, STM32U5A9VJT6Q, STM32U5A9ZJT6Q, STM32U5A9ZJY6QTR, STM32U5F7VIT6, STM32U5F7VIT6Q, STM32U5F7VJT6, STM32U5F7VJT6Q, STM32U5F9BJY6QTR, STM32U5F9NJH6Q, STM32U5F9VIT6Q, STM32U5F9VJT6Q, STM32U5F9ZIJ6QTR, STM32U5F9ZIT6Q, STM32U5F9ZJJ6QTR, STM32U5F9ZJT6Q, STM32U5G7VJT6, STM32U5G7VJT6Q, STM32U5G9BJY6QTR, STM32U5G9J-DK1, STM32U5G9J-DK2, STM32U5G9NJH6Q, STM32U5G9VJT6Q, STM32U5G9ZJJ6QTR, STM32U5G9ZJT6Q, STM32WB05KZV6TR, STM32WB05KZV7TR, STM32WB05TZF6TR, STM32WB05TZF7TR, STM32WB06CCF6TR, STM32WB06CCF7TR, STM32WB06CCV6TR, STM32WB06CCV7TR, STM32WB06KCV6TR, STM32WB06KCV7TR, STM32WB07CCF6TR, STM32WB07CCF7TR, STM32WB07CCV6TR, STM32WB07CCV7TR, STM32WB07KCV6TR, STM32WB07KCV7TR, STM32WB09KEV6TR, STM32WB09KEV7TR, STM32WB09TEF6TR, STM32WB09TEF7TR, STM32WB1MMCH6, STM32WBA50KGU6, STM32WBA50KGU6TR, STM32WBA52CEU6, STM32WBA52CEU6TR, STM32WBA52CEU7, STM32WBA52CEU7TR, STM32WBA52CGU6, STM32WBA52CGU6TR, STM32WBA52CGU6U, STM32WBA52CGU7, STM32WBA52CGU7TR, STM32WBA52KEU6, STM32WBA52KEU6TR, STM32WBA52KGU6, STM32WBA52KGU6TR, STM32WBA54CEU6, STM32WBA54CEU6TR, STM32WBA54CEU7, STM32WBA54CEU7TR, STM32WBA54CGU6, STM32WBA54CGU6TR, STM32WBA54CGU7, STM32WBA54CGU7TR, STM32WBA54KEU6, STM32WBA54KEU6TR, STM32WBA54KEU7, STM32WBA54KEU7TR, STM32WBA54KGU6, STM32WBA54KGU6TR, STM32WBA54KGU7, STM32WBA54KGU7TR, STM32WBA55CEU6, STM32WBA55CEU6TR, STM32WBA55CEU7, STM32WBA55CEU7TR, STM32WBA55CGU6, STM32WBA55CGU6TR, STM32WBA55CGU6U, STM32WBA55CGU7, STM32WBA55CGU7TR, STM32WBA55G-DK1, STM32WBA55HEF6, STM32WBA55HEF7, STM32WBA55HGF6, STM32WBA55HGF7, STM32WBA55UEI6, STM32WBA55UEI6TR, STM32WBA55UEI7, STM32WBA55UEI7TR, STM32WBA55UGI6, STM32WBA55UGI6TR, STM32WBA55UGI7, STM32WBA55UGI7TR, STM32WBA5MMGH6TR, STM32WBA62MGF6, STM32WBA62MIF6, STM32WBA65MGF7, STM32WBA65MIF6, STM32WBA65MIF7, STM32WL30K8V6, STM32WL30KBV6, STM32WL31C8V6, STM32WL31CBV6, STM32WL31K8V6, STM32WL31KBV6, STM32WL33C8V6, STM32WL33C8V6X, STM32WL33CBV6, STM32WL33CBV6X, STM32WL33CCV6, STM32WL33CCV6A, STM32WL33CCV6X, STM32WL33K8V7, STM32WL33K8V7X, STM32WL33KBV7 , STM32WL33KBV7X, STM32WL33KCV7, STM32WL33KCV7X, STM32WL5MOCH6, STM32WL5MOCH6TR]
2026-08-27 16:05:41,140 [INFO] DbMcus:218 - Found 5314 MCUs, 5126 are supported
2026-08-27 16:05:41,141 [INFO] ApiDb:423 - Load user favorites file C:\Users\student/.stm32cubeide/favorites.mcus.txt: 0 item(s)
2026-08-27 16:05:41,141 [INFO] ApiDb:427 - User favorites MCUs=[]
2026-08-27 16:05:41,141 [INFO] DbMcus:224 - Set 0 / 0 favorites MCUs
2026-08-27 16:05:41,351 [ERROR] LogOutputStream:75 - [STDERR_REDIRECT] [Fatal Error] :1:1: Premature end of file.
2026-08-27 16:05:41,351 [ERROR] LogOutputStream:75 - [STDERR_REDIRECT] 
2026-08-27 16:05:42,354 [ERROR] LogOutputStream:75 - [STDERR_REDIRECT] [Fatal Error] :1:1: Premature end of file.
2026-08-27 16:05:42,354 [ERROR] LogOutputStream:75 - [STDERR_REDIRECT] 
2026-08-27 16:05:43,053 [INFO] ApiDb:448 - Save user favorites file C:\Users\student/.stm32cubeide/favorites.boards.txt: 0 item(s)
2026-08-27 16:05:43,053 [INFO] ApiDb:452 - User favorites Boards=[]
2026-08-27 16:05:43,054 [INFO] ApiDb:581 - Connected to CubeFinder SQLite database (C:\Users\student\.stmcufinder\plugins\mcufinder\mcu\cube-finder-db.db)
2026-08-27 16:05:43,104 [INFO] ApiDb:668 - CubeFinder database Data Model version=2.1
2026-08-27 16:05:43,104 [INFO] ApiDb:669 - CubeFinder database Configuration version=3.0.42
2026-08-27 16:05:43,104 [INFO] ApiDb:670 - CubeFinder database generation date=2026-08-04 (1785840812)
2026-08-27 16:05:43,104 [INFO] ApiDb:671 - CubeFinder database FW Pack versions=[FP-ATR-ASTRA1_V2.0.0, FP-SNS-FLIGHT1_V5.1.0, FP-SNS-MOTENV1_V5.1.0, FP-SNS-MOTENVWB1_V1.5.0, FP-SNS-SMARTAG2_V1.2.0, FP-SNS-STBOX1_V2.1.0, STM32Cube_FW_C0_V1.4.1, STM32Cube_FW_F4_V1.28.3, STM32Cube_FW_F7_V1.17.4, STM32Cube_FW_G0_V1.6.3, STM32Cube_FW_G4_V1.6.2, STM32Cube_FW_H5_V1.7.0, STM32Cube_FW_H7RS_V1.3.0, STM32Cube_FW_H7_V1.13.0, STM32Cube_FW_L0_V1.12.2, STM32Cube_FW_L4_V1.18.2, STM32Cube_FW_L5_V1.6.0, STM32Cube_FW_N6_V1.4.0, STM32Cube_FW_U0_V1.3.0, STM32Cube_FW_U3_V1.4.0, STM32Cube_FW_U5_V1.9.0, STM32Cube_FW_WB0_V1.5.0, STM32Cube_FW_WBA_V1.10.0, STM32Cube_FW_WB_V1.24.0, STM32Cube_FW_WL3_V1.5.0, STM32Cube_FW_WL_V1.6.0, X-CUBE-ALGOBUILD_V1.5.0, X-CUBE-ALS_V1.0.2, X-CUBE-AZRTOS-F4_V1.1.0, X-CUBE-AZRTOS-F7_V1.1.0, X-CUBE-AZRTOS-G0_V1.1.0, X-CUBE-AZRTOS-G4_V2.0.0, X-CUBE-AZRTOS-H7RS_V1.3.0, X-CUBE-AZRTOS-H7_V3.5.0, X-CUBE-AZRTOS-L4_V2.0.0, X-CUBE-AZRTOS-L5_V2.0.0, X-CUBE-AZRTOS-WB_V2.0.0, X-CUBE-AZRTOS-WL_V2.0.0, X-CUBE-BLE1_V7.1.0, X-CUBE-BLE2_V3.3.0, X-CUBE-BLEMGR_V4.2.0, X-CUBE-EEPRMA1_V5.2.0, X-CUBE-FREERTOS_V1.6.0, X-CUBE-GNSS1_V7.1.1, X-CUBE-MEMS1_V13.0.0, X-CUBE-NFC4_V3.0.0, X-CUBE-NFC7_V2.0.0, X-CUBE-SFXS2LP1_V4.0.0, X-CUBE-ST67W61_V1.3.0, X-CUBE-SUBG2_V5.0.0, X-CUBE-TOF1_V3.4.3]
2026-08-27 16:05:43,133 [INFO] DbBoardsSqlite:226 - include board P-NUCLEO-WB55-NUCLEO as a kit item of type 'Nucleo-64'
2026-08-27 16:05:43,133 [INFO] DbBoardsSqlite:226 - include board P-NUCLEO-WB55-USBDONGLE as a kit item of type 'Nucleo USB Dongle'
2026-08-27 16:05:43,133 [INFO] DbBoardsSqlite:226 - include board STEVAL-IDP005V1 as a kit item of type 'Evaluation Board'
2026-08-27 16:05:43,133 [INFO] DbBoardsSqlite:226 - include board STEVAL-IDP005V2 as a kit item of type 'Evaluation Board'
2026-08-27 16:05:43,179 [INFO] ApiDb:240 - Found 880 in-development CPN: [B-G473E-ZEST1S, B-WB1M-WPAN1, B-WBA5M-WPAN, B-WL5M-SUBG1, NUCLEO-C031C6, NUCLEO-C051C8, NUCLEO-C071RB, NUCLEO-C092RC, NUCLEO-H503RB, NUCLEO-H533RE, NUCLEO-H563ZI, NUCLEO-H7S3L8, NUCLEO-N657X0-Q, NUCLEO-U031R8, NUCLEO-U083RC, NUCLEO-U385RG-Q, NUCLEO-U545RE-Q, NUCLEO-U5A5ZJ-Q, NUCLEO-WB05KZ, NUCLEO-WB07CC, NUCLEO-WB09KE, NUCLEO-WBA52CG, NUCLEO-WBA55CG, NUCLEO-WL33CC1, NUCLEO-WL33CC2, STEVAL-PROTEUS1, STEVAL-SMARTAG2, STEVAL-STWINBX1, STM320518-EVAL, STM32C0116-DK, STM32C011D6Y3TR, STM32C011D6Y6TR, STM32C011F4P3, STM32C011F4P6, STM32C011F4U3, STM32C011F4U6TR, STM32C011F6P3, STM32C011F6P6, STM32C011F6U3, STM32C011F6U6TR, STM32C011J4M3, STM32C011J4M6, STM32C011J6M3, STM32C011J6M6, STM32C0316-DK, STM32C031C4T3, STM32C031C4T6, STM32C031C4U3, STM32C031C4U6, STM32C031C6T3, STM32C031C6T6, STM32C031C6U3, STM32C031C6U6, STM32C031F4P3, STM32C031F4P6, STM32C031F6P3, STM32C031F6P6, STM32C031G4U3, STM32C031G4U6, STM32C031G6U3, STM32C031G6U6, STM32C031K4T3, STM32C031K4T6, STM32C031K4U3, STM32C031K4U6, STM32C031K6T3, STM32C031K6T6, STM32C031K6U3, STM32C031K6U6, STM32C051C6T6, STM32C051C6U6, STM32C051C8T6, STM32C051C8U6, STM32C051D8Y6TR, STM32C051F6P6, STM32C051F8P6, STM32C051G6U6, STM32C051G8U6, STM32C051K6T6, STM32C051K6U6, STM32C051K8T6, STM32C071C8T6, STM32C071C8T6N, STM32C071C8U6, STM32C071C8U6N, STM32C071CBT6, STM32C071CBT6N, STM32C071CBU6, STM32C071CBU6N, STM32C071F8P6, STM32C071F8P6N, STM32C071FBP6, STM32C071FBP6N, STM32C071FBY6TR, STM32C071G8U6, STM32C071G8U6N, STM32C071GBU6, STM32C071GBU6N, STM32C071K8T6, STM32C071K8T6N, STM32C071K8U6, STM32C071K8U6N, STM32C071KBT6, STM32C071KBT6N, STM32C071KBU6, STM32C071KBU6N, STM32C071R8T6, STM32C071R8T6N, STM32C071RBI6N, STM32C071RBT6, STM32C071RBT6N, STM32C091CBT6, STM32C091CBU6, STM32C091CCT6, STM32C091CCU6, STM32C091ECY6TR, STM32C091FBP6, STM32C091FCP6, STM32C091GBU6, STM32C091GCU6, STM32C091KBT6, STM32C091KBU6, STM32C091KCT6, STM32C091KCU6, STM32C091RBT6, STM32C091RCI6, STM32C091RCT6, STM32C092CBT6, STM32C092CBU6, STM32C092CCT6, STM32C092CCU6, STM32C092ECY6TR, STM32C092FBP6, STM32C092FCP6, STM32C092GBU6, STM32C092GCU6, STM32C092KBT6, STM32C092KBU6, STM32C092KCT6, STM32C092KCU6, STM32C092RBT6, STM32C092RCI6, STM32C092RCT6, STM32G071K8TXN, STM32G071K8UXN, STM32G081GBU6N, STM32G081KBT6N, STM32G081KBUXN, STM32G0B1CCT6N, STM32G0B1KCT6, STM32G0B1NEY6TR, STM32G0B1RCT6N, STM32G0C1CCT6, STM32G0C1CCT6N, STM32G0C1CCU6N, STM32G0C1CET6N, STM32G0C1CEU6N, STM32G0C1KCT6, STM32G0C1NEY6TR, STM32G0C1RCI6N, STM32G0C1RCT6N, STM32G0C1REI6N, STM32G0C1RET6N, STM32G0C1VCI6, STM32G0C1VEI6, STM32G411C6T3, STM32G411C6T6, STM32G411C6U3, STM32G411C6U6, STM32G411C8T3, STM32G411C8T6, STM32G411C8U3, STM32G411C8U6, STM32G411CBT3, STM32G411CBT6, STM32G411CBU3, STM32G411CBU6, STM32G411K6T3, STM32G411K6T6, STM32G411K6U3, STM32G411K6U6, STM32G411K8T3, STM32G411K8T6, STM32G411K8U3, STM32G411K8U6, STM32G411KBT3, STM32G411KBT6, STM32G411KBU3, STM32G411KBU6, STM32G411M6T3, STM32G411M6T6, STM32G411M8T3, STM32G411M8T6, STM32G411MBT3, STM32G411MBT6, STM32G411R6T3, STM32G411R6T6, STM32G411R8T3, STM32G411R8T6, STM32G411RBT3, STM32G411RBT6, STM32G414CBT3, STM32G414CBT6, STM32G414CBU3, STM32G414CBU6, STM32G414CCT3, STM32G414CCT6, STM32G414CCU3, STM32G414CCU6, STM32G414MBT3, STM32G414MBT6, STM32G414MCT3, STM32G414MCT6, STM32G414RBT3, STM32G414RBT6, STM32G414RCT3, STM32G414RCT6, STM32G414VBT3, STM32G414VBT6, STM32G414VCT3, STM32G414VCT6, STM32G431CBT3Z, STM32G431RBT3Z, STM32G471CCT6, STM32G471CCU6, STM32G471CET3, STM32G471CET6, STM32G471CEU3, STM32G471CEU6, STM32G471MCT6, STM32G471MET3, STM32G471MET6, STM32G471MEY6TR, STM32G471QCT6, STM32G471QET3, STM32G471RCT6, STM32G471RET3, STM32G471RET6, STM32G471VCH6, STM32G471VCI6, STM32G471VCT6, STM32G471VEH3, STM32G471VEH6, STM32G471VEI3, STM32G471VEI6, STM32G471VET3, STM32G471VET6, STM32G473QET3Z, STM32G473RET3Z, STM32G474CCT6, STM32G491RET3Z, STM32H503CBT6, STM32H503CBU6, STM32H503EBY6TR, STM32H503KBU6, STM32H503RBT6, STM32H523CCT6, STM32H523CCU6, STM32H523CET6, STM32H523CEU6, STM32H523HEY6TR, STM32H523RCT6, STM32H523RET6, STM32H523VCI6, STM32H523VCT6, STM32H523VEI6, STM32H523VET6, STM32H523ZCJ6, STM32H523ZCT6, STM32H523ZEJ6, STM32H523ZET6, STM32H533CET6, STM32H533CEU6, STM32H533HEY6TR, STM32H533RET6, STM32H533VEI6, STM32H533VET6, STM32H533ZEJ6, STM32H533ZET6, STM32H562AGI6, STM32H562AII6, STM32H562IGK6, STM32H562IGT6, STM32H562IIK6, STM32H562IIT6, STM32H562RGT6, STM32H562RGV6, STM32H562RIT6, STM32H562RIV6, STM32H562VGT6, STM32H562VIT6, STM32H562ZGT6, STM32H562ZIT6, STM32H563AGI6, STM32H563AII3Q, STM32H563AII6, STM32H563IGK6, STM32H563IGT6, STM32H563IIK3Q, STM32H563IIK6, STM32H563IIT3Q, STM32H563IIT6, STM32H563MIY3QTR, STM32H563RGT6, STM32H563RGV6, STM32H563RIT6, STM32H563RIV6, STM32H563VGT6, STM32H563VIT3Q, STM32H563VIT6, STM32H563ZGT6, STM32H563ZIT3Q, STM32H563ZIT6, STM32H573AII3Q, STM32H573AII6, STM32H573I-DK, STM32H573IIK3Q, STM32H573IIK6, STM32H573IIT3Q, STM32H573IIT6, STM32H573MIY3QTR, STM32H573RIT6, STM32H573RIV6, STM32H573VIT3Q, STM32H573VIT6, STM32H573ZIT3Q, STM32H573ZIT6, STM32H7R3A8I6, STM32H7R3I8K6, STM32H7R3I8T6, STM32H7R3L8H6, STM32H7R3L8H6H, STM32H7R3R8V6, STM32H7R3V8H6, STM32H7R3V8T6, STM32H7R3V8Y6TR, STM32H7R3Z8J6, STM32H7R3Z8T6, STM32H7R7A8I6, STM32H7R7I8K6, STM32H7R7I8T6, STM32H7R7L8H6, STM32H7R7L8H6H, STM32H7R7Z8J6, STM32H7S3A8I6, STM32H7S3I8K6, STM32H7S3I8T6, STM32H7S3L8H6, STM32H7S3L8H6H, STM32H7S3R8V6, STM32H7S3V8H6, STM32H7S3V8T6, STM32H7S3V8Y6TR, STM32H7S3Z8J6, STM32H7S3Z8T6, STM32H7S78-DK, STM32H7S7A8I6, STM32H7S7I8K6, STM32H7S7I8T6, STM32H7S7L8H6, STM32H7S7L8H6H, STM32H7S7Z8J6, STM32L4R5QGI6STR, STM32MP131AAE3, STM32MP131AAF3, STM32MP131AAG3, STM32MP131CAE3, STM32MP131CAF3, STM32MP131CAG3, STM32MP131DAE7, STM32MP131DAF7, STM32MP131DAG7, STM32MP131FAE7, STM32MP131FAF7, STM32MP131FAG7, STM32MP133AAE3, STM32MP133AAF3, STM32MP133AAG3, STM32MP133CAE3, STM32MP133CAF3, STM32MP133CAG3, STM32MP133DAE7, STM32MP133DAF7, STM32MP133DAG7, STM32MP133FAE7, STM32MP133FAF7, STM32MP133FAG7, STM32MP135AAE3, STM32MP135AAF3, STM32MP135AAG3, STM32MP135CAE3, STM32MP135CAF3, STM32MP135CAG3, STM32MP135DAE7, STM32MP135DAF7, STM32MP135DAG7, STM32MP135F-DK, STM32MP135FAE7, STM32MP135FAF7, STM32MP135FAF7T, STM32MP135FAF7U, STM32MP135FAG7, STM32MP211AAL3, STM32MP211AAM3, STM32MP211AAN3, STM32MP211AAO3, STM32MP211CAL3, STM32MP211CAM3, STM32MP211CAN3, STM32MP211CAO3, STM32MP211DAL3, STM32MP211DAM3, STM32MP211DAN3, STM32MP211DAO3, STM32MP211FAL3, STM32MP211FAM3, STM32MP211FAN3, STM32MP211FAO3, STM32MP213AAL3, STM32MP213AAM3, STM32MP213AAN3, STM32MP213AAO3, STM32MP213CAL3, STM32MP213CAM3, STM32MP213CAN3, STM32MP213CAO3, STM32MP213DAL3, STM32MP213DAM3, STM32MP213DAN3, STM32MP213DAO3, STM32MP213FAL3, STM32MP213FAM3, STM32MP213FAN3, STM32MP213FAO3, STM32MP215AAL3, STM32MP215AAM3, STM32MP215AAN3, STM32MP215AAO3, STM32MP215CAL3, STM32MP215CAM3, STM32MP215CAN3, STM32MP215CAO3, STM32MP215DAL3, STM32MP215DAM3, STM32MP215DAN3, STM32MP215DAO3, STM32MP215F-DK, STM32MP215FAL3, STM32MP215FAM3, STM32MP215FAN3, STM32MP215FAO3, STM32MP231AAJ3, STM32MP231AAK3, STM32MP231AAL3, STM32MP231CAJ3, STM32MP231CAK3, STM32MP231CAL3, STM32MP231DAJ3, STM32MP231DAK3, STM32MP231DAL3, STM32MP231FAJ3, STM32MP231FAK3, STM32MP231FAL3, STM32MP233AAJ3, STM32MP233AAK3, STM32MP233AAL3, STM32MP233CAJ3, STM32MP233CAK3, STM32MP233CAL3, STM32MP233DAJ3, STM32MP233DAK3, STM32MP233DAL3, STM32MP233FAJ3, STM32MP233FAK3, STM32MP233FAL3, STM32MP235AAJ3, STM32MP235AAK3, STM32MP235AAL3, STM32MP235CAJ3, STM32MP235CAK3, STM32MP235CAL3, STM32MP235DAJ3, STM32MP235DAK3, STM32MP235DAL3, STM32MP235FAJ3, STM32MP235FAK3, STM32MP235FAL3, STM32MP251AAI3, STM32MP251AAK3, STM32MP251AAL3, STM32MP251CAI3, STM32MP251CAK3, STM32MP251CAL3, STM32MP251DAI3, STM32MP251DAK3, STM32MP251DAL3, STM32MP251FAI3, STM32MP251FAK3, STM32MP251FAL3, STM32MP253AAI3, STM32MP253AAK3, STM32MP253AAL3, STM32MP253CAI3, STM32MP253CAK3, STM32MP253CAL3, STM32MP253DAI3, STM32MP253DAK3, STM32MP253DAL3, STM32MP253FAI3, STM32MP253FAK3, STM32MP253FAL3, STM32MP255AAI3, STM32MP255AAK3, STM32MP255AAL3, STM32MP255CAI3, STM32MP255CAK3, STM32MP255CAL3, STM32MP255DAI3, STM32MP255DAK3, STM32MP255DAL3, STM32MP255FAI3, STM32MP255FAK3, STM32MP255FAL3, STM32MP257AAI3, STM32MP257AAK3, STM32MP257AAL3, STM32MP257CAI3, STM32MP257CAK3, STM32MP257CAL3, STM32MP257DAI3, STM32MP257DAK3, STM32MP257DAL3, STM32MP257F-DK, STM32MP257F-EV1, STM32MP257FAI3, STM32MP257FAK3, STM32MP257FAL3, STM32N645A0H3Q, STM32N645B0H3Q, STM32N645I0H3Q, STM32N645L0H3Q, STM32N645X0H3Q, STM32N645Z0H3Q, STM32N647A0H3Q, STM32N647B0H3Q, STM32N647I0H3Q, STM32N647L0H3Q, STM32N647X0H3Q, STM32N647Z0H3Q, STM32N655A0H3Q, STM32N655B0H3Q, STM32N655I0H3Q, STM32N655L0H3Q, STM32N655X0H3Q, STM32N655Z0H3Q, STM32N6570-DK, STM32N657A0H3Q, STM32N657B0H3Q, STM32N657I0H3Q, STM32N657L0H3Q, STM32N657X0H3Q, STM32N657Z0H3Q, STM32U031C6T6, STM32U031C6U6, STM32U031C8T6, STM32U031C8U6, STM32U031F4P6, STM32U031F6P6, STM32U031F8P6, STM32U031G6Y6TR, STM32U031G8Y6TR, STM32U031K4U6, STM32U031K6U6, STM32U031K8U6, STM32U031R6I6, STM32U031R6T6, STM32U031R8I6, STM32U031R8T6, STM32U073C8T6, STM32U073C8U6, STM32U073CBT6, STM32U073CBU6, STM32U073CCT6, STM32U073CCU6, STM32U073H8Y6TR, STM32U073HBY6TR, STM32U073HCY6TR, STM32U073K8U6, STM32U073KBU6, STM32U073KCU6, STM32U073M8I6, STM32U073M8T6, STM32U073MBI6, STM32U073MBT6, STM32U073MCI6, STM32U073MCT6, STM32U073R8I6, STM32U073R8T6, STM32U073RBI6, STM32U073RBT6, STM32U073RCI6, STM32U073RCT6, STM32U083C-DK, STM32U083CCT6, STM32U083CCU6, STM32U083HCY6TR, STM32U083KCU6, STM32U083MCI6, STM32U083MCT6, STM32U083RCI6, STM32U083RCT6, STM32U375CET6, STM32U375CET6Q, STM32U375CEU6, STM32U375CEU6Q, STM32U375CEY6QTR, STM32U375CGT6, STM32U375CGT6Q, STM32U375CGU6, STM32U375CGU6Q, STM32U375CGY6QTR, STM32U375KEU6, STM32U375KGU6, STM32U375REI6, STM32U375REI6Q, STM32U375RET6, STM32U375RET6Q, STM32U375REY6GTR, STM32U375REY6QTR, STM32U375RGI6, STM32U375RGI6Q, STM32U375RGT6, STM32U375RGT6Q, STM32U375RGY6GTR, STM32U375RGY6QTR, STM32U375VEI6, STM32U375VEI6Q, STM32U375VET6, STM32U375VET6Q, STM32U375VGI6, STM32U375VGI6Q, STM32U375VGT6, STM32U375VGT6Q, STM32U385CGT6, STM32U385CGT6Q, STM32U385CGU6, STM32U385CGU6Q, STM32U385CGY6QTR, STM32U385KGU6, STM32U385RGI6, STM32U385RGI6Q, STM32U385RGT6, STM32U385RGT6Q, STM32U385RGY6GTR, STM32U385RGY6QTR, STM32U385VGI6, STM32U385VGI6Q, STM32U385VGT6, STM32U385VGT6Q, STM32U535CBT6, STM32U535CBT6Q, STM32U535CBU6, STM32U535CBU6Q, STM32U535CCT6, STM32U535CCT6Q, STM32U535CCU6, STM32U535CCU6Q, STM32U535CET6, STM32U535CET6Q, STM32U535CEU6, STM32U535CEU6Q, STM32U535JEY6QTR, STM32U535NCY6QTR, STM32U535NEY6QTR, STM32U535RBI6, STM32U535RBI6Q, STM32U535RBT6, STM32U535RBT6Q, STM32U535RCI6, STM32U535RCI6Q, STM32U535RCT6, STM32U535RCT6Q, STM32U535REI6, STM32U535REI6Q, STM32U535RET6, STM32U535RET6Q, STM32U535VCI6, STM32U535VCI6Q, STM32U535VCT6, STM32U535VCT6Q, STM32U535VEI6, STM32U535VEI6Q, STM32U535VET6, STM32U535VET6Q, STM32U545CET6, STM32U545CET6Q, STM32U545CEU6, STM32U545CEU6Q, STM32U545JEY6QTR, STM32U545NEY6QTR, STM32U545REI6, STM32U545REI6Q, STM32U545RET6, STM32U545RET6Q, STM32U545VEI6, STM32U545VEI6Q, STM32U545VET6, STM32U545VET6Q, STM32U595AIH6, STM32U595AIH6Q, STM32U595AJH6, STM32U595AJH6Q, STM32U595QII6, STM32U595QII6Q, STM32U595QJI6, STM32U595QJI6Q, STM32U595RIT6, STM32U595RIT6Q, STM32U595RJT6, STM32U595RJT6Q, STM32U595VIT6, STM32U595VIT6Q, STM32U595VJT6, STM32U595VJT6Q, STM32U595ZIT6, STM32U595ZIT6Q, STM32U595ZIY6QTR, STM32U595ZJT6, STM32U595ZJT6Q, STM32U595ZJY6QTR, STM32U599BJY6QTR, STM32U599NIH6Q, STM32U599NJH6Q, STM32U599VIT6Q, STM32U599VJT6, STM32U599VJT6Q, STM32U599ZIT6Q, STM32U599ZIY6QTR, STM32U599ZJT6Q, STM32U599ZJY6QTR, STM32U5A5AJH6, STM32U5A5AJH6Q, STM32U5A5QII3Q , STM32U5A5QJI6, STM32U5A5QJI6Q, STM32U5A5RJT6, STM32U5A5RJT6Q, STM32U5A5VJT6, STM32U5A5VJT6Q, STM32U5A5ZJT6, STM32U5A5ZJT6Q, STM32U5A5ZJY6QTR, STM32U5A9BJY6QTR, STM32U5A9J-DK, STM32U5A9NJH6Q, STM32U5A9VJT6Q, STM32U5A9ZJT6Q, STM32U5A9ZJY6QTR, STM32U5F7VIT6, STM32U5F7VIT6Q, STM32U5F7VJT6, STM32U5F7VJT6Q, STM32U5F9BJY6QTR, STM32U5F9NJH6Q, STM32U5F9VIT6Q, STM32U5F9VJT6Q, STM32U5F9ZIJ6QTR, STM32U5F9ZIT6Q, STM32U5F9ZJJ6QTR, STM32U5F9ZJT6Q, STM32U5G7VJT6, STM32U5G7VJT6Q, STM32U5G9BJY6QTR, STM32U5G9J-DK1, STM32U5G9J-DK2, STM32U5G9NJH6Q, STM32U5G9VJT6Q, STM32U5G9ZJJ6QTR, STM32U5G9ZJT6Q, STM32WB05KZV6TR, STM32WB05KZV7TR, STM32WB05TZF6TR, STM32WB05TZF7TR, STM32WB06CCF6TR, STM32WB06CCF7TR, STM32WB06CCV6TR, STM32WB06CCV7TR, STM32WB06KCV6TR, STM32WB06KCV7TR, STM32WB07CCF6TR, STM32WB07CCF7TR, STM32WB07CCV6TR, STM32WB07CCV7TR, STM32WB07KCV6TR, STM32WB07KCV7TR, STM32WB09KEV6TR, STM32WB09KEV7TR, STM32WB09TEF6TR, STM32WB09TEF7TR, STM32WB1MMCH6, STM32WBA50KGU6, STM32WBA50KGU6TR, STM32WBA52CEU6, STM32WBA52CEU6TR, STM32WBA52CEU7, STM32WBA52CEU7TR, STM32WBA52CGU6, STM32WBA52CGU6TR, STM32WBA52CGU6U, STM32WBA52CGU7, STM32WBA52CGU7TR, STM32WBA52KEU6, STM32WBA52KEU6TR, STM32WBA52KGU6, STM32WBA52KGU6TR, STM32WBA54CEU6, STM32WBA54CEU6TR, STM32WBA54CEU7, STM32WBA54CEU7TR, STM32WBA54CGU6, STM32WBA54CGU6TR, STM32WBA54CGU7, STM32WBA54CGU7TR, STM32WBA54KEU6, STM32WBA54KEU6TR, STM32WBA54KEU7, STM32WBA54KEU7TR, STM32WBA54KGU6, STM32WBA54KGU6TR, STM32WBA54KGU7, STM32WBA54KGU7TR, STM32WBA55CEU6, STM32WBA55CEU6TR, STM32WBA55CEU7, STM32WBA55CEU7TR, STM32WBA55CGU6, STM32WBA55CGU6TR, STM32WBA55CGU6U, STM32WBA55CGU7, STM32WBA55CGU7TR, STM32WBA55G-DK1, STM32WBA55HEF6, STM32WBA55HEF7, STM32WBA55HGF6, STM32WBA55HGF7, STM32WBA55UEI6, STM32WBA55UEI6TR, STM32WBA55UEI7, STM32WBA55UEI7TR, STM32WBA55UGI6, STM32WBA55UGI6TR, STM32WBA55UGI7, STM32WBA55UGI7TR, STM32WBA5MMGH6TR, STM32WBA62MGF6, STM32WBA62MIF6, STM32WBA65MGF7, STM32WBA65MIF6, STM32WBA65MIF7, STM32WL30K8V6, STM32WL30KBV6, STM32WL31C8V6, STM32WL31CBV6, STM32WL31K8V6, STM32WL31KBV6, STM32WL33C8V6, STM32WL33C8V6X, STM32WL33CBV6, STM32WL33CBV6X, STM32WL33CCV6, STM32WL33CCV6A, STM32WL33CCV6X, STM32WL33K8V7, STM32WL33K8V7X, STM32WL33KBV7 , STM32WL33KBV7X, STM32WL33KCV7, STM32WL33KCV7X, STM32WL5MOCH6, STM32WL5MOCH6TR]
2026-08-27 16:05:43,306 [INFO] BoardInfo:889 - No configuration file found for board NUCLEO-H553ZG
2026-08-27 16:05:43,307 [INFO] DbBoards:161 - Board is not supported: NUCLEO-H553ZG
2026-08-27 16:05:43,309 [INFO] BoardInfo:889 - No configuration file found for board NUCLEO-H5E5ZJ
2026-08-27 16:05:43,311 [INFO] DbBoards:161 - Board is not supported: NUCLEO-H5E5ZJ
2026-08-27 16:05:43,357 [ERROR] LogOutputStream:75 - [STDERR_REDIRECT] [Fatal Error] :1:1: Premature end of file.
2026-08-27 16:05:43,358 [ERROR] LogOutputStream:75 - [STDERR_REDIRECT] 
2026-08-27 16:05:43,363 [INFO] BoardInfo:889 - No configuration file found for board NUCLEO-U3C5ZI-Q
2026-08-27 16:05:43,364 [INFO] DbBoards:161 - Board is not supported: NUCLEO-U3C5ZI-Q
2026-08-27 16:05:43,377 [INFO] BoardInfo:889 - No configuration file found for board NUCLEO-WBA25CE1
2026-08-27 16:05:43,378 [INFO] DbBoards:161 - Board is not supported: NUCLEO-WBA25CE1
2026-08-27 16:05:43,386 [INFO] BoardInfo:889 - No configuration file found for board NUCLEO-WL3RKB1
2026-08-27 16:05:43,387 [INFO] DbBoards:161 - Board is not supported: NUCLEO-WL3RKB1
2026-08-27 16:05:43,387 [INFO] BoardInfo:889 - No configuration file found for board NUCLEO-WL3RKB2
2026-08-27 16:05:43,388 [INFO] DbBoards:161 - Board is not supported: NUCLEO-WL3RKB2
2026-08-27 16:05:43,395 [INFO] BoardInfo:889 - No configuration file found for board P-NUCLEO-WB55
2026-08-27 16:05:43,396 [INFO] DbBoards:161 - Kit is not supported: P-NUCLEO-WB55
2026-08-27 16:05:43,401 [INFO] BoardInfo:889 - No configuration file found for board STEVAL-BFA001V1B
2026-08-27 16:05:43,402 [INFO] DbBoards:161 - Kit is not supported: STEVAL-BFA001V1B
2026-08-27 16:05:43,403 [INFO] BoardInfo:889 - No configuration file found for board STEVAL-BFA001V2B
2026-08-27 16:05:43,404 [INFO] DbBoards:161 - Kit is not supported: STEVAL-BFA001V2B
2026-08-27 16:05:43,506 [INFO] BoardInfo:889 - No configuration file found for board STM32H5F5J-DK
2026-08-27 16:05:43,507 [INFO] DbBoards:161 - Board is not supported: STM32H5F5J-DK
2026-08-27 16:05:43,584 [INFO] DbBoards:168 - Found 219 boards, 209 are supported
2026-08-27 16:05:43,584 [INFO] DbBoards:169 - Found 219 boards, 43 of them is supported for  Bsp
2026-08-27 16:05:43,587 [INFO] ApiDb:423 - Load user favorites file C:\Users\student/.stm32cubeide/favorites.boards.txt: 0 item(s)
2026-08-27 16:05:43,587 [INFO] ApiDb:427 - User favorites Boards=[]
2026-08-27 16:05:43,587 [INFO] DbBoards:198 - Set 0 / 0 favorites Boards
2026-08-27 16:05:44,161 [ERROR] TargetSelectorAdapter:267 - Unable to refresh data
2026-08-27 16:05:44,203 [INFO] McuFinderGlobals:76 - Set McuFinderConnectedMode to true
2026-08-27 16:05:44,204 [INFO] MultiScanPanel:200 - Auto-refresh data requested => check proxy status ongoing
2026-08-27 16:05:44,204 [INFO] FinderPluginLoader:96 - Searching for filters in installed packs
2026-08-27 16:05:44,356 [ERROR] LogOutputStream:75 - [STDERR_REDIRECT] [Fatal Error] :1:1: Premature end of file.
2026-08-27 16:05:44,357 [ERROR] LogOutputStream:75 - [STDERR_REDIRECT] 
2026-08-27 16:05:44,896 [INFO] LoadUrlFilesThread:185 - End of LoadServerUrlFiles without Thread
2026-08-27 16:05:44,896 [INFO] DetailPanel:341 - Set advertising image to C:/Users/student/STM32Cube/Repository/\en.stm32h5cubemxbanner.png
2026-08-27 16:05:45,354 [ERROR] LogOutputStream:75 - [STDERR_REDIRECT] [Fatal Error] :1:1: Premature end of file.
2026-08-27 16:05:45,354 [ERROR] LogOutputStream:75 - [STDERR_REDIRECT] 
2026-08-27 16:05:46,357 [ERROR] LogOutputStream:75 - [STDERR_REDIRECT] [Fatal Error] :1:1: Premature end of file.
2026-08-27 16:05:46,357 [ERROR] LogOutputStream:75 - [STDERR_REDIRECT] 
2026-08-27 16:05:47,349 [ERROR] LogOutputStream:75 - [STDERR_REDIRECT] [Fatal Error] :1:1: Premature end of file.
2026-08-27 16:05:47,349 [ERROR] LogOutputStream:75 - [STDERR_REDIRECT] 
2026-08-27 16:05:48,351 [ERROR] LogOutputStream:75 - [STDERR_REDIRECT] [Fatal Error] :1:1: Premature end of file.
2026-08-27 16:05:48,351 [ERROR] LogOutputStream:75 - [STDERR_REDIRECT] 
2026-08-27 16:05:49,347 [ERROR] LogOutputStream:75 - [STDERR_REDIRECT] [Fatal Error] :1:1: Premature end of file.
2026-08-27 16:05:49,347 [ERROR] LogOutputStream:75 - [STDERR_REDIRECT] 
2026-08-27 16:05:50,349 [ERROR] LogOutputStream:75 - [STDERR_REDIRECT] [Fatal Error] :1:1: Premature end of file.
2026-08-27 16:05:50,349 [ERROR] LogOutputStream:75 - [STDERR_REDIRECT] 
2026-08-27 16:05:51,348 [ERROR] LogOutputStream:75 - [STDERR_REDIRECT] [Fatal Error] :1:1: Premature end of file.
2026-08-27 16:05:51,348 [ERROR] LogOutputStream:75 - [STDERR_REDIRECT] 
2026-08-27 16:05:52,347 [ERROR] LogOutputStream:75 - [STDERR_REDIRECT] [Fatal Error] :1:1: Premature end of file.
2026-08-27 16:05:52,347 [ERROR] LogOutputStream:75 - [STDERR_REDIRECT] 
2026-08-27 16:05:53,348 [ERROR] LogOutputStream:75 - [STDERR_REDIRECT] [Fatal Error] :1:1: Premature end of file.
2026-08-27 16:05:53,348 [ERROR] LogOutputStream:75 - [STDERR_REDIRECT] 
2026-08-27 16:05:54,348 [ERROR] LogOutputStream:75 - [STDERR_REDIRECT] [Fatal Error] :1:1: Premature end of file.
2026-08-27 16:05:54,348 [ERROR] LogOutputStream:75 - [STDERR_REDIRECT] 
2026-08-27 16:05:55,346 [ERROR] LogOutputStream:75 - [STDERR_REDIRECT] [Fatal Error] :1:1: Premature end of file.
2026-08-27 16:05:55,346 [ERROR] LogOutputStream:75 - [STDERR_REDIRECT] 
2026-08-27 16:05:56,349 [ERROR] LogOutputStream:75 - [STDERR_REDIRECT] [Fatal Error] :1:1: Premature end of file.
2026-08-27 16:05:56,349 [ERROR] LogOutputStream:75 - [STDERR_REDIRECT] 
2026-08-27 16:05:57,349 [ERROR] LogOutputStream:75 - [STDERR_REDIRECT] [Fatal Error] :1:1: Premature end of file.
2026-08-27 16:05:57,350 [ERROR] LogOutputStream:75 - [STDERR_REDIRECT] 
2026-08-27 16:05:58,349 [ERROR] LogOutputStream:75 - [STDERR_REDIRECT] [Fatal Error] :1:1: Premature end of file.
2026-08-27 16:05:58,349 [ERROR] LogOutputStream:75 - [STDERR_REDIRECT] 
2026-08-27 16:05:59,349 [ERROR] LogOutputStream:75 - [STDERR_REDIRECT] [Fatal Error] :1:1: Premature end of file.
2026-08-27 16:05:59,349 [ERROR] LogOutputStream:75 - [STDERR_REDIRECT] 
2026-08-27 16:06:00,348 [ERROR] LogOutputStream:75 - [STDERR_REDIRECT] [Fatal Error] :1:1: Premature end of file.
2026-08-27 16:06:00,348 [ERROR] LogOutputStream:75 - [STDERR_REDIRECT] 
2026-08-27 16:06:01,348 [ERROR] LogOutputStream:75 - [STDERR_REDIRECT] [Fatal Error] :1:1: Premature end of file.
2026-08-27 16:06:01,348 [ERROR] LogOutputStream:75 - [STDERR_REDIRECT] 
2026-08-27 16:06:02,349 [ERROR] LogOutputStream:75 - [STDERR_REDIRECT] [Fatal Error] :1:1: Premature end of file.
2026-08-27 16:06:02,349 [ERROR] LogOutputStream:75 - [STDERR_REDIRECT] 
2026-08-27 16:06:03,350 [ERROR] LogOutputStream:75 - [STDERR_REDIRECT] [Fatal Error] :1:1: Premature end of file.
2026-08-27 16:06:03,350 [ERROR] LogOutputStream:75 - [STDERR_REDIRECT] 
2026-08-27 16:06:04,347 [ERROR] LogOutputStream:75 - [STDERR_REDIRECT] [Fatal Error] :1:1: Premature end of file.
2026-08-27 16:06:04,347 [ERROR] LogOutputStream:75 - [STDERR_REDIRECT] 
2026-08-27 16:06:05,349 [ERROR] LogOutputStream:75 - [STDERR_REDIRECT] [Fatal Error] :1:1: Premature end of file.
2026-08-27 16:06:05,349 [ERROR] LogOutputStream:75 - [STDERR_REDIRECT] 
2026-08-27 16:06:06,349 [ERROR] LogOutputStream:75 - [STDERR_REDIRECT] [Fatal Error] :1:1: Premature end of file.
2026-08-27 16:06:06,349 [ERROR] LogOutputStream:75 - [STDERR_REDIRECT] 
2026-08-27 16:06:07,348 [ERROR] LogOutputStream:75 - [STDERR_REDIRECT] [Fatal Error] :1:1: Premature end of file.
2026-08-27 16:06:07,348 [ERROR] LogOutputStream:75 - [STDERR_REDIRECT] 
2026-08-27 16:06:08,352 [ERROR] LogOutputStream:75 - [STDERR_REDIRECT] [Fatal Error] :1:1: Premature end of file.
2026-08-27 16:06:08,352 [ERROR] LogOutputStream:75 - [STDERR_REDIRECT] 
2026-08-27 16:06:09,348 [ERROR] LogOutputStream:75 - [STDERR_REDIRECT] [Fatal Error] :1:1: Premature end of file.
2026-08-27 16:06:09,348 [ERROR] LogOutputStream:75 - [STDERR_REDIRECT] 
2026-08-27 16:06:10,347 [ERROR] LogOutputStream:75 - [STDERR_REDIRECT] [Fatal Error] :1:1: Premature end of file.
2026-08-27 16:06:10,347 [ERROR] LogOutputStream:75 - [STDERR_REDIRECT] 
2026-08-27 16:06:11,350 [ERROR] LogOutputStream:75 - [STDERR_REDIRECT] [Fatal Error] :1:1: Premature end of file.
2026-08-27 16:06:11,350 [ERROR] LogOutputStream:75 - [STDERR_REDIRECT] 
2026-08-27 16:06:12,343 [ERROR] LogOutputStream:75 - [STDERR_REDIRECT] [Fatal Error] :1:1: Premature end of file.
2026-08-27 16:06:12,343 [ERROR] LogOutputStream:75 - [STDERR_REDIRECT] 
2026-08-27 16:06:13,354 [ERROR] LogOutputStream:75 - [STDERR_REDIRECT] [Fatal Error] :1:1: Premature end of file.
2026-08-27 16:06:13,354 [ERROR] LogOutputStream:75 - [STDERR_REDIRECT] 
2026-08-27 16:06:14,347 [ERROR] LogOutputStream:75 - [STDERR_REDIRECT] [Fatal Error] :1:1: Premature end of file.
2026-08-27 16:06:14,347 [ERROR] LogOutputStream:75 - [STDERR_REDIRECT] 
2026-08-27 16:06:15,348 [ERROR] LogOutputStream:75 - [STDERR_REDIRECT] [Fatal Error] :1:1: Premature end of file.
2026-08-27 16:06:15,348 [ERROR] LogOutputStream:75 - [STDERR_REDIRECT] 
2026-08-27 16:06:16,346 [ERROR] LogOutputStream:75 - [STDERR_REDIRECT] [Fatal Error] :1:1: Premature end of file.
2026-08-27 16:06:16,346 [ERROR] LogOutputStream:75 - [STDERR_REDIRECT] 
2026-08-27 16:06:17,349 [ERROR] LogOutputStream:75 - [STDERR_REDIRECT] [Fatal Error] :1:1: Premature end of file.
2026-08-27 16:06:17,349 [ERROR] LogOutputStream:75 - [STDERR_REDIRECT] 
2026-08-27 16:06:18,349 [ERROR] LogOutputStream:75 - [STDERR_REDIRECT] [Fatal Error] :1:1: Premature end of file.
2026-08-27 16:06:18,349 [ERROR] LogOutputStream:75 - [STDERR_REDIRECT] 
2026-08-27 16:06:19,347 [ERROR] LogOutputStream:75 - [STDERR_REDIRECT] [Fatal Error] :1:1: Premature end of file.
2026-08-27 16:06:19,347 [ERROR] LogOutputStream:75 - [STDERR_REDIRECT] 
2026-08-27 16:06:20,347 [ERROR] LogOutputStream:75 - [STDERR_REDIRECT] [Fatal Error] :1:1: Premature end of file.
2026-08-27 16:06:20,347 [ERROR] LogOutputStream:75 - [STDERR_REDIRECT] 
2026-08-27 16:06:21,348 [ERROR] LogOutputStream:75 - [STDERR_REDIRECT] [Fatal Error] :1:1: Premature end of file.
2026-08-27 16:06:21,348 [ERROR] LogOutputStream:75 - [STDERR_REDIRECT] 
2026-08-27 16:06:22,350 [ERROR] LogOutputStream:75 - [STDERR_REDIRECT] [Fatal Error] :1:1: Premature end of file.
2026-08-27 16:06:22,350 [ERROR] LogOutputStream:75 - [STDERR_REDIRECT] 
2026-08-27 16:06:23,348 [ERROR] LogOutputStream:75 - [STDERR_REDIRECT] [Fatal Error] :1:1: Premature end of file.
2026-08-27 16:06:23,348 [ERROR] LogOutputStream:75 - [STDERR_REDIRECT] 
2026-08-27 16:06:24,349 [ERROR] LogOutputStream:75 - [STDERR_REDIRECT] [Fatal Error] :1:1: Premature end of file.
2026-08-27 16:06:24,349 [ERROR] LogOutputStream:75 - [STDERR_REDIRECT] 
2026-08-27 16:06:25,349 [ERROR] LogOutputStream:75 - [STDERR_REDIRECT] [Fatal Error] :1:1: Premature end of file.
2026-08-27 16:06:25,349 [ERROR] LogOutputStream:75 - [STDERR_REDIRECT] 
2026-08-27 16:06:26,350 [ERROR] LogOutputStream:75 - [STDERR_REDIRECT] [Fatal Error] :1:1: Premature end of file.
2026-08-27 16:06:26,350 [ERROR] LogOutputStream:75 - [STDERR_REDIRECT] 
2026-08-27 16:06:27,351 [ERROR] LogOutputStream:75 - [STDERR_REDIRECT] [Fatal Error] :1:1: Premature end of file.
2026-08-27 16:06:27,351 [ERROR] LogOutputStream:75 - [STDERR_REDIRECT] 
2026-08-27 16:06:28,352 [ERROR] LogOutputStream:75 - [STDERR_REDIRECT] [Fatal Error] :1:1: Premature end of file.
2026-08-27 16:06:28,352 [ERROR] LogOutputStream:75 - [STDERR_REDIRECT] 
2026-08-27 16:06:29,352 [ERROR] LogOutputStream:75 - [STDERR_REDIRECT] [Fatal Error] :1:1: Premature end of file.
2026-08-27 16:06:29,352 [ERROR] LogOutputStream:75 - [STDERR_REDIRECT] 
2026-08-27 16:06:30,353 [ERROR] LogOutputStream:75 - [STDERR_REDIRECT] [Fatal Error] :1:1: Premature end of file.
2026-08-27 16:06:30,353 [ERROR] LogOutputStream:75 - [STDERR_REDIRECT] 
2026-08-27 16:06:31,353 [ERROR] LogOutputStream:75 - [STDERR_REDIRECT] [Fatal Error] :1:1: Premature end of file.
2026-08-27 16:06:31,353 [ERROR] LogOutputStream:75 - [STDERR_REDIRECT] 
2026-08-27 16:06:32,354 [ERROR] LogOutputStream:75 - [STDERR_REDIRECT] [Fatal Error] :1:1: Premature end of file.
2026-08-27 16:06:32,354 [ERROR] LogOutputStream:75 - [STDERR_REDIRECT] 
2026-08-27 16:06:33,355 [ERROR] LogOutputStream:75 - [STDERR_REDIRECT] [Fatal Error] :1:1: Premature end of file.
2026-08-27 16:06:33,355 [ERROR] LogOutputStream:75 - [STDERR_REDIRECT] 
2026-08-27 16:06:34,359 [ERROR] LogOutputStream:75 - [STDERR_REDIRECT] [Fatal Error] :1:1: Premature end of file.
2026-08-27 16:06:34,359 [ERROR] LogOutputStream:75 - [STDERR_REDIRECT] 
2026-08-27 16:06:35,347 [ERROR] LogOutputStream:75 - [STDERR_REDIRECT] [Fatal Error] :1:1: Premature end of file.
2026-08-27 16:06:35,347 [ERROR] LogOutputStream:75 - [STDERR_REDIRECT] 
2026-08-27 16:06:35,881 [INFO] MultiScanPanel:200 - Auto-refresh data requested => check proxy status ongoing
2026-08-27 16:06:35,955 [INFO] LoadUrlFilesThread:185 - End of LoadServerUrlFiles without Thread
2026-08-27 16:06:35,956 [INFO] DetailPanel:341 - Set advertising image to C:/Users/student/STM32Cube/Repository/\en.stm32h5cubemxbanner.png
2026-08-27 16:06:35,962 [INFO] DbBoards:642 - Loading board mini-images...
2026-08-27 16:06:36,300 [ERROR] DbBoards:659 - Image file not found for board NUCLEO-H553ZG: C:\Users\student\.stmcufinder\plugins\mcufinder//mcu//boards_images/NUCLEO-H553ZG.jpg
2026-08-27 16:06:36,349 [ERROR] LogOutputStream:75 - [STDERR_REDIRECT] [Fatal Error] :1:1: Premature end of file.
2026-08-27 16:06:36,349 [ERROR] LogOutputStream:75 - [STDERR_REDIRECT] 
2026-08-27 16:06:37,350 [ERROR] LogOutputStream:75 - [STDERR_REDIRECT] [Fatal Error] :1:1: Premature end of file.
2026-08-27 16:06:37,351 [ERROR] LogOutputStream:75 - [STDERR_REDIRECT] 
2026-08-27 16:06:37,537 [INFO] DbBoards:665 - Loaded 218 board mini-images
2026-08-27 16:06:38,348 [ERROR] LogOutputStream:75 - [STDERR_REDIRECT] [Fatal Error] :1:1: Premature end of file.
2026-08-27 16:06:38,348 [ERROR] LogOutputStream:75 - [STDERR_REDIRECT] 
2026-08-27 16:06:39,349 [ERROR] LogOutputStream:75 - [STDERR_REDIRECT] [Fatal Error] :1:1: Premature end of file.
2026-08-27 16:06:39,349 [ERROR] LogOutputStream:75 - [STDERR_REDIRECT] 
2026-08-27 16:06:40,349 [ERROR] LogOutputStream:75 - [STDERR_REDIRECT] [Fatal Error] :1:1: Premature end of file.
2026-08-27 16:06:40,349 [ERROR] LogOutputStream:75 - [STDERR_REDIRECT] 
2026-08-27 16:06:41,348 [ERROR] LogOutputStream:75 - [STDERR_REDIRECT] [Fatal Error] :1:1: Premature end of file.
2026-08-27 16:06:41,349 [ERROR] LogOutputStream:75 - [STDERR_REDIRECT] 
2026-08-27 16:06:42,347 [ERROR] LogOutputStream:75 - [STDERR_REDIRECT] [Fatal Error] :1:1: Premature end of file.
2026-08-27 16:06:42,347 [ERROR] LogOutputStream:75 - [STDERR_REDIRECT] 
2026-08-27 16:06:43,348 [ERROR] LogOutputStream:75 - [STDERR_REDIRECT] [Fatal Error] :1:1: Premature end of file.
2026-08-27 16:06:43,348 [ERROR] LogOutputStream:75 - [STDERR_REDIRECT] 
2026-08-27 16:06:44,347 [ERROR] LogOutputStream:75 - [STDERR_REDIRECT] [Fatal Error] :1:1: Premature end of file.
2026-08-27 16:06:44,347 [ERROR] LogOutputStream:75 - [STDERR_REDIRECT] 
2026-08-27 16:06:45,347 [ERROR] LogOutputStream:75 - [STDERR_REDIRECT] [Fatal Error] :1:1: Premature end of file.
2026-08-27 16:06:45,347 [ERROR] LogOutputStream:75 - [STDERR_REDIRECT] 
2026-08-27 16:06:46,349 [ERROR] LogOutputStream:75 - [STDERR_REDIRECT] [Fatal Error] :1:1: Premature end of file.
2026-08-27 16:06:46,349 [ERROR] LogOutputStream:75 - [STDERR_REDIRECT] 
2026-08-27 16:06:47,347 [ERROR] LogOutputStream:75 - [STDERR_REDIRECT] [Fatal Error] :1:1: Premature end of file.
2026-08-27 16:06:47,347 [ERROR] LogOutputStream:75 - [STDERR_REDIRECT] 
2026-08-27 16:06:48,346 [ERROR] LogOutputStream:75 - [STDERR_REDIRECT] [Fatal Error] :1:1: Premature end of file.
2026-08-27 16:06:48,346 [ERROR] LogOutputStream:75 - [STDERR_REDIRECT] 
2026-08-27 16:06:49,348 [ERROR] LogOutputStream:75 - [STDERR_REDIRECT] [Fatal Error] :1:1: Premature end of file.
2026-08-27 16:06:49,348 [ERROR] LogOutputStream:75 - [STDERR_REDIRECT] 
2026-08-27 16:06:50,347 [ERROR] LogOutputStream:75 - [STDERR_REDIRECT] [Fatal Error] :1:1: Premature end of file.
2026-08-27 16:06:50,347 [ERROR] LogOutputStream:75 - [STDERR_REDIRECT] 
2026-08-27 16:06:51,346 [ERROR] LogOutputStream:75 - [STDERR_REDIRECT] [Fatal Error] :1:1: Premature end of file.
2026-08-27 16:06:51,346 [ERROR] LogOutputStream:75 - [STDERR_REDIRECT] 
2026-08-27 16:06:52,348 [ERROR] LogOutputStream:75 - [STDERR_REDIRECT] [Fatal Error] :1:1: Premature end of file.
2026-08-27 16:06:52,348 [ERROR] LogOutputStream:75 - [STDERR_REDIRECT] 
2026-08-27 16:06:53,347 [ERROR] LogOutputStream:75 - [STDERR_REDIRECT] [Fatal Error] :1:1: Premature end of file.
2026-08-27 16:06:53,347 [ERROR] LogOutputStream:75 - [STDERR_REDIRECT] 
2026-08-27 16:06:54,347 [ERROR] LogOutputStream:75 - [STDERR_REDIRECT] [Fatal Error] :1:1: Premature end of file.
2026-08-27 16:06:54,347 [ERROR] LogOutputStream:75 - [STDERR_REDIRECT] 
2026-08-27 16:06:55,348 [ERROR] LogOutputStream:75 - [STDERR_REDIRECT] [Fatal Error] :1:1: Premature end of file.
2026-08-27 16:06:55,349 [ERROR] LogOutputStream:75 - [STDERR_REDIRECT] 
2026-08-27 16:06:56,347 [ERROR] LogOutputStream:75 - [STDERR_REDIRECT] [Fatal Error] :1:1: Premature end of file.
2026-08-27 16:06:56,347 [ERROR] LogOutputStream:75 - [STDERR_REDIRECT] 
2026-08-27 16:06:57,348 [ERROR] LogOutputStream:75 - [STDERR_REDIRECT] [Fatal Error] :1:1: Premature end of file.
2026-08-27 16:06:57,348 [ERROR] LogOutputStream:75 - [STDERR_REDIRECT] 
2026-08-27 16:06:58,345 [ERROR] LogOutputStream:75 - [STDERR_REDIRECT] [Fatal Error] :1:1: Premature end of file.
2026-08-27 16:06:58,346 [ERROR] LogOutputStream:75 - [STDERR_REDIRECT] 
2026-08-27 16:06:59,347 [ERROR] LogOutputStream:75 - [STDERR_REDIRECT] [Fatal Error] :1:1: Premature end of file.
2026-08-27 16:06:59,348 [ERROR] LogOutputStream:75 - [STDERR_REDIRECT] 
2026-08-27 16:07:00,347 [ERROR] LogOutputStream:75 - [STDERR_REDIRECT] [Fatal Error] :1:1: Premature end of file.
2026-08-27 16:07:00,347 [ERROR] LogOutputStream:75 - [STDERR_REDIRECT] 
2026-08-27 16:07:01,348 [ERROR] LogOutputStream:75 - [STDERR_REDIRECT] [Fatal Error] :1:1: Premature end of file.
2026-08-27 16:07:01,348 [ERROR] LogOutputStream:75 - [STDERR_REDIRECT] 
2026-08-27 16:07:02,347 [ERROR] LogOutputStream:75 - [STDERR_REDIRECT] [Fatal Error] :1:1: Premature end of file.
2026-08-27 16:07:02,347 [ERROR] LogOutputStream:75 - [STDERR_REDIRECT] 
2026-08-27 16:07:03,347 [ERROR] LogOutputStream:75 - [STDERR_REDIRECT] [Fatal Error] :1:1: Premature end of file.
2026-08-27 16:07:03,347 [ERROR] LogOutputStream:75 - [STDERR_REDIRECT] 
2026-08-27 16:07:04,350 [ERROR] LogOutputStream:75 - [STDERR_REDIRECT] [Fatal Error] :1:1: Premature end of file.
2026-08-27 16:07:04,350 [ERROR] LogOutputStream:75 - [STDERR_REDIRECT] 
2026-08-27 16:07:05,348 [ERROR] LogOutputStream:75 - [STDERR_REDIRECT] [Fatal Error] :1:1: Premature end of file.
2026-08-27 16:07:05,348 [ERROR] LogOutputStream:75 - [STDERR_REDIRECT] 
2026-08-27 16:07:06,347 [ERROR] LogOutputStream:75 - [STDERR_REDIRECT] [Fatal Error] :1:1: Premature end of file.
2026-08-27 16:07:06,347 [ERROR] LogOutputStream:75 - [STDERR_REDIRECT] 
2026-08-27 16:07:07,346 [ERROR] LogOutputStream:75 - [STDERR_REDIRECT] [Fatal Error] :1:1: Premature end of file.
2026-08-27 16:07:07,347 [ERROR] LogOutputStream:75 - [STDERR_REDIRECT] 
2026-08-27 16:07:08,348 [ERROR] LogOutputStream:75 - [STDERR_REDIRECT] [Fatal Error] :1:1: Premature end of file.
2026-08-27 16:07:08,348 [ERROR] LogOutputStream:75 - [STDERR_REDIRECT] 
2026-08-27 16:07:09,347 [ERROR] LogOutputStream:75 - [STDERR_REDIRECT] [Fatal Error] :1:1: Premature end of file.
2026-08-27 16:07:09,348 [ERROR] LogOutputStream:75 - [STDERR_REDIRECT] 
2026-08-27 16:07:10,346 [ERROR] LogOutputStream:75 - [STDERR_REDIRECT] [Fatal Error] :1:1: Premature end of file.
2026-08-27 16:07:10,346 [ERROR] LogOutputStream:75 - [STDERR_REDIRECT] 
2026-08-27 16:07:11,348 [ERROR] LogOutputStream:75 - [STDERR_REDIRECT] [Fatal Error] :1:1: Premature end of file.
2026-08-27 16:07:11,348 [ERROR] LogOutputStream:75 - [STDERR_REDIRECT] 
2026-08-27 16:07:12,348 [ERROR] LogOutputStream:75 - [STDERR_REDIRECT] [Fatal Error] :1:1: Premature end of file.
2026-08-27 16:07:12,348 [ERROR] LogOutputStream:75 - [STDERR_REDIRECT] 
2026-08-27 16:07:13,346 [ERROR] LogOutputStream:75 - [STDERR_REDIRECT] [Fatal Error] :1:1: Premature end of file.
2026-08-27 16:07:13,346 [ERROR] LogOutputStream:75 - [STDERR_REDIRECT] 
2026-08-27 16:07:14,348 [ERROR] LogOutputStream:75 - [STDERR_REDIRECT] [Fatal Error] :1:1: Premature end of file.
2026-08-27 16:07:14,348 [ERROR] LogOutputStream:75 - [STDERR_REDIRECT] 
2026-08-27 16:07:15,347 [ERROR] LogOutputStream:75 - [STDERR_REDIRECT] [Fatal Error] :1:1: Premature end of file.
2026-08-27 16:07:15,348 [ERROR] LogOutputStream:75 - [STDERR_REDIRECT] 
2026-08-27 16:07:16,348 [ERROR] LogOutputStream:75 - [STDERR_REDIRECT] [Fatal Error] :1:1: Premature end of file.
2026-08-27 16:07:16,348 [ERROR] LogOutputStream:75 - [STDERR_REDIRECT] 
2026-08-27 16:07:17,348 [ERROR] LogOutputStream:75 - [STDERR_REDIRECT] [Fatal Error] :1:1: Premature end of file.
2026-08-27 16:07:17,348 [ERROR] LogOutputStream:75 - [STDERR_REDIRECT] 
2026-08-27 16:07:18,350 [ERROR] LogOutputStream:75 - [STDERR_REDIRECT] [Fatal Error] :1:1: Premature end of file.
2026-08-27 16:07:18,350 [ERROR] LogOutputStream:75 - [STDERR_REDIRECT] 
2026-08-27 16:07:19,347 [ERROR] LogOutputStream:75 - [STDERR_REDIRECT] [Fatal Error] :1:1: Premature end of file.
2026-08-27 16:07:19,347 [ERROR] LogOutputStream:75 - [STDERR_REDIRECT] 
2026-08-27 16:07:20,348 [ERROR] LogOutputStream:75 - [STDERR_REDIRECT] [Fatal Error] :1:1: Premature end of file.
2026-08-27 16:07:20,348 [ERROR] LogOutputStream:75 - [STDERR_REDIRECT] 
2026-08-27 16:07:21,348 [ERROR] LogOutputStream:75 - [STDERR_REDIRECT] [Fatal Error] :1:1: Premature end of file.
2026-08-27 16:07:21,348 [ERROR] LogOutputStream:75 - [STDERR_REDIRECT] 
2026-08-27 16:07:22,348 [ERROR] LogOutputStream:75 - [STDERR_REDIRECT] [Fatal Error] :1:1: Premature end of file.
2026-08-27 16:07:22,348 [ERROR] LogOutputStream:75 - [STDERR_REDIRECT] 
2026-08-27 16:07:23,347 [ERROR] LogOutputStream:75 - [STDERR_REDIRECT] [Fatal Error] :1:1: Premature end of file.
2026-08-27 16:07:23,348 [ERROR] LogOutputStream:75 - [STDERR_REDIRECT] 
2026-08-27 16:07:24,348 [ERROR] LogOutputStream:75 - [STDERR_REDIRECT] [Fatal Error] :1:1: Premature end of file.
2026-08-27 16:07:24,348 [ERROR] LogOutputStream:75 - [STDERR_REDIRECT] 
2026-08-27 16:07:25,346 [ERROR] LogOutputStream:75 - [STDERR_REDIRECT] [Fatal Error] :1:1: Premature end of file.
2026-08-27 16:07:25,346 [ERROR] LogOutputStream:75 - [STDERR_REDIRECT] 
2026-08-27 16:07:26,347 [ERROR] LogOutputStream:75 - [STDERR_REDIRECT] [Fatal Error] :1:1: Premature end of file.
2026-08-27 16:07:26,347 [ERROR] LogOutputStream:75 - [STDERR_REDIRECT] 
2026-08-27 16:07:27,347 [ERROR] LogOutputStream:75 - [STDERR_REDIRECT] [Fatal Error] :1:1: Premature end of file.
2026-08-27 16:07:27,347 [ERROR] LogOutputStream:75 - [STDERR_REDIRECT] 
2026-08-27 16:07:28,348 [ERROR] LogOutputStream:75 - [STDERR_REDIRECT] [Fatal Error] :1:1: Premature end of file.
2026-08-27 16:07:28,348 [ERROR] LogOutputStream:75 - [STDERR_REDIRECT] 
2026-08-27 16:07:29,347 [ERROR] LogOutputStream:75 - [STDERR_REDIRECT] [Fatal Error] :1:1: Premature end of file.
2026-08-27 16:07:29,347 [ERROR] LogOutputStream:75 - [STDERR_REDIRECT] 
2026-08-27 16:07:30,350 [ERROR] LogOutputStream:75 - [STDERR_REDIRECT] [Fatal Error] :1:1: Premature end of file.
2026-08-27 16:07:30,350 [ERROR] LogOutputStream:75 - [STDERR_REDIRECT] 
2026-08-27 16:07:31,348 [ERROR] LogOutputStream:75 - [STDERR_REDIRECT] [Fatal Error] :1:1: Premature end of file.
2026-08-27 16:07:31,348 [ERROR] LogOutputStream:75 - [STDERR_REDIRECT] 
2026-08-27 16:07:32,347 [ERROR] LogOutputStream:75 - [STDERR_REDIRECT] [Fatal Error] :1:1: Premature end of file.
2026-08-27 16:07:32,347 [ERROR] LogOutputStream:75 - [STDERR_REDIRECT] 
2026-08-27 16:07:33,348 [ERROR] LogOutputStream:75 - [STDERR_REDIRECT] [Fatal Error] :1:1: Premature end of file.
2026-08-27 16:07:33,348 [ERROR] LogOutputStream:75 - [STDERR_REDIRECT] 
2026-08-27 16:07:34,352 [ERROR] LogOutputStream:75 - [STDERR_REDIRECT] [Fatal Error] :1:1: Premature end of file.
2026-08-27 16:07:34,352 [ERROR] LogOutputStream:75 - [STDERR_REDIRECT] 
2026-08-27 16:07:35,348 [ERROR] LogOutputStream:75 - [STDERR_REDIRECT] [Fatal Error] :1:1: Premature end of file.
2026-08-27 16:07:35,348 [ERROR] LogOutputStream:75 - [STDERR_REDIRECT] 
2026-08-27 16:07:36,348 [ERROR] LogOutputStream:75 - [STDERR_REDIRECT] [Fatal Error] :1:1: Premature end of file.
2026-08-27 16:07:36,348 [ERROR] LogOutputStream:75 - [STDERR_REDIRECT] 
2026-08-27 16:07:37,349 [ERROR] LogOutputStream:75 - [STDERR_REDIRECT] [Fatal Error] :1:1: Premature end of file.
2026-08-27 16:07:37,349 [ERROR] LogOutputStream:75 - [STDERR_REDIRECT] 
2026-08-27 16:07:38,347 [ERROR] LogOutputStream:75 - [STDERR_REDIRECT] [Fatal Error] :1:1: Premature end of file.
2026-08-27 16:07:38,347 [ERROR] LogOutputStream:75 - [STDERR_REDIRECT] 
2026-08-27 16:07:39,347 [ERROR] LogOutputStream:75 - [STDERR_REDIRECT] [Fatal Error] :1:1: Premature end of file.
2026-08-27 16:07:39,347 [ERROR] LogOutputStream:75 - [STDERR_REDIRECT] 
2026-08-27 16:07:40,347 [ERROR] LogOutputStream:75 - [STDERR_REDIRECT] [Fatal Error] :1:1: Premature end of file.
2026-08-27 16:07:40,347 [ERROR] LogOutputStream:75 - [STDERR_REDIRECT] 
2026-08-27 16:07:41,347 [ERROR] LogOutputStream:75 - [STDERR_REDIRECT] [Fatal Error] :1:1: Premature end of file.
2026-08-27 16:07:41,347 [ERROR] LogOutputStream:75 - [STDERR_REDIRECT] 
2026-08-27 16:07:42,347 [ERROR] LogOutputStream:75 - [STDERR_REDIRECT] [Fatal Error] :1:1: Premature end of file.
2026-08-27 16:07:42,347 [ERROR] LogOutputStream:75 - [STDERR_REDIRECT] 
2026-08-27 16:07:43,348 [ERROR] LogOutputStream:75 - [STDERR_REDIRECT] [Fatal Error] :1:1: Premature end of file.
2026-08-27 16:07:43,348 [ERROR] LogOutputStream:75 - [STDERR_REDIRECT] 
2026-08-27 16:07:44,349 [ERROR] LogOutputStream:75 - [STDERR_REDIRECT] [Fatal Error] :1:1: Premature end of file.
2026-08-27 16:07:44,349 [ERROR] LogOutputStream:75 - [STDERR_REDIRECT] 
2026-08-27 16:07:45,347 [ERROR] LogOutputStream:75 - [STDERR_REDIRECT] [Fatal Error] :1:1: Premature end of file.
2026-08-27 16:07:45,347 [ERROR] LogOutputStream:75 - [STDERR_REDIRECT] 
2026-08-27 16:07:46,348 [ERROR] LogOutputStream:75 - [STDERR_REDIRECT] [Fatal Error] :1:1: Premature end of file.
2026-08-27 16:07:46,348 [ERROR] LogOutputStream:75 - [STDERR_REDIRECT] 
2026-08-27 16:07:47,348 [ERROR] LogOutputStream:75 - [STDERR_REDIRECT] [Fatal Error] :1:1: Premature end of file.
2026-08-27 16:07:47,349 [ERROR] LogOutputStream:75 - [STDERR_REDIRECT] 
2026-08-27 16:07:48,349 [ERROR] LogOutputStream:75 - [STDERR_REDIRECT] [Fatal Error] :1:1: Premature end of file.
2026-08-27 16:07:48,349 [ERROR] LogOutputStream:75 - [STDERR_REDIRECT] 
2026-08-27 16:07:49,347 [ERROR] LogOutputStream:75 - [STDERR_REDIRECT] [Fatal Error] :1:1: Premature end of file.
2026-08-27 16:07:49,348 [ERROR] LogOutputStream:75 - [STDERR_REDIRECT] 
2026-08-27 16:07:50,348 [ERROR] LogOutputStream:75 - [STDERR_REDIRECT] [Fatal Error] :1:1: Premature end of file.
2026-08-27 16:07:50,349 [ERROR] LogOutputStream:75 - [STDERR_REDIRECT] 
2026-08-27 16:07:51,347 [ERROR] LogOutputStream:75 - [STDERR_REDIRECT] [Fatal Error] :1:1: Premature end of file.
2026-08-27 16:07:51,347 [ERROR] LogOutputStream:75 - [STDERR_REDIRECT] 
2026-08-27 16:07:52,346 [ERROR] LogOutputStream:75 - [STDERR_REDIRECT] [Fatal Error] :1:1: Premature end of file.
2026-08-27 16:07:52,347 [ERROR] LogOutputStream:75 - [STDERR_REDIRECT] 
2026-08-27 16:07:53,348 [ERROR] LogOutputStream:75 - [STDERR_REDIRECT] [Fatal Error] :1:1: Premature end of file.
2026-08-27 16:07:53,348 [ERROR] LogOutputStream:75 - [STDERR_REDIRECT] 
2026-08-27 16:07:54,347 [ERROR] LogOutputStream:75 - [STDERR_REDIRECT] [Fatal Error] :1:1: Premature end of file.
2026-08-27 16:07:54,347 [ERROR] LogOutputStream:75 - [STDERR_REDIRECT] 
2026-08-27 16:07:55,349 [ERROR] LogOutputStream:75 - [STDERR_REDIRECT] [Fatal Error] :1:1: Premature end of file.
2026-08-27 16:07:55,349 [ERROR] LogOutputStream:75 - [STDERR_REDIRECT] 
2026-08-27 16:07:56,347 [ERROR] LogOutputStream:75 - [STDERR_REDIRECT] [Fatal Error] :1:1: Premature end of file.
2026-08-27 16:07:56,347 [ERROR] LogOutputStream:75 - [STDERR_REDIRECT] 
2026-08-27 16:07:57,348 [ERROR] LogOutputStream:75 - [STDERR_REDIRECT] [Fatal Error] :1:1: Premature end of file.
2026-08-27 16:07:57,348 [ERROR] LogOutputStream:75 - [STDERR_REDIRECT] 
2026-08-27 16:07:58,347 [ERROR] LogOutputStream:75 - [STDERR_REDIRECT] [Fatal Error] :1:1: Premature end of file.
2026-08-27 16:07:58,347 [ERROR] LogOutputStream:75 - [STDERR_REDIRECT] 
2026-08-27 16:07:59,357 [ERROR] LogOutputStream:75 - [STDERR_REDIRECT] [Fatal Error] :1:1: Premature end of file.
2026-08-27 16:07:59,357 [ERROR] LogOutputStream:75 - [STDERR_REDIRECT] 
2026-08-27 16:08:00,349 [ERROR] LogOutputStream:75 - [STDERR_REDIRECT] [Fatal Error] :1:1: Premature end of file.
2026-08-27 16:08:00,349 [ERROR] LogOutputStream:75 - [STDERR_REDIRECT] 
2026-08-27 16:08:01,348 [ERROR] LogOutputStream:75 - [STDERR_REDIRECT] [Fatal Error] :1:1: Premature end of file.
2026-08-27 16:08:01,348 [ERROR] LogOutputStream:75 - [STDERR_REDIRECT] 
2026-08-27 16:08:02,348 [ERROR] LogOutputStream:75 - [STDERR_REDIRECT] [Fatal Error] :1:1: Premature end of file.
2026-08-27 16:08:02,348 [ERROR] LogOutputStream:75 - [STDERR_REDIRECT] 
2026-08-27 16:08:03,348 [ERROR] LogOutputStream:75 - [STDERR_REDIRECT] [Fatal Error] :1:1: Premature end of file.
2026-08-27 16:08:03,348 [ERROR] LogOutputStream:75 - [STDERR_REDIRECT] 
2026-08-27 16:08:03,906 [INFO] MainUpdater:2872 - connection check result : 10
2026-08-27 16:08:03,907 [INFO] MainUpdater:2872 - connection check result : 10
2026-08-27 16:08:03,918 [INFO] MicroXplorer:468 - Change Database Path : 
2026-08-27 16:08:03,918 [INFO] MicroXplorer:498 - Change Database Version : DB.6.0.150
2026-08-27 16:08:03,923 [WARN] ThirdParty:871 - waiting for thirdparty lock release [close project]
2026-08-27 16:08:03,923 [INFO] ThirdParty:873 - entering critical section [close project]
2026-08-27 16:08:03,924 [INFO] ThirdParty:883 - exiting critical section [close project]
2026-08-27 16:08:03,925 [INFO] PinOutPanel:1589 - setPackage(No Configuration,No Configuration)
2026-08-27 16:08:03,926 [INFO] UtilMem:75 - Begin LoadConfig() Used Memory: 1011547248 Bytes (1073741824)
2026-08-27 16:08:03,930 [INFO] OpenFileManager:355 - Change cursor
2026-08-27 16:08:03,954 [WARN] IntegrityCheckThread:84 - waiting for thirdparty lock release [integrity check]
2026-08-27 16:08:03,954 [INFO] IntegrityCheckThread:86 - entering critical section [integrity check]
2026-08-27 16:08:04,141 [WARN] PackLoader:240 - Cannot read IP mode file for STMicroelectronics.X-CUBE-AZRTOS-H7.3.5.0
2026-08-27 16:08:04,148 [WARN] PackLoader:240 - Cannot read IP mode file for STMicroelectronics.FP-ATR-ASTRA1.2.0.3
2026-08-27 16:08:04,152 [ERROR] Engine:466 - C:\Users\student\.stm32cubemx\thirdparties\pdsc\STMicroelectronics.X-CUBE-SMBUS.2.1.1.pdsc: PDSC version is not supported
2026-08-27 16:08:04,168 [WARN] PackLoader:240 - Cannot read IP mode file for STMicroelectronics.X-CUBE-AZRTOS-F7.1.1.0
2026-08-27 16:08:04,174 [WARN] PackLoader:240 - Cannot read IP mode file for STMicroelectronics.X-CUBE-FREERTOS.1.6.0
2026-08-27 16:08:04,178 [WARN] PackLoader:240 - Cannot read IP mode file for STMicroelectronics.FP-SNS-MOTENV1.5.1.0
2026-08-27 16:08:04,204 [WARN] PackLoader:240 - Cannot read IP mode file for STMicroelectronics.X-CUBE-AZRTOS-H7RS.1.3.0
2026-08-27 16:08:04,211 [WARN] PackLoader:240 - Cannot read IP mode file for WES.I-CUBE-Cesium.1.4.0
2026-08-27 16:08:04,217 [WARN] PackLoader:240 - Cannot read IP mode file for STMicroelectronics.X-CUBE-DISPLAY.3.0.0
2026-08-27 16:08:04,223 [WARN] PackLoader:240 - Cannot read IP mode file for STMicroelectronics.X-CUBE-GNSS1.7.1.1
2026-08-27 16:08:04,227 [WARN] PackLoader:240 - Cannot read IP mode file for STMicroelectronics.FP-SNS-MOTENVWB1.1.5.0
2026-08-27 16:08:04,231 [WARN] PackLoader:240 - Cannot read IP mode file for STMicroelectronics.X-CUBE-NFC10.1.0.0
2026-08-27 16:08:04,236 [WARN] PackLoader:240 - Cannot read IP mode file for STMicroelectronics.X-CUBE-ST60.1.1.0
2026-08-27 16:08:04,240 [WARN] PackLoader:240 - Cannot read IP mode file for emotas.I-CUBE-CANOPEN.1.3.0
2026-08-27 16:08:04,244 [WARN] PackLoader:240 - Cannot read IP mode file for wolfSSL.I-CUBE-wolfSSL.5.9.2
2026-08-27 16:08:04,246 [ERROR] Engine:466 - C:\Users\student\.stm32cubemx\thirdparties\pdsc\STMicroelectronics.X-CUBE-WBA.1.1.0.pdsc: PDSC version is not supported
2026-08-27 16:08:04,253 [WARN] PackLoader:240 - Cannot read IP mode file for STMicroelectronics.FP-SNS-STBOX1.2.1.0
2026-08-27 16:08:04,258 [WARN] PackLoader:240 - Cannot read IP mode file for STMicroelectronics.FP-SNS-SMARTAG2.1.2.0
2026-08-27 16:08:04,260 [WARN] PackLoader:240 - Cannot read IP mode file for STMicroelectronics.FP-SNS-FLIGHT1.5.1.0
2026-08-27 16:08:04,271 [INFO] LogOutputStream:77 - [STDOUT_REDIRECT] 1 : Invalid condition id : UX_CORESTACK_Condition cause : null
2026-08-27 16:08:04,272 [INFO] LogOutputStream:77 - [STDOUT_REDIRECT] 1 : Invalid condition id : UX_CORESTACK_Condition cause : null
2026-08-27 16:08:04,272 [INFO] LogOutputStream:77 - [STDOUT_REDIRECT] 1 : Invalid condition id : UX_CORESTACK_Condition cause : null
2026-08-27 16:08:04,273 [INFO] LogOutputStream:77 - [STDOUT_REDIRECT] 1 : Invalid condition id : UX_CORESTACK_Condition cause : null
2026-08-27 16:08:04,273 [INFO] LogOutputStream:77 - [STDOUT_REDIRECT] 1 : Invalid condition id : UX_CORESTACK_Condition cause : null
2026-08-27 16:08:04,429 [WARN] PackLoader:240 - Cannot read IP mode file for STMicroelectronics.X-CUBE-AZRTOS-WL.2.0.0
2026-08-27 16:08:04,435 [WARN] PackLoader:240 - Cannot read IP mode file for STMicroelectronics.X-CUBE-BLE2.3.3.0
2026-08-27 16:08:04,451 [WARN] PackLoader:240 - Cannot read IP mode file for Infineon.AIROC-Wi-Fi-Bluetooth-STM32.1.8.0
2026-08-27 16:08:04,459 [WARN] PackLoader:240 - Cannot read IP mode file for STMicroelectronics.X-CUBE-NFC9.1.0.0
2026-08-27 16:08:04,460 [ERROR] LogOutputStream:75 - [STDERR_REDIRECT] [Fatal Error] :1:1: Premature end of file.
2026-08-27 16:08:04,461 [ERROR] LogOutputStream:75 - [STDERR_REDIRECT] 
2026-08-27 16:08:04,463 [WARN] PackLoader:240 - Cannot read IP mode file for STMicroelectronics.X-CUBE-BLE1.7.1.0
2026-08-27 16:08:04,466 [WARN] PackLoader:240 - Cannot read IP mode file for wolfSSL.I-CUBE-wolfMQTT.1.19.2
2026-08-27 16:08:04,473 [WARN] PackLoader:240 - Cannot read IP mode file for STMicroelectronics.X-CUBE-EEPRMA1.5.2.0
2026-08-27 16:08:04,479 [WARN] PackLoader:240 - Cannot read IP mode file for STMicroelectronics.FP-SNS-STAIOTCFT.1.1.0
2026-08-27 16:08:04,491 [WARN] PackLoader:240 - Cannot read IP mode file for STMicroelectronics.X-CUBE-AZRTOS-G0.1.1.0
2026-08-27 16:08:04,497 [WARN] PackLoader:240 - Cannot read IP mode file for STMicroelectronics.X-CUBE-NFC4.3.0.0
2026-08-27 16:08:04,504 [WARN] PackLoader:240 - Cannot read IP mode file for EmbeddedOffice.I-CUBE-FS-RTOS.1.0.1
2026-08-27 16:08:04,508 [WARN] PackLoader:240 - Cannot read IP mode file for wolfSSL.I-CUBE-wolfTPM.3.8.0
2026-08-27 16:08:04,512 [WARN] PackLoader:240 - Cannot read IP mode file for STMicroelectronics.X-CUBE-TCPP.4.2.0
2026-08-27 16:08:04,517 [WARN] PackLoader:240 - Cannot read IP mode file for RealThread.X-CUBE-RT-Thread_Nano.4.1.1
2026-08-27 16:08:04,520 [WARN] PackLoader:240 - Cannot read IP mode file for STMicroelectronics.FP-ATR-SIGFOX1.3.2.0
2026-08-27 16:08:04,525 [WARN] PackLoader:240 - Cannot read IP mode file for ITTIA_DB.I-CUBE-ITTIADB.8.9.0
2026-08-27 16:08:04,528 [WARN] PackLoader:240 - Cannot read IP mode file for Cesanta.I-CUBE-Mongoose.7.21.7
2026-08-27 16:08:04,535 [WARN] PackLoader:240 - Cannot read IP mode file for STMicroelectronics.X-CUBE-NFC6.3.2.0
2026-08-27 16:08:04,540 [WARN] PackLoader:240 - Cannot read IP mode file for STMicroelectronics.X-CUBE-AI.10.2.1
2026-08-27 16:08:04,555 [WARN] PackLoader:240 - Cannot read IP mode file for SEGGER.I-CUBE-embOS.1.3.1
2026-08-27 16:08:04,575 [WARN] PackLoader:240 - Cannot read IP mode file for STMicroelectronics.X-CUBE-NFC13.1.0.0
2026-08-27 16:08:04,580 [WARN] PackLoader:240 - Cannot read IP mode file for STMicroelectronics.X-CUBE-PM33A1.1.0.0
2026-08-27 16:08:04,591 [WARN] PackLoader:240 - Cannot read IP mode file for STMicroelectronics.X-CUBE-AZRTOS-F4.1.1.0
2026-08-27 16:08:04,595 [WARN] PackLoader:240 - Cannot read IP mode file for STMicroelectronics.X-CUBE-ISPU.2.1.0
2026-08-27 16:08:04,603 [WARN] PackLoader:240 - Cannot read IP mode file for STMicroelectronics.X-CUBE-IPS.3.2.0
2026-08-27 16:08:04,610 [WARN] PackLoader:240 - Cannot read IP mode file for STMicroelectronics.eDS-WB_DPC_TT-BIDIR.2.1.1
2026-08-27 16:08:04,613 [WARN] PackLoader:240 - Cannot read IP mode file for STMicroelectronics.X-CUBE-NFC12.1.0.0
2026-08-27 16:08:04,624 [WARN] PackLoader:240 - Cannot read IP mode file for STMicroelectronics.X-CUBE-AZRTOS-L5.2.0.0
2026-08-27 16:08:04,631 [WARN] PackLoader:240 - Cannot read IP mode file for STMicroelectronics.X-CUBE-ALGOBUILD.1.5.0
2026-08-27 16:08:04,634 [WARN] PackLoader:240 - Cannot read IP mode file for STMicroelectronics.eDS-WB_DPC_VIENNA.1.2.0
2026-08-27 16:08:04,658 [WARN] PackLoader:240 - Cannot read IP mode file for STMicroelectronics.X-CUBE-MEMS1.13.0.0
2026-08-27 16:08:04,692 [WARN] PackLoader:240 - Cannot read IP mode file for STMicroelectronics.eDS-WB_DPC_3PH2L-BIDIR.1.1.1
2026-08-27 16:08:04,694 [ERROR] Engine:466 - C:\Users\student\.stm32cubemx\thirdparties\pdsc\STMicroelectronics.X-CUBE-ST67W61.1.3.0.pdsc: PDSC version is not supported
2026-08-27 16:08:04,697 [WARN] PackLoader:240 - Cannot read IP mode file for STMicroelectronics.X-CUBE-TOUCHGFX.4.26.1
2026-08-27 16:08:04,700 [WARN] PackLoader:240 - Cannot read IP mode file for STMicroelectronics.X-CUBE-DPower.1.3.0
2026-08-27 16:08:04,709 [WARN] ConditionMgr:438 - getConditionDescription Invalid condition id : LAN8742 Phy interface Condition cause : null
2026-08-27 16:08:04,709 [WARN] PackLoader:240 - Cannot read IP mode file for STMicroelectronics.X-CUBE-AZRTOS-L4.2.0.0
2026-08-27 16:08:04,710 [WARN] ConditionMgr:1044 - genDependencies : Invalid condition id : LAN8742 Phy interface Condition cause : null
2026-08-27 16:08:04,710 [WARN] ConditionMgr:1044 - genDependencies : Invalid condition id : LAN8742 Phy interface Condition cause : null
2026-08-27 16:08:04,710 [WARN] ConditionMgr:1044 - genDependencies : Invalid condition id : LAN8742 Phy interface Condition cause : null
2026-08-27 16:08:04,714 [WARN] PackLoader:240 - Cannot read IP mode file for STMicroelectronics.X-CUBE-SFXS2LP1.4.0.0
2026-08-27 16:08:04,718 [WARN] PackLoader:240 - Cannot read IP mode file for STMicroelectronics.X-CUBE-WB05N.2.1.0
2026-08-27 16:08:04,725 [WARN] ConditionMgr:438 - getConditionDescription Invalid condition id : UX DEVICE CLASS RTOS Condition cause : null
2026-08-27 16:08:04,725 [WARN] ConditionMgr:438 - getConditionDescription Invalid condition id : UX DEVICE CLASS RTOS Condition cause : null
2026-08-27 16:08:04,726 [WARN] PackLoader:240 - Cannot read IP mode file for STMicroelectronics.X-CUBE-AZRTOS-WB.2.0.0
2026-08-27 16:08:04,727 [WARN] ConditionMgr:1044 - genDependencies : Invalid condition id : UX DEVICE CLASS RTOS Condition cause : null
2026-08-27 16:08:04,727 [WARN] ConditionMgr:1044 - genDependencies : Invalid condition id : UX DEVICE CLASS RTOS Condition cause : null
2026-08-27 16:08:04,727 [WARN] ConditionMgr:1044 - genDependencies : Invalid condition id : UX DEVICE CLASS RTOS Condition cause : null
2026-08-27 16:08:04,727 [WARN] ConditionMgr:1044 - genDependencies : Invalid condition id : UX DEVICE CLASS RTOS Condition cause : null
2026-08-27 16:08:04,727 [WARN] ConditionMgr:1044 - genDependencies : Invalid condition id : UX DEVICE CLASS RTOS Condition cause : null
2026-08-27 16:08:04,730 [WARN] ConditionMgr:438 - getConditionDescription Invalid condition id : Cortex-A Device cause : null
2026-08-27 16:08:04,736 [WARN] ConditionMgr:1044 - genDependencies : Invalid condition id : Cortex-A Device cause : null
2026-08-27 16:08:04,736 [WARN] ConditionMgr:1044 - genDependencies : Invalid condition id : Cortex-A Device cause : null
2026-08-27 16:08:04,737 [WARN] ConditionMgr:1044 - genDependencies : Invalid condition id : Cortex-A Device cause : null
2026-08-27 16:08:04,741 [WARN] PackLoader:240 - Cannot read IP mode file for STMicroelectronics.X-CUBE-STSE01.2.0.0
2026-08-27 16:08:04,747 [WARN] PackLoader:240 - Cannot read IP mode file for STMicroelectronics.X-CUBE-SUBG2.5.0.0
2026-08-27 16:08:04,757 [WARN] PackLoader:240 - Cannot read IP mode file for STMicroelectronics.X-CUBE-AZRTOS-G4.2.0.0
2026-08-27 16:08:04,760 [WARN] PackLoader:240 - Cannot read IP mode file for wolfSSL.I-CUBE-wolfSSH.1.4.20
2026-08-27 16:08:04,763 [WARN] PackLoader:240 - Cannot read IP mode file for STMicroelectronics.X-CUBE-NFC7.2.0.0
2026-08-27 16:08:04,765 [ERROR] Engine:466 - C:\Users\student\.stm32cubemx\thirdparties\pdsc\STMicroelectronics.X-CUBE-BLEMGR.4.2.0.pdsc: PDSC version is not supported
2026-08-27 16:08:04,768 [WARN] PackLoader:240 - Cannot read IP mode file for STMicroelectronics.X-CUBE-ALS.1.0.2
2026-08-27 16:08:04,775 [WARN] PackLoader:240 - Cannot read IP mode file for STMicroelectronics.X-CUBE-TOF1.3.4.3
2026-08-27 16:08:04,779 [INFO] ThirdParty:978 - Integrity check success = true
2026-08-27 16:08:04,779 [INFO] IntegrityCheckThread:100 - exiting critical section [integrity check]
2026-08-27 16:08:04,779 [INFO] IntegrityCheckThread:103 - End integrity checks thread
2026-08-27 16:08:04,800 [INFO] ProjectFactory:514 - No CPN specified for board B-L4S5I-IOT01A => set CPN to STM32L4S5VIT6
2026-08-27 16:08:04,802 [INFO] Mcu:2029 - Initializing MCU STM32L4S5VITx STM32L4S5VITx STM32L4S5VIT6
2026-08-27 16:08:05,360 [ERROR] LogOutputStream:75 - [STDERR_REDIRECT] [Fatal Error] :1:1: Premature end of file.
2026-08-27 16:08:05,360 [ERROR] LogOutputStream:75 - [STDERR_REDIRECT] 
2026-08-27 16:08:06,360 [ERROR] LogOutputStream:75 - [STDERR_REDIRECT] [Fatal Error] :1:1: Premature end of file.
2026-08-27 16:08:06,360 [INFO] Context:786 - Trying to add GPIOservice into a context  which must be forbidden
2026-08-27 16:08:06,361 [ERROR] LogOutputStream:75 - [STDERR_REDIRECT] 
2026-08-27 16:08:06,751 [INFO] Rule:233 - rule 117617 - U5Cobra4M][GTZC] default value MPCBB3 and MPCBB5 - Not Secured memory - MPCBB1 is applicable
2026-08-27 16:08:06,751 [INFO] Rule:233 - rule 117617 - U5Cobra4M][GTZC] default value MPCBB3 and MPCBB5 - Not Secured memory - MPCBB1 is applicable
2026-08-27 16:08:06,751 [INFO] Rule:233 - rule 117617 - U5Cobra4M][GTZC] default value MPCBB3 and MPCBB5 - Not Secured memory - MPCBB2 is applicable
2026-08-27 16:08:06,751 [INFO] Rule:233 - rule 117617 - U5Cobra4M][GTZC] default value MPCBB3 and MPCBB5 - Not Secured memory - MPCBB2 is applicable
2026-08-27 16:08:06,751 [INFO] Rule:233 - rule 117617 - U5Cobra4M][GTZC] default value MPCBB3 and MPCBB5 - Not Secured memory - MPCBB3 is applicable
2026-08-27 16:08:06,751 [INFO] Rule:233 - rule 117617 - U5Cobra4M][GTZC] default value MPCBB3 and MPCBB5 - Not Secured memory - MPCBB3 is applicable
2026-08-27 16:08:06,751 [INFO] Rule:233 - rule 117617 - U5Cobra4M][GTZC] default value MPCBB3 and MPCBB5 - Not Secured memory - MPCBB4 is applicable
2026-08-27 16:08:06,751 [INFO] Rule:233 - rule 117617 - U5Cobra4M][GTZC] default value MPCBB3 and MPCBB5 - Not Secured memory - MPCBB4 is applicable
2026-08-27 16:08:06,751 [INFO] Rule:233 - rule 117617 - U5Cobra4M][GTZC] default value MPCBB3 and MPCBB5 - Secured memory - MPCBB1 is applicable
2026-08-27 16:08:06,751 [INFO] Rule:233 - rule 117617 - U5Cobra4M][GTZC] default value MPCBB3 and MPCBB5 - Secured memory - MPCBB2 is applicable
2026-08-27 16:08:06,751 [INFO] Rule:233 - rule 117617 - U5Cobra4M][GTZC] default value MPCBB3 and MPCBB5 - Secured memory - MPCBB3 is applicable
2026-08-27 16:08:06,751 [INFO] Rule:233 - rule 117617 - U5Cobra4M][GTZC] default value MPCBB3 and MPCBB5 - Secured memory - MPCBB4 is applicable
2026-08-27 16:08:06,751 [INFO] Rule:233 - rule 117617 - U5Cobra4M][GTZC] default value MPCBB3 and MPCBB5 - Privileged memory - MPCBB1 is applicable
2026-08-27 16:08:06,751 [INFO] Rule:233 - rule 117617 - U5Cobra4M][GTZC] default value MPCBB3 and MPCBB5 - Privileged memory - MPCBB2 is applicable
2026-08-27 16:08:06,751 [INFO] Rule:233 - rule 117617 - U5Cobra4M][GTZC] default value MPCBB3 and MPCBB5 - Privileged memory - MPCBB3 is applicable
2026-08-27 16:08:06,751 [INFO] Rule:233 - rule 117617 - U5Cobra4M][GTZC] default value MPCBB3 and MPCBB5 - Privileged memory - MPCBB4 is applicable
2026-08-27 16:08:06,751 [INFO] Rule:233 - rule 117617 - U5Cobra4M][GTZC] default value MPCBB3 and MPCBB5 - Not Privileged memory - MPCBB1 is applicable
2026-08-27 16:08:06,751 [INFO] Rule:233 - rule 117617 - U5Cobra4M][GTZC] default value MPCBB3 and MPCBB5 - Not Privileged memory - MPCBB2 is applicable
2026-08-27 16:08:06,751 [INFO] Rule:233 - rule 117617 - U5Cobra4M][GTZC] default value MPCBB3 and MPCBB5 - Not Privileged memory - MPCBB3 is applicable
2026-08-27 16:08:06,751 [INFO] Rule:233 - rule 117617 - U5Cobra4M][GTZC] default value MPCBB3 and MPCBB5 - Not Privileged memory - MPCBB4 is applicable
2026-08-27 16:08:06,751 [INFO] Rule:233 - rule 117617 - U5Cobra4M][GTZC] default value MPCBB3 and MPCBB5 - Privileged memory - MPCBB1 is applicable
2026-08-27 16:08:06,751 [INFO] Rule:233 - rule 117617 - U5Cobra4M][GTZC] default value MPCBB3 and MPCBB5 - Privileged memory - MPCBB2 is applicable
2026-08-27 16:08:06,751 [INFO] Rule:233 - rule 117617 - U5Cobra4M][GTZC] default value MPCBB3 and MPCBB5 - Privileged memory - MPCBB3 is applicable
2026-08-27 16:08:06,751 [INFO] Rule:233 - rule 117617 - U5Cobra4M][GTZC] default value MPCBB3 and MPCBB5 - Privileged memory - MPCBB4 is applicable
2026-08-27 16:08:06,751 [INFO] Rule:233 - rule 117617 - U5Cobra4M][GTZC] default value MPCBB3 and MPCBB5 - Privileged memory - MPCBB1 is applicable
2026-08-27 16:08:06,751 [INFO] Rule:233 - rule 117617 - U5Cobra4M][GTZC] default value MPCBB3 and MPCBB5 - Privileged memory - MPCBB2 is applicable
2026-08-27 16:08:06,751 [INFO] Rule:233 - rule 117617 - U5Cobra4M][GTZC] default value MPCBB3 and MPCBB5 - Privileged memory - MPCBB3 is applicable
2026-08-27 16:08:06,751 [INFO] Rule:233 - rule 117617 - U5Cobra4M][GTZC] default value MPCBB3 and MPCBB5 - Privileged memory - MPCBB4 is applicable
2026-08-27 16:08:06,752 [INFO] Rule:233 - rule 117617 - U5Cobra4M][GTZC] default value MPCBB3 and MPCBB5 - Not Privileged memory - MPCBB1 is applicable
2026-08-27 16:08:06,752 [INFO] Rule:233 - rule 117617 - U5Cobra4M][GTZC] default value MPCBB3 and MPCBB5 - Not Privileged memory - MPCBB2 is applicable
2026-08-27 16:08:06,752 [INFO] Rule:233 - rule 117617 - U5Cobra4M][GTZC] default value MPCBB3 and MPCBB5 - Not Privileged memory - MPCBB3 is applicable
2026-08-27 16:08:06,752 [INFO] Rule:233 - rule 117617 - U5Cobra4M][GTZC] default value MPCBB3 and MPCBB5 - Not Privileged memory - MPCBB4 is applicable
2026-08-27 16:08:06,752 [INFO] Rule:233 - rule 117617 - U5Cobra4M][GTZC] default value MPCBB3 and MPCBB5 - Privileged memory - MPCBB1 is applicable
2026-08-27 16:08:06,752 [INFO] Rule:233 - rule 117617 - U5Cobra4M][GTZC] default value MPCBB3 and MPCBB5 - Privileged memory - MPCBB2 is applicable
2026-08-27 16:08:06,752 [INFO] Rule:233 - rule 117617 - U5Cobra4M][GTZC] default value MPCBB3 and MPCBB5 - Privileged memory - MPCBB3 is applicable
2026-08-27 16:08:06,752 [INFO] Rule:233 - rule 117617 - U5Cobra4M][GTZC] default value MPCBB3 and MPCBB5 - Privileged memory - MPCBB4 is applicable
2026-08-27 16:08:06,752 [INFO] Rule:233 - rule WakeUp0 Mode is applicable
2026-08-27 16:08:06,752 [INFO] Rule:233 - rule WakeUp0 SIGNAL is applicable
2026-08-27 16:08:06,752 [INFO] Rule:233 - rule WakeUp1 Mode is applicable
2026-08-27 16:08:06,752 [INFO] Rule:233 - rule WakeUp1 SIGNAL is applicable
2026-08-27 16:08:06,752 [INFO] Rule:233 - rule WakeUp2 Mode is applicable
2026-08-27 16:08:06,752 [INFO] Rule:233 - rule WakeUp2 SIGNAL is applicable
2026-08-27 16:08:06,752 [INFO] Rule:233 - rule WakeUp4 Mode is applicable
2026-08-27 16:08:06,752 [INFO] Rule:233 - rule WakeUp4 SIGNAL is applicable
2026-08-27 16:08:06,752 [INFO] Rule:233 - rule WakeUp5 Mode is applicable
2026-08-27 16:08:06,752 [INFO] Rule:233 - rule WakeUp5 SIGNAL is applicable
2026-08-27 16:08:06,752 [INFO] Rule:233 - rule Change Default Value for LSE Drive Capability for WB family is applicable
2026-08-27 16:08:06,752 [INFO] Rule:233 - rule change FDCAN default value is applicable
2026-08-27 16:08:06,752 [INFO] Rule:233 - rule Adapt Old IOC before rework replace old CORTEX_M33/CORTEX_M55 attributes by the new one. is applicable
2026-08-27 16:08:06,752 [INFO] Rule:233 - rule Rename parametre of RCC RCC_APBDBG_DIV2 to RCC_TIMPRES_DIV2 is applicable
2026-08-27 16:08:06,752 [INFO] Rule:233 - rule Rename DIE493 pin PA10 [PA12] -> PA10 is applicable
2026-08-27 16:08:06,752 [INFO] Rule:233 - rule Rename DIE493 pin PA9 [PA11] -> PA9 is applicable
2026-08-27 16:08:06,752 [INFO] Rule:233 - rule Rename DIE492 PartNumber CPN STM32WBA5MJGHx -> STM32WBA5MMGHx is applicable
2026-08-27 16:08:06,752 [INFO] Rule:233 - rule Rename DIE492 PartNumber  Name STM32WBA5MJGHx -> STM32WBA5MMGHx is applicable
2026-08-27 16:08:06,752 [INFO] Rule:233 - rule Rename DIE492 PartNumber UserName STM32WBA5MJGHx -> STM32WBA5MMGHx is applicable
2026-08-27 16:08:06,752 [INFO] Rule:233 - rule Rename DIE492 PartNumber DeviceId STM32WBA5MJGHx -> STM32WBA5MMGHx is applicable
2026-08-27 16:08:06,752 [INFO] Rule:233 - rule Adapt Old IOC CSI. is applicable
2026-08-27 16:08:06,752 [INFO] Rule:233 - rule Adapt Old IOC DCMIPP. is applicable
2026-08-27 16:08:06,752 [INFO] Rule:233 - rule Adapt Old IOC DCMIPP Mode Parallel. is applicable
2026-08-27 16:08:06,752 [INFO] Rule:233 - rule Adapt Old IOC LTDC. is applicable
2026-08-27 16:08:06,752 [INFO] Rule:233 - rule Rename STM32MP2 RIF Peripheral LTDC RIF.RISUP.LTDC_L0L1.Privilege -> RIF.RISUP.LTDC_L1L2.Privilege is applicable
2026-08-27 16:08:06,752 [INFO] Rule:233 - rule Rename STM32MP2 RIF Peripheral LTDC RIF.RISUP.LTDC_L0L1.Privilege -> RIF.RISUP.LTDC_L1L2.Privilege is applicable
2026-08-27 16:08:06,752 [INFO] Rule:233 - rule Rename STM32MP2 RIF Peripheral LTDC RIF.RISUP.LTDC_L0L1.Lock -> RIF.RISUP.LTDC_L1L2.Lock is applicable
2026-08-27 16:08:06,752 [INFO] Rule:233 - rule Rename STM32MP2 RIF Peripheral LTDC RIF.RISUP.LTDC_L2.Lock -> RIF.RISUP.LTDC_L3.Lock is applicable
2026-08-27 16:08:06,752 [INFO] Rule:233 - rule Adapt the old IOC example for updating the SYS when it is misconfigured. is applicable
2026-08-27 16:08:06,752 [INFO] Rule:233 - rule Rename STM32C09 Mcu.Package LQFP64 -> LQFP48 is applicable
2026-08-27 16:08:06,752 [INFO] Rule:233 - rule Adapt the old IOC example for updating the SYS when it is misconfigured. is applicable
2026-08-27 16:08:06,752 [INFO] Rule:233 - rule Adapt the old IOC example for updating the SYS when it is misconfigured. is applicable
2026-08-27 16:08:06,757 [INFO] DbConfProperties:307 - Apply Compatibility (5/68 Rules)
2026-08-27 16:08:06,780 [INFO] ImportTextPane:234 - (OptionalMessage_ERROR) Pin84 (VP_RIF_VS_RIF1) cannot be retrieved for this MCU
2026-08-27 16:08:06,863 [INFO] RtosManager:558 - Registered RTOS mode: class=CMSIS, group=RTOS, mode=CMSIS_V1, owner=FREERTOS
2026-08-27 16:08:06,863 [INFO] RtosManager:558 - Registered RTOS mode: class=CMSIS, group=RTOS2, mode=CMSIS_V2, owner=FREERTOS
2026-08-27 16:08:06,863 [INFO] RtosManager:558 - Registered RTOS mode: class=RTOS, group=Core, mode=CMSIS_V1, owner=FREERTOS
2026-08-27 16:08:06,863 [INFO] RtosManager:558 - Registered RTOS mode: class=RTOS, group=Core, mode=CMSIS_V2, owner=FREERTOS
2026-08-27 16:08:06,863 [WARN] ModelIntegratedComponent:184 - Missing modes for component STMicroelectronics:FreeRTOS:0.0.1:STMicroelectronics:RTOS:FreeRTOS:Core:::10.2.0:
2026-08-27 16:08:06,918 [WARN] ModelIntegratedComponent:63 - No mode defined for component null
2026-08-27 16:08:06,918 [WARN] ModelIntegratedComponent:63 - No mode defined for component null
2026-08-27 16:08:06,918 [WARN] ModelIntegratedComponent:63 - No mode defined for component null
2026-08-27 16:08:06,918 [WARN] ModelIntegratedComponent:63 - No mode defined for component null
2026-08-27 16:08:06,918 [WARN] ModelIntegratedComponent:63 - No mode defined for component null
2026-08-27 16:08:06,918 [WARN] ModelIntegratedComponent:63 - No mode defined for component null
2026-08-27 16:08:06,918 [WARN] ModelIntegratedComponent:63 - No mode defined for component null
2026-08-27 16:08:06,918 [WARN] ModelIntegratedComponent:63 - No mode defined for component null
2026-08-27 16:08:06,918 [WARN] ModelIntegratedComponent:63 - No mode defined for component null
2026-08-27 16:08:06,918 [WARN] ModelIntegratedComponent:63 - No mode defined for component null
2026-08-27 16:08:06,918 [WARN] ModelIntegratedComponent:63 - No mode defined for component null
2026-08-27 16:08:06,918 [WARN] ModelIntegratedComponent:63 - No mode defined for component null
2026-08-27 16:08:06,918 [WARN] ModelIntegratedComponent:63 - No mode defined for component null
2026-08-27 16:08:06,918 [WARN] ModelIntegratedComponent:63 - No mode defined for component null
2026-08-27 16:08:06,918 [WARN] ModelIntegratedComponent:63 - No mode defined for component null
2026-08-27 16:08:06,918 [WARN] ModelIntegratedComponent:63 - No mode defined for component null
2026-08-27 16:08:06,918 [WARN] ModelIntegratedComponent:63 - No mode defined for component null
2026-08-27 16:08:06,918 [WARN] ModelIntegratedComponent:63 - No mode defined for component null
2026-08-27 16:08:06,918 [WARN] ModelIntegratedComponent:63 - No mode defined for component null
2026-08-27 16:08:06,918 [WARN] ModelIntegratedComponent:63 - No mode defined for component null
2026-08-27 16:08:06,919 [WARN] ModelIntegratedComponent:63 - No mode defined for component null
2026-08-27 16:08:06,919 [WARN] ModelIntegratedComponent:63 - No mode defined for component null
2026-08-27 16:08:06,919 [WARN] ModelIntegratedComponent:63 - No mode defined for component null
2026-08-27 16:08:06,919 [WARN] ModelIntegratedComponent:63 - No mode defined for component null
2026-08-27 16:08:06,919 [WARN] ModelIntegratedComponent:63 - No mode defined for component null
2026-08-27 16:08:06,919 [WARN] ModelIntegratedComponent:63 - No mode defined for component null
2026-08-27 16:08:06,919 [WARN] ModelIntegratedComponent:63 - No mode defined for component null
2026-08-27 16:08:06,919 [WARN] ModelIntegratedComponent:63 - No mode defined for component null
2026-08-27 16:08:06,919 [WARN] ModelIntegratedComponent:63 - No mode defined for component null
2026-08-27 16:08:06,919 [WARN] ModelIntegratedComponent:63 - No mode defined for component null
2026-08-27 16:08:06,919 [WARN] ModelIntegratedComponent:63 - No mode defined for component null
2026-08-27 16:08:06,919 [WARN] ModelIntegratedComponent:63 - No mode defined for component null
2026-08-27 16:08:06,919 [WARN] ModelIntegratedComponent:63 - No mode defined for component null
2026-08-27 16:08:06,919 [WARN] ModelIntegratedComponent:63 - No mode defined for component null
2026-08-27 16:08:06,919 [WARN] ModelIntegratedComponent:63 - No mode defined for component null
2026-08-27 16:08:06,919 [WARN] ModelPack:524 - Component already loaded: STMicroelectronics:HAL Drivers:0.0.0:STMicroelectronics:Device:STMicro_Driver:XSPI:HAL::0.0.1:HAL_XSPI
2026-08-27 16:08:06,942 [INFO] ThirdPartyModel:298 - Start build external matchings
2026-08-27 16:08:07,141 [INFO] ThirdPartyModel:316 - End build external matchings
2026-08-27 16:08:07,161 [WARN] IP:2250 - MaxTran not found: check if there is a RefParameter without a condition.
2026-08-27 16:08:07,161 [WARN] IP:2250 - Refresh not found: check if there is a RefParameter without a condition.
2026-08-27 16:08:07,161 [INFO] ImportTextPane:234 - (OptionalMessage_ERROR) IP (RCC) : Invalid parameter (FamilyName)
2026-08-27 16:08:07,354 [ERROR] LogOutputStream:75 - [STDERR_REDIRECT] [Fatal Error] :1:1: Premature end of file.
2026-08-27 16:08:07,354 [ERROR] LogOutputStream:75 - [STDERR_REDIRECT] 
2026-08-27 16:08:07,382 [INFO] UtilMem:75 - End LoadConfig() Used Memory: 774151192 Bytes (1073741824)
2026-08-27 16:08:07,476 [WARN] ThirdParty:833 - waiting for thirdparty lock release [change project]
2026-08-27 16:08:07,477 [INFO] ThirdParty:835 - entering critical section [change project]
2026-08-27 16:08:07,477 [INFO] ThirdParty:1030 - CMSIS Pack Vendor :STMicroelectronics X-CUBE-AZRTOS-H7 3.5.0
2026-08-27 16:08:07,477 [INFO] ThirdParty:1030 - CMSIS Pack Vendor :STMicroelectronics X-CUBE-PM33A1 1.0.0
2026-08-27 16:08:07,477 [INFO] ThirdParty:1030 - CMSIS Pack Vendor :STMicroelectronics USBPD 4.1
2026-08-27 16:08:07,477 [INFO] ThirdParty:1030 - CMSIS Pack Vendor :STMicroelectronics X-CUBE-NFC9 1.0.0
2026-08-27 16:08:07,477 [INFO] ThirdParty:1030 - CMSIS Pack Vendor :STMicroelectronics USB_HOST 2.0.0
2026-08-27 16:08:07,477 [INFO] ThirdParty:1030 - CMSIS Pack Vendor :STMicroelectronics FP-ATR-ASTRA1 2.0.3
2026-08-27 16:08:07,477 [INFO] ThirdParty:1030 - CMSIS Pack Vendor :STMicroelectronics X-CUBE-AZRTOS-F4 1.1.0
2026-08-27 16:08:07,477 [INFO] ThirdParty:1030 - CMSIS Pack Vendor :STMicroelectronics LIBJPEG 8.0.0
2026-08-27 16:08:07,477 [INFO] ThirdParty:1030 - CMSIS Pack Vendor :STMicroelectronics X-CUBE-BLE1 7.1.0
2026-08-27 16:08:07,477 [INFO] ThirdParty:1030 - CMSIS Pack Vendor :wolfSSL I-CUBE-wolfMQTT 1.19.2
2026-08-27 16:08:07,477 [INFO] ThirdParty:1030 - CMSIS Pack Vendor :STMicroelectronics USB_DEVICE 3.0.0
2026-08-27 16:08:07,477 [INFO] ThirdParty:1030 - CMSIS Pack Vendor :STMicroelectronics X-CUBE-ISPU 2.1.0
2026-08-27 16:08:07,477 [INFO] ThirdParty:1030 - CMSIS Pack Vendor :STMicroelectronics X-CUBE-EEPRMA1 5.2.0
2026-08-27 16:08:07,477 [INFO] ThirdParty:1030 - CMSIS Pack Vendor :STMicroelectronics X-CUBE-IPS 3.2.0
2026-08-27 16:08:07,477 [INFO] ThirdParty:1030 - CMSIS Pack Vendor :STMicroelectronics eDS-WB_DPC_TT-BIDIR 2.1.1
2026-08-27 16:08:07,477 [INFO] ThirdParty:1030 - CMSIS Pack Vendor :STMicroelectronics X-CUBE-AZRTOS-WB 2.0.0
2026-08-27 16:08:07,477 [INFO] ThirdParty:1030 - CMSIS Pack Vendor :STMicroelectronics X-CUBE-NFC12 1.0.0
2026-08-27 16:08:07,477 [INFO] ThirdParty:1030 - CMSIS Pack Vendor :STMicroelectronics X-CUBE-AZRTOS-F7 1.1.0
2026-08-27 16:08:07,477 [INFO] ThirdParty:1030 - CMSIS Pack Vendor :STMicroelectronics X-CUBE-AZRTOS-L5 2.0.0
2026-08-27 16:08:07,477 [INFO] ThirdParty:1030 - CMSIS Pack Vendor :STMicroelectronics USB_DEVICE 2.0.0
2026-08-27 16:08:07,477 [INFO] ThirdParty:1030 - CMSIS Pack Vendor :STMicroelectronics X-CUBE-FREERTOS 1.6.0
2026-08-27 16:08:07,477 [INFO] ThirdParty:1030 - CMSIS Pack Vendor :STMicroelectronics FP-SNS-STAIOTCFT 1.1.0
2026-08-27 16:08:07,477 [INFO] ThirdParty:1030 - CMSIS Pack Vendor :quantropi X-CUBE-qispace-sdk-base 2.1.0
2026-08-27 16:08:07,477 [INFO] ThirdParty:1030 - CMSIS Pack Vendor :STMicroelectronics X-CUBE-STSE01 2.0.0
2026-08-27 16:08:07,477 [INFO] ThirdParty:1030 - CMSIS Pack Vendor :STMicroelectronics X-CUBE-ALGOBUILD 1.5.0
2026-08-27 16:08:07,477 [INFO] ThirdParty:1030 - CMSIS Pack Vendor :STMicroelectronics FP-SNS-MOTENV1 5.1.0
2026-08-27 16:08:07,477 [INFO] ThirdParty:1030 - CMSIS Pack Vendor :STMicroelectronics FreeRTOS 0.0.1
2026-08-27 16:08:07,477 [INFO] ThirdParty:1030 - CMSIS Pack Vendor :STMicroelectronics X-CUBE-AZRTOS-H7RS 1.3.0
2026-08-27 16:08:07,477 [INFO] ThirdParty:1030 - CMSIS Pack Vendor :STMicroelectronics X-CUBE-AZRTOS-G0 1.1.0
2026-08-27 16:08:07,477 [INFO] ThirdParty:1030 - CMSIS Pack Vendor :STMicroelectronics X-CUBE-NFC4 3.0.0
2026-08-27 16:08:07,477 [INFO] ThirdParty:1030 - CMSIS Pack Vendor :STMicroelectronics X-CUBE-SUBG2 5.0.0
2026-08-27 16:08:07,477 [INFO] ThirdParty:1030 - CMSIS Pack Vendor :STMicroelectronics STM32_WPAN 1.0.0
2026-08-27 16:08:07,478 [INFO] ThirdParty:1030 - CMSIS Pack Vendor :STMicroelectronics eDS-WB_DPC_VIENNA 1.2.0
2026-08-27 16:08:07,478 [INFO] ThirdParty:1030 - CMSIS Pack Vendor :EmbeddedOffice I-CUBE-FS-RTOS 1.0.1
2026-08-27 16:08:07,478 [INFO] ThirdParty:1030 - CMSIS Pack Vendor :STMicroelectronics lwIP 2.0.3
2026-08-27 16:08:07,478 [INFO] ThirdParty:1030 - CMSIS Pack Vendor :WES I-CUBE-Cesium 1.4.0
2026-08-27 16:08:07,478 [INFO] ThirdParty:1030 - CMSIS Pack Vendor :STMicroelectronics X-CUBE-MEMS1 13.0.0
2026-08-27 16:08:07,478 [INFO] ThirdParty:1030 - CMSIS Pack Vendor :STMicroelectronics eDS-WB_DPC_3PH2L-BIDIR 1.1.1
2026-08-27 16:08:07,478 [INFO] ThirdParty:1030 - CMSIS Pack Vendor :STMicroelectronics USB_HOST 1.0.0
2026-08-27 16:08:07,478 [INFO] ThirdParty:1030 - CMSIS Pack Vendor :STMicroelectronics X-CUBE-AZRTOS-G4 2.0.0
2026-08-27 16:08:07,478 [INFO] ThirdParty:1030 - CMSIS Pack Vendor :STMicroelectronics PDM2PCM 3.1.0
2026-08-27 16:08:07,478 [INFO] ThirdParty:1030 - CMSIS Pack Vendor :STMicroelectronics PDM2PCM 3.3.0
2026-08-27 16:08:07,478 [INFO] ThirdParty:1030 - CMSIS Pack Vendor :wolfSSL I-CUBE-wolfTPM 3.8.0
2026-08-27 16:08:07,478 [INFO] ThirdParty:1030 - CMSIS Pack Vendor :STMicroelectronics X-CUBE-DISPLAY 3.0.0
2026-08-27 16:08:07,478 [INFO] ThirdParty:1030 - CMSIS Pack Vendor :wolfSSL I-CUBE-wolfSSH 1.4.20
2026-08-27 16:08:07,478 [INFO] ThirdParty:1030 - CMSIS Pack Vendor :STMicroelectronics X-CUBE-NFC7 2.0.0
2026-08-27 16:08:07,478 [INFO] ThirdParty:1030 - CMSIS Pack Vendor :STMicroelectronics X-CUBE-GNSS1 7.1.1
2026-08-27 16:08:07,478 [INFO] ThirdParty:1030 - CMSIS Pack Vendor :STMicroelectronics FP-SNS-MOTENVWB1 1.5.0
2026-08-27 16:08:07,478 [INFO] ThirdParty:1030 - CMSIS Pack Vendor :STMicroelectronics X-CUBE-TCPP 4.2.0
2026-08-27 16:08:07,478 [INFO] ThirdParty:1030 - CMSIS Pack Vendor :RealThread X-CUBE-RT-Thread_Nano 4.1.1
2026-08-27 16:08:07,478 [INFO] ThirdParty:1030 - CMSIS Pack Vendor :STMicroelectronics FP-ATR-SIGFOX1 3.2.0
2026-08-27 16:08:07,478 [INFO] ThirdParty:1030 - CMSIS Pack Vendor :STMicroelectronics X-CUBE-NFC10 1.0.0
2026-08-27 16:08:07,478 [INFO] ThirdParty:1030 - CMSIS Pack Vendor :STMicroelectronics HAL Drivers 0.0.0
2026-08-27 16:08:07,478 [INFO] ThirdParty:1030 - CMSIS Pack Vendor :STMicroelectronics MBEDTLS 2.16.2
2026-08-27 16:08:07,478 [INFO] ThirdParty:1030 - CMSIS Pack Vendor :STMicroelectronics X-CUBE-ST60 1.1.0
2026-08-27 16:08:07,478 [INFO] ThirdParty:1030 - CMSIS Pack Vendor :STMicroelectronics X-CUBE-ALS 1.0.2
2026-08-27 16:08:07,478 [INFO] ThirdParty:1030 - CMSIS Pack Vendor :emotas I-CUBE-CANOPEN 1.3.0
2026-08-27 16:08:07,478 [INFO] ThirdParty:1030 - CMSIS Pack Vendor :wolfSSL I-CUBE-wolfSSL 5.9.2
2026-08-27 16:08:07,478 [INFO] ThirdParty:1030 - CMSIS Pack Vendor :STMicroelectronics MBEDTLS 2.14.1
2026-08-27 16:08:07,478 [INFO] ThirdParty:1030 - CMSIS Pack Vendor :ITTIA_DB I-CUBE-ITTIADB 8.9.0
2026-08-27 16:08:07,478 [INFO] ThirdParty:1030 - CMSIS Pack Vendor :Cesanta I-CUBE-Mongoose 7.21.7
2026-08-27 16:08:07,478 [INFO] ThirdParty:1030 - CMSIS Pack Vendor :STMicroelectronics X-CUBE-TOUCHGFX 4.26.1
2026-08-27 16:08:07,478 [INFO] ThirdParty:1030 - CMSIS Pack Vendor :STMicroelectronics X-CUBE-NFC6 3.2.0
2026-08-27 16:08:07,478 [INFO] ThirdParty:1030 - CMSIS Pack Vendor :STMicroelectronics FP-SNS-STBOX1 2.1.0
2026-08-27 16:08:07,478 [INFO] ThirdParty:1030 - CMSIS Pack Vendor :STMicroelectronics X-CUBE-AI 10.2.1
2026-08-27 16:08:07,478 [INFO] ThirdParty:1030 - CMSIS Pack Vendor :STMicroelectronics ThreadX 1.0.0
2026-08-27 16:08:07,478 [INFO] ThirdParty:1030 - CMSIS Pack Vendor :STMicroelectronics FP-SNS-SMARTAG2 1.2.0
2026-08-27 16:08:07,478 [INFO] ThirdParty:1030 - CMSIS Pack Vendor :STMicroelectronics FP-SNS-FLIGHT1 5.1.0
2026-08-27 16:08:07,478 [INFO] ThirdParty:1030 - CMSIS Pack Vendor :STMicroelectronics X-CUBE-AZRTOS-WL 2.0.0
2026-08-27 16:08:07,478 [INFO] ThirdParty:1030 - CMSIS Pack Vendor :SEGGER I-CUBE-embOS 1.3.1
2026-08-27 16:08:07,478 [INFO] ThirdParty:1030 - CMSIS Pack Vendor :STMicroelectronics X-CUBE-DPower 1.3.0
2026-08-27 16:08:07,478 [INFO] ThirdParty:1030 - CMSIS Pack Vendor :STMicroelectronics USB_DEVICE 1.0.0
2026-08-27 16:08:07,478 [INFO] ThirdParty:1030 - CMSIS Pack Vendor :STMicroelectronics X-CUBE-AZRTOS-L4 2.0.0
2026-08-27 16:08:07,478 [INFO] ThirdParty:1030 - CMSIS Pack Vendor :STMicroelectronics ThreadX 0.0.2
2026-08-27 16:08:07,478 [INFO] ThirdParty:1030 - CMSIS Pack Vendor :STMicroelectronics lwIP 2.1.2
2026-08-27 16:08:07,478 [INFO] ThirdParty:1030 - CMSIS Pack Vendor :STMicroelectronics X-CUBE-SFXS2LP1 4.0.0
2026-08-27 16:08:07,478 [INFO] ThirdParty:1030 - CMSIS Pack Vendor :STMicroelectronics X-CUBE-BLE2 3.3.0
2026-08-27 16:08:07,478 [INFO] ThirdParty:1030 - CMSIS Pack Vendor :STMicroelectronics X-CUBE-TOF1 3.4.3
2026-08-27 16:08:07,478 [INFO] ThirdParty:1030 - CMSIS Pack Vendor :Infineon AIROC-Wi-Fi-Bluetooth-STM32 1.8.0
2026-08-27 16:08:07,478 [INFO] ThirdParty:1030 - CMSIS Pack Vendor :STMicroelectronics X-CUBE-NFC13 1.0.0
2026-08-27 16:08:07,478 [INFO] ThirdParty:1030 - CMSIS Pack Vendor :STMicroelectronics PDM2PCM 3.2.0
2026-08-27 16:08:07,478 [INFO] ThirdParty:1030 - CMSIS Pack Vendor :STMicroelectronics X-CUBE-WB05N 2.1.0
2026-08-27 16:08:07,478 [INFO] ThirdParty:841 - exiting critical section [change project]
2026-08-27 16:08:07,764 [INFO] PinOutPanel:1589 - setPackage(No Configuration,No Configuration)
2026-08-27 16:08:07,765 [INFO] PinOutPanel:1589 - setPackage(STM32L4S5VITx,LQFP100)
2026-08-27 16:08:08,181 [INFO] UtilMem:75 - Before build in PCC Used Memory: 765521808 Bytes (1073741824)
2026-08-27 16:08:08,353 [ERROR] LogOutputStream:75 - [STDERR_REDIRECT] [Fatal Error] :1:1: Premature end of file.
2026-08-27 16:08:08,354 [ERROR] LogOutputStream:75 - [STDERR_REDIRECT] 
2026-08-27 16:08:08,795 [INFO] UtilMem:75 - After build in PCC Used Memory: 902358928 Bytes (1073741824)
2026-08-27 16:08:08,815 [INFO] IPUIPlugin:80 - create IPUIPlugin
2026-08-27 16:08:08,815 [INFO] IPUIPlugin:80 - create IPUIPlugin
2026-08-27 16:08:08,815 [INFO] IPUIPlugin:80 - create IPUIPlugin
2026-08-27 16:08:08,815 [INFO] IPUIPlugin:80 - create IPUIPlugin
2026-08-27 16:08:08,815 [INFO] IPUIPlugin:80 - create IPUIPlugin
2026-08-27 16:08:08,815 [INFO] IPUIPlugin:80 - create IPUIPlugin
2026-08-27 16:08:08,816 [INFO] IPUIPlugin:80 - create IPUIPlugin
2026-08-27 16:08:08,816 [INFO] IPUIPlugin:80 - create IPUIPlugin
2026-08-27 16:08:08,816 [INFO] IPUIPlugin:80 - create IPUIPlugin
2026-08-27 16:08:08,816 [INFO] IPUIPlugin:80 - create IPUIPlugin
2026-08-27 16:08:08,816 [INFO] IPUIPlugin:80 - create IPUIPlugin
2026-08-27 16:08:08,816 [INFO] IPUIPlugin:80 - create IPUIPlugin
2026-08-27 16:08:08,816 [INFO] IPUIPlugin:80 - create IPUIPlugin
2026-08-27 16:08:08,816 [INFO] IPUIPlugin:80 - create IPUIPlugin
2026-08-27 16:08:08,816 [INFO] IPUIPlugin:80 - create IPUIPlugin
2026-08-27 16:08:08,816 [INFO] IPUIPlugin:80 - create IPUIPlugin
2026-08-27 16:08:08,816 [INFO] IPUIPlugin:80 - create IPUIPlugin
2026-08-27 16:08:08,816 [INFO] IPUIPlugin:80 - create IPUIPlugin
2026-08-27 16:08:08,816 [INFO] IPUIPlugin:80 - create IPUIPlugin
2026-08-27 16:08:08,817 [INFO] IPUIPlugin:80 - create IPUIPlugin
2026-08-27 16:08:08,817 [INFO] IPUIPlugin:80 - create IPUIPlugin
2026-08-27 16:08:08,817 [INFO] IPUIPlugin:80 - create IPUIPlugin
2026-08-27 16:08:08,817 [INFO] IPUIPlugin:80 - create IPUIPlugin
2026-08-27 16:08:08,817 [INFO] IPUIPlugin:80 - create IPUIPlugin
2026-08-27 16:08:08,817 [INFO] IPUIPlugin:80 - create IPUIPlugin
2026-08-27 16:08:08,817 [INFO] IPUIPlugin:80 - create IPUIPlugin
2026-08-27 16:08:08,817 [INFO] IPUIPlugin:80 - create IPUIPlugin
2026-08-27 16:08:08,817 [INFO] IPUIPlugin:80 - create IPUIPlugin
2026-08-27 16:08:08,818 [INFO] IPUIPlugin:80 - create IPUIPlugin
2026-08-27 16:08:08,818 [INFO] IPUIPlugin:80 - create IPUIPlugin
2026-08-27 16:08:08,818 [INFO] IPUIPlugin:80 - create IPUIPlugin
2026-08-27 16:08:08,818 [INFO] IPUIPlugin:80 - create IPUIPlugin
2026-08-27 16:08:08,818 [INFO] IPUIPlugin:80 - create IPUIPlugin
2026-08-27 16:08:08,818 [INFO] IPUIPlugin:80 - create IPUIPlugin
2026-08-27 16:08:08,818 [INFO] IPUIPlugin:80 - create IPUIPlugin
2026-08-27 16:08:08,819 [INFO] IPUIPlugin:80 - create IPUIPlugin
2026-08-27 16:08:08,819 [INFO] IPUIPlugin:80 - create IPUIPlugin
2026-08-27 16:08:08,819 [INFO] IPUIPlugin:80 - create IPUIPlugin
2026-08-27 16:08:08,819 [INFO] IPUIPlugin:80 - create IPUIPlugin
2026-08-27 16:08:08,819 [INFO] IPUIPlugin:80 - create IPUIPlugin
2026-08-27 16:08:08,819 [INFO] IPUIPlugin:80 - create IPUIPlugin
2026-08-27 16:08:08,820 [INFO] IPUIPlugin:80 - create IPUIPlugin
2026-08-27 16:08:08,820 [INFO] IPUIPlugin:80 - create IPUIPlugin
2026-08-27 16:08:08,820 [INFO] IPUIPlugin:80 - create IPUIPlugin
2026-08-27 16:08:08,820 [INFO] IPUIPlugin:80 - create IPUIPlugin
2026-08-27 16:08:08,820 [INFO] IPUIPlugin:80 - create IPUIPlugin
2026-08-27 16:08:08,820 [INFO] IPUIPlugin:80 - create IPUIPlugin
2026-08-27 16:08:08,821 [INFO] IPUIPlugin:80 - create IPUIPlugin
2026-08-27 16:08:08,821 [INFO] IPUIPlugin:80 - create IPUIPlugin
2026-08-27 16:08:08,821 [INFO] IPUIPlugin:80 - create IPUIPlugin
2026-08-27 16:08:08,821 [INFO] IPUIPlugin:80 - create IPUIPlugin
2026-08-27 16:08:08,821 [INFO] IPUIPlugin:80 - create IPUIPlugin
2026-08-27 16:08:08,821 [INFO] IPUIPlugin:80 - create IPUIPlugin
2026-08-27 16:08:08,821 [INFO] IPUIPlugin:80 - create IPUIPlugin
2026-08-27 16:08:08,822 [INFO] IPUIPlugin:80 - create IPUIPlugin
2026-08-27 16:08:08,822 [INFO] IPUIPlugin:80 - create IPUIPlugin
2026-08-27 16:08:08,822 [INFO] IPUIPlugin:80 - create IPUIPlugin
2026-08-27 16:08:08,822 [INFO] IPUIPlugin:80 - create IPUIPlugin
2026-08-27 16:08:08,822 [INFO] IPUIPlugin:80 - create IPUIPlugin
2026-08-27 16:08:08,822 [INFO] IPUIPlugin:80 - create IPUIPlugin
2026-08-27 16:08:08,823 [INFO] IPUIPlugin:80 - create IPUIPlugin
2026-08-27 16:08:08,823 [INFO] IPUIPlugin:80 - create IPUIPlugin
2026-08-27 16:08:08,823 [INFO] IPUIPlugin:80 - create IPUIPlugin
2026-08-27 16:08:09,000 [INFO] CADModel:165 - CPN selected for project levelSTM32L4S5VIT6
2026-08-27 16:08:09,000 [INFO] CADModel:114 - Register for checkConnection events
2026-08-27 16:08:09,044 [INFO] OpenFileManager:386 - Restore cursor
2026-08-27 16:08:09,292 [WARN] IP:2250 - MaxTran not found: check if there is a RefParameter without a condition.
2026-08-27 16:08:09,292 [WARN] IP:2250 - Refresh not found: check if there is a RefParameter without a condition.
2026-08-27 16:08:09,292 [WARN] IP:2250 - MaxTran not found: check if there is a RefParameter without a condition.
2026-08-27 16:08:09,292 [WARN] IP:2250 - Refresh not found: check if there is a RefParameter without a condition.
2026-08-27 16:08:09,351 [ERROR] LogOutputStream:75 - [STDERR_REDIRECT] [Fatal Error] :1:1: Premature end of file.
2026-08-27 16:08:09,352 [ERROR] LogOutputStream:75 - [STDERR_REDIRECT] 
2026-08-27 16:08:09,873 [INFO] UtilMem:75 - End SaveConfig() Used Memory: 953283280 Bytes (1073741824)
2026-08-27 16:08:10,358 [ERROR] LogOutputStream:75 - [STDERR_REDIRECT] [Fatal Error] :1:1: Premature end of file.
2026-08-27 16:08:10,359 [ERROR] LogOutputStream:75 - [STDERR_REDIRECT] 
2026-08-27 16:08:11,348 [ERROR] LogOutputStream:75 - [STDERR_REDIRECT] [Fatal Error] :1:1: Premature end of file.
2026-08-27 16:08:11,348 [ERROR] LogOutputStream:75 - [STDERR_REDIRECT] 
2026-08-27 16:08:12,348 [ERROR] LogOutputStream:75 - [STDERR_REDIRECT] [Fatal Error] :1:1: Premature end of file.
2026-08-27 16:08:12,348 [ERROR] LogOutputStream:75 - [STDERR_REDIRECT] 
2026-08-27 16:08:13,346 [ERROR] LogOutputStream:75 - [STDERR_REDIRECT] [Fatal Error] :1:1: Premature end of file.
2026-08-27 16:08:13,346 [ERROR] LogOutputStream:75 - [STDERR_REDIRECT] 
2026-08-27 16:08:14,348 [ERROR] LogOutputStream:75 - [STDERR_REDIRECT] [Fatal Error] :1:1: Premature end of file.
2026-08-27 16:08:14,348 [ERROR] LogOutputStream:75 - [STDERR_REDIRECT] 
2026-08-27 16:08:15,347 [ERROR] LogOutputStream:75 - [STDERR_REDIRECT] [Fatal Error] :1:1: Premature end of file.
2026-08-27 16:08:15,347 [ERROR] LogOutputStream:75 - [STDERR_REDIRECT] 
2026-08-27 16:08:16,348 [ERROR] LogOutputStream:75 - [STDERR_REDIRECT] [Fatal Error] :1:1: Premature end of file.
2026-08-27 16:08:16,348 [ERROR] LogOutputStream:75 - [STDERR_REDIRECT] 
2026-08-27 16:08:17,347 [ERROR] LogOutputStream:75 - [STDERR_REDIRECT] [Fatal Error] :1:1: Premature end of file.
2026-08-27 16:08:17,347 [ERROR] LogOutputStream:75 - [STDERR_REDIRECT] 
2026-08-27 16:08:17,700 [INFO] McuFinderGlobals:76 - Set McuFinderConnectedMode to true
2026-08-27 16:08:17,704 [INFO] ApiDb:448 - Save user favorites file C:\Users\student/.stm32cubeide/favorites.mcus.txt: 0 item(s)
2026-08-27 16:08:17,704 [INFO] ApiDb:452 - User favorites MCUs=[]
2026-08-27 16:08:17,706 [INFO] ApiDb:448 - Save user favorites file C:\Users\student/.stm32cubeide/favorites.boards.txt: 0 item(s)
2026-08-27 16:08:17,706 [INFO] ApiDb:452 - User favorites Boards=[]
2026-08-27 16:08:18,348 [ERROR] LogOutputStream:75 - [STDERR_REDIRECT] [Fatal Error] :1:1: Premature end of file.
2026-08-27 16:08:18,348 [ERROR] LogOutputStream:75 - [STDERR_REDIRECT] 
2026-08-27 16:08:19,348 [ERROR] LogOutputStream:75 - [STDERR_REDIRECT] [Fatal Error] :1:1: Premature end of file.
2026-08-27 16:08:19,348 [ERROR] LogOutputStream:75 - [STDERR_REDIRECT] 
2026-08-27 16:08:20,347 [ERROR] LogOutputStream:75 - [STDERR_REDIRECT] [Fatal Error] :1:1: Premature end of file.
2026-08-27 16:08:20,347 [ERROR] LogOutputStream:75 - [STDERR_REDIRECT] 
2026-08-27 16:08:21,359 [ERROR] LogOutputStream:75 - [STDERR_REDIRECT] [Fatal Error] :1:1: Premature end of file.
2026-08-27 16:08:21,360 [ERROR] LogOutputStream:75 - [STDERR_REDIRECT] 
2026-08-27 16:08:22,347 [ERROR] LogOutputStream:75 - [STDERR_REDIRECT] [Fatal Error] :1:1: Premature end of file.
2026-08-27 16:08:22,347 [ERROR] LogOutputStream:75 - [STDERR_REDIRECT] 
2026-08-27 16:08:23,346 [ERROR] LogOutputStream:75 - [STDERR_REDIRECT] [Fatal Error] :1:1: Premature end of file.
2026-08-27 16:08:23,346 [ERROR] LogOutputStream:75 - [STDERR_REDIRECT] 
2026-08-27 16:08:24,349 [ERROR] LogOutputStream:75 - [STDERR_REDIRECT] [Fatal Error] :1:1: Premature end of file.
2026-08-27 16:08:24,349 [ERROR] LogOutputStream:75 - [STDERR_REDIRECT] 
2026-08-27 16:08:25,354 [ERROR] LogOutputStream:75 - [STDERR_REDIRECT] [Fatal Error] :1:1: Premature end of file.
2026-08-27 16:08:25,354 [ERROR] LogOutputStream:75 - [STDERR_REDIRECT] 
2026-08-27 16:08:26,353 [ERROR] LogOutputStream:75 - [STDERR_REDIRECT] [Fatal Error] :1:1: Premature end of file.
2026-08-27 16:08:26,353 [ERROR] LogOutputStream:75 - [STDERR_REDIRECT] 
2026-08-27 16:08:27,348 [ERROR] LogOutputStream:75 - [STDERR_REDIRECT] [Fatal Error] :1:1: Premature end of file.
2026-08-27 16:08:27,348 [ERROR] LogOutputStream:75 - [STDERR_REDIRECT] 
2026-08-27 16:08:28,348 [ERROR] LogOutputStream:75 - [STDERR_REDIRECT] [Fatal Error] :1:1: Premature end of file.
2026-08-27 16:08:28,348 [ERROR] LogOutputStream:75 - [STDERR_REDIRECT] 
2026-08-27 16:08:29,349 [ERROR] LogOutputStream:75 - [STDERR_REDIRECT] [Fatal Error] :1:1: Premature end of file.
2026-08-27 16:08:29,349 [ERROR] LogOutputStream:75 - [STDERR_REDIRECT] 
2026-08-27 16:08:30,349 [ERROR] LogOutputStream:75 - [STDERR_REDIRECT] [Fatal Error] :1:1: Premature end of file.
2026-08-27 16:08:30,349 [ERROR] LogOutputStream:75 - [STDERR_REDIRECT] 
2026-08-27 16:08:31,349 [ERROR] LogOutputStream:75 - [STDERR_REDIRECT] [Fatal Error] :1:1: Premature end of file.
2026-08-27 16:08:31,349 [ERROR] LogOutputStream:75 - [STDERR_REDIRECT] 
2026-08-27 16:08:32,346 [ERROR] LogOutputStream:75 - [STDERR_REDIRECT] [Fatal Error] :1:1: Premature end of file.
2026-08-27 16:08:32,346 [ERROR] LogOutputStream:75 - [STDERR_REDIRECT] 
2026-08-27 16:08:33,349 [ERROR] LogOutputStream:75 - [STDERR_REDIRECT] [Fatal Error] :1:1: Premature end of file.
2026-08-27 16:08:33,349 [ERROR] LogOutputStream:75 - [STDERR_REDIRECT] 
2026-08-27 16:08:34,347 [ERROR] LogOutputStream:75 - [STDERR_REDIRECT] [Fatal Error] :1:1: Premature end of file.
2026-08-27 16:08:34,347 [ERROR] LogOutputStream:75 - [STDERR_REDIRECT] 
2026-08-27 16:08:35,349 [ERROR] LogOutputStream:75 - [STDERR_REDIRECT] [Fatal Error] :1:1: Premature end of file.
2026-08-27 16:08:35,349 [ERROR] LogOutputStream:75 - [STDERR_REDIRECT] 
2026-08-27 16:08:36,346 [ERROR] LogOutputStream:75 - [STDERR_REDIRECT] [Fatal Error] :1:1: Premature end of file.
2026-08-27 16:08:36,346 [ERROR] LogOutputStream:75 - [STDERR_REDIRECT] 
2026-08-27 16:08:37,348 [ERROR] LogOutputStream:75 - [STDERR_REDIRECT] [Fatal Error] :1:1: Premature end of file.
2026-08-27 16:08:37,348 [ERROR] LogOutputStream:75 - [STDERR_REDIRECT] 
2026-08-27 16:08:38,347 [ERROR] LogOutputStream:75 - [STDERR_REDIRECT] [Fatal Error] :1:1: Premature end of file.
2026-08-27 16:08:38,347 [ERROR] LogOutputStream:75 - [STDERR_REDIRECT] 
2026-08-27 16:08:39,349 [ERROR] LogOutputStream:75 - [STDERR_REDIRECT] [Fatal Error] :1:1: Premature end of file.
2026-08-27 16:08:39,349 [ERROR] LogOutputStream:75 - [STDERR_REDIRECT] 
2026-08-27 16:08:40,346 [ERROR] LogOutputStream:75 - [STDERR_REDIRECT] [Fatal Error] :1:1: Premature end of file.
2026-08-27 16:08:40,346 [ERROR] LogOutputStream:75 - [STDERR_REDIRECT] 
2026-08-27 16:08:41,347 [ERROR] LogOutputStream:75 - [STDERR_REDIRECT] [Fatal Error] :1:1: Premature end of file.
2026-08-27 16:08:41,347 [ERROR] LogOutputStream:75 - [STDERR_REDIRECT] 
2026-08-27 16:08:42,348 [ERROR] LogOutputStream:75 - [STDERR_REDIRECT] [Fatal Error] :1:1: Premature end of file.
2026-08-27 16:08:42,348 [ERROR] LogOutputStream:75 - [STDERR_REDIRECT] 
2026-08-27 16:08:43,347 [ERROR] LogOutputStream:75 - [STDERR_REDIRECT] [Fatal Error] :1:1: Premature end of file.
2026-08-27 16:08:43,347 [ERROR] LogOutputStream:75 - [STDERR_REDIRECT] 
2026-08-27 16:08:44,347 [ERROR] LogOutputStream:75 - [STDERR_REDIRECT] [Fatal Error] :1:1: Premature end of file.
2026-08-27 16:08:44,347 [ERROR] LogOutputStream:75 - [STDERR_REDIRECT] 
2026-08-27 16:08:45,350 [ERROR] LogOutputStream:75 - [STDERR_REDIRECT] [Fatal Error] :1:1: Premature end of file.
2026-08-27 16:08:45,350 [ERROR] LogOutputStream:75 - [STDERR_REDIRECT] 
2026-08-27 16:08:46,349 [ERROR] LogOutputStream:75 - [STDERR_REDIRECT] [Fatal Error] :1:1: Premature end of file.
2026-08-27 16:08:46,349 [ERROR] LogOutputStream:75 - [STDERR_REDIRECT] 
2026-08-27 16:08:47,348 [ERROR] LogOutputStream:75 - [STDERR_REDIRECT] [Fatal Error] :1:1: Premature end of file.
2026-08-27 16:08:47,348 [ERROR] LogOutputStream:75 - [STDERR_REDIRECT] 
2026-08-27 16:08:48,347 [ERROR] LogOutputStream:75 - [STDERR_REDIRECT] [Fatal Error] :1:1: Premature end of file.
2026-08-27 16:08:48,347 [ERROR] LogOutputStream:75 - [STDERR_REDIRECT] 
2026-08-27 16:08:49,348 [ERROR] LogOutputStream:75 - [STDERR_REDIRECT] [Fatal Error] :1:1: Premature end of file.
2026-08-27 16:08:49,348 [ERROR] LogOutputStream:75 - [STDERR_REDIRECT] 
2026-08-27 16:08:50,348 [ERROR] LogOutputStream:75 - [STDERR_REDIRECT] [Fatal Error] :1:1: Premature end of file.
2026-08-27 16:08:50,349 [ERROR] LogOutputStream:75 - [STDERR_REDIRECT] 
2026-08-27 16:08:51,348 [ERROR] LogOutputStream:75 - [STDERR_REDIRECT] [Fatal Error] :1:1: Premature end of file.
2026-08-27 16:08:51,348 [ERROR] LogOutputStream:75 - [STDERR_REDIRECT] 
2026-08-27 16:08:52,350 [ERROR] LogOutputStream:75 - [STDERR_REDIRECT] [Fatal Error] :1:1: Premature end of file.
2026-08-27 16:08:52,350 [ERROR] LogOutputStream:75 - [STDERR_REDIRECT] 
2026-08-27 16:08:53,350 [ERROR] LogOutputStream:75 - [STDERR_REDIRECT] [Fatal Error] :1:1: Premature end of file.
2026-08-27 16:08:53,350 [ERROR] LogOutputStream:75 - [STDERR_REDIRECT] 
2026-08-27 16:08:54,350 [ERROR] LogOutputStream:75 - [STDERR_REDIRECT] [Fatal Error] :1:1: Premature end of file.
2026-08-27 16:08:54,350 [ERROR] LogOutputStream:75 - [STDERR_REDIRECT] 
2026-08-27 16:08:55,351 [ERROR] LogOutputStream:75 - [STDERR_REDIRECT] [Fatal Error] :1:1: Premature end of file.
2026-08-27 16:08:55,351 [ERROR] LogOutputStream:75 - [STDERR_REDIRECT] 
2026-08-27 16:08:56,351 [ERROR] LogOutputStream:75 - [STDERR_REDIRECT] [Fatal Error] :1:1: Premature end of file.
2026-08-27 16:08:56,351 [ERROR] LogOutputStream:75 - [STDERR_REDIRECT] 
2026-08-27 16:08:57,352 [ERROR] LogOutputStream:75 - [STDERR_REDIRECT] [Fatal Error] :1:1: Premature end of file.
2026-08-27 16:08:57,352 [ERROR] LogOutputStream:75 - [STDERR_REDIRECT] 
2026-08-27 16:08:58,352 [ERROR] LogOutputStream:75 - [STDERR_REDIRECT] [Fatal Error] :1:1: Premature end of file.
2026-08-27 16:08:58,352 [ERROR] LogOutputStream:75 - [STDERR_REDIRECT] 
2026-08-27 16:08:59,353 [ERROR] LogOutputStream:75 - [STDERR_REDIRECT] [Fatal Error] :1:1: Premature end of file.
2026-08-27 16:08:59,353 [ERROR] LogOutputStream:75 - [STDERR_REDIRECT] 
2026-08-27 16:09:00,354 [ERROR] LogOutputStream:75 - [STDERR_REDIRECT] [Fatal Error] :1:1: Premature end of file.
2026-08-27 16:09:00,354 [ERROR] LogOutputStream:75 - [STDERR_REDIRECT] 
2026-08-27 16:09:01,354 [ERROR] LogOutputStream:75 - [STDERR_REDIRECT] [Fatal Error] :1:1: Premature end of file.
2026-08-27 16:09:01,354 [ERROR] LogOutputStream:75 - [STDERR_REDIRECT] 
2026-08-27 16:09:02,354 [ERROR] LogOutputStream:75 - [STDERR_REDIRECT] [Fatal Error] :1:1: Premature end of file.
2026-08-27 16:09:02,354 [ERROR] LogOutputStream:75 - [STDERR_REDIRECT] 
2026-08-27 16:09:03,357 [ERROR] LogOutputStream:75 - [STDERR_REDIRECT] [Fatal Error] :1:1: Premature end of file.
2026-08-27 16:09:03,358 [ERROR] LogOutputStream:75 - [STDERR_REDIRECT] 
2026-08-27 16:09:04,355 [ERROR] LogOutputStream:75 - [STDERR_REDIRECT] [Fatal Error] :1:1: Premature end of file.
2026-08-27 16:09:04,355 [ERROR] LogOutputStream:75 - [STDERR_REDIRECT] 
2026-08-27 16:09:05,358 [ERROR] LogOutputStream:75 - [STDERR_REDIRECT] [Fatal Error] :1:1: Premature end of file.
2026-08-27 16:09:05,358 [ERROR] LogOutputStream:75 - [STDERR_REDIRECT] 
2026-08-27 16:09:06,359 [ERROR] LogOutputStream:75 - [STDERR_REDIRECT] [Fatal Error] :1:1: Premature end of file.
2026-08-27 16:09:06,359 [ERROR] LogOutputStream:75 - [STDERR_REDIRECT] 
2026-08-27 16:09:07,350 [ERROR] LogOutputStream:75 - [STDERR_REDIRECT] [Fatal Error] :1:1: Premature end of file.
2026-08-27 16:09:07,350 [ERROR] LogOutputStream:75 - [STDERR_REDIRECT] 
2026-08-27 16:09:08,356 [ERROR] LogOutputStream:75 - [STDERR_REDIRECT] [Fatal Error] :1:1: Premature end of file.
2026-08-27 16:09:08,357 [ERROR] LogOutputStream:75 - [STDERR_REDIRECT] 
2026-08-27 16:09:09,350 [ERROR] LogOutputStream:75 - [STDERR_REDIRECT] [Fatal Error] :1:1: Premature end of file.
2026-08-27 16:09:09,350 [ERROR] LogOutputStream:75 - [STDERR_REDIRECT] 
2026-08-27 16:09:10,360 [ERROR] LogOutputStream:75 - [STDERR_REDIRECT] [Fatal Error] :1:1: Premature end of file.
2026-08-27 16:09:10,360 [ERROR] LogOutputStream:75 - [STDERR_REDIRECT] 
2026-08-27 16:09:11,353 [ERROR] LogOutputStream:75 - [STDERR_REDIRECT] [Fatal Error] :1:1: Premature end of file.
2026-08-27 16:09:11,353 [ERROR] LogOutputStream:75 - [STDERR_REDIRECT] 
2026-08-27 16:09:12,354 [ERROR] LogOutputStream:75 - [STDERR_REDIRECT] [Fatal Error] :1:1: Premature end of file.
2026-08-27 16:09:12,354 [ERROR] LogOutputStream:75 - [STDERR_REDIRECT] 
2026-08-27 16:09:13,359 [ERROR] LogOutputStream:75 - [STDERR_REDIRECT] [Fatal Error] :1:1: Premature end of file.
2026-08-27 16:09:13,359 [ERROR] LogOutputStream:75 - [STDERR_REDIRECT] 
2026-08-27 16:09:14,360 [ERROR] LogOutputStream:75 - [STDERR_REDIRECT] [Fatal Error] :1:1: Premature end of file.
2026-08-27 16:09:14,360 [ERROR] LogOutputStream:75 - [STDERR_REDIRECT] 
2026-08-27 16:09:15,356 [ERROR] LogOutputStream:75 - [STDERR_REDIRECT] [Fatal Error] :1:1: Premature end of file.
2026-08-27 16:09:15,356 [ERROR] LogOutputStream:75 - [STDERR_REDIRECT] 
2026-08-27 16:09:16,351 [ERROR] LogOutputStream:75 - [STDERR_REDIRECT] [Fatal Error] :1:1: Premature end of file.
2026-08-27 16:09:16,351 [ERROR] LogOutputStream:75 - [STDERR_REDIRECT] 
2026-08-27 16:09:17,354 [ERROR] LogOutputStream:75 - [STDERR_REDIRECT] [Fatal Error] :1:1: Premature end of file.
2026-08-27 16:09:17,354 [ERROR] LogOutputStream:75 - [STDERR_REDIRECT] 
2026-08-27 16:09:18,351 [ERROR] LogOutputStream:75 - [STDERR_REDIRECT] [Fatal Error] :1:1: Premature end of file.
2026-08-27 16:09:18,351 [ERROR] LogOutputStream:75 - [STDERR_REDIRECT] 
2026-08-27 16:09:19,349 [ERROR] LogOutputStream:75 - [STDERR_REDIRECT] [Fatal Error] :1:1: Premature end of file.
2026-08-27 16:09:19,349 [ERROR] LogOutputStream:75 - [STDERR_REDIRECT] 
2026-08-27 16:09:20,352 [ERROR] LogOutputStream:75 - [STDERR_REDIRECT] [Fatal Error] :1:1: Premature end of file.
2026-08-27 16:09:20,352 [ERROR] LogOutputStream:75 - [STDERR_REDIRECT] 
2026-08-27 16:09:21,349 [ERROR] LogOutputStream:75 - [STDERR_REDIRECT] [Fatal Error] :1:1: Premature end of file.
2026-08-27 16:09:21,349 [ERROR] LogOutputStream:75 - [STDERR_REDIRECT] 
2026-08-27 16:09:22,362 [ERROR] LogOutputStream:75 - [STDERR_REDIRECT] [Fatal Error] :1:1: Premature end of file.
2026-08-27 16:09:22,362 [ERROR] LogOutputStream:75 - [STDERR_REDIRECT] 
2026-08-27 16:09:23,349 [ERROR] LogOutputStream:75 - [STDERR_REDIRECT] [Fatal Error] :1:1: Premature end of file.
2026-08-27 16:09:23,349 [ERROR] LogOutputStream:75 - [STDERR_REDIRECT] 
2026-08-27 16:09:24,357 [ERROR] LogOutputStream:75 - [STDERR_REDIRECT] [Fatal Error] :1:1: Premature end of file.
2026-08-27 16:09:24,357 [ERROR] LogOutputStream:75 - [STDERR_REDIRECT] 
2026-08-27 16:09:25,346 [ERROR] LogOutputStream:75 - [STDERR_REDIRECT] [Fatal Error] :1:1: Premature end of file.
2026-08-27 16:09:25,346 [ERROR] LogOutputStream:75 - [STDERR_REDIRECT] 
2026-08-27 16:09:26,350 [ERROR] LogOutputStream:75 - [STDERR_REDIRECT] [Fatal Error] :1:1: Premature end of file.
2026-08-27 16:09:26,350 [ERROR] LogOutputStream:75 - [STDERR_REDIRECT] 
2026-08-27 16:09:27,357 [ERROR] LogOutputStream:75 - [STDERR_REDIRECT] [Fatal Error] :1:1: Premature end of file.
2026-08-27 16:09:27,357 [ERROR] LogOutputStream:75 - [STDERR_REDIRECT] 
2026-08-27 16:09:28,348 [ERROR] LogOutputStream:75 - [STDERR_REDIRECT] [Fatal Error] :1:1: Premature end of file.
2026-08-27 16:09:28,348 [ERROR] LogOutputStream:75 - [STDERR_REDIRECT] 
2026-08-27 16:09:29,349 [ERROR] LogOutputStream:75 - [STDERR_REDIRECT] [Fatal Error] :1:1: Premature end of file.
2026-08-27 16:09:29,349 [ERROR] LogOutputStream:75 - [STDERR_REDIRECT] 
2026-08-27 16:09:30,348 [ERROR] LogOutputStream:75 - [STDERR_REDIRECT] [Fatal Error] :1:1: Premature end of file.
2026-08-27 16:09:30,348 [ERROR] LogOutputStream:75 - [STDERR_REDIRECT] 
2026-08-27 16:09:31,350 [ERROR] LogOutputStream:75 - [STDERR_REDIRECT] [Fatal Error] :1:1: Premature end of file.
2026-08-27 16:09:31,350 [ERROR] LogOutputStream:75 - [STDERR_REDIRECT] 
2026-08-27 16:09:32,344 [ERROR] LogOutputStream:75 - [STDERR_REDIRECT] [Fatal Error] :1:1: Premature end of file.
2026-08-27 16:09:32,344 [ERROR] LogOutputStream:75 - [STDERR_REDIRECT] 
2026-08-27 16:09:33,351 [ERROR] LogOutputStream:75 - [STDERR_REDIRECT] [Fatal Error] :1:1: Premature end of file.
2026-08-27 16:09:33,351 [ERROR] LogOutputStream:75 - [STDERR_REDIRECT] 
2026-08-27 16:09:34,347 [ERROR] LogOutputStream:75 - [STDERR_REDIRECT] [Fatal Error] :1:1: Premature end of file.
2026-08-27 16:09:34,347 [ERROR] LogOutputStream:75 - [STDERR_REDIRECT] 
2026-08-27 16:09:35,357 [ERROR] LogOutputStream:75 - [STDERR_REDIRECT] [Fatal Error] :1:1: Premature end of file.
2026-08-27 16:09:35,357 [ERROR] LogOutputStream:75 - [STDERR_REDIRECT] 
2026-08-27 16:09:36,354 [ERROR] LogOutputStream:75 - [STDERR_REDIRECT] [Fatal Error] :1:1: Premature end of file.
2026-08-27 16:09:36,354 [ERROR] LogOutputStream:75 - [STDERR_REDIRECT] 
2026-08-27 16:09:37,357 [ERROR] LogOutputStream:75 - [STDERR_REDIRECT] [Fatal Error] :1:1: Premature end of file.
2026-08-27 16:09:37,357 [ERROR] LogOutputStream:75 - [STDERR_REDIRECT] 
2026-08-27 16:09:38,351 [ERROR] LogOutputStream:75 - [STDERR_REDIRECT] [Fatal Error] :1:1: Premature end of file.
2026-08-27 16:09:38,351 [ERROR] LogOutputStream:75 - [STDERR_REDIRECT] 
2026-08-27 16:09:39,355 [ERROR] LogOutputStream:75 - [STDERR_REDIRECT] [Fatal Error] :1:1: Premature end of file.
2026-08-27 16:09:39,355 [ERROR] LogOutputStream:75 - [STDERR_REDIRECT] 
2026-08-27 16:09:40,354 [ERROR] LogOutputStream:75 - [STDERR_REDIRECT] [Fatal Error] :1:1: Premature end of file.
2026-08-27 16:09:40,354 [ERROR] LogOutputStream:75 - [STDERR_REDIRECT] 
2026-08-27 16:09:41,355 [ERROR] LogOutputStream:75 - [STDERR_REDIRECT] [Fatal Error] :1:1: Premature end of file.
2026-08-27 16:09:41,355 [ERROR] LogOutputStream:75 - [STDERR_REDIRECT] 
2026-08-27 16:09:42,354 [ERROR] LogOutputStream:75 - [STDERR_REDIRECT] [Fatal Error] :1:1: Premature end of file.
2026-08-27 16:09:42,354 [ERROR] LogOutputStream:75 - [STDERR_REDIRECT] 
2026-08-27 16:09:43,352 [ERROR] LogOutputStream:75 - [STDERR_REDIRECT] [Fatal Error] :1:1: Premature end of file.
2026-08-27 16:09:43,352 [ERROR] LogOutputStream:75 - [STDERR_REDIRECT] 
2026-08-27 16:09:44,356 [ERROR] LogOutputStream:75 - [STDERR_REDIRECT] [Fatal Error] :1:1: Premature end of file.
2026-08-27 16:09:44,356 [ERROR] LogOutputStream:75 - [STDERR_REDIRECT] 
2026-08-27 16:09:45,351 [ERROR] LogOutputStream:75 - [STDERR_REDIRECT] [Fatal Error] :1:1: Premature end of file.
2026-08-27 16:09:45,351 [ERROR] LogOutputStream:75 - [STDERR_REDIRECT] 
2026-08-27 16:09:46,349 [ERROR] LogOutputStream:75 - [STDERR_REDIRECT] [Fatal Error] :1:1: Premature end of file.
2026-08-27 16:09:46,349 [ERROR] LogOutputStream:75 - [STDERR_REDIRECT] 
2026-08-27 16:09:47,343 [ERROR] LogOutputStream:75 - [STDERR_REDIRECT] [Fatal Error] :1:1: Premature end of file.
2026-08-27 16:09:47,343 [ERROR] LogOutputStream:75 - [STDERR_REDIRECT] 
2026-08-27 16:09:48,351 [ERROR] LogOutputStream:75 - [STDERR_REDIRECT] [Fatal Error] :1:1: Premature end of file.
2026-08-27 16:09:48,351 [ERROR] LogOutputStream:75 - [STDERR_REDIRECT] 
2026-08-27 16:09:49,344 [ERROR] LogOutputStream:75 - [STDERR_REDIRECT] [Fatal Error] :1:1: Premature end of file.
2026-08-27 16:09:49,344 [ERROR] LogOutputStream:75 - [STDERR_REDIRECT] 
2026-08-27 16:09:50,341 [ERROR] LogOutputStream:75 - [STDERR_REDIRECT] [Fatal Error] :1:1: Premature end of file.
2026-08-27 16:09:50,341 [ERROR] LogOutputStream:75 - [STDERR_REDIRECT] 
2026-08-27 16:09:51,345 [ERROR] LogOutputStream:75 - [STDERR_REDIRECT] [Fatal Error] :1:1: Premature end of file.
2026-08-27 16:09:51,345 [ERROR] LogOutputStream:75 - [STDERR_REDIRECT] 
2026-08-27 16:09:52,342 [ERROR] LogOutputStream:75 - [STDERR_REDIRECT] [Fatal Error] :1:1: Premature end of file.
2026-08-27 16:09:52,342 [ERROR] LogOutputStream:75 - [STDERR_REDIRECT] 
2026-08-27 16:09:53,352 [ERROR] LogOutputStream:75 - [STDERR_REDIRECT] [Fatal Error] :1:1: Premature end of file.
2026-08-27 16:09:53,352 [ERROR] LogOutputStream:75 - [STDERR_REDIRECT] 
2026-08-27 16:09:54,356 [ERROR] LogOutputStream:75 - [STDERR_REDIRECT] [Fatal Error] :1:1: Premature end of file.
2026-08-27 16:09:54,356 [ERROR] LogOutputStream:75 - [STDERR_REDIRECT] 
2026-08-27 16:09:55,349 [ERROR] LogOutputStream:75 - [STDERR_REDIRECT] [Fatal Error] :1:1: Premature end of file.
2026-08-27 16:09:55,349 [ERROR] LogOutputStream:75 - [STDERR_REDIRECT] 
2026-08-27 16:09:56,349 [ERROR] LogOutputStream:75 - [STDERR_REDIRECT] [Fatal Error] :1:1: Premature end of file.
2026-08-27 16:09:56,349 [ERROR] LogOutputStream:75 - [STDERR_REDIRECT] 
2026-08-27 16:09:57,353 [ERROR] LogOutputStream:75 - [STDERR_REDIRECT] [Fatal Error] :1:1: Premature end of file.
2026-08-27 16:09:57,353 [ERROR] LogOutputStream:75 - [STDERR_REDIRECT] 
2026-08-27 16:09:58,341 [ERROR] LogOutputStream:75 - [STDERR_REDIRECT] [Fatal Error] :1:1: Premature end of file.
2026-08-27 16:09:58,341 [ERROR] LogOutputStream:75 - [STDERR_REDIRECT] 
2026-08-27 16:09:59,352 [ERROR] LogOutputStream:75 - [STDERR_REDIRECT] [Fatal Error] :1:1: Premature end of file.
2026-08-27 16:09:59,352 [ERROR] LogOutputStream:75 - [STDERR_REDIRECT] 
2026-08-27 16:10:00,348 [ERROR] LogOutputStream:75 - [STDERR_REDIRECT] [Fatal Error] :1:1: Premature end of file.
2026-08-27 16:10:00,348 [ERROR] LogOutputStream:75 - [STDERR_REDIRECT] 
2026-08-27 16:10:01,349 [ERROR] LogOutputStream:75 - [STDERR_REDIRECT] [Fatal Error] :1:1: Premature end of file.
2026-08-27 16:10:01,349 [ERROR] LogOutputStream:75 - [STDERR_REDIRECT] 
2026-08-27 16:10:02,352 [ERROR] LogOutputStream:75 - [STDERR_REDIRECT] [Fatal Error] :1:1: Premature end of file.
2026-08-27 16:10:02,352 [ERROR] LogOutputStream:75 - [STDERR_REDIRECT] 
2026-08-27 16:10:03,360 [ERROR] LogOutputStream:75 - [STDERR_REDIRECT] [Fatal Error] :1:1: Premature end of file.
2026-08-27 16:10:03,360 [ERROR] LogOutputStream:75 - [STDERR_REDIRECT] 
2026-08-27 16:10:04,352 [ERROR] LogOutputStream:75 - [STDERR_REDIRECT] [Fatal Error] :1:1: Premature end of file.
2026-08-27 16:10:04,352 [ERROR] LogOutputStream:75 - [STDERR_REDIRECT] 
2026-08-27 16:10:05,351 [ERROR] LogOutputStream:75 - [STDERR_REDIRECT] [Fatal Error] :1:1: Premature end of file.
2026-08-27 16:10:05,351 [ERROR] LogOutputStream:75 - [STDERR_REDIRECT] 
2026-08-27 16:10:06,354 [ERROR] LogOutputStream:75 - [STDERR_REDIRECT] [Fatal Error] :1:1: Premature end of file.
2026-08-27 16:10:06,354 [ERROR] LogOutputStream:75 - [STDERR_REDIRECT] 
2026-08-27 16:10:07,347 [ERROR] LogOutputStream:75 - [STDERR_REDIRECT] [Fatal Error] :1:1: Premature end of file.
2026-08-27 16:10:07,347 [ERROR] LogOutputStream:75 - [STDERR_REDIRECT] 
2026-08-27 16:10:08,362 [ERROR] LogOutputStream:75 - [STDERR_REDIRECT] [Fatal Error] :1:1: Premature end of file.
2026-08-27 16:10:08,362 [ERROR] LogOutputStream:75 - [STDERR_REDIRECT] 
2026-08-27 16:10:09,355 [ERROR] LogOutputStream:75 - [STDERR_REDIRECT] [Fatal Error] :1:1: Premature end of file.
2026-08-27 16:10:09,355 [ERROR] LogOutputStream:75 - [STDERR_REDIRECT] 
2026-08-27 16:10:10,354 [ERROR] LogOutputStream:75 - [STDERR_REDIRECT] [Fatal Error] :1:1: Premature end of file.
2026-08-27 16:10:10,354 [ERROR] LogOutputStream:75 - [STDERR_REDIRECT] 
2026-08-27 16:10:11,346 [ERROR] LogOutputStream:75 - [STDERR_REDIRECT] [Fatal Error] :1:1: Premature end of file.
2026-08-27 16:10:11,346 [ERROR] LogOutputStream:75 - [STDERR_REDIRECT] 
2026-08-27 16:10:12,353 [ERROR] LogOutputStream:75 - [STDERR_REDIRECT] [Fatal Error] :1:1: Premature end of file.
2026-08-27 16:10:12,353 [ERROR] LogOutputStream:75 - [STDERR_REDIRECT] 
2026-08-27 16:10:13,348 [ERROR] LogOutputStream:75 - [STDERR_REDIRECT] [Fatal Error] :1:1: Premature end of file.
2026-08-27 16:10:13,348 [ERROR] LogOutputStream:75 - [STDERR_REDIRECT] 
2026-08-27 16:10:14,350 [ERROR] LogOutputStream:75 - [STDERR_REDIRECT] [Fatal Error] :1:1: Premature end of file.
2026-08-27 16:10:14,350 [ERROR] LogOutputStream:75 - [STDERR_REDIRECT] 
2026-08-27 16:10:15,345 [ERROR] LogOutputStream:75 - [STDERR_REDIRECT] [Fatal Error] :1:1: Premature end of file.
2026-08-27 16:10:15,345 [ERROR] LogOutputStream:75 - [STDERR_REDIRECT] 
2026-08-27 16:10:16,348 [ERROR] LogOutputStream:75 - [STDERR_REDIRECT] [Fatal Error] :1:1: Premature end of file.
2026-08-27 16:10:16,348 [ERROR] LogOutputStream:75 - [STDERR_REDIRECT] 
2026-08-27 16:10:17,341 [ERROR] LogOutputStream:75 - [STDERR_REDIRECT] [Fatal Error] :1:1: Premature end of file.
2026-08-27 16:10:17,341 [ERROR] LogOutputStream:75 - [STDERR_REDIRECT] 
2026-08-27 16:10:18,349 [ERROR] LogOutputStream:75 - [STDERR_REDIRECT] [Fatal Error] :1:1: Premature end of file.
2026-08-27 16:10:18,349 [ERROR] LogOutputStream:75 - [STDERR_REDIRECT] 
2026-08-27 16:10:19,352 [ERROR] LogOutputStream:75 - [STDERR_REDIRECT] [Fatal Error] :1:1: Premature end of file.
2026-08-27 16:10:19,352 [ERROR] LogOutputStream:75 - [STDERR_REDIRECT] 
2026-08-27 16:10:20,360 [ERROR] LogOutputStream:75 - [STDERR_REDIRECT] [Fatal Error] :1:1: Premature end of file.
2026-08-27 16:10:20,360 [ERROR] LogOutputStream:75 - [STDERR_REDIRECT] 
2026-08-27 16:10:21,351 [ERROR] LogOutputStream:75 - [STDERR_REDIRECT] [Fatal Error] :1:1: Premature end of file.
2026-08-27 16:10:21,351 [ERROR] LogOutputStream:75 - [STDERR_REDIRECT] 
2026-08-27 16:10:22,363 [ERROR] LogOutputStream:75 - [STDERR_REDIRECT] [Fatal Error] :1:1: Premature end of file.
2026-08-27 16:10:22,363 [ERROR] LogOutputStream:75 - [STDERR_REDIRECT] 
2026-08-27 16:10:23,341 [ERROR] LogOutputStream:75 - [STDERR_REDIRECT] [Fatal Error] :1:1: Premature end of file.
2026-08-27 16:10:23,341 [ERROR] LogOutputStream:75 - [STDERR_REDIRECT] 
2026-08-27 16:10:24,352 [ERROR] LogOutputStream:75 - [STDERR_REDIRECT] [Fatal Error] :1:1: Premature end of file.
2026-08-27 16:10:24,352 [ERROR] LogOutputStream:75 - [STDERR_REDIRECT] 
2026-08-27 16:10:25,360 [ERROR] LogOutputStream:75 - [STDERR_REDIRECT] [Fatal Error] :1:1: Premature end of file.
2026-08-27 16:10:25,360 [ERROR] LogOutputStream:75 - [STDERR_REDIRECT] 
2026-08-27 16:10:26,348 [ERROR] LogOutputStream:75 - [STDERR_REDIRECT] [Fatal Error] :1:1: Premature end of file.
2026-08-27 16:10:26,348 [ERROR] LogOutputStream:75 - [STDERR_REDIRECT] 
2026-08-27 16:10:27,354 [ERROR] LogOutputStream:75 - [STDERR_REDIRECT] [Fatal Error] :1:1: Premature end of file.
2026-08-27 16:10:27,354 [ERROR] LogOutputStream:75 - [STDERR_REDIRECT] 
2026-08-27 16:10:28,348 [ERROR] LogOutputStream:75 - [STDERR_REDIRECT] [Fatal Error] :1:1: Premature end of file.
2026-08-27 16:10:28,348 [ERROR] LogOutputStream:75 - [STDERR_REDIRECT] 
2026-08-27 16:10:29,359 [ERROR] LogOutputStream:75 - [STDERR_REDIRECT] [Fatal Error] :1:1: Premature end of file.
2026-08-27 16:10:29,359 [ERROR] LogOutputStream:75 - [STDERR_REDIRECT] 
2026-08-27 16:10:30,350 [ERROR] LogOutputStream:75 - [STDERR_REDIRECT] [Fatal Error] :1:1: Premature end of file.
2026-08-27 16:10:30,350 [ERROR] LogOutputStream:75 - [STDERR_REDIRECT] 
2026-08-27 16:10:31,344 [ERROR] LogOutputStream:75 - [STDERR_REDIRECT] [Fatal Error] :1:1: Premature end of file.
2026-08-27 16:10:31,344 [ERROR] LogOutputStream:75 - [STDERR_REDIRECT] 
2026-08-27 16:10:32,354 [ERROR] LogOutputStream:75 - [STDERR_REDIRECT] [Fatal Error] :1:1: Premature end of file.
2026-08-27 16:10:32,354 [ERROR] LogOutputStream:75 - [STDERR_REDIRECT] 
2026-08-27 16:10:33,357 [ERROR] LogOutputStream:75 - [STDERR_REDIRECT] [Fatal Error] :1:1: Premature end of file.
2026-08-27 16:10:33,357 [ERROR] LogOutputStream:75 - [STDERR_REDIRECT] 
2026-08-27 16:10:34,343 [ERROR] LogOutputStream:75 - [STDERR_REDIRECT] [Fatal Error] :1:1: Premature end of file.
2026-08-27 16:10:34,343 [ERROR] LogOutputStream:75 - [STDERR_REDIRECT] 
2026-08-27 16:10:35,352 [ERROR] LogOutputStream:75 - [STDERR_REDIRECT] [Fatal Error] :1:1: Premature end of file.
2026-08-27 16:10:35,352 [ERROR] LogOutputStream:75 - [STDERR_REDIRECT] 
2026-08-27 16:10:36,347 [ERROR] LogOutputStream:75 - [STDERR_REDIRECT] [Fatal Error] :1:1: Premature end of file.
2026-08-27 16:10:36,347 [ERROR] LogOutputStream:75 - [STDERR_REDIRECT] 
2026-08-27 16:10:37,353 [ERROR] LogOutputStream:75 - [STDERR_REDIRECT] [Fatal Error] :1:1: Premature end of file.
2026-08-27 16:10:37,353 [ERROR] LogOutputStream:75 - [STDERR_REDIRECT] 
2026-08-27 16:10:38,345 [ERROR] LogOutputStream:75 - [STDERR_REDIRECT] [Fatal Error] :1:1: Premature end of file.
2026-08-27 16:10:38,345 [ERROR] LogOutputStream:75 - [STDERR_REDIRECT] 
2026-08-27 16:10:39,355 [ERROR] LogOutputStream:75 - [STDERR_REDIRECT] [Fatal Error] :1:1: Premature end of file.
2026-08-27 16:10:39,355 [ERROR] LogOutputStream:75 - [STDERR_REDIRECT] 
2026-08-27 16:10:40,348 [ERROR] LogOutputStream:75 - [STDERR_REDIRECT] [Fatal Error] :1:1: Premature end of file.
2026-08-27 16:10:40,348 [ERROR] LogOutputStream:75 - [STDERR_REDIRECT] 
2026-08-27 16:10:41,342 [ERROR] LogOutputStream:75 - [STDERR_REDIRECT] [Fatal Error] :1:1: Premature end of file.
2026-08-27 16:10:41,342 [ERROR] LogOutputStream:75 - [STDERR_REDIRECT] 
2026-08-27 16:10:42,351 [ERROR] LogOutputStream:75 - [STDERR_REDIRECT] [Fatal Error] :1:1: Premature end of file.
2026-08-27 16:10:42,351 [ERROR] LogOutputStream:75 - [STDERR_REDIRECT] 
2026-08-27 16:10:43,344 [ERROR] LogOutputStream:75 - [STDERR_REDIRECT] [Fatal Error] :1:1: Premature end of file.
2026-08-27 16:10:43,344 [ERROR] LogOutputStream:75 - [STDERR_REDIRECT] 
2026-08-27 16:10:44,351 [ERROR] LogOutputStream:75 - [STDERR_REDIRECT] [Fatal Error] :1:1: Premature end of file.
2026-08-27 16:10:44,351 [ERROR] LogOutputStream:75 - [STDERR_REDIRECT] 
2026-08-27 16:10:45,344 [ERROR] LogOutputStream:75 - [STDERR_REDIRECT] [Fatal Error] :1:1: Premature end of file.
2026-08-27 16:10:45,344 [ERROR] LogOutputStream:75 - [STDERR_REDIRECT] 
2026-08-27 16:10:46,351 [ERROR] LogOutputStream:75 - [STDERR_REDIRECT] [Fatal Error] :1:1: Premature end of file.
2026-08-27 16:10:46,351 [ERROR] LogOutputStream:75 - [STDERR_REDIRECT] 
2026-08-27 16:10:47,342 [ERROR] LogOutputStream:75 - [STDERR_REDIRECT] [Fatal Error] :1:1: Premature end of file.
2026-08-27 16:10:47,342 [ERROR] LogOutputStream:75 - [STDERR_REDIRECT] 
2026-08-27 16:10:48,351 [ERROR] LogOutputStream:75 - [STDERR_REDIRECT] [Fatal Error] :1:1: Premature end of file.
2026-08-27 16:10:48,351 [ERROR] LogOutputStream:75 - [STDERR_REDIRECT] 
2026-08-27 16:10:49,343 [ERROR] LogOutputStream:75 - [STDERR_REDIRECT] [Fatal Error] :1:1: Premature end of file.
2026-08-27 16:10:49,343 [ERROR] LogOutputStream:75 - [STDERR_REDIRECT] 
2026-08-27 16:10:50,356 [ERROR] LogOutputStream:75 - [STDERR_REDIRECT] [Fatal Error] :1:1: Premature end of file.
2026-08-27 16:10:50,356 [ERROR] LogOutputStream:75 - [STDERR_REDIRECT] 
2026-08-27 16:10:51,349 [ERROR] LogOutputStream:75 - [STDERR_REDIRECT] [Fatal Error] :1:1: Premature end of file.
2026-08-27 16:10:51,349 [ERROR] LogOutputStream:75 - [STDERR_REDIRECT] 
2026-08-27 16:10:52,342 [ERROR] LogOutputStream:75 - [STDERR_REDIRECT] [Fatal Error] :1:1: Premature end of file.
2026-08-27 16:10:52,342 [ERROR] LogOutputStream:75 - [STDERR_REDIRECT] 
2026-08-27 16:10:53,361 [ERROR] LogOutputStream:75 - [STDERR_REDIRECT] [Fatal Error] :1:1: Premature end of file.
2026-08-27 16:10:53,361 [ERROR] LogOutputStream:75 - [STDERR_REDIRECT] 
2026-08-27 16:10:54,348 [ERROR] LogOutputStream:75 - [STDERR_REDIRECT] [Fatal Error] :1:1: Premature end of file.
2026-08-27 16:10:54,348 [ERROR] LogOutputStream:75 - [STDERR_REDIRECT] 
2026-08-27 16:10:55,342 [ERROR] LogOutputStream:75 - [STDERR_REDIRECT] [Fatal Error] :1:1: Premature end of file.
2026-08-27 16:10:55,342 [ERROR] LogOutputStream:75 - [STDERR_REDIRECT] 
2026-08-27 16:10:56,349 [ERROR] LogOutputStream:75 - [STDERR_REDIRECT] [Fatal Error] :1:1: Premature end of file.
2026-08-27 16:10:56,349 [ERROR] LogOutputStream:75 - [STDERR_REDIRECT] 
2026-08-27 16:10:57,342 [ERROR] LogOutputStream:75 - [STDERR_REDIRECT] [Fatal Error] :1:1: Premature end of file.
2026-08-27 16:10:57,342 [ERROR] LogOutputStream:75 - [STDERR_REDIRECT] 
2026-08-27 16:10:58,349 [ERROR] LogOutputStream:75 - [STDERR_REDIRECT] [Fatal Error] :1:1: Premature end of file.
2026-08-27 16:10:58,349 [ERROR] LogOutputStream:75 - [STDERR_REDIRECT] 
2026-08-27 16:10:59,354 [ERROR] LogOutputStream:75 - [STDERR_REDIRECT] [Fatal Error] :1:1: Premature end of file.
2026-08-27 16:10:59,354 [ERROR] LogOutputStream:75 - [STDERR_REDIRECT] 
2026-08-27 16:11:00,348 [ERROR] LogOutputStream:75 - [STDERR_REDIRECT] [Fatal Error] :1:1: Premature end of file.
2026-08-27 16:11:00,348 [ERROR] LogOutputStream:75 - [STDERR_REDIRECT] 
2026-08-27 16:11:01,351 [ERROR] LogOutputStream:75 - [STDERR_REDIRECT] [Fatal Error] :1:1: Premature end of file.
2026-08-27 16:11:01,351 [ERROR] LogOutputStream:75 - [STDERR_REDIRECT] 
2026-08-27 16:11:02,362 [ERROR] LogOutputStream:75 - [STDERR_REDIRECT] [Fatal Error] :1:1: Premature end of file.
2026-08-27 16:11:02,362 [ERROR] LogOutputStream:75 - [STDERR_REDIRECT] 
2026-08-27 16:11:03,344 [ERROR] LogOutputStream:75 - [STDERR_REDIRECT] [Fatal Error] :1:1: Premature end of file.
2026-08-27 16:11:03,344 [ERROR] LogOutputStream:75 - [STDERR_REDIRECT] 
2026-08-27 16:11:04,342 [ERROR] LogOutputStream:75 - [STDERR_REDIRECT] [Fatal Error] :1:1: Premature end of file.
2026-08-27 16:11:04,342 [ERROR] LogOutputStream:75 - [STDERR_REDIRECT] 
2026-08-27 16:11:05,342 [ERROR] LogOutputStream:75 - [STDERR_REDIRECT] [Fatal Error] :1:1: Premature end of file.
2026-08-27 16:11:05,342 [ERROR] LogOutputStream:75 - [STDERR_REDIRECT] 
2026-08-27 16:11:06,349 [ERROR] LogOutputStream:75 - [STDERR_REDIRECT] [Fatal Error] :1:1: Premature end of file.
2026-08-27 16:11:06,349 [ERROR] LogOutputStream:75 - [STDERR_REDIRECT] 
2026-08-27 16:11:07,355 [ERROR] LogOutputStream:75 - [STDERR_REDIRECT] [Fatal Error] :1:1: Premature end of file.
2026-08-27 16:11:07,355 [ERROR] LogOutputStream:75 - [STDERR_REDIRECT] 
2026-08-27 16:11:08,356 [ERROR] LogOutputStream:75 - [STDERR_REDIRECT] [Fatal Error] :1:1: Premature end of file.
2026-08-27 16:11:08,356 [ERROR] LogOutputStream:75 - [STDERR_REDIRECT] 
2026-08-27 16:11:09,351 [ERROR] LogOutputStream:75 - [STDERR_REDIRECT] [Fatal Error] :1:1: Premature end of file.
2026-08-27 16:11:09,351 [ERROR] LogOutputStream:75 - [STDERR_REDIRECT] 
2026-08-27 16:11:10,355 [ERROR] LogOutputStream:75 - [STDERR_REDIRECT] [Fatal Error] :1:1: Premature end of file.
2026-08-27 16:11:10,355 [ERROR] LogOutputStream:75 - [STDERR_REDIRECT] 
2026-08-27 16:11:11,348 [ERROR] LogOutputStream:75 - [STDERR_REDIRECT] [Fatal Error] :1:1: Premature end of file.
2026-08-27 16:11:11,348 [ERROR] LogOutputStream:75 - [STDERR_REDIRECT] 
2026-08-27 16:11:12,349 [ERROR] LogOutputStream:75 - [STDERR_REDIRECT] [Fatal Error] :1:1: Premature end of file.
2026-08-27 16:11:12,349 [ERROR] LogOutputStream:75 - [STDERR_REDIRECT] 
2026-08-27 16:11:13,353 [ERROR] LogOutputStream:75 - [STDERR_REDIRECT] [Fatal Error] :1:1: Premature end of file.
2026-08-27 16:11:13,353 [ERROR] LogOutputStream:75 - [STDERR_REDIRECT] 
2026-08-27 16:11:14,362 [ERROR] LogOutputStream:75 - [STDERR_REDIRECT] [Fatal Error] :1:1: Premature end of file.
2026-08-27 16:11:14,362 [ERROR] LogOutputStream:75 - [STDERR_REDIRECT] 
2026-08-27 16:11:15,354 [ERROR] LogOutputStream:75 - [STDERR_REDIRECT] [Fatal Error] :1:1: Premature end of file.
2026-08-27 16:11:15,354 [ERROR] LogOutputStream:75 - [STDERR_REDIRECT] 
2026-08-27 16:11:16,343 [ERROR] LogOutputStream:75 - [STDERR_REDIRECT] [Fatal Error] :1:1: Premature end of file.
2026-08-27 16:11:16,343 [ERROR] LogOutputStream:75 - [STDERR_REDIRECT] 
2026-08-27 16:11:17,352 [ERROR] LogOutputStream:75 - [STDERR_REDIRECT] [Fatal Error] :1:1: Premature end of file.
2026-08-27 16:11:17,352 [ERROR] LogOutputStream:75 - [STDERR_REDIRECT] 
2026-08-27 16:11:18,356 [ERROR] LogOutputStream:75 - [STDERR_REDIRECT] [Fatal Error] :1:1: Premature end of file.
2026-08-27 16:11:18,356 [ERROR] LogOutputStream:75 - [STDERR_REDIRECT] 
2026-08-27 16:11:19,344 [ERROR] LogOutputStream:75 - [STDERR_REDIRECT] [Fatal Error] :1:1: Premature end of file.
2026-08-27 16:11:19,344 [ERROR] LogOutputStream:75 - [STDERR_REDIRECT] 
2026-08-27 16:11:20,360 [ERROR] LogOutputStream:75 - [STDERR_REDIRECT] [Fatal Error] :1:1: Premature end of file.
2026-08-27 16:11:20,360 [ERROR] LogOutputStream:75 - [STDERR_REDIRECT] 
2026-08-27 16:11:21,345 [ERROR] LogOutputStream:75 - [STDERR_REDIRECT] [Fatal Error] :1:1: Premature end of file.
2026-08-27 16:11:21,345 [ERROR] LogOutputStream:75 - [STDERR_REDIRECT] 
2026-08-27 16:11:22,354 [ERROR] LogOutputStream:75 - [STDERR_REDIRECT] [Fatal Error] :1:1: Premature end of file.
2026-08-27 16:11:22,354 [ERROR] LogOutputStream:75 - [STDERR_REDIRECT] 
2026-08-27 16:11:23,348 [ERROR] LogOutputStream:75 - [STDERR_REDIRECT] [Fatal Error] :1:1: Premature end of file.
2026-08-27 16:11:23,348 [ERROR] LogOutputStream:75 - [STDERR_REDIRECT] 
2026-08-27 16:11:24,354 [ERROR] LogOutputStream:75 - [STDERR_REDIRECT] [Fatal Error] :1:1: Premature end of file.
2026-08-27 16:11:24,354 [ERROR] LogOutputStream:75 - [STDERR_REDIRECT] 
2026-08-27 16:11:25,356 [ERROR] LogOutputStream:75 - [STDERR_REDIRECT] [Fatal Error] :1:1: Premature end of file.
2026-08-27 16:11:25,356 [ERROR] LogOutputStream:75 - [STDERR_REDIRECT] 
2026-08-27 16:11:26,344 [ERROR] LogOutputStream:75 - [STDERR_REDIRECT] [Fatal Error] :1:1: Premature end of file.
2026-08-27 16:11:26,344 [ERROR] LogOutputStream:75 - [STDERR_REDIRECT] 
2026-08-27 16:11:27,348 [ERROR] LogOutputStream:75 - [STDERR_REDIRECT] [Fatal Error] :1:1: Premature end of file.
2026-08-27 16:11:27,348 [ERROR] LogOutputStream:75 - [STDERR_REDIRECT] 
2026-08-27 16:11:28,352 [ERROR] LogOutputStream:75 - [STDERR_REDIRECT] [Fatal Error] :1:1: Premature end of file.
2026-08-27 16:11:28,352 [ERROR] LogOutputStream:75 - [STDERR_REDIRECT] 
2026-08-27 16:11:29,345 [ERROR] LogOutputStream:75 - [STDERR_REDIRECT] [Fatal Error] :1:1: Premature end of file.
2026-08-27 16:11:29,345 [ERROR] LogOutputStream:75 - [STDERR_REDIRECT] 
2026-08-27 16:11:30,353 [ERROR] LogOutputStream:75 - [STDERR_REDIRECT] [Fatal Error] :1:1: Premature end of file.
2026-08-27 16:11:30,353 [ERROR] LogOutputStream:75 - [STDERR_REDIRECT] 
2026-08-27 16:11:31,345 [ERROR] LogOutputStream:75 - [STDERR_REDIRECT] [Fatal Error] :1:1: Premature end of file.
2026-08-27 16:11:31,345 [ERROR] LogOutputStream:75 - [STDERR_REDIRECT] 
2026-08-27 16:11:32,351 [ERROR] LogOutputStream:75 - [STDERR_REDIRECT] [Fatal Error] :1:1: Premature end of file.
2026-08-27 16:11:32,351 [ERROR] LogOutputStream:75 - [STDERR_REDIRECT] 
2026-08-27 16:11:33,365 [ERROR] LogOutputStream:75 - [STDERR_REDIRECT] [Fatal Error] :1:1: Premature end of file.
2026-08-27 16:11:33,365 [ERROR] LogOutputStream:75 - [STDERR_REDIRECT] 
2026-08-27 16:11:34,344 [ERROR] LogOutputStream:75 - [STDERR_REDIRECT] [Fatal Error] :1:1: Premature end of file.
2026-08-27 16:11:34,344 [ERROR] LogOutputStream:75 - [STDERR_REDIRECT] 
2026-08-27 16:11:35,355 [ERROR] LogOutputStream:75 - [STDERR_REDIRECT] [Fatal Error] :1:1: Premature end of file.
2026-08-27 16:11:35,355 [ERROR] LogOutputStream:75 - [STDERR_REDIRECT] 
2026-08-27 16:11:36,353 [ERROR] LogOutputStream:75 - [STDERR_REDIRECT] [Fatal Error] :1:1: Premature end of file.
2026-08-27 16:11:36,353 [ERROR] LogOutputStream:75 - [STDERR_REDIRECT] 
2026-08-27 16:11:37,357 [ERROR] LogOutputStream:75 - [STDERR_REDIRECT] [Fatal Error] :1:1: Premature end of file.
2026-08-27 16:11:37,357 [ERROR] LogOutputStream:75 - [STDERR_REDIRECT] 
2026-08-27 16:11:38,342 [ERROR] LogOutputStream:75 - [STDERR_REDIRECT] [Fatal Error] :1:1: Premature end of file.
2026-08-27 16:11:38,342 [ERROR] LogOutputStream:75 - [STDERR_REDIRECT] 
2026-08-27 16:11:39,344 [ERROR] LogOutputStream:75 - [STDERR_REDIRECT] [Fatal Error] :1:1: Premature end of file.
2026-08-27 16:11:39,344 [ERROR] LogOutputStream:75 - [STDERR_REDIRECT] 
2026-08-27 16:11:40,349 [ERROR] LogOutputStream:75 - [STDERR_REDIRECT] [Fatal Error] :1:1: Premature end of file.
2026-08-27 16:11:40,349 [ERROR] LogOutputStream:75 - [STDERR_REDIRECT] 
2026-08-27 16:11:41,364 [ERROR] LogOutputStream:75 - [STDERR_REDIRECT] [Fatal Error] :1:1: Premature end of file.
2026-08-27 16:11:41,364 [ERROR] LogOutputStream:75 - [STDERR_REDIRECT] 
2026-08-27 16:11:42,348 [ERROR] LogOutputStream:75 - [STDERR_REDIRECT] [Fatal Error] :1:1: Premature end of file.
2026-08-27 16:11:42,348 [ERROR] LogOutputStream:75 - [STDERR_REDIRECT] 
2026-08-27 16:11:43,348 [ERROR] LogOutputStream:75 - [STDERR_REDIRECT] [Fatal Error] :1:1: Premature end of file.
2026-08-27 16:11:43,348 [ERROR] LogOutputStream:75 - [STDERR_REDIRECT] 
2026-08-27 16:11:44,352 [ERROR] LogOutputStream:75 - [STDERR_REDIRECT] [Fatal Error] :1:1: Premature end of file.
2026-08-27 16:11:44,352 [ERROR] LogOutputStream:75 - [STDERR_REDIRECT] 
2026-08-27 16:11:45,349 [ERROR] LogOutputStream:75 - [STDERR_REDIRECT] [Fatal Error] :1:1: Premature end of file.
2026-08-27 16:11:45,349 [ERROR] LogOutputStream:75 - [STDERR_REDIRECT] 
2026-08-27 16:11:46,350 [ERROR] LogOutputStream:75 - [STDERR_REDIRECT] [Fatal Error] :1:1: Premature end of file.
2026-08-27 16:11:46,350 [ERROR] LogOutputStream:75 - [STDERR_REDIRECT] 
2026-08-27 16:11:47,356 [ERROR] LogOutputStream:75 - [STDERR_REDIRECT] [Fatal Error] :1:1: Premature end of file.
2026-08-27 16:11:47,356 [ERROR] LogOutputStream:75 - [STDERR_REDIRECT] 
2026-08-27 16:11:48,351 [ERROR] LogOutputStream:75 - [STDERR_REDIRECT] [Fatal Error] :1:1: Premature end of file.
2026-08-27 16:11:48,351 [ERROR] LogOutputStream:75 - [STDERR_REDIRECT] 
2026-08-27 16:11:49,351 [ERROR] LogOutputStream:75 - [STDERR_REDIRECT] [Fatal Error] :1:1: Premature end of file.
2026-08-27 16:11:49,351 [ERROR] LogOutputStream:75 - [STDERR_REDIRECT] 
2026-08-27 16:11:50,353 [ERROR] LogOutputStream:75 - [STDERR_REDIRECT] [Fatal Error] :1:1: Premature end of file.
2026-08-27 16:11:50,353 [ERROR] LogOutputStream:75 - [STDERR_REDIRECT] 
2026-08-27 16:11:51,353 [ERROR] LogOutputStream:75 - [STDERR_REDIRECT] [Fatal Error] :1:1: Premature end of file.
2026-08-27 16:11:51,353 [ERROR] LogOutputStream:75 - [STDERR_REDIRECT] 
2026-08-27 16:11:52,354 [ERROR] LogOutputStream:75 - [STDERR_REDIRECT] [Fatal Error] :1:1: Premature end of file.
2026-08-27 16:11:52,354 [ERROR] LogOutputStream:75 - [STDERR_REDIRECT] 
2026-08-27 16:11:53,358 [ERROR] LogOutputStream:75 - [STDERR_REDIRECT] [Fatal Error] :1:1: Premature end of file.
2026-08-27 16:11:53,358 [ERROR] LogOutputStream:75 - [STDERR_REDIRECT] 
2026-08-27 16:11:54,358 [ERROR] LogOutputStream:75 - [STDERR_REDIRECT] [Fatal Error] :1:1: Premature end of file.
2026-08-27 16:11:54,358 [ERROR] LogOutputStream:75 - [STDERR_REDIRECT] 
2026-08-27 16:11:55,354 [ERROR] LogOutputStream:75 - [STDERR_REDIRECT] [Fatal Error] :1:1: Premature end of file.
2026-08-27 16:11:55,354 [ERROR] LogOutputStream:75 - [STDERR_REDIRECT] 
2026-08-27 16:11:56,358 [ERROR] LogOutputStream:75 - [STDERR_REDIRECT] [Fatal Error] :1:1: Premature end of file.
2026-08-27 16:11:56,358 [ERROR] LogOutputStream:75 - [STDERR_REDIRECT] 
2026-08-27 16:11:57,355 [ERROR] LogOutputStream:75 - [STDERR_REDIRECT] [Fatal Error] :1:1: Premature end of file.
2026-08-27 16:11:57,355 [ERROR] LogOutputStream:75 - [STDERR_REDIRECT] 
2026-08-27 16:11:58,347 [ERROR] LogOutputStream:75 - [STDERR_REDIRECT] [Fatal Error] :1:1: Premature end of file.
2026-08-27 16:11:58,347 [ERROR] LogOutputStream:75 - [STDERR_REDIRECT] 
2026-08-27 16:11:59,348 [ERROR] LogOutputStream:75 - [STDERR_REDIRECT] [Fatal Error] :1:1: Premature end of file.
2026-08-27 16:11:59,348 [ERROR] LogOutputStream:75 - [STDERR_REDIRECT] 
2026-08-27 16:12:00,357 [ERROR] LogOutputStream:75 - [STDERR_REDIRECT] [Fatal Error] :1:1: Premature end of file.
2026-08-27 16:12:00,357 [ERROR] LogOutputStream:75 - [STDERR_REDIRECT] 
2026-08-27 16:12:01,358 [ERROR] LogOutputStream:75 - [STDERR_REDIRECT] [Fatal Error] :1:1: Premature end of file.
2026-08-27 16:12:01,358 [ERROR] LogOutputStream:75 - [STDERR_REDIRECT] 
2026-08-27 16:12:02,350 [ERROR] LogOutputStream:75 - [STDERR_REDIRECT] [Fatal Error] :1:1: Premature end of file.
2026-08-27 16:12:02,350 [ERROR] LogOutputStream:75 - [STDERR_REDIRECT] 
2026-08-27 16:12:03,347 [ERROR] LogOutputStream:75 - [STDERR_REDIRECT] [Fatal Error] :1:1: Premature end of file.
2026-08-27 16:12:03,347 [ERROR] LogOutputStream:75 - [STDERR_REDIRECT] 
2026-08-27 16:12:04,348 [ERROR] LogOutputStream:75 - [STDERR_REDIRECT] [Fatal Error] :1:1: Premature end of file.
2026-08-27 16:12:04,348 [ERROR] LogOutputStream:75 - [STDERR_REDIRECT] 
2026-08-27 16:12:05,353 [ERROR] LogOutputStream:75 - [STDERR_REDIRECT] [Fatal Error] :1:1: Premature end of file.
2026-08-27 16:12:05,353 [ERROR] LogOutputStream:75 - [STDERR_REDIRECT] 
2026-08-27 16:12:06,352 [ERROR] LogOutputStream:75 - [STDERR_REDIRECT] [Fatal Error] :1:1: Premature end of file.
2026-08-27 16:12:06,352 [ERROR] LogOutputStream:75 - [STDERR_REDIRECT] 
2026-08-27 16:12:07,346 [ERROR] LogOutputStream:75 - [STDERR_REDIRECT] [Fatal Error] :1:1: Premature end of file.
2026-08-27 16:12:07,346 [ERROR] LogOutputStream:75 - [STDERR_REDIRECT] 
2026-08-27 16:12:08,350 [ERROR] LogOutputStream:75 - [STDERR_REDIRECT] [Fatal Error] :1:1: Premature end of file.
2026-08-27 16:12:08,350 [ERROR] LogOutputStream:75 - [STDERR_REDIRECT] 
2026-08-27 16:12:09,351 [ERROR] LogOutputStream:75 - [STDERR_REDIRECT] [Fatal Error] :1:1: Premature end of file.
2026-08-27 16:12:09,351 [ERROR] LogOutputStream:75 - [STDERR_REDIRECT] 
2026-08-27 16:12:10,352 [ERROR] LogOutputStream:75 - [STDERR_REDIRECT] [Fatal Error] :1:1: Premature end of file.
2026-08-27 16:12:10,352 [ERROR] LogOutputStream:75 - [STDERR_REDIRECT] 
2026-08-27 16:12:11,359 [ERROR] LogOutputStream:75 - [STDERR_REDIRECT] [Fatal Error] :1:1: Premature end of file.
2026-08-27 16:12:11,359 [ERROR] LogOutputStream:75 - [STDERR_REDIRECT] 
2026-08-27 16:12:12,348 [ERROR] LogOutputStream:75 - [STDERR_REDIRECT] [Fatal Error] :1:1: Premature end of file.
2026-08-27 16:12:12,348 [ERROR] LogOutputStream:75 - [STDERR_REDIRECT] 
2026-08-27 16:12:13,348 [ERROR] LogOutputStream:75 - [STDERR_REDIRECT] [Fatal Error] :1:1: Premature end of file.
2026-08-27 16:12:13,348 [ERROR] LogOutputStream:75 - [STDERR_REDIRECT] 
2026-08-27 16:12:14,365 [ERROR] LogOutputStream:75 - [STDERR_REDIRECT] [Fatal Error] :1:1: Premature end of file.
2026-08-27 16:12:14,365 [ERROR] LogOutputStream:75 - [STDERR_REDIRECT] 
2026-08-27 16:12:15,342 [ERROR] LogOutputStream:75 - [STDERR_REDIRECT] [Fatal Error] :1:1: Premature end of file.
2026-08-27 16:12:15,342 [ERROR] LogOutputStream:75 - [STDERR_REDIRECT] 
2026-08-27 16:12:16,351 [ERROR] LogOutputStream:75 - [STDERR_REDIRECT] [Fatal Error] :1:1: Premature end of file.
2026-08-27 16:12:16,351 [ERROR] LogOutputStream:75 - [STDERR_REDIRECT] 
2026-08-27 16:12:17,343 [ERROR] LogOutputStream:75 - [STDERR_REDIRECT] [Fatal Error] :1:1: Premature end of file.
2026-08-27 16:12:17,343 [ERROR] LogOutputStream:75 - [STDERR_REDIRECT] 
2026-08-27 16:12:18,349 [ERROR] LogOutputStream:75 - [STDERR_REDIRECT] [Fatal Error] :1:1: Premature end of file.
2026-08-27 16:12:18,349 [ERROR] LogOutputStream:75 - [STDERR_REDIRECT] 
2026-08-27 16:12:19,343 [ERROR] LogOutputStream:75 - [STDERR_REDIRECT] [Fatal Error] :1:1: Premature end of file.
2026-08-27 16:12:19,343 [ERROR] LogOutputStream:75 - [STDERR_REDIRECT] 
2026-08-27 16:12:20,355 [ERROR] LogOutputStream:75 - [STDERR_REDIRECT] [Fatal Error] :1:1: Premature end of file.
2026-08-27 16:12:20,355 [ERROR] LogOutputStream:75 - [STDERR_REDIRECT] 
2026-08-27 16:12:21,349 [ERROR] LogOutputStream:75 - [STDERR_REDIRECT] [Fatal Error] :1:1: Premature end of file.
2026-08-27 16:12:21,349 [ERROR] LogOutputStream:75 - [STDERR_REDIRECT] 
2026-08-27 16:12:22,348 [ERROR] LogOutputStream:75 - [STDERR_REDIRECT] [Fatal Error] :1:1: Premature end of file.
2026-08-27 16:12:22,348 [ERROR] LogOutputStream:75 - [STDERR_REDIRECT] 
2026-08-27 16:12:23,349 [ERROR] LogOutputStream:75 - [STDERR_REDIRECT] [Fatal Error] :1:1: Premature end of file.
2026-08-27 16:12:23,349 [ERROR] LogOutputStream:75 - [STDERR_REDIRECT] 
2026-08-27 16:12:24,348 [ERROR] LogOutputStream:75 - [STDERR_REDIRECT] [Fatal Error] :1:1: Premature end of file.
2026-08-27 16:12:24,348 [ERROR] LogOutputStream:75 - [STDERR_REDIRECT] 
2026-08-27 16:12:25,351 [ERROR] LogOutputStream:75 - [STDERR_REDIRECT] [Fatal Error] :1:1: Premature end of file.
2026-08-27 16:12:25,351 [ERROR] LogOutputStream:75 - [STDERR_REDIRECT] 
2026-08-27 16:12:26,351 [ERROR] LogOutputStream:75 - [STDERR_REDIRECT] [Fatal Error] :1:1: Premature end of file.
2026-08-27 16:12:26,351 [ERROR] LogOutputStream:75 - [STDERR_REDIRECT] 
2026-08-27 16:12:27,351 [ERROR] LogOutputStream:75 - [STDERR_REDIRECT] [Fatal Error] :1:1: Premature end of file.
2026-08-27 16:12:27,351 [ERROR] LogOutputStream:75 - [STDERR_REDIRECT] 
2026-08-27 16:12:28,357 [ERROR] LogOutputStream:75 - [STDERR_REDIRECT] [Fatal Error] :1:1: Premature end of file.
2026-08-27 16:12:28,357 [ERROR] LogOutputStream:75 - [STDERR_REDIRECT] 
2026-08-27 16:12:29,352 [ERROR] LogOutputStream:75 - [STDERR_REDIRECT] [Fatal Error] :1:1: Premature end of file.
2026-08-27 16:12:29,352 [ERROR] LogOutputStream:75 - [STDERR_REDIRECT] 
2026-08-27 16:12:30,350 [ERROR] LogOutputStream:75 - [STDERR_REDIRECT] [Fatal Error] :1:1: Premature end of file.
2026-08-27 16:12:30,350 [ERROR] LogOutputStream:75 - [STDERR_REDIRECT] 
2026-08-27 16:12:31,343 [ERROR] LogOutputStream:75 - [STDERR_REDIRECT] [Fatal Error] :1:1: Premature end of file.
2026-08-27 16:12:31,343 [ERROR] LogOutputStream:75 - [STDERR_REDIRECT] 
2026-08-27 16:12:32,353 [ERROR] LogOutputStream:75 - [STDERR_REDIRECT] [Fatal Error] :1:1: Premature end of file.
2026-08-27 16:12:32,353 [ERROR] LogOutputStream:75 - [STDERR_REDIRECT] 
2026-08-27 16:12:33,345 [ERROR] LogOutputStream:75 - [STDERR_REDIRECT] [Fatal Error] :1:1: Premature end of file.
2026-08-27 16:12:33,345 [ERROR] LogOutputStream:75 - [STDERR_REDIRECT] 
2026-08-27 16:12:34,356 [ERROR] LogOutputStream:75 - [STDERR_REDIRECT] [Fatal Error] :1:1: Premature end of file.
2026-08-27 16:12:34,356 [ERROR] LogOutputStream:75 - [STDERR_REDIRECT] 
2026-08-27 16:12:35,348 [ERROR] LogOutputStream:75 - [STDERR_REDIRECT] [Fatal Error] :1:1: Premature end of file.
2026-08-27 16:12:35,348 [ERROR] LogOutputStream:75 - [STDERR_REDIRECT] 
2026-08-27 16:12:36,343 [ERROR] LogOutputStream:75 - [STDERR_REDIRECT] [Fatal Error] :1:1: Premature end of file.
2026-08-27 16:12:36,343 [ERROR] LogOutputStream:75 - [STDERR_REDIRECT] 
2026-08-27 16:12:37,354 [ERROR] LogOutputStream:75 - [STDERR_REDIRECT] [Fatal Error] :1:1: Premature end of file.
2026-08-27 16:12:37,354 [ERROR] LogOutputStream:75 - [STDERR_REDIRECT] 
2026-08-27 16:12:38,350 [ERROR] LogOutputStream:75 - [STDERR_REDIRECT] [Fatal Error] :1:1: Premature end of file.
2026-08-27 16:12:38,350 [ERROR] LogOutputStream:75 - [STDERR_REDIRECT] 
2026-08-27 16:12:39,353 [ERROR] LogOutputStream:75 - [STDERR_REDIRECT] [Fatal Error] :1:1: Premature end of file.
2026-08-27 16:12:39,353 [ERROR] LogOutputStream:75 - [STDERR_REDIRECT] 
2026-08-27 16:12:40,355 [ERROR] LogOutputStream:75 - [STDERR_REDIRECT] [Fatal Error] :1:1: Premature end of file.
2026-08-27 16:12:40,355 [ERROR] LogOutputStream:75 - [STDERR_REDIRECT] 
2026-08-27 16:12:41,344 [ERROR] LogOutputStream:75 - [STDERR_REDIRECT] [Fatal Error] :1:1: Premature end of file.
2026-08-27 16:12:41,344 [ERROR] LogOutputStream:75 - [STDERR_REDIRECT] 
2026-08-27 16:12:42,353 [ERROR] LogOutputStream:75 - [STDERR_REDIRECT] [Fatal Error] :1:1: Premature end of file.
2026-08-27 16:12:42,353 [ERROR] LogOutputStream:75 - [STDERR_REDIRECT] 
2026-08-27 16:12:43,350 [ERROR] LogOutputStream:75 - [STDERR_REDIRECT] [Fatal Error] :1:1: Premature end of file.
2026-08-27 16:12:43,350 [ERROR] LogOutputStream:75 - [STDERR_REDIRECT] 
2026-08-27 16:12:44,343 [ERROR] LogOutputStream:75 - [STDERR_REDIRECT] [Fatal Error] :1:1: Premature end of file.
2026-08-27 16:12:44,343 [ERROR] LogOutputStream:75 - [STDERR_REDIRECT] 
2026-08-27 16:12:45,352 [ERROR] LogOutputStream:75 - [STDERR_REDIRECT] [Fatal Error] :1:1: Premature end of file.
2026-08-27 16:12:45,352 [ERROR] LogOutputStream:75 - [STDERR_REDIRECT] 
2026-08-27 16:12:46,355 [ERROR] LogOutputStream:75 - [STDERR_REDIRECT] [Fatal Error] :1:1: Premature end of file.
2026-08-27 16:12:46,355 [ERROR] LogOutputStream:75 - [STDERR_REDIRECT] 
2026-08-27 16:12:47,343 [ERROR] LogOutputStream:75 - [STDERR_REDIRECT] [Fatal Error] :1:1: Premature end of file.
2026-08-27 16:12:47,343 [ERROR] LogOutputStream:75 - [STDERR_REDIRECT] 
2026-08-27 16:12:48,354 [ERROR] LogOutputStream:75 - [STDERR_REDIRECT] [Fatal Error] :1:1: Premature end of file.
2026-08-27 16:12:48,354 [ERROR] LogOutputStream:75 - [STDERR_REDIRECT] 
2026-08-27 16:12:49,351 [ERROR] LogOutputStream:75 - [STDERR_REDIRECT] [Fatal Error] :1:1: Premature end of file.
2026-08-27 16:12:49,351 [ERROR] LogOutputStream:75 - [STDERR_REDIRECT] 
2026-08-27 16:12:50,344 [ERROR] LogOutputStream:75 - [STDERR_REDIRECT] [Fatal Error] :1:1: Premature end of file.
2026-08-27 16:12:50,344 [ERROR] LogOutputStream:75 - [STDERR_REDIRECT] 
2026-08-27 16:12:51,354 [ERROR] LogOutputStream:75 - [STDERR_REDIRECT] [Fatal Error] :1:1: Premature end of file.
2026-08-27 16:12:51,354 [ERROR] LogOutputStream:75 - [STDERR_REDIRECT] 
2026-08-27 16:12:52,356 [ERROR] LogOutputStream:75 - [STDERR_REDIRECT] [Fatal Error] :1:1: Premature end of file.
2026-08-27 16:12:52,356 [ERROR] LogOutputStream:75 - [STDERR_REDIRECT] 
2026-08-27 16:12:53,344 [ERROR] LogOutputStream:75 - [STDERR_REDIRECT] [Fatal Error] :1:1: Premature end of file.
2026-08-27 16:12:53,344 [ERROR] LogOutputStream:75 - [STDERR_REDIRECT] 
2026-08-27 16:12:54,354 [ERROR] LogOutputStream:75 - [STDERR_REDIRECT] [Fatal Error] :1:1: Premature end of file.
2026-08-27 16:12:54,354 [ERROR] LogOutputStream:75 - [STDERR_REDIRECT] 
2026-08-27 16:12:55,348 [ERROR] LogOutputStream:75 - [STDERR_REDIRECT] [Fatal Error] :1:1: Premature end of file.
2026-08-27 16:12:55,348 [ERROR] LogOutputStream:75 - [STDERR_REDIRECT] 
2026-08-27 16:12:56,343 [ERROR] LogOutputStream:75 - [STDERR_REDIRECT] [Fatal Error] :1:1: Premature end of file.
2026-08-27 16:12:56,343 [ERROR] LogOutputStream:75 - [STDERR_REDIRECT] 
2026-08-27 16:12:57,355 [ERROR] LogOutputStream:75 - [STDERR_REDIRECT] [Fatal Error] :1:1: Premature end of file.
2026-08-27 16:12:57,355 [ERROR] LogOutputStream:75 - [STDERR_REDIRECT] 
2026-08-27 16:12:58,348 [ERROR] LogOutputStream:75 - [STDERR_REDIRECT] [Fatal Error] :1:1: Premature end of file.
2026-08-27 16:12:58,348 [ERROR] LogOutputStream:75 - [STDERR_REDIRECT] 
2026-08-27 16:12:59,349 [ERROR] LogOutputStream:75 - [STDERR_REDIRECT] [Fatal Error] :1:1: Premature end of file.
2026-08-27 16:12:59,349 [ERROR] LogOutputStream:75 - [STDERR_REDIRECT] 
2026-08-27 16:13:00,343 [ERROR] LogOutputStream:75 - [STDERR_REDIRECT] [Fatal Error] :1:1: Premature end of file.
2026-08-27 16:13:00,343 [ERROR] LogOutputStream:75 - [STDERR_REDIRECT] 
2026-08-27 16:13:01,361 [ERROR] LogOutputStream:75 - [STDERR_REDIRECT] [Fatal Error] :1:1: Premature end of file.
2026-08-27 16:13:01,361 [ERROR] LogOutputStream:75 - [STDERR_REDIRECT] 
2026-08-27 16:13:02,351 [ERROR] LogOutputStream:75 - [STDERR_REDIRECT] [Fatal Error] :1:1: Premature end of file.
2026-08-27 16:13:02,351 [ERROR] LogOutputStream:75 - [STDERR_REDIRECT] 
2026-08-27 16:13:03,352 [ERROR] LogOutputStream:75 - [STDERR_REDIRECT] [Fatal Error] :1:1: Premature end of file.
2026-08-27 16:13:03,352 [ERROR] LogOutputStream:75 - [STDERR_REDIRECT] 
2026-08-27 16:13:04,355 [ERROR] LogOutputStream:75 - [STDERR_REDIRECT] [Fatal Error] :1:1: Premature end of file.
2026-08-27 16:13:04,355 [ERROR] LogOutputStream:75 - [STDERR_REDIRECT] 
2026-08-27 16:13:05,353 [ERROR] LogOutputStream:75 - [STDERR_REDIRECT] [Fatal Error] :1:1: Premature end of file.
2026-08-27 16:13:05,353 [ERROR] LogOutputStream:75 - [STDERR_REDIRECT] 
2026-08-27 16:13:06,342 [ERROR] LogOutputStream:75 - [STDERR_REDIRECT] [Fatal Error] :1:1: Premature end of file.
2026-08-27 16:13:06,342 [ERROR] LogOutputStream:75 - [STDERR_REDIRECT] 
2026-08-27 16:13:07,352 [ERROR] LogOutputStream:75 - [STDERR_REDIRECT] [Fatal Error] :1:1: Premature end of file.
2026-08-27 16:13:07,352 [ERROR] LogOutputStream:75 - [STDERR_REDIRECT] 
2026-08-27 16:13:08,348 [ERROR] LogOutputStream:75 - [STDERR_REDIRECT] [Fatal Error] :1:1: Premature end of file.
2026-08-27 16:13:08,348 [ERROR] LogOutputStream:75 - [STDERR_REDIRECT] 
2026-08-27 16:13:09,357 [ERROR] LogOutputStream:75 - [STDERR_REDIRECT] [Fatal Error] :1:1: Premature end of file.
2026-08-27 16:13:09,357 [ERROR] LogOutputStream:75 - [STDERR_REDIRECT] 
2026-08-27 16:13:10,350 [ERROR] LogOutputStream:75 - [STDERR_REDIRECT] [Fatal Error] :1:1: Premature end of file.
2026-08-27 16:13:10,350 [ERROR] LogOutputStream:75 - [STDERR_REDIRECT] 
2026-08-27 16:13:11,348 [ERROR] LogOutputStream:75 - [STDERR_REDIRECT] [Fatal Error] :1:1: Premature end of file.
2026-08-27 16:13:11,348 [ERROR] LogOutputStream:75 - [STDERR_REDIRECT] 
2026-08-27 16:13:12,355 [ERROR] LogOutputStream:75 - [STDERR_REDIRECT] [Fatal Error] :1:1: Premature end of file.
2026-08-27 16:13:12,355 [ERROR] LogOutputStream:75 - [STDERR_REDIRECT] 
2026-08-27 16:13:13,348 [ERROR] LogOutputStream:75 - [STDERR_REDIRECT] [Fatal Error] :1:1: Premature end of file.
2026-08-27 16:13:13,348 [ERROR] LogOutputStream:75 - [STDERR_REDIRECT] 
2026-08-27 16:13:14,341 [ERROR] LogOutputStream:75 - [STDERR_REDIRECT] [Fatal Error] :1:1: Premature end of file.
2026-08-27 16:13:14,341 [ERROR] LogOutputStream:75 - [STDERR_REDIRECT] 
2026-08-27 16:13:15,357 [ERROR] LogOutputStream:75 - [STDERR_REDIRECT] [Fatal Error] :1:1: Premature end of file.
2026-08-27 16:13:15,357 [ERROR] LogOutputStream:75 - [STDERR_REDIRECT] 
2026-08-27 16:13:16,348 [ERROR] LogOutputStream:75 - [STDERR_REDIRECT] [Fatal Error] :1:1: Premature end of file.
2026-08-27 16:13:16,348 [ERROR] LogOutputStream:75 - [STDERR_REDIRECT] 
2026-08-27 16:13:17,341 [ERROR] LogOutputStream:75 - [STDERR_REDIRECT] [Fatal Error] :1:1: Premature end of file.
2026-08-27 16:13:17,341 [ERROR] LogOutputStream:75 - [STDERR_REDIRECT] 
2026-08-27 16:13:18,356 [ERROR] LogOutputStream:75 - [STDERR_REDIRECT] [Fatal Error] :1:1: Premature end of file.
2026-08-27 16:13:18,356 [ERROR] LogOutputStream:75 - [STDERR_REDIRECT] 
2026-08-27 16:13:19,363 [ERROR] LogOutputStream:75 - [STDERR_REDIRECT] [Fatal Error] :1:1: Premature end of file.
2026-08-27 16:13:19,363 [ERROR] LogOutputStream:75 - [STDERR_REDIRECT] 
2026-08-27 16:13:20,360 [ERROR] LogOutputStream:75 - [STDERR_REDIRECT] [Fatal Error] :1:1: Premature end of file.
2026-08-27 16:13:20,360 [ERROR] LogOutputStream:75 - [STDERR_REDIRECT] 
2026-08-27 16:13:21,346 [ERROR] LogOutputStream:75 - [STDERR_REDIRECT] [Fatal Error] :1:1: Premature end of file.
2026-08-27 16:13:21,346 [ERROR] LogOutputStream:75 - [STDERR_REDIRECT] 
2026-08-27 16:13:22,347 [ERROR] LogOutputStream:75 - [STDERR_REDIRECT] [Fatal Error] :1:1: Premature end of file.
2026-08-27 16:13:22,347 [ERROR] LogOutputStream:75 - [STDERR_REDIRECT] 
2026-08-27 16:13:23,355 [ERROR] LogOutputStream:75 - [STDERR_REDIRECT] [Fatal Error] :1:1: Premature end of file.
2026-08-27 16:13:23,355 [ERROR] LogOutputStream:75 - [STDERR_REDIRECT] 
2026-08-27 16:13:24,355 [ERROR] LogOutputStream:75 - [STDERR_REDIRECT] [Fatal Error] :1:1: Premature end of file.
2026-08-27 16:13:24,355 [ERROR] LogOutputStream:75 - [STDERR_REDIRECT] 
2026-08-27 16:13:25,350 [ERROR] LogOutputStream:75 - [STDERR_REDIRECT] [Fatal Error] :1:1: Premature end of file.
2026-08-27 16:13:25,350 [ERROR] LogOutputStream:75 - [STDERR_REDIRECT] 
2026-08-27 16:13:26,351 [ERROR] LogOutputStream:75 - [STDERR_REDIRECT] [Fatal Error] :1:1: Premature end of file.
2026-08-27 16:13:26,351 [ERROR] LogOutputStream:75 - [STDERR_REDIRECT] 
2026-08-27 16:13:27,344 [ERROR] LogOutputStream:75 - [STDERR_REDIRECT] [Fatal Error] :1:1: Premature end of file.
2026-08-27 16:13:27,344 [ERROR] LogOutputStream:75 - [STDERR_REDIRECT] 
2026-08-27 16:13:28,353 [ERROR] LogOutputStream:75 - [STDERR_REDIRECT] [Fatal Error] :1:1: Premature end of file.
2026-08-27 16:13:28,353 [ERROR] LogOutputStream:75 - [STDERR_REDIRECT] 
2026-08-27 16:13:29,347 [ERROR] LogOutputStream:75 - [STDERR_REDIRECT] [Fatal Error] :1:1: Premature end of file.
2026-08-27 16:13:29,347 [ERROR] LogOutputStream:75 - [STDERR_REDIRECT] 
2026-08-27 16:13:30,344 [ERROR] LogOutputStream:75 - [STDERR_REDIRECT] [Fatal Error] :1:1: Premature end of file.
2026-08-27 16:13:30,344 [ERROR] LogOutputStream:75 - [STDERR_REDIRECT] 
2026-08-27 16:13:31,353 [ERROR] LogOutputStream:75 - [STDERR_REDIRECT] [Fatal Error] :1:1: Premature end of file.
2026-08-27 16:13:31,353 [ERROR] LogOutputStream:75 - [STDERR_REDIRECT] 
2026-08-27 16:13:32,348 [ERROR] LogOutputStream:75 - [STDERR_REDIRECT] [Fatal Error] :1:1: Premature end of file.
2026-08-27 16:13:32,348 [ERROR] LogOutputStream:75 - [STDERR_REDIRECT] 
2026-08-27 16:13:33,342 [ERROR] LogOutputStream:75 - [STDERR_REDIRECT] [Fatal Error] :1:1: Premature end of file.
2026-08-27 16:13:33,342 [ERROR] LogOutputStream:75 - [STDERR_REDIRECT] 
2026-08-27 16:13:34,352 [ERROR] LogOutputStream:75 - [STDERR_REDIRECT] [Fatal Error] :1:1: Premature end of file.
2026-08-27 16:13:34,352 [ERROR] LogOutputStream:75 - [STDERR_REDIRECT] 
2026-08-27 16:13:35,349 [ERROR] LogOutputStream:75 - [STDERR_REDIRECT] [Fatal Error] :1:1: Premature end of file.
2026-08-27 16:13:35,349 [ERROR] LogOutputStream:75 - [STDERR_REDIRECT] 
2026-08-27 16:13:36,345 [ERROR] LogOutputStream:75 - [STDERR_REDIRECT] [Fatal Error] :1:1: Premature end of file.
2026-08-27 16:13:36,345 [ERROR] LogOutputStream:75 - [STDERR_REDIRECT] 
2026-08-27 16:13:37,353 [ERROR] LogOutputStream:75 - [STDERR_REDIRECT] [Fatal Error] :1:1: Premature end of file.
2026-08-27 16:13:37,353 [ERROR] LogOutputStream:75 - [STDERR_REDIRECT] 
2026-08-27 16:13:38,347 [ERROR] LogOutputStream:75 - [STDERR_REDIRECT] [Fatal Error] :1:1: Premature end of file.
2026-08-27 16:13:38,347 [ERROR] LogOutputStream:75 - [STDERR_REDIRECT] 
2026-08-27 16:13:39,355 [ERROR] LogOutputStream:75 - [STDERR_REDIRECT] [Fatal Error] :1:1: Premature end of file.
2026-08-27 16:13:39,355 [ERROR] LogOutputStream:75 - [STDERR_REDIRECT] 
2026-08-27 16:13:40,349 [ERROR] LogOutputStream:75 - [STDERR_REDIRECT] [Fatal Error] :1:1: Premature end of file.
2026-08-27 16:13:40,349 [ERROR] LogOutputStream:75 - [STDERR_REDIRECT] 
2026-08-27 16:13:41,352 [ERROR] LogOutputStream:75 - [STDERR_REDIRECT] [Fatal Error] :1:1: Premature end of file.
2026-08-27 16:13:41,352 [ERROR] LogOutputStream:75 - [STDERR_REDIRECT] 
2026-08-27 16:13:42,348 [ERROR] LogOutputStream:75 - [STDERR_REDIRECT] [Fatal Error] :1:1: Premature end of file.
2026-08-27 16:13:42,348 [ERROR] LogOutputStream:75 - [STDERR_REDIRECT] 
2026-08-27 16:13:43,350 [ERROR] LogOutputStream:75 - [STDERR_REDIRECT] [Fatal Error] :1:1: Premature end of file.
2026-08-27 16:13:43,350 [ERROR] LogOutputStream:75 - [STDERR_REDIRECT] 
2026-08-27 16:13:44,350 [ERROR] LogOutputStream:75 - [STDERR_REDIRECT] [Fatal Error] :1:1: Premature end of file.
2026-08-27 16:13:44,350 [ERROR] LogOutputStream:75 - [STDERR_REDIRECT] 
2026-08-27 16:13:45,341 [ERROR] LogOutputStream:75 - [STDERR_REDIRECT] [Fatal Error] :1:1: Premature end of file.
2026-08-27 16:13:45,341 [ERROR] LogOutputStream:75 - [STDERR_REDIRECT] 
2026-08-27 16:13:46,351 [ERROR] LogOutputStream:75 - [STDERR_REDIRECT] [Fatal Error] :1:1: Premature end of file.
2026-08-27 16:13:46,351 [ERROR] LogOutputStream:75 - [STDERR_REDIRECT] 
2026-08-27 16:13:47,347 [ERROR] LogOutputStream:75 - [STDERR_REDIRECT] [Fatal Error] :1:1: Premature end of file.
2026-08-27 16:13:47,347 [ERROR] LogOutputStream:75 - [STDERR_REDIRECT] 
2026-08-27 16:13:48,355 [ERROR] LogOutputStream:75 - [STDERR_REDIRECT] [Fatal Error] :1:1: Premature end of file.
2026-08-27 16:13:48,355 [ERROR] LogOutputStream:75 - [STDERR_REDIRECT] 
2026-08-27 16:13:49,347 [ERROR] LogOutputStream:75 - [STDERR_REDIRECT] [Fatal Error] :1:1: Premature end of file.
2026-08-27 16:13:49,347 [ERROR] LogOutputStream:75 - [STDERR_REDIRECT] 
2026-08-27 16:13:50,356 [ERROR] LogOutputStream:75 - [STDERR_REDIRECT] [Fatal Error] :1:1: Premature end of file.
2026-08-27 16:13:50,356 [ERROR] LogOutputStream:75 - [STDERR_REDIRECT] 
2026-08-27 16:13:51,350 [ERROR] LogOutputStream:75 - [STDERR_REDIRECT] [Fatal Error] :1:1: Premature end of file.
2026-08-27 16:13:51,350 [ERROR] LogOutputStream:75 - [STDERR_REDIRECT] 
2026-08-27 16:13:52,352 [ERROR] LogOutputStream:75 - [STDERR_REDIRECT] [Fatal Error] :1:1: Premature end of file.
2026-08-27 16:13:52,352 [ERROR] LogOutputStream:75 - [STDERR_REDIRECT] 
2026-08-27 16:13:53,343 [ERROR] LogOutputStream:75 - [STDERR_REDIRECT] [Fatal Error] :1:1: Premature end of file.
2026-08-27 16:13:53,343 [ERROR] LogOutputStream:75 - [STDERR_REDIRECT] 
2026-08-27 16:13:54,357 [ERROR] LogOutputStream:75 - [STDERR_REDIRECT] [Fatal Error] :1:1: Premature end of file.
2026-08-27 16:13:54,357 [ERROR] LogOutputStream:75 - [STDERR_REDIRECT] 
2026-08-27 16:13:55,348 [ERROR] LogOutputStream:75 - [STDERR_REDIRECT] [Fatal Error] :1:1: Premature end of file.
2026-08-27 16:13:55,348 [ERROR] LogOutputStream:75 - [STDERR_REDIRECT] 
2026-08-27 16:13:56,344 [ERROR] LogOutputStream:75 - [STDERR_REDIRECT] [Fatal Error] :1:1: Premature end of file.
2026-08-27 16:13:56,344 [ERROR] LogOutputStream:75 - [STDERR_REDIRECT] 
2026-08-27 16:13:57,360 [ERROR] LogOutputStream:75 - [STDERR_REDIRECT] [Fatal Error] :1:1: Premature end of file.
2026-08-27 16:13:57,360 [ERROR] LogOutputStream:75 - [STDERR_REDIRECT] 
2026-08-27 16:13:58,348 [ERROR] LogOutputStream:75 - [STDERR_REDIRECT] [Fatal Error] :1:1: Premature end of file.
2026-08-27 16:13:58,348 [ERROR] LogOutputStream:75 - [STDERR_REDIRECT] 
2026-08-27 16:13:59,356 [ERROR] LogOutputStream:75 - [STDERR_REDIRECT] [Fatal Error] :1:1: Premature end of file.
2026-08-27 16:13:59,356 [ERROR] LogOutputStream:75 - [STDERR_REDIRECT] 
2026-08-27 16:14:00,350 [ERROR] LogOutputStream:75 - [STDERR_REDIRECT] [Fatal Error] :1:1: Premature end of file.
2026-08-27 16:14:00,350 [ERROR] LogOutputStream:75 - [STDERR_REDIRECT] 
2026-08-27 16:14:01,350 [ERROR] LogOutputStream:75 - [STDERR_REDIRECT] [Fatal Error] :1:1: Premature end of file.
2026-08-27 16:14:01,350 [ERROR] LogOutputStream:75 - [STDERR_REDIRECT] 
2026-08-27 16:14:02,357 [ERROR] LogOutputStream:75 - [STDERR_REDIRECT] [Fatal Error] :1:1: Premature end of file.
2026-08-27 16:14:02,357 [ERROR] LogOutputStream:75 - [STDERR_REDIRECT] 
2026-08-27 16:14:03,354 [ERROR] LogOutputStream:75 - [STDERR_REDIRECT] [Fatal Error] :1:1: Premature end of file.
2026-08-27 16:14:03,354 [ERROR] LogOutputStream:75 - [STDERR_REDIRECT] 
2026-08-27 16:14:04,349 [ERROR] LogOutputStream:75 - [STDERR_REDIRECT] [Fatal Error] :1:1: Premature end of file.
2026-08-27 16:14:04,349 [ERROR] LogOutputStream:75 - [STDERR_REDIRECT] 
2026-08-27 16:14:05,344 [ERROR] LogOutputStream:75 - [STDERR_REDIRECT] [Fatal Error] :1:1: Premature end of file.
2026-08-27 16:14:05,344 [ERROR] LogOutputStream:75 - [STDERR_REDIRECT] 
2026-08-27 16:14:06,355 [ERROR] LogOutputStream:75 - [STDERR_REDIRECT] [Fatal Error] :1:1: Premature end of file.
2026-08-27 16:14:06,355 [ERROR] LogOutputStream:75 - [STDERR_REDIRECT] 
2026-08-27 16:14:07,352 [ERROR] LogOutputStream:75 - [STDERR_REDIRECT] [Fatal Error] :1:1: Premature end of file.
2026-08-27 16:14:07,352 [ERROR] LogOutputStream:75 - [STDERR_REDIRECT] 
2026-08-27 16:14:08,342 [ERROR] LogOutputStream:75 - [STDERR_REDIRECT] [Fatal Error] :1:1: Premature end of file.
2026-08-27 16:14:08,342 [ERROR] LogOutputStream:75 - [STDERR_REDIRECT] 
2026-08-27 16:14:09,351 [ERROR] LogOutputStream:75 - [STDERR_REDIRECT] [Fatal Error] :1:1: Premature end of file.
2026-08-27 16:14:09,351 [ERROR] LogOutputStream:75 - [STDERR_REDIRECT] 
2026-08-27 16:14:10,345 [ERROR] LogOutputStream:75 - [STDERR_REDIRECT] [Fatal Error] :1:1: Premature end of file.
2026-08-27 16:14:10,345 [ERROR] LogOutputStream:75 - [STDERR_REDIRECT] 
2026-08-27 16:14:11,355 [ERROR] LogOutputStream:75 - [STDERR_REDIRECT] [Fatal Error] :1:1: Premature end of file.
2026-08-27 16:14:11,355 [ERROR] LogOutputStream:75 - [STDERR_REDIRECT] 
2026-08-27 16:14:12,348 [ERROR] LogOutputStream:75 - [STDERR_REDIRECT] [Fatal Error] :1:1: Premature end of file.
2026-08-27 16:14:12,348 [ERROR] LogOutputStream:75 - [STDERR_REDIRECT] 
2026-08-27 16:14:13,350 [ERROR] LogOutputStream:75 - [STDERR_REDIRECT] [Fatal Error] :1:1: Premature end of file.
2026-08-27 16:14:13,350 [ERROR] LogOutputStream:75 - [STDERR_REDIRECT] 
2026-08-27 16:14:14,345 [ERROR] LogOutputStream:75 - [STDERR_REDIRECT] [Fatal Error] :1:1: Premature end of file.
2026-08-27 16:14:14,345 [ERROR] LogOutputStream:75 - [STDERR_REDIRECT] 
2026-08-27 16:14:15,345 [ERROR] LogOutputStream:75 - [STDERR_REDIRECT] [Fatal Error] :1:1: Premature end of file.
2026-08-27 16:14:15,345 [ERROR] LogOutputStream:75 - [STDERR_REDIRECT] 
2026-08-27 16:14:16,355 [ERROR] LogOutputStream:75 - [STDERR_REDIRECT] [Fatal Error] :1:1: Premature end of file.
2026-08-27 16:14:16,355 [ERROR] LogOutputStream:75 - [STDERR_REDIRECT] 
2026-08-27 16:14:17,348 [ERROR] LogOutputStream:75 - [STDERR_REDIRECT] [Fatal Error] :1:1: Premature end of file.
2026-08-27 16:14:17,348 [ERROR] LogOutputStream:75 - [STDERR_REDIRECT] 
2026-08-27 16:14:18,356 [ERROR] LogOutputStream:75 - [STDERR_REDIRECT] [Fatal Error] :1:1: Premature end of file.
2026-08-27 16:14:18,356 [ERROR] LogOutputStream:75 - [STDERR_REDIRECT] 
2026-08-27 16:14:19,350 [ERROR] LogOutputStream:75 - [STDERR_REDIRECT] [Fatal Error] :1:1: Premature end of file.
2026-08-27 16:14:19,350 [ERROR] LogOutputStream:75 - [STDERR_REDIRECT] 
2026-08-27 16:14:20,344 [ERROR] LogOutputStream:75 - [STDERR_REDIRECT] [Fatal Error] :1:1: Premature end of file.
2026-08-27 16:14:20,344 [ERROR] LogOutputStream:75 - [STDERR_REDIRECT] 
2026-08-27 16:14:21,352 [ERROR] LogOutputStream:75 - [STDERR_REDIRECT] [Fatal Error] :1:1: Premature end of file.
2026-08-27 16:14:21,352 [ERROR] LogOutputStream:75 - [STDERR_REDIRECT] 
2026-08-27 16:14:22,347 [ERROR] LogOutputStream:75 - [STDERR_REDIRECT] [Fatal Error] :1:1: Premature end of file.
2026-08-27 16:14:22,347 [ERROR] LogOutputStream:75 - [STDERR_REDIRECT] 
2026-08-27 16:14:23,355 [ERROR] LogOutputStream:75 - [STDERR_REDIRECT] [Fatal Error] :1:1: Premature end of file.
2026-08-27 16:14:23,355 [ERROR] LogOutputStream:75 - [STDERR_REDIRECT] 
2026-08-27 16:14:24,350 [ERROR] LogOutputStream:75 - [STDERR_REDIRECT] [Fatal Error] :1:1: Premature end of file.
2026-08-27 16:14:24,350 [ERROR] LogOutputStream:75 - [STDERR_REDIRECT] 
2026-08-27 16:14:25,345 [ERROR] LogOutputStream:75 - [STDERR_REDIRECT] [Fatal Error] :1:1: Premature end of file.
2026-08-27 16:14:25,345 [ERROR] LogOutputStream:75 - [STDERR_REDIRECT] 
2026-08-27 16:14:26,354 [ERROR] LogOutputStream:75 - [STDERR_REDIRECT] [Fatal Error] :1:1: Premature end of file.
2026-08-27 16:14:26,354 [ERROR] LogOutputStream:75 - [STDERR_REDIRECT] 
2026-08-27 16:14:27,350 [ERROR] LogOutputStream:75 - [STDERR_REDIRECT] [Fatal Error] :1:1: Premature end of file.
2026-08-27 16:14:27,350 [ERROR] LogOutputStream:75 - [STDERR_REDIRECT] 
2026-08-27 16:14:28,341 [ERROR] LogOutputStream:75 - [STDERR_REDIRECT] [Fatal Error] :1:1: Premature end of file.
2026-08-27 16:14:28,341 [ERROR] LogOutputStream:75 - [STDERR_REDIRECT] 
2026-08-27 16:14:29,352 [ERROR] LogOutputStream:75 - [STDERR_REDIRECT] [Fatal Error] :1:1: Premature end of file.
2026-08-27 16:14:29,352 [ERROR] LogOutputStream:75 - [STDERR_REDIRECT] 
2026-08-27 16:14:30,346 [ERROR] LogOutputStream:75 - [STDERR_REDIRECT] [Fatal Error] :1:1: Premature end of file.
2026-08-27 16:14:30,346 [ERROR] LogOutputStream:75 - [STDERR_REDIRECT] 
2026-08-27 16:14:31,342 [ERROR] LogOutputStream:75 - [STDERR_REDIRECT] [Fatal Error] :1:1: Premature end of file.
2026-08-27 16:14:31,342 [ERROR] LogOutputStream:75 - [STDERR_REDIRECT] 
2026-08-27 16:14:32,351 [ERROR] LogOutputStream:75 - [STDERR_REDIRECT] [Fatal Error] :1:1: Premature end of file.
2026-08-27 16:14:32,351 [ERROR] LogOutputStream:75 - [STDERR_REDIRECT] 
2026-08-27 16:14:33,345 [ERROR] LogOutputStream:75 - [STDERR_REDIRECT] [Fatal Error] :1:1: Premature end of file.
2026-08-27 16:14:33,345 [ERROR] LogOutputStream:75 - [STDERR_REDIRECT] 
2026-08-27 16:14:34,341 [ERROR] LogOutputStream:75 - [STDERR_REDIRECT] [Fatal Error] :1:1: Premature end of file.
2026-08-27 16:14:34,341 [ERROR] LogOutputStream:75 - [STDERR_REDIRECT] 
2026-08-27 16:14:35,354 [ERROR] LogOutputStream:75 - [STDERR_REDIRECT] [Fatal Error] :1:1: Premature end of file.
2026-08-27 16:14:35,354 [ERROR] LogOutputStream:75 - [STDERR_REDIRECT] 
2026-08-27 16:14:36,350 [ERROR] LogOutputStream:75 - [STDERR_REDIRECT] [Fatal Error] :1:1: Premature end of file.
2026-08-27 16:14:36,350 [ERROR] LogOutputStream:75 - [STDERR_REDIRECT] 
2026-08-27 16:14:37,347 [ERROR] LogOutputStream:75 - [STDERR_REDIRECT] [Fatal Error] :1:1: Premature end of file.
2026-08-27 16:14:37,347 [ERROR] LogOutputStream:75 - [STDERR_REDIRECT] 
2026-08-27 16:14:38,354 [ERROR] LogOutputStream:75 - [STDERR_REDIRECT] [Fatal Error] :1:1: Premature end of file.
2026-08-27 16:14:38,354 [ERROR] LogOutputStream:75 - [STDERR_REDIRECT] 
2026-08-27 16:14:39,351 [ERROR] LogOutputStream:75 - [STDERR_REDIRECT] [Fatal Error] :1:1: Premature end of file.
2026-08-27 16:14:39,351 [ERROR] LogOutputStream:75 - [STDERR_REDIRECT] 
2026-08-27 16:14:40,343 [ERROR] LogOutputStream:75 - [STDERR_REDIRECT] [Fatal Error] :1:1: Premature end of file.
2026-08-27 16:14:40,343 [ERROR] LogOutputStream:75 - [STDERR_REDIRECT] 
2026-08-27 16:14:41,349 [ERROR] LogOutputStream:75 - [STDERR_REDIRECT] [Fatal Error] :1:1: Premature end of file.
2026-08-27 16:14:41,349 [ERROR] LogOutputStream:75 - [STDERR_REDIRECT] 
2026-08-27 16:14:42,343 [ERROR] LogOutputStream:75 - [STDERR_REDIRECT] [Fatal Error] :1:1: Premature end of file.
2026-08-27 16:14:42,343 [ERROR] LogOutputStream:75 - [STDERR_REDIRECT] 
2026-08-27 16:14:43,356 [ERROR] LogOutputStream:75 - [STDERR_REDIRECT] [Fatal Error] :1:1: Premature end of file.
2026-08-27 16:14:43,356 [ERROR] LogOutputStream:75 - [STDERR_REDIRECT] 
2026-08-27 16:14:44,353 [ERROR] LogOutputStream:75 - [STDERR_REDIRECT] [Fatal Error] :1:1: Premature end of file.
2026-08-27 16:14:44,353 [ERROR] LogOutputStream:75 - [STDERR_REDIRECT] 
2026-08-27 16:14:45,342 [ERROR] LogOutputStream:75 - [STDERR_REDIRECT] [Fatal Error] :1:1: Premature end of file.
2026-08-27 16:14:45,342 [ERROR] LogOutputStream:75 - [STDERR_REDIRECT] 
2026-08-27 16:14:46,355 [ERROR] LogOutputStream:75 - [STDERR_REDIRECT] [Fatal Error] :1:1: Premature end of file.
2026-08-27 16:14:46,355 [ERROR] LogOutputStream:75 - [STDERR_REDIRECT] 
2026-08-27 16:14:47,347 [ERROR] LogOutputStream:75 - [STDERR_REDIRECT] [Fatal Error] :1:1: Premature end of file.
2026-08-27 16:14:47,347 [ERROR] LogOutputStream:75 - [STDERR_REDIRECT] 
2026-08-27 16:14:48,356 [ERROR] LogOutputStream:75 - [STDERR_REDIRECT] [Fatal Error] :1:1: Premature end of file.
2026-08-27 16:14:48,356 [ERROR] LogOutputStream:75 - [STDERR_REDIRECT] 
2026-08-27 16:14:49,360 [ERROR] LogOutputStream:75 - [STDERR_REDIRECT] [Fatal Error] :1:1: Premature end of file.
2026-08-27 16:14:49,360 [ERROR] LogOutputStream:75 - [STDERR_REDIRECT] 
2026-08-27 16:14:50,346 [ERROR] LogOutputStream:75 - [STDERR_REDIRECT] [Fatal Error] :1:1: Premature end of file.
2026-08-27 16:14:50,346 [ERROR] LogOutputStream:75 - [STDERR_REDIRECT] 
2026-08-27 16:14:51,354 [ERROR] LogOutputStream:75 - [STDERR_REDIRECT] [Fatal Error] :1:1: Premature end of file.
2026-08-27 16:14:51,354 [ERROR] LogOutputStream:75 - [STDERR_REDIRECT] 
2026-08-27 16:14:52,346 [ERROR] LogOutputStream:75 - [STDERR_REDIRECT] [Fatal Error] :1:1: Premature end of file.
2026-08-27 16:14:52,346 [ERROR] LogOutputStream:75 - [STDERR_REDIRECT] 
2026-08-27 16:14:53,361 [ERROR] LogOutputStream:75 - [STDERR_REDIRECT] [Fatal Error] :1:1: Premature end of file.
2026-08-27 16:14:53,361 [ERROR] LogOutputStream:75 - [STDERR_REDIRECT] 
2026-08-27 16:14:54,348 [ERROR] LogOutputStream:75 - [STDERR_REDIRECT] [Fatal Error] :1:1: Premature end of file.
2026-08-27 16:14:54,348 [ERROR] LogOutputStream:75 - [STDERR_REDIRECT] 
2026-08-27 16:14:55,356 [ERROR] LogOutputStream:75 - [STDERR_REDIRECT] [Fatal Error] :1:1: Premature end of file.
2026-08-27 16:14:55,356 [ERROR] LogOutputStream:75 - [STDERR_REDIRECT] 
2026-08-27 16:14:56,351 [ERROR] LogOutputStream:75 - [STDERR_REDIRECT] [Fatal Error] :1:1: Premature end of file.
2026-08-27 16:14:56,351 [ERROR] LogOutputStream:75 - [STDERR_REDIRECT] 
2026-08-27 16:14:57,348 [ERROR] LogOutputStream:75 - [STDERR_REDIRECT] [Fatal Error] :1:1: Premature end of file.
2026-08-27 16:14:57,348 [ERROR] LogOutputStream:75 - [STDERR_REDIRECT] 
2026-08-27 16:14:58,354 [ERROR] LogOutputStream:75 - [STDERR_REDIRECT] [Fatal Error] :1:1: Premature end of file.
2026-08-27 16:14:58,354 [ERROR] LogOutputStream:75 - [STDERR_REDIRECT] 
2026-08-27 16:14:59,348 [ERROR] LogOutputStream:75 - [STDERR_REDIRECT] [Fatal Error] :1:1: Premature end of file.
2026-08-27 16:14:59,348 [ERROR] LogOutputStream:75 - [STDERR_REDIRECT] 
2026-08-27 16:15:00,350 [ERROR] LogOutputStream:75 - [STDERR_REDIRECT] [Fatal Error] :1:1: Premature end of file.
2026-08-27 16:15:00,350 [ERROR] LogOutputStream:75 - [STDERR_REDIRECT] 
2026-08-27 16:15:01,353 [ERROR] LogOutputStream:75 - [STDERR_REDIRECT] [Fatal Error] :1:1: Premature end of file.
2026-08-27 16:15:01,353 [ERROR] LogOutputStream:75 - [STDERR_REDIRECT] 
2026-08-27 16:15:02,348 [ERROR] LogOutputStream:75 - [STDERR_REDIRECT] [Fatal Error] :1:1: Premature end of file.
2026-08-27 16:15:02,348 [ERROR] LogOutputStream:75 - [STDERR_REDIRECT] 
2026-08-27 16:15:03,357 [ERROR] LogOutputStream:75 - [STDERR_REDIRECT] [Fatal Error] :1:1: Premature end of file.
2026-08-27 16:15:03,357 [ERROR] LogOutputStream:75 - [STDERR_REDIRECT] 
2026-08-27 16:15:04,351 [ERROR] LogOutputStream:75 - [STDERR_REDIRECT] [Fatal Error] :1:1: Premature end of file.
2026-08-27 16:15:04,351 [ERROR] LogOutputStream:75 - [STDERR_REDIRECT] 
2026-08-27 16:15:05,344 [ERROR] LogOutputStream:75 - [STDERR_REDIRECT] [Fatal Error] :1:1: Premature end of file.
2026-08-27 16:15:05,344 [ERROR] LogOutputStream:75 - [STDERR_REDIRECT] 
2026-08-27 16:15:06,347 [ERROR] LogOutputStream:75 - [STDERR_REDIRECT] [Fatal Error] :1:1: Premature end of file.
2026-08-27 16:15:06,347 [ERROR] LogOutputStream:75 - [STDERR_REDIRECT] 
2026-08-27 16:15:07,345 [ERROR] LogOutputStream:75 - [STDERR_REDIRECT] [Fatal Error] :1:1: Premature end of file.
2026-08-27 16:15:07,345 [ERROR] LogOutputStream:75 - [STDERR_REDIRECT] 
2026-08-27 16:15:08,346 [ERROR] LogOutputStream:75 - [STDERR_REDIRECT] [Fatal Error] :1:1: Premature end of file.
2026-08-27 16:15:08,346 [ERROR] LogOutputStream:75 - [STDERR_REDIRECT] 
2026-08-27 16:15:09,353 [ERROR] LogOutputStream:75 - [STDERR_REDIRECT] [Fatal Error] :1:1: Premature end of file.
2026-08-27 16:15:09,353 [ERROR] LogOutputStream:75 - [STDERR_REDIRECT] 
2026-08-27 16:15:10,353 [ERROR] LogOutputStream:75 - [STDERR_REDIRECT] [Fatal Error] :1:1: Premature end of file.
2026-08-27 16:15:10,353 [ERROR] LogOutputStream:75 - [STDERR_REDIRECT] 
2026-08-27 16:15:11,351 [ERROR] LogOutputStream:75 - [STDERR_REDIRECT] [Fatal Error] :1:1: Premature end of file.
2026-08-27 16:15:11,351 [ERROR] LogOutputStream:75 - [STDERR_REDIRECT] 
2026-08-27 16:15:12,348 [ERROR] LogOutputStream:75 - [STDERR_REDIRECT] [Fatal Error] :1:1: Premature end of file.
2026-08-27 16:15:12,348 [ERROR] LogOutputStream:75 - [STDERR_REDIRECT] 
2026-08-27 16:15:13,348 [ERROR] LogOutputStream:75 - [STDERR_REDIRECT] [Fatal Error] :1:1: Premature end of file.
2026-08-27 16:15:13,348 [ERROR] LogOutputStream:75 - [STDERR_REDIRECT] 
2026-08-27 16:15:14,349 [ERROR] LogOutputStream:75 - [STDERR_REDIRECT] [Fatal Error] :1:1: Premature end of file.
2026-08-27 16:15:14,349 [ERROR] LogOutputStream:75 - [STDERR_REDIRECT] 
2026-08-27 16:15:15,353 [ERROR] LogOutputStream:75 - [STDERR_REDIRECT] [Fatal Error] :1:1: Premature end of file.
2026-08-27 16:15:15,353 [ERROR] LogOutputStream:75 - [STDERR_REDIRECT] 
2026-08-27 16:15:16,357 [ERROR] LogOutputStream:75 - [STDERR_REDIRECT] [Fatal Error] :1:1: Premature end of file.
2026-08-27 16:15:16,357 [ERROR] LogOutputStream:75 - [STDERR_REDIRECT] 
2026-08-27 16:15:17,351 [ERROR] LogOutputStream:75 - [STDERR_REDIRECT] [Fatal Error] :1:1: Premature end of file.
2026-08-27 16:15:17,351 [ERROR] LogOutputStream:75 - [STDERR_REDIRECT] 
2026-08-27 16:15:18,341 [ERROR] LogOutputStream:75 - [STDERR_REDIRECT] [Fatal Error] :1:1: Premature end of file.
2026-08-27 16:15:18,341 [ERROR] LogOutputStream:75 - [STDERR_REDIRECT] 
2026-08-27 16:15:19,353 [ERROR] LogOutputStream:75 - [STDERR_REDIRECT] [Fatal Error] :1:1: Premature end of file.
2026-08-27 16:15:19,354 [ERROR] LogOutputStream:75 - [STDERR_REDIRECT] 
2026-08-27 16:15:20,358 [ERROR] LogOutputStream:75 - [STDERR_REDIRECT] [Fatal Error] :1:1: Premature end of file.
2026-08-27 16:15:20,358 [ERROR] LogOutputStream:75 - [STDERR_REDIRECT] 
2026-08-27 16:15:21,354 [ERROR] LogOutputStream:75 - [STDERR_REDIRECT] [Fatal Error] :1:1: Premature end of file.
2026-08-27 16:15:21,354 [ERROR] LogOutputStream:75 - [STDERR_REDIRECT] 
2026-08-27 16:15:22,353 [ERROR] LogOutputStream:75 - [STDERR_REDIRECT] [Fatal Error] :1:1: Premature end of file.
2026-08-27 16:15:22,354 [ERROR] LogOutputStream:75 - [STDERR_REDIRECT] 
2026-08-27 16:15:23,350 [ERROR] LogOutputStream:75 - [STDERR_REDIRECT] [Fatal Error] :1:1: Premature end of file.
2026-08-27 16:15:23,350 [ERROR] LogOutputStream:75 - [STDERR_REDIRECT] 
2026-08-27 16:15:24,353 [ERROR] LogOutputStream:75 - [STDERR_REDIRECT] [Fatal Error] :1:1: Premature end of file.
2026-08-27 16:15:24,353 [ERROR] LogOutputStream:75 - [STDERR_REDIRECT] 
2026-08-27 16:15:25,346 [ERROR] LogOutputStream:75 - [STDERR_REDIRECT] [Fatal Error] :1:1: Premature end of file.
2026-08-27 16:15:25,346 [ERROR] LogOutputStream:75 - [STDERR_REDIRECT] 
2026-08-27 16:15:26,351 [ERROR] LogOutputStream:75 - [STDERR_REDIRECT] [Fatal Error] :1:1: Premature end of file.
2026-08-27 16:15:26,351 [ERROR] LogOutputStream:75 - [STDERR_REDIRECT] 
2026-08-27 16:15:27,347 [ERROR] LogOutputStream:75 - [STDERR_REDIRECT] [Fatal Error] :1:1: Premature end of file.
2026-08-27 16:15:27,347 [ERROR] LogOutputStream:75 - [STDERR_REDIRECT] 
2026-08-27 16:15:28,355 [ERROR] LogOutputStream:75 - [STDERR_REDIRECT] [Fatal Error] :1:1: Premature end of file.
2026-08-27 16:15:28,355 [ERROR] LogOutputStream:75 - [STDERR_REDIRECT] 
2026-08-27 16:15:29,348 [ERROR] LogOutputStream:75 - [STDERR_REDIRECT] [Fatal Error] :1:1: Premature end of file.
2026-08-27 16:15:29,348 [ERROR] LogOutputStream:75 - [STDERR_REDIRECT] 
2026-08-27 16:15:30,349 [ERROR] LogOutputStream:75 - [STDERR_REDIRECT] [Fatal Error] :1:1: Premature end of file.
2026-08-27 16:15:30,349 [ERROR] LogOutputStream:75 - [STDERR_REDIRECT] 
2026-08-27 16:15:31,346 [ERROR] LogOutputStream:75 - [STDERR_REDIRECT] [Fatal Error] :1:1: Premature end of file.
2026-08-27 16:15:31,346 [ERROR] LogOutputStream:75 - [STDERR_REDIRECT] 
2026-08-27 16:15:32,348 [ERROR] LogOutputStream:75 - [STDERR_REDIRECT] [Fatal Error] :1:1: Premature end of file.
2026-08-27 16:15:32,348 [ERROR] LogOutputStream:75 - [STDERR_REDIRECT] 
2026-08-27 16:15:33,350 [ERROR] LogOutputStream:75 - [STDERR_REDIRECT] [Fatal Error] :1:1: Premature end of file.
2026-08-27 16:15:33,350 [ERROR] LogOutputStream:75 - [STDERR_REDIRECT] 
2026-08-27 16:15:34,346 [ERROR] LogOutputStream:75 - [STDERR_REDIRECT] [Fatal Error] :1:1: Premature end of file.
2026-08-27 16:15:34,346 [ERROR] LogOutputStream:75 - [STDERR_REDIRECT] 
2026-08-27 16:15:35,359 [ERROR] LogOutputStream:75 - [STDERR_REDIRECT] [Fatal Error] :1:1: Premature end of file.
2026-08-27 16:15:35,359 [ERROR] LogOutputStream:75 - [STDERR_REDIRECT] 
2026-08-27 16:15:36,354 [ERROR] LogOutputStream:75 - [STDERR_REDIRECT] [Fatal Error] :1:1: Premature end of file.
2026-08-27 16:15:36,354 [ERROR] LogOutputStream:75 - [STDERR_REDIRECT] 
2026-08-27 16:15:37,350 [ERROR] LogOutputStream:75 - [STDERR_REDIRECT] [Fatal Error] :1:1: Premature end of file.
2026-08-27 16:15:37,350 [ERROR] LogOutputStream:75 - [STDERR_REDIRECT] 
2026-08-27 16:15:38,354 [ERROR] LogOutputStream:75 - [STDERR_REDIRECT] [Fatal Error] :1:1: Premature end of file.
2026-08-27 16:15:38,354 [ERROR] LogOutputStream:75 - [STDERR_REDIRECT] 
2026-08-27 16:15:39,350 [ERROR] LogOutputStream:75 - [STDERR_REDIRECT] [Fatal Error] :1:1: Premature end of file.
2026-08-27 16:15:39,350 [ERROR] LogOutputStream:75 - [STDERR_REDIRECT] 
2026-08-27 16:15:40,351 [ERROR] LogOutputStream:75 - [STDERR_REDIRECT] [Fatal Error] :1:1: Premature end of file.
2026-08-27 16:15:40,351 [ERROR] LogOutputStream:75 - [STDERR_REDIRECT] 
2026-08-27 16:15:41,350 [ERROR] LogOutputStream:75 - [STDERR_REDIRECT] [Fatal Error] :1:1: Premature end of file.
2026-08-27 16:15:41,350 [ERROR] LogOutputStream:75 - [STDERR_REDIRECT] 
2026-08-27 16:15:42,348 [ERROR] LogOutputStream:75 - [STDERR_REDIRECT] [Fatal Error] :1:1: Premature end of file.
2026-08-27 16:15:42,348 [ERROR] LogOutputStream:75 - [STDERR_REDIRECT] 
2026-08-27 16:15:43,350 [ERROR] LogOutputStream:75 - [STDERR_REDIRECT] [Fatal Error] :1:1: Premature end of file.
2026-08-27 16:15:43,350 [ERROR] LogOutputStream:75 - [STDERR_REDIRECT] 
2026-08-27 16:15:44,357 [ERROR] LogOutputStream:75 - [STDERR_REDIRECT] [Fatal Error] :1:1: Premature end of file.
2026-08-27 16:15:44,357 [ERROR] LogOutputStream:75 - [STDERR_REDIRECT] 
2026-08-27 16:15:45,351 [ERROR] LogOutputStream:75 - [STDERR_REDIRECT] [Fatal Error] :1:1: Premature end of file.
2026-08-27 16:15:45,351 [ERROR] LogOutputStream:75 - [STDERR_REDIRECT] 
2026-08-27 16:15:46,351 [ERROR] LogOutputStream:75 - [STDERR_REDIRECT] [Fatal Error] :1:1: Premature end of file.
2026-08-27 16:15:46,351 [ERROR] LogOutputStream:75 - [STDERR_REDIRECT] 
2026-08-27 16:15:47,353 [ERROR] LogOutputStream:75 - [STDERR_REDIRECT] [Fatal Error] :1:1: Premature end of file.
2026-08-27 16:15:47,353 [ERROR] LogOutputStream:75 - [STDERR_REDIRECT] 
2026-08-27 16:15:48,353 [ERROR] LogOutputStream:75 - [STDERR_REDIRECT] [Fatal Error] :1:1: Premature end of file.
2026-08-27 16:15:48,353 [ERROR] LogOutputStream:75 - [STDERR_REDIRECT] 
2026-08-27 16:15:49,347 [ERROR] LogOutputStream:75 - [STDERR_REDIRECT] [Fatal Error] :1:1: Premature end of file.
2026-08-27 16:15:49,347 [ERROR] LogOutputStream:75 - [STDERR_REDIRECT] 
2026-08-27 16:15:50,355 [ERROR] LogOutputStream:75 - [STDERR_REDIRECT] [Fatal Error] :1:1: Premature end of file.
2026-08-27 16:15:50,355 [ERROR] LogOutputStream:75 - [STDERR_REDIRECT] 
2026-08-27 16:15:51,350 [ERROR] LogOutputStream:75 - [STDERR_REDIRECT] [Fatal Error] :1:1: Premature end of file.
2026-08-27 16:15:51,350 [ERROR] LogOutputStream:75 - [STDERR_REDIRECT] 
2026-08-27 16:15:52,343 [ERROR] LogOutputStream:75 - [STDERR_REDIRECT] [Fatal Error] :1:1: Premature end of file.
2026-08-27 16:15:52,343 [ERROR] LogOutputStream:75 - [STDERR_REDIRECT] 
2026-08-27 16:15:53,347 [ERROR] LogOutputStream:75 - [STDERR_REDIRECT] [Fatal Error] :1:1: Premature end of file.
2026-08-27 16:15:53,347 [ERROR] LogOutputStream:75 - [STDERR_REDIRECT] 
2026-08-27 16:15:54,345 [ERROR] LogOutputStream:75 - [STDERR_REDIRECT] [Fatal Error] :1:1: Premature end of file.
2026-08-27 16:15:54,345 [ERROR] LogOutputStream:75 - [STDERR_REDIRECT] 
2026-08-27 16:15:55,344 [ERROR] LogOutputStream:75 - [STDERR_REDIRECT] [Fatal Error] :1:1: Premature end of file.
2026-08-27 16:15:55,344 [ERROR] LogOutputStream:75 - [STDERR_REDIRECT] 
2026-08-27 16:15:56,349 [ERROR] LogOutputStream:75 - [STDERR_REDIRECT] [Fatal Error] :1:1: Premature end of file.
2026-08-27 16:15:56,349 [ERROR] LogOutputStream:75 - [STDERR_REDIRECT] 
2026-08-27 16:15:57,349 [ERROR] LogOutputStream:75 - [STDERR_REDIRECT] [Fatal Error] :1:1: Premature end of file.
2026-08-27 16:15:57,349 [ERROR] LogOutputStream:75 - [STDERR_REDIRECT] 
2026-08-27 16:15:58,341 [ERROR] LogOutputStream:75 - [STDERR_REDIRECT] [Fatal Error] :1:1: Premature end of file.
2026-08-27 16:15:58,341 [ERROR] LogOutputStream:75 - [STDERR_REDIRECT] 
2026-08-27 16:15:59,350 [ERROR] LogOutputStream:75 - [STDERR_REDIRECT] [Fatal Error] :1:1: Premature end of file.
2026-08-27 16:15:59,350 [ERROR] LogOutputStream:75 - [STDERR_REDIRECT] 
2026-08-27 16:16:00,344 [ERROR] LogOutputStream:75 - [STDERR_REDIRECT] [Fatal Error] :1:1: Premature end of file.
2026-08-27 16:16:00,344 [ERROR] LogOutputStream:75 - [STDERR_REDIRECT] 
2026-08-27 16:16:01,339 [ERROR] LogOutputStream:75 - [STDERR_REDIRECT] [Fatal Error] :1:1: Premature end of file.
2026-08-27 16:16:01,339 [ERROR] LogOutputStream:75 - [STDERR_REDIRECT] 
2026-08-27 16:16:02,351 [ERROR] LogOutputStream:75 - [STDERR_REDIRECT] [Fatal Error] :1:1: Premature end of file.
2026-08-27 16:16:02,351 [ERROR] LogOutputStream:75 - [STDERR_REDIRECT] 
2026-08-27 16:16:03,352 [ERROR] LogOutputStream:75 - [STDERR_REDIRECT] [Fatal Error] :1:1: Premature end of file.
2026-08-27 16:16:03,352 [ERROR] LogOutputStream:75 - [STDERR_REDIRECT] 
2026-08-27 16:16:04,353 [ERROR] LogOutputStream:75 - [STDERR_REDIRECT] [Fatal Error] :1:1: Premature end of file.
2026-08-27 16:16:04,353 [ERROR] LogOutputStream:75 - [STDERR_REDIRECT] 
2026-08-27 16:16:05,355 [ERROR] LogOutputStream:75 - [STDERR_REDIRECT] [Fatal Error] :1:1: Premature end of file.
2026-08-27 16:16:05,355 [ERROR] LogOutputStream:75 - [STDERR_REDIRECT] 
2026-08-27 16:16:06,353 [ERROR] LogOutputStream:75 - [STDERR_REDIRECT] [Fatal Error] :1:1: Premature end of file.
2026-08-27 16:16:06,353 [ERROR] LogOutputStream:75 - [STDERR_REDIRECT] 
2026-08-27 16:16:07,345 [ERROR] LogOutputStream:75 - [STDERR_REDIRECT] [Fatal Error] :1:1: Premature end of file.
2026-08-27 16:16:07,345 [ERROR] LogOutputStream:75 - [STDERR_REDIRECT] 
2026-08-27 16:16:08,352 [ERROR] LogOutputStream:75 - [STDERR_REDIRECT] [Fatal Error] :1:1: Premature end of file.
2026-08-27 16:16:08,353 [ERROR] LogOutputStream:75 - [STDERR_REDIRECT] 
2026-08-27 16:16:09,347 [ERROR] LogOutputStream:75 - [STDERR_REDIRECT] [Fatal Error] :1:1: Premature end of file.
2026-08-27 16:16:09,347 [ERROR] LogOutputStream:75 - [STDERR_REDIRECT] 
2026-08-27 16:16:10,348 [ERROR] LogOutputStream:75 - [STDERR_REDIRECT] [Fatal Error] :1:1: Premature end of file.
2026-08-27 16:16:10,348 [ERROR] LogOutputStream:75 - [STDERR_REDIRECT] 
2026-08-27 16:16:11,347 [ERROR] LogOutputStream:75 - [STDERR_REDIRECT] [Fatal Error] :1:1: Premature end of file.
2026-08-27 16:16:11,347 [ERROR] LogOutputStream:75 - [STDERR_REDIRECT] 
2026-08-27 16:16:12,371 [ERROR] LogOutputStream:75 - [STDERR_REDIRECT] [Fatal Error] :1:1: Premature end of file.
2026-08-27 16:16:12,371 [ERROR] LogOutputStream:75 - [STDERR_REDIRECT] 
2026-08-27 16:16:13,347 [ERROR] LogOutputStream:75 - [STDERR_REDIRECT] [Fatal Error] :1:1: Premature end of file.
2026-08-27 16:16:13,347 [ERROR] LogOutputStream:75 - [STDERR_REDIRECT] 
2026-08-27 16:16:14,347 [ERROR] LogOutputStream:75 - [STDERR_REDIRECT] [Fatal Error] :1:1: Premature end of file.
2026-08-27 16:16:14,347 [ERROR] LogOutputStream:75 - [STDERR_REDIRECT] 
2026-08-27 16:16:15,348 [ERROR] LogOutputStream:75 - [STDERR_REDIRECT] [Fatal Error] :1:1: Premature end of file.
2026-08-27 16:16:15,348 [ERROR] LogOutputStream:75 - [STDERR_REDIRECT] 
2026-08-27 16:16:16,348 [ERROR] LogOutputStream:75 - [STDERR_REDIRECT] [Fatal Error] :1:1: Premature end of file.
2026-08-27 16:16:16,348 [ERROR] LogOutputStream:75 - [STDERR_REDIRECT] 
2026-08-27 16:16:17,109 [ERROR] LogOutputStream:75 - [STDERR_REDIRECT] 
