Ax,Ay,Az,Gx,Gy,Gz,Label
-0.017,-0.040,1.010,0.368,-3.334,0.324,Idle
-0.020,-0.038,1.012,0.420,-3.369,0.306,Idle
-0.018,-0.039,1.010,0.394,-3.334,0.280,Idle
-0.018,-0.042,1.012,0.376,-3.369,0.289,Idle
-0.018,-0.040,1.011,0.306,-3.325,0.271,Idle
-0.019,-0.039,1.010,0.376,-3.334,0.315,Idle
-0.018,-0.041,1.012,0.376,-3.351,0.298,Idle
-0.018,-0.042,1.011,0.324,-3.360,0.324,Idle
-0.020,-0.039,1.009,0.341,-3.316,0.280,Idle
-0.018,-0.038,1.011,0.341,-3.342,0.289,Idle
-0.018,-0.041,1.009,0.359,-3.316,0.315,Idle
-0.018,-0.041,1.012,0.394,-3.334,0.271,Idle
-0.018,-0.040,1.010,0.385,-3.316,0.254,Idle
-0.020,-0.039,1.011,0.368,-3.351,0.306,Idle
-0.019,-0.042,1.012,0.394,-3.316,0.280,Idle
-0.018,-0.042,1.012,0.350,-3.395,0.306,Idle
-0.018,-0.039,1.010,0.306,-3.351,0.289,Idle
-0.018,-0.040,1.011,0.324,-3.351,0.298,Idle
-0.018,-0.040,1.010,0.359,-3.351,0.324,Idle
-0.019,-0.041,1.011,0.341,-3.325,0.280,Idle
-0.018,-0.039,1.011,0.394,-3.334,0.306,Idle
-0.019,-0.040,1.012,0.359,-3.360,0.280,Idle
-0.019,-0.041,1.011,0.315,-3.369,0.333,Idle
-0.019,-0.042,1.012,0.333,-3.316,0.324,Idle
-0.019,-0.040,1.011,0.333,-3.325,0.298,Idle
-0.019,-0.040,1.013,0.341,-3.316,0.262,Idle
-0.018,-0.041,1.012,0.333,-3.342,0.280,Idle
-0.019,-0.040,1.011,0.403,-3.325,0.315,Idle
-0.018,-0.039,1.011,0.333,-3.342,0.315,Idle
-0.019,-0.040,1.010,0.376,-3.325,0.289,Idle
-0.018,-0.041,1.011,0.333,-3.342,0.289,Idle
-0.020,-0.040,1.011,0.359,-3.299,0.306,Idle
-0.019,-0.040,1.010,0.385,-3.342,0.298,Idle
-0.019,-0.041,1.013,0.385,-3.325,0.306,Idle
-0.018,-0.040,1.011,0.429,-3.342,0.298,Idle
-0.018,-0.041,1.011,0.333,-3.351,0.324,Idle
-0.018,-0.040,1.011,0.394,-3.334,0.306,Idle
-0.019,-0.041,1.012,0.333,-3.342,0.289,Idle
-0.018,-0.040,1.011,0.341,-3.299,0.306,Idle
-0.019,-0.041,1.011,0.394,-3.325,0.298,Idle
-0.018,-0.040,1.009,0.341,-3.351,0.289,Idle
-0.019,-0.041,1.012,0.394,-3.299,0.289,Idle
-0.018,-0.041,1.010,0.368,-3.369,0.280,Idle
-0.019,-0.040,1.011,0.385,-3.342,0.271,Idle
-0.018,-0.039,1.010,0.376,-3.316,0.245,Idle
-0.018,-0.040,1.011,0.385,-3.325,0.298,Idle
-0.017,-0.041,1.011,0.376,-3.369,0.280,Idle
-0.019,-0.040,1.012,0.376,-3.378,0.271,Idle
-0.019,-0.039,1.010,0.376,-3.342,0.306,Idle
-0.018,-0.040,1.010,0.341,-3.307,0.298,Idle
-0.019,-0.039,1.011,0.306,-3.351,0.298,Idle
-0.019,-0.041,1.010,0.394,-3.290,0.262,Idle
-0.017,-0.039,1.009,0.359,-3.273,0.289,Idle
-0.018,-0.041,1.011,0.368,-3.334,0.289,Idle
-0.019,-0.041,1.009,0.385,-3.360,0.280,Idle
-0.019,-0.040,1.011,0.403,-3.378,0.324,Idle
-0.019,-0.040,1.012,0.385,-3.369,0.280,Idle
-0.018,-0.041,1.010,0.350,-3.351,0.280,Idle
-0.019,-0.040,1.011,0.394,-3.342,0.289,Idle
-0.018,-0.040,1.011,0.429,-3.395,0.298,Idle
-0.018,-0.040,1.011,0.385,-3.378,0.306,Idle
-0.019,-0.040,1.012,0.385,-3.307,0.324,Idle
-0.020,-0.041,1.011,0.376,-3.325,0.289,Idle
-0.018,-0.040,1.012,0.359,-3.351,0.341,Idle
-0.018,-0.040,1.011,0.429,-3.325,0.271,Idle
-0.019,-0.040,1.012,0.359,-3.351,0.315,Idle
-0.018,-0.040,1.011,0.333,-3.316,0.315,Idle
-0.018,-0.041,1.011,0.376,-3.334,0.324,Idle
-0.018,-0.040,1.011,0.368,-3.307,0.262,Idle
-0.019,-0.040,1.011,0.333,-3.342,0.341,Idle
-0.018,-0.040,1.010,0.368,-3.334,0.289,Idle
-0.018,-0.041,1.011,0.359,-3.342,0.271,Idle
-0.018,-0.041,1.010,0.306,-3.378,0.324,Idle
-0.018,-0.040,1.011,0.376,-3.360,0.298,Idle
-0.019,-0.041,1.011,0.403,-3.334,0.324,Idle
-0.018,-0.041,1.010,0.385,-3.342,0.306,Idle
-0.018,-0.039,1.012,0.403,-3.334,0.298,Idle
-0.019,-0.040,1.011,0.385,-3.325,0.333,Idle
-0.018,-0.040,1.012,0.341,-3.325,0.306,Idle
-0.018,-0.041,1.011,0.350,-3.360,0.368,Idle
-0.019,-0.040,1.011,0.350,-3.342,0.341,Idle
-0.019,-0.039,1.011,0.341,-3.325,0.324,Idle
-0.018,-0.040,1.010,0.315,-3.360,0.289,Idle
-0.018,-0.040,1.011,0.341,-3.342,0.298,Idle
-0.019,-0.040,1.011,0.333,-3.334,0.298,Idle
-0.019,-0.041,1.010,0.289,-3.299,0.333,Idle
-0.019,-0.040,1.012,0.385,-3.360,0.289,Idle
-0.018,-0.041,1.011,0.359,-3.351,0.306,Idle
-0.018,-0.040,1.011,0.324,-3.299,0.324,Idle
-0.018,-0.040,1.010,0.359,-3.386,0.306,Idle
-0.018,-0.041,1.010,0.368,-3.307,0.324,Idle
-0.019,-0.041,1.010,0.403,-3.334,0.298,Idle
-0.019,-0.041,1.011,0.333,-3.369,0.298,Idle
-0.018,-0.040,1.011,0.341,-3.325,0.271,Idle
-0.018,-0.040,1.011,0.333,-3.299,0.315,Idle
-0.017,-0.040,1.011,0.359,-3.351,0.315,Idle
-0.018,-0.040,1.011,0.368,-3.299,0.298,Idle
-0.018,-0.041,1.011,0.385,-3.334,0.298,Idle
-0.017,-0.040,1.011,0.341,-3.299,0.289,Idle
-0.018,-0.040,1.011,0.359,-3.307,0.289,Idle
-0.019,-0.040,1.012,0.359,-3.351,0.289,Idle
-0.018,-0.040,1.010,0.350,-3.299,0.298,Idle
-0.018,-0.040,1.011,0.368,-3.351,0.289,Idle
-0.018,-0.041,1.010,0.368,-3.360,0.306,Idle
-0.018,-0.040,1.011,0.403,-3.360,0.271,Idle
-0.018,-0.040,1.012,0.376,-3.369,0.280,Idle
-0.018,-0.040,1.011,0.411,-3.342,0.289,Idle
-0.018,-0.041,1.012,0.368,-3.299,0.341,Idle
-0.019,-0.040,1.010,0.394,-3.360,0.254,Idle
-0.018,-0.040,1.010,0.341,-3.325,0.333,Idle
-0.019,-0.041,1.010,0.350,-3.334,0.315,Idle
-0.018,-0.040,1.011,0.359,-3.281,0.315,Idle
-0.018,-0.041,1.012,0.359,-3.369,0.262,Idle
-0.018,-0.041,1.012,0.376,-3.316,0.280,Idle
-0.018,-0.040,1.011,0.394,-3.342,0.306,Idle
-0.019,-0.040,1.012,0.359,-3.360,0.298,Idle
-0.019,-0.041,1.011,0.368,-3.342,0.324,Idle
-0.017,-0.040,1.011,0.385,-3.325,0.306,Idle
-0.018,-0.041,1.012,0.350,-3.307,0.254,Idle
-0.017,-0.040,1.011,0.341,-3.351,0.324,Idle
-0.019,-0.040,1.012,0.341,-3.351,0.289,Idle
-0.019,-0.040,1.011,0.376,-3.316,0.315,Idle
-0.018,-0.040,1.011,0.385,-3.325,0.306,Idle
-0.019,-0.040,1.011,0.394,-3.369,0.298,Idle
-0.019,-0.041,1.012,0.385,-3.334,0.236,Idle
-0.019,-0.040,1.011,0.341,-3.351,0.271,Idle
-0.019,-0.040,1.011,0.341,-3.334,0.271,Idle
-0.018,-0.040,1.011,0.376,-3.334,0.262,Idle
-0.019,-0.040,1.011,0.394,-3.334,0.236,Idle
-0.018,-0.040,1.010,0.350,-3.299,0.254,Idle
-0.018,-0.040,1.012,0.385,-3.360,0.306,Idle
-0.019,-0.041,1.011,0.376,-3.325,0.289,Idle
-0.018,-0.040,1.012,0.333,-3.342,0.306,Idle
-0.018,-0.040,1.012,0.350,-3.316,0.289,Idle
-0.017,-0.040,1.011,0.403,-3.369,0.254,Idle
-0.018,-0.040,1.010,0.385,-3.325,0.289,Idle
-0.019,-0.041,1.013,0.376,-3.316,0.324,Idle
-0.018,-0.040,1.012,0.376,-3.351,0.245,Idle
-0.019,-0.040,1.012,0.394,-3.351,0.245,Idle
-0.018,-0.040,1.011,0.403,-3.360,0.280,Idle
-0.019,-0.040,1.011,0.368,-3.299,0.315,Idle
-0.018,-0.040,1.010,0.403,-3.369,0.280,Idle
-0.017,-0.040,1.011,0.385,-3.290,0.298,Idle
-0.018,-0.041,1.012,0.403,-3.334,0.262,Idle
-0.020,-0.040,1.013,0.376,-3.307,0.271,Idle
-0.018,-0.040,1.012,0.368,-3.351,0.306,Idle
-0.018,-0.039,1.009,0.350,-3.334,0.324,Idle
-0.018,-0.040,1.011,0.341,-3.342,0.333,Idle
-0.018,-0.041,1.012,0.376,-3.360,0.306,Idle
-0.017,-0.041,1.012,0.376,-3.386,0.289,Idle
-0.018,-0.039,1.011,0.324,-3.342,0.324,Idle
-0.019,-0.040,1.011,0.333,-3.342,0.341,Idle
-0.019,-0.040,1.011,0.333,-3.378,0.341,Idle
-0.018,-0.040,1.010,0.368,-3.307,0.306,Idle
-0.018,-0.041,1.010,0.368,-3.360,0.324,Idle
-0.018,-0.040,1.012,0.359,-3.351,0.298,Idle
-0.018,-0.040,1.011,0.394,-3.360,0.315,Idle
-0.018,-0.040,1.010,0.350,-3.334,0.306,Idle
-0.018,-0.041,1.012,0.341,-3.360,0.298,Idle
-0.018,-0.040,1.012,0.324,-3.351,0.315,Idle
-0.019,-0.041,1.010,0.333,-3.307,0.324,Idle
-0.018,-0.041,1.011,0.359,-3.325,0.324,Idle
-0.018,-0.041,1.011,0.350,-3.334,0.298,Idle
-0.018,-0.040,1.013,0.368,-3.351,0.271,Idle
-0.018,-0.040,1.011,0.403,-3.342,0.280,Idle
-0.018,-0.040,1.011,0.341,-3.342,0.280,Idle
-0.019,-0.041,1.012,0.394,-3.369,0.341,Idle
-0.018,-0.041,1.012,0.359,-3.351,0.333,Idle
-0.019,-0.039,1.012,0.298,-3.351,0.271,Idle
-0.018,-0.040,1.011,0.385,-3.342,0.289,Idle
-0.018,-0.040,1.012,0.341,-3.325,0.306,Idle
-0.018,-0.040,1.012,0.385,-3.369,0.280,Idle
-0.019,-0.040,1.012,0.350,-3.342,0.306,Idle
-0.019,-0.041,1.012,0.368,-3.351,0.306,Idle
-0.019,-0.040,1.012,0.368,-3.334,0.289,Idle
-0.018,-0.040,1.010,0.359,-3.360,0.271,Idle
-0.019,-0.040,1.012,0.368,-3.378,0.289,Idle
-0.018,-0.040,1.013,0.324,-3.316,0.289,Idle
-0.017,-0.040,1.012,0.376,-3.342,0.306,Idle
-0.019,-0.040,1.012,0.368,-3.325,0.280,Idle
-0.018,-0.040,1.011,0.385,-3.342,0.228,Idle
-0.018,-0.040,1.011,0.368,-3.325,0.315,Idle
-0.018,-0.040,1.011,0.394,-3.325,0.324,Idle
-0.018,-0.040,1.011,0.341,-3.325,0.315,Idle
-0.019,-0.041,1.011,0.394,-3.351,0.306,Idle
-0.019,-0.040,1.012,0.359,-3.351,0.324,Idle
-0.019,-0.041,1.012,0.350,-3.369,0.289,Idle
-0.019,-0.040,1.011,0.394,-3.325,0.271,Idle
-0.019,-0.040,1.011,0.385,-3.299,0.289,Idle
-0.018,-0.041,1.011,0.368,-3.342,0.280,Idle
-0.018,-0.041,1.013,0.341,-3.325,0.271,Idle
-0.017,-0.041,1.009,0.341,-3.281,0.289,Idle
-0.018,-0.041,1.011,0.368,-3.369,0.289,Idle
-0.018,-0.040,1.011,0.403,-3.316,0.280,Idle
-0.019,-0.041,1.011,0.368,-3.334,0.306,Idle
-0.018,-0.040,1.012,0.385,-3.334,0.280,Idle
-0.018,-0.040,1.010,0.350,-3.342,0.280,Idle
-0.018,-0.040,1.012,0.341,-3.334,0.289,Idle
-0.018,-0.040,1.011,0.376,-3.334,0.298,Idle
-0.019,-0.040,1.011,0.385,-3.360,0.315,Idle
-0.019,-0.041,1.011,0.394,-3.325,0.315,Idle
-0.019,-0.041,1.012,0.359,-3.342,0.350,Idle
-0.018,-0.040,1.011,0.350,-3.316,0.280,Idle
-0.018,-0.040,1.011,0.376,-3.342,0.306,Idle
-0.018,-0.040,1.011,0.350,-3.307,0.324,Idle
-0.018,-0.040,1.010,0.350,-3.325,0.315,Idle
-0.018,-0.040,1.012,0.350,-3.351,0.306,Idle
-0.018,-0.041,1.012,0.359,-3.351,0.262,Idle
-0.019,-0.041,1.012,0.350,-3.325,0.280,Idle
-0.019,-0.041,1.012,0.359,-3.342,0.315,Idle
-0.018,-0.040,1.011,0.341,-3.316,0.315,Idle
-0.019,-0.039,1.012,0.394,-3.378,0.306,Idle
-0.018,-0.040,1.011,0.411,-3.342,0.262,Idle
-0.019,-0.041,1.011,0.359,-3.360,0.289,Idle
-0.019,-0.041,1.011,0.359,-3.342,0.324,Idle
-0.018,-0.041,1.012,0.333,-3.325,0.298,Idle
-0.018,-0.040,1.011,0.411,-3.307,0.298,Idle
-0.017,-0.040,1.012,0.333,-3.360,0.280,Idle
-0.018,-0.041,1.012,0.341,-3.334,0.333,Idle
-0.018,-0.040,1.011,0.350,-3.342,0.289,Idle
-0.019,-0.041,1.011,0.359,-3.334,0.298,Idle
-0.018,-0.040,1.011,0.359,-3.369,0.324,Idle
-0.018,-0.041,1.012,0.359,-3.334,0.271,Idle
-0.018,-0.040,1.011,0.368,-3.351,0.271,Idle
-0.019,-0.040,1.010,0.341,-3.378,0.298,Idle
-0.018,-0.041,1.011,0.359,-3.360,0.289,Idle
-0.019,-0.040,1.011,0.368,-3.307,0.271,Idle
-0.018,-0.040,1.011,0.359,-3.334,0.298,Idle
-0.018,-0.040,1.012,0.376,-3.307,0.262,Idle
-0.019,-0.041,1.012,0.359,-3.342,0.298,Idle
-0.019,-0.040,1.012,0.298,-3.290,0.315,Idle
-0.018,-0.040,1.009,0.333,-3.307,0.289,Idle
-0.018,-0.041,1.011,0.385,-3.334,0.289,Idle
-0.018,-0.041,1.011,0.403,-3.325,0.289,Idle
-0.019,-0.040,1.012,0.341,-3.360,0.324,Idle
-0.017,-0.040,1.010,0.394,-3.360,0.324,Idle
-0.018,-0.040,1.011,0.403,-3.316,0.333,Idle
-0.018,-0.040,1.011,0.368,-3.334,0.315,Idle
-0.019,-0.040,1.011,0.350,-3.378,0.271,Idle
-0.018,-0.040,1.011,0.376,-3.281,0.271,Idle
-0.020,-0.040,1.011,0.376,-3.360,0.333,Idle
-0.019,-0.040,1.010,0.394,-3.316,0.280,Idle
-0.018,-0.039,1.011,0.420,-3.351,0.280,Idle
-0.020,-0.040,1.012,0.403,-3.360,0.298,Idle
-0.017,-0.040,1.010,0.359,-3.325,0.280,Idle
-0.018,-0.039,1.011,0.385,-3.386,0.271,Idle
-0.018,-0.039,1.010,0.394,-3.290,0.280,Idle
-0.020,-0.040,1.011,0.341,-3.334,0.254,Idle
-0.018,-0.040,1.011,0.394,-3.334,0.324,Idle
-0.018,-0.040,1.011,0.350,-3.342,0.306,Idle
-0.018,-0.039,1.010,0.359,-3.334,0.341,Idle
-0.018,-0.040,1.012,0.333,-3.290,0.324,Idle
-0.018,-0.041,1.011,0.350,-3.351,0.280,Idle
-0.018,-0.041,1.012,0.376,-3.334,0.254,Idle
-0.019,-0.040,1.012,0.359,-3.351,0.324,Idle
-0.019,-0.040,1.012,0.385,-3.325,0.333,Idle
-0.018,-0.040,1.010,0.394,-3.360,0.324,Idle
-0.018,-0.041,1.012,0.333,-3.316,0.333,Idle
-0.018,-0.040,1.011,0.368,-3.378,0.324,Idle
-0.019,-0.040,1.012,0.385,-3.342,0.271,Idle
-0.018,-0.042,1.011,0.333,-3.342,0.289,Idle
-0.019,-0.041,1.011,0.429,-3.281,0.298,Idle
-0.018,-0.040,1.010,0.350,-3.369,0.298,Idle
-0.019,-0.040,1.012,0.350,-3.299,0.298,Idle
-0.019,-0.040,1.011,0.385,-3.342,0.254,Idle
-0.019,-0.040,1.011,0.411,-3.342,0.289,Idle
-0.019,-0.040,1.011,0.376,-3.325,0.298,Idle
-0.019,-0.041,1.011,0.455,-3.351,0.254,Idle
-0.018,-0.040,1.011,0.350,-3.325,0.324,Idle
-0.020,-0.040,1.012,0.333,-3.369,0.289,Idle
-0.019,-0.041,1.011,0.368,-3.351,0.333,Idle
-0.019,-0.041,1.013,0.350,-3.290,0.315,Idle
-0.018,-0.041,1.011,0.333,-3.307,0.298,Idle
-0.019,-0.040,1.011,0.333,-3.342,0.289,Idle
-0.019,-0.041,1.011,0.359,-3.316,0.324,Idle
-0.019,-0.041,1.011,0.333,-3.342,0.289,Idle
-0.017,-0.040,1.011,0.403,-3.378,0.315,Idle
-0.019,-0.040,1.013,0.376,-3.307,0.262,Idle
-0.019,-0.040,1.011,0.368,-3.316,0.271,Idle
-0.019,-0.040,1.013,0.350,-3.378,0.245,Idle
-0.017,-0.040,1.011,0.341,-3.299,0.298,Idle
-0.018,-0.040,1.011,0.341,-3.325,0.306,Idle
-0.019,-0.040,1.012,0.324,-3.307,0.289,Idle
-0.018,-0.040,1.011,0.341,-3.360,0.289,Idle
-0.017,-0.040,1.012,0.359,-3.325,0.289,Idle
-0.020,-0.041,1.011,0.359,-3.334,0.315,Idle
-0.018,-0.039,1.010,0.333,-3.307,0.324,Idle
-0.020,-0.040,1.010,0.385,-3.369,0.245,Idle
-0.019,-0.040,1.011,0.359,-3.360,0.324,Idle
-0.019,-0.040,1.011,0.376,-3.360,0.324,Idle
-0.018,-0.040,1.011,0.350,-3.316,0.289,Idle
-0.018,-0.041,1.011,0.359,-3.334,0.298,Idle
-0.017,-0.040,1.010,0.368,-3.342,0.254,Idle
-0.019,-0.040,1.012,0.359,-3.325,0.289,Idle
-0.018,-0.041,1.011,0.385,-3.334,0.306,Idle
-0.018,-0.039,1.009,0.359,-3.342,0.306,Idle
-0.018,-0.042,1.011,0.385,-3.369,0.315,Idle
-0.018,-0.039,1.010,0.394,-3.360,0.289,Idle
-0.019,-0.041,1.012,0.341,-3.334,0.306,Idle
-0.018,-0.040,1.011,0.385,-3.351,0.289,Idle
-0.017,-0.040,1.011,0.333,-3.334,0.298,Idle
-0.019,-0.041,1.012,0.350,-3.325,0.289,Idle
-0.018,-0.040,1.011,0.359,-3.307,0.333,Idle
-0.019,-0.042,1.013,0.350,-3.342,0.315,Idle
-0.018,-0.041,1.010,0.385,-3.316,0.289,Idle
-0.019,-0.039,1.010,0.324,-3.334,0.271,Idle
-0.019,-0.040,1.010,0.385,-3.342,0.271,Idle
-0.018,-0.040,1.011,0.420,-3.316,0.289,Idle
-0.018,-0.041,1.011,0.385,-3.281,0.228,Idle
-0.018,-0.041,1.011,0.403,-3.369,0.289,Idle
-0.018,-0.038,1.012,0.324,-3.342,0.228,Idle
-0.018,-0.041,1.012,0.315,-3.334,0.315,Idle
-0.017,-0.040,1.010,0.341,-3.360,0.315,Idle
-0.019,-0.040,1.011,0.315,-3.334,0.262,Idle
-0.019,-0.040,1.011,0.359,-3.334,0.298,Idle
-0.018,-0.040,1.011,0.350,-3.325,0.236,Idle
-0.018,-0.040,1.011,0.368,-3.351,0.341,Idle
-0.018,-0.040,1.010,0.350,-3.307,0.262,Idle
-0.019,-0.040,1.012,0.394,-3.342,0.262,Idle
-0.019,-0.040,1.010,0.368,-3.325,0.280,Idle
-0.019,-0.040,1.011,0.385,-3.307,0.324,Idle
-0.019,-0.041,1.012,0.376,-3.351,0.298,Idle
-0.019,-0.040,1.010,0.350,-3.334,0.254,Idle
-0.017,-0.040,1.012,0.385,-3.316,0.271,Idle
-0.017,-0.040,1.010,0.385,-3.351,0.262,Idle
-0.019,-0.040,1.012,0.403,-3.325,0.271,Idle
-0.019,-0.041,1.010,0.403,-3.307,0.289,Idle
-0.018,-0.041,1.010,0.385,-3.351,0.280,Idle
-0.018,-0.040,1.012,0.385,-3.316,0.271,Idle
-0.018,-0.040,1.010,0.368,-3.307,0.315,Idle
-0.019,-0.041,1.013,0.333,-3.334,0.306,Idle
-0.019,-0.040,1.012,0.385,-3.369,0.271,Idle
-0.018,-0.040,1.012,0.403,-3.307,0.280,Idle
-0.017,-0.040,1.010,0.376,-3.351,0.289,Idle
-0.019,-0.041,1.011,0.376,-3.325,0.298,Idle
-0.018,-0.040,1.011,0.341,-3.360,0.359,Idle
-0.019,-0.040,1.010,0.368,-3.360,0.333,Idle
-0.018,-0.041,1.012,0.403,-3.325,0.324,Idle
-0.019,-0.041,1.012,0.333,-3.360,0.324,Idle
-0.018,-0.040,1.011,0.359,-3.307,0.315,Idle
-0.018,-0.041,1.012,0.394,-3.351,0.324,Idle
-0.017,-0.041,1.010,0.333,-3.369,0.298,Idle
-0.019,-0.040,1.011,0.350,-3.316,0.315,Idle
-0.018,-0.041,1.009,0.341,-3.351,0.280,Idle
-0.016,-0.039,1.012,0.368,-3.316,0.359,Idle
-0.020,-0.042,1.011,0.359,-3.369,0.262,Idle
-0.018,-0.040,1.011,0.359,-3.351,0.262,Idle
-0.019,-0.040,1.010,0.350,-3.360,0.306,Idle
-0.018,-0.040,1.012,0.350,-3.342,0.306,Idle
-0.019,-0.041,1.010,0.394,-3.273,0.289,Idle
-0.018,-0.040,1.009,0.333,-3.273,0.280,Idle
-0.019,-0.039,1.011,0.394,-3.351,0.315,Idle
-0.017,-0.041,1.011,0.359,-3.325,0.324,Idle
-0.018,-0.041,1.010,0.385,-3.378,0.298,Idle
-0.018,-0.041,1.010,0.359,-3.316,0.324,Idle
-0.019,-0.039,1.010,0.341,-3.334,0.289,Idle
-0.019,-0.041,1.012,0.359,-3.334,0.289,Idle
-0.019,-0.040,1.011,0.350,-3.360,0.289,Idle
-0.019,-0.040,1.011,0.341,-3.334,0.289,Idle
-0.019,-0.040,1.011,0.359,-3.307,0.254,Idle
-0.020,-0.041,1.014,0.394,-3.342,0.306,Idle
-0.018,-0.040,1.011,0.341,-3.325,0.245,Idle
-0.019,-0.041,1.011,0.403,-3.369,0.306,Idle
-0.017,-0.041,1.010,0.341,-3.351,0.298,Idle
-0.018,-0.041,1.010,0.385,-3.334,0.280,Idle
-0.018,-0.039,1.010,0.394,-3.360,0.280,Idle
-0.020,-0.042,1.013,0.324,-3.316,0.315,Idle
-0.016,-0.039,1.009,0.376,-3.342,0.289,Idle
-0.020,-0.041,1.011,0.376,-3.378,0.298,Idle
-0.018,-0.040,1.011,0.333,-3.351,0.341,Idle
-0.018,-0.040,1.011,0.341,-3.369,0.298,Idle
-0.019,-0.039,1.011,0.385,-3.351,0.298,Idle
-0.018,-0.040,1.010,0.341,-3.325,0.289,Idle
-0.018,-0.039,1.012,0.385,-3.299,0.280,Idle
-0.018,-0.040,1.011,0.376,-3.325,0.289,Idle
-0.018,-0.042,1.011,0.385,-3.316,0.306,Idle
-0.017,-0.039,1.011,0.403,-3.334,0.298,Idle
-0.019,-0.040,1.011,0.385,-3.342,0.271,Idle
-0.018,-0.040,1.011,0.376,-3.334,0.236,Idle
-0.018,-0.041,1.011,0.324,-3.334,0.280,Idle
-0.018,-0.040,1.011,0.350,-3.316,0.315,Idle
-0.020,-0.041,1.011,0.368,-3.360,0.298,Idle
-0.017,-0.040,1.011,0.315,-3.360,0.262,Idle
-0.018,-0.039,1.010,0.341,-3.307,0.324,Idle
-0.019,-0.040,1.012,0.368,-3.334,0.289,Idle
-0.017,-0.040,1.012,0.359,-3.299,0.298,Idle
-0.017,-0.040,1.010,0.359,-3.316,0.280,Idle
-0.018,-0.040,1.011,0.350,-3.316,0.315,Idle
-0.018,-0.041,1.012,0.350,-3.395,0.280,Idle
-0.018,-0.041,1.012,0.368,-3.351,0.315,Idle
-0.018,-0.039,1.009,0.324,-3.360,0.315,Idle
-0.019,-0.041,1.012,0.359,-3.342,0.298,Idle
-0.018,-0.041,1.011,0.368,-3.316,0.315,Idle
-0.018,-0.040,1.011,0.368,-3.342,0.262,Idle
-0.018,-0.042,1.012,0.385,-3.342,0.298,Idle
-0.018,-0.039,1.009,0.403,-3.351,0.289,Idle
-0.019,-0.041,1.012,0.368,-3.334,0.289,Idle
-0.018,-0.040,1.013,0.350,-3.386,0.298,Idle
-0.017,-0.040,1.009,0.411,-3.342,0.298,Idle
-0.018,-0.041,1.012,0.298,-3.334,0.324,Idle
-0.018,-0.040,1.011,0.368,-3.342,0.324,Idle
-0.019,-0.040,1.011,0.368,-3.342,0.306,Idle
-0.018,-0.040,1.011,0.341,-3.342,0.333,Idle
-0.019,-0.040,1.011,0.306,-3.369,0.298,Idle
-0.018,-0.040,1.012,0.315,-3.307,0.324,Idle
-0.019,-0.041,1.012,0.333,-3.342,0.271,Idle
-0.019,-0.041,1.009,0.376,-3.281,0.289,Idle
-0.018,-0.040,1.011,0.341,-3.325,0.289,Idle
-0.019,-0.042,1.011,0.403,-3.334,0.306,Idle
-0.018,-0.041,1.011,0.394,-3.369,0.280,Idle
-0.018,-0.041,1.010,0.420,-3.334,0.324,Idle
-0.019,-0.040,1.011,0.359,-3.334,0.324,Idle
-0.018,-0.041,1.011,0.341,-3.369,0.298,Idle
-0.018,-0.041,1.011,0.368,-3.342,0.271,Idle
-0.019,-0.041,1.012,0.341,-3.351,0.280,Idle
-0.018,-0.039,1.012,0.359,-3.351,0.298,Idle
-0.018,-0.040,1.010,0.376,-3.351,0.315,Idle
-0.018,-0.041,1.011,0.420,-3.342,0.289,Idle
-0.018,-0.039,1.009,0.368,-3.325,0.280,Idle
-0.019,-0.040,1.011,0.385,-3.334,0.245,Idle
-0.020,-0.040,1.010,0.359,-3.351,0.315,Idle
-0.019,-0.040,1.010,0.315,-3.307,0.289,Idle
-0.019,-0.041,1.011,0.350,-3.334,0.262,Idle
-0.018,-0.041,1.011,0.420,-3.342,0.306,Idle
-0.018,-0.040,1.011,0.333,-3.351,0.271,Idle
-0.019,-0.040,1.011,0.333,-3.334,0.324,Idle
-0.019,-0.041,1.011,0.376,-3.342,0.280,Idle
-0.018,-0.041,1.010,0.420,-3.316,0.306,Idle
-0.019,-0.039,1.011,0.394,-3.316,0.254,Idle
-0.018,-0.040,1.011,0.350,-3.325,0.262,Idle
-0.018,-0.040,1.012,0.394,-3.351,0.306,Idle
-0.018,-0.040,1.011,0.376,-3.316,0.289,Idle
-0.019,-0.040,1.013,0.350,-3.325,0.254,Idle
-0.018,-0.041,1.010,0.359,-3.342,0.289,Idle
-0.018,-0.041,1.012,0.368,-3.299,0.289,Idle
-0.018,-0.040,1.010,0.403,-3.316,0.289,Idle
-0.019,-0.040,1.010,0.368,-3.351,0.298,Idle
-0.018,-0.040,1.010,0.420,-3.369,0.306,Idle
-0.019,-0.041,1.010,0.368,-3.264,0.315,Idle
-0.019,-0.040,1.011,0.333,-3.325,0.298,Idle
-0.018,-0.040,1.010,0.420,-3.369,0.324,Idle
-0.018,-0.040,1.009,0.368,-3.360,0.315,Idle
-0.018,-0.040,1.012,0.341,-3.351,0.298,Idle
-0.018,-0.041,1.010,0.350,-3.342,0.324,Idle
-0.017,-0.039,1.011,0.350,-3.351,0.350,Idle
-0.018,-0.042,1.012,0.403,-3.325,0.271,Idle
-0.016,-0.039,1.010,0.341,-3.325,0.324,Idle
-0.018,-0.041,1.012,0.376,-3.369,0.333,Idle
-0.019,-0.041,1.012,0.333,-3.325,0.254,Idle
-0.019,-0.042,1.011,0.368,-3.307,0.280,Idle
-0.018,-0.041,1.010,0.359,-3.281,0.324,Idle
-0.018,-0.039,1.012,0.298,-3.290,0.280,Idle
-0.018,-0.041,1.011,0.324,-3.316,0.280,Idle
-0.018,-0.040,1.011,0.350,-3.325,0.289,Idle
-0.019,-0.041,1.012,0.376,-3.342,0.306,Idle
-0.017,-0.040,1.010,0.324,-3.325,0.289,Idle
-0.018,-0.041,1.011,0.376,-3.360,0.306,Idle
-0.018,-0.040,1.011,0.315,-3.307,0.280,Idle
-0.018,-0.039,1.011,0.324,-3.334,0.280,Idle
-0.020,-0.041,1.011,0.376,-3.334,0.306,Idle
-0.018,-0.041,1.011,0.341,-3.342,0.324,Idle
-0.019,-0.040,1.011,0.376,-3.325,0.271,Idle
-0.019,-0.040,1.011,0.333,-3.360,0.324,Idle
-0.018,-0.039,1.011,0.350,-3.307,0.298,Idle
-0.019,-0.041,1.011,0.376,-3.378,0.280,Idle
-0.019,-0.039,1.009,0.333,-3.351,0.315,Idle
-0.019,-0.040,1.011,0.341,-3.351,0.298,Idle
-0.019,-0.041,1.010,0.359,-3.316,0.280,Idle
-0.018,-0.041,1.011,0.368,-3.369,0.271,Idle
-0.019,-0.040,1.010,0.350,-3.290,0.298,Idle
-0.018,-0.041,1.011,0.333,-3.325,0.271,Idle
-0.017,-0.040,1.009,0.359,-3.316,0.289,Idle
-0.018,-0.040,1.011,0.341,-3.325,0.289,Idle
-0.019,-0.041,1.012,0.341,-3.360,0.306,Idle
-0.018,-0.040,1.012,0.359,-3.316,0.289,Idle
-0.019,-0.040,1.010,0.341,-3.316,0.306,Idle
-0.018,-0.041,1.011,0.385,-3.360,0.306,Idle
-0.019,-0.041,1.010,0.385,-3.351,0.298,Idle
-0.018,-0.040,1.011,0.376,-3.307,0.280,Idle
-0.017,-0.041,1.010,0.368,-3.351,0.271,Idle
-0.019,-0.040,1.011,0.359,-3.369,0.315,Idle
-0.019,-0.040,1.012,0.385,-3.325,0.306,Idle
-0.018,-0.040,1.012,0.394,-3.325,0.289,Idle
-0.019,-0.040,1.010,0.376,-3.316,0.271,Idle
-0.018,-0.040,1.010,0.368,-3.316,0.271,Idle
-0.019,-0.040,1.011,0.368,-3.342,0.324,Idle
-0.019,-0.040,1.011,0.359,-3.316,0.359,Idle
-0.018,-0.040,1.010,0.394,-3.378,0.298,Idle
-0.019,-0.040,1.012,0.376,-3.351,0.298,Idle
-0.018,-0.039,1.010,0.368,-3.290,0.298,Idle
-0.018,-0.040,1.010,0.429,-3.299,0.289,Idle
-0.018,-0.040,1.010,0.420,-3.360,0.262,Idle
-0.018,-0.040,1.010,0.411,-3.378,0.315,Idle
-0.020,-0.041,1.013,0.333,-3.334,0.306,Idle
-0.019,-0.041,1.012,0.359,-3.325,0.289,Idle
-0.019,-0.041,1.012,0.368,-3.325,0.280,Idle
-0.019,-0.040,1.010,0.376,-3.342,0.315,Idle
-0.018,-0.041,1.011,0.376,-3.307,0.298,Idle
-0.018,-0.041,1.010,0.403,-3.307,0.315,Idle
-0.018,-0.040,1.012,0.368,-3.360,0.324,Idle
-0.019,-0.041,1.011,0.359,-3.325,0.289,Idle
-0.017,-0.040,1.011,0.376,-3.334,0.315,Idle
-0.018,-0.041,1.012,0.324,-3.325,0.236,Idle
-0.019,-0.041,1.011,0.324,-3.369,0.306,Idle
-0.018,-0.039,1.011,0.359,-3.307,0.289,Idle
-0.019,-0.040,1.012,0.368,-3.342,0.289,Idle
-0.018,-0.039,1.010,0.394,-3.369,0.298,Idle
-0.019,-0.040,1.012,0.368,-3.290,0.333,Idle
-0.018,-0.040,1.010,0.350,-3.342,0.298,Idle
-0.018,-0.041,1.011,0.324,-3.351,0.280,Idle
-0.019,-0.040,1.010,0.341,-3.307,0.298,Idle
-0.019,-0.041,1.012,0.333,-3.334,0.333,Idle
-0.020,-0.042,1.012,0.403,-3.342,0.315,Idle
-0.019,-0.040,1.011,0.368,-3.316,0.245,Idle
-0.019,-0.040,1.011,0.333,-3.307,0.298,Idle
-0.018,-0.040,1.011,0.394,-3.334,0.280,Idle
-0.018,-0.041,1.010,0.333,-3.273,0.280,Idle
-0.018,-0.041,1.011,0.333,-3.281,0.324,Idle
-0.019,-0.040,1.010,0.385,-3.360,0.298,Idle
-0.018,-0.040,1.011,0.368,-3.386,0.341,Idle
-0.019,-0.041,1.011,0.376,-3.334,0.324,Idle
-0.019,-0.040,1.011,0.394,-3.334,0.289,Idle
-0.018,-0.040,1.011,0.394,-3.299,0.324,Idle
-0.018,-0.040,1.011,0.359,-3.325,0.315,Idle
-0.018,-0.040,1.012,0.324,-3.316,0.315,Idle
-0.018,-0.041,1.011,0.376,-3.334,0.262,Idle
-0.019,-0.039,1.011,0.368,-3.325,0.298,Idle
-0.018,-0.041,1.011,0.376,-3.351,0.341,Idle
-0.018,-0.040,1.012,0.359,-3.325,0.298,Idle
-0.018,-0.041,1.010,0.394,-3.369,0.315,Idle
-0.018,-0.041,1.011,0.333,-3.351,0.306,Idle
-0.018,-0.040,1.012,0.376,-3.360,0.289,Idle
-0.018,-0.040,1.011,0.394,-3.360,0.315,Idle
-0.018,-0.041,1.011,0.359,-3.325,0.298,Idle
-0.018,-0.039,1.010,0.385,-3.360,0.254,Idle
-0.018,-0.040,1.011,0.368,-3.325,0.298,Idle
-0.018,-0.040,1.011,0.376,-3.378,0.306,Idle
-0.018,-0.040,1.010,0.333,-3.316,0.254,Idle
-0.018,-0.040,1.010,0.333,-3.325,0.324,Idle
-0.019,-0.040,1.011,0.350,-3.334,0.324,Idle
-0.018,-0.041,1.011,0.359,-3.369,0.324,Idle
-0.018,-0.041,1.010,0.368,-3.378,0.306,Idle
-0.019,-0.040,1.011,0.385,-3.325,0.315,Idle
-0.019,-0.040,1.010,0.385,-3.334,0.280,Idle
-0.018,-0.041,1.012,0.394,-3.334,0.262,Idle
-0.018,-0.041,1.012,0.394,-3.360,0.298,Idle
-0.019,-0.040,1.011,0.394,-3.360,0.289,Idle
-0.019,-0.040,1.011,0.368,-3.316,0.280,Idle
-0.018,-0.040,1.010,0.394,-3.342,0.262,Idle
-0.017,-0.043,1.010,0.368,-3.351,0.341,Idle
-0.019,-0.040,1.009,0.368,-3.334,0.298,Idle
-0.020,-0.039,1.011,0.350,-3.334,0.289,Idle
-0.019,-0.040,1.011,0.359,-3.316,0.254,Idle
-0.018,-0.042,1.010,0.350,-3.342,0.306,Idle
-0.019,-0.040,1.012,0.306,-3.325,0.324,Idle
-0.019,-0.039,1.012,0.315,-3.290,0.298,Idle
-0.019,-0.040,1.012,0.333,-3.299,0.341,Idle
-0.019,-0.042,1.011,0.350,-3.316,0.289,Idle
-0.017,-0.041,1.010,0.429,-3.342,0.271,Idle
-0.020,-0.039,1.012,0.385,-3.342,0.280,Idle
-0.019,-0.039,1.011,0.376,-3.307,0.289,Idle
-0.017,-0.042,1.011,0.350,-3.351,0.280,Idle
-0.019,-0.041,1.012,0.359,-3.369,0.289,Idle
-0.019,-0.038,1.012,0.376,-3.342,0.271,Idle
-0.019,-0.039,1.012,0.315,-3.351,0.333,Idle
-0.017,-0.042,1.011,0.394,-3.351,0.289,Idle
-0.019,-0.041,1.011,0.341,-3.369,0.289,Idle
-0.019,-0.038,1.010,0.333,-3.299,0.341,Idle
-0.018,-0.039,1.012,0.368,-3.290,0.271,Idle
-0.017,-0.041,1.009,0.394,-3.325,0.254,Idle
-0.018,-0.040,1.010,0.394,-3.325,0.289,Idle
-0.019,-0.039,1.010,0.376,-3.342,0.324,Idle
-0.019,-0.039,1.011,0.376,-3.334,0.315,Idle
-0.018,-0.041,1.011,0.385,-3.325,0.289,Idle
-0.018,-0.040,1.012,0.385,-3.299,0.306,Idle
-0.018,-0.040,1.011,0.368,-3.351,0.298,Idle
-0.018,-0.039,1.011,0.350,-3.342,0.271,Idle
-0.017,-0.041,1.010,0.315,-3.334,0.315,Idle
-0.020,-0.040,1.012,0.245,-3.273,0.280,Idle
-0.019,-0.040,1.010,0.359,-3.334,0.271,Idle
-0.017,-0.041,1.010,0.368,-3.342,0.298,Idle
-0.017,-0.040,1.010,0.359,-3.360,0.289,Idle
-0.019,-0.039,1.012,0.350,-3.360,0.280,Idle
-0.020,-0.039,1.012,0.394,-3.325,0.254,Idle
-0.017,-0.041,1.010,0.403,-3.334,0.315,Idle
-0.019,-0.041,1.012,0.403,-3.316,0.324,Idle
-0.018,-0.040,1.012,0.385,-3.369,0.315,Idle
-0.018,-0.041,1.010,0.385,-3.342,0.298,Idle
-0.019,-0.040,1.010,0.394,-3.360,0.289,Idle
-0.018,-0.040,1.012,0.394,-3.334,0.236,Idle
-0.019,-0.038,1.011,0.359,-3.342,0.289,Idle
-0.017,-0.041,1.012,0.333,-3.334,0.280,Idle
-0.019,-0.041,1.011,0.350,-3.334,0.280,Idle
-0.018,-0.040,1.011,0.359,-3.342,0.298,Idle
-0.019,-0.041,1.011,0.368,-3.316,0.315,Idle
-0.019,-0.041,1.010,0.359,-3.307,0.306,Idle
-0.018,-0.041,1.010,0.376,-3.334,0.306,Idle
-0.018,-0.039,1.011,0.333,-3.307,0.262,Idle
-0.019,-0.039,1.011,0.403,-3.316,0.306,Idle
-0.018,-0.041,1.012,0.403,-3.325,0.289,Idle
-0.018,-0.040,1.010,0.385,-3.351,0.271,Idle
-0.020,-0.039,1.012,0.350,-3.334,0.289,Idle
-0.019,-0.040,1.010,0.411,-3.325,0.306,Idle
-0.018,-0.041,1.011,0.368,-3.325,0.324,Idle
-0.018,-0.041,1.010,0.385,-3.334,0.333,Idle
-0.019,-0.040,1.012,0.350,-3.316,0.306,Idle
-0.018,-0.040,1.010,0.376,-3.334,0.315,Idle
-0.018,-0.040,1.010,0.350,-3.342,0.262,Idle
-0.019,-0.040,1.011,0.394,-3.378,0.289,Idle
-0.019,-0.040,1.011,0.359,-3.369,0.262,Idle
-0.019,-0.041,1.010,0.298,-3.351,0.333,Idle
-0.018,-0.041,1.012,0.385,-3.299,0.298,Idle
-0.019,-0.040,1.010,0.350,-3.325,0.324,Idle
-0.019,-0.040,1.012,0.350,-3.334,0.271,Idle
-0.018,-0.040,1.009,0.411,-3.334,0.298,Idle
-0.018,-0.040,1.012,0.350,-3.342,0.289,Idle
-0.020,-0.040,1.012,0.350,-3.299,0.315,Idle
-0.019,-0.040,1.011,0.429,-3.360,0.333,Idle
-0.017,-0.041,1.011,0.394,-3.360,0.262,Idle
-0.019,-0.039,1.010,0.376,-3.360,0.315,Idle
-0.019,-0.040,1.011,0.368,-3.342,0.280,Idle
-0.019,-0.040,1.011,0.333,-3.307,0.333,Idle
-0.018,-0.040,1.011,0.368,-3.342,0.298,Idle
-0.018,-0.040,1.012,0.376,-3.334,0.271,Idle
-0.019,-0.040,1.011,0.333,-3.334,0.315,Idle
-0.018,-0.040,1.011,0.385,-3.334,0.271,Idle
-0.018,-0.041,1.010,0.359,-3.342,0.298,Idle
-0.019,-0.040,1.012,0.341,-3.360,0.306,Idle
-0.019,-0.040,1.011,0.376,-3.342,0.289,Idle
-0.018,-0.041,1.010,0.350,-3.307,0.315,Idle
-0.019,-0.039,1.010,0.350,-3.351,0.271,Idle
-0.018,-0.041,1.011,0.350,-3.342,0.280,Idle
-0.018,-0.041,1.010,0.368,-3.334,0.333,Idle
-0.018,-0.041,1.013,0.368,-3.334,0.289,Idle
-0.019,-0.040,1.011,0.376,-3.307,0.298,Idle
-0.019,-0.040,1.011,0.368,-3.360,0.341,Idle
-0.017,-0.039,1.009,0.376,-3.316,0.289,Idle
-0.019,-0.041,1.011,0.403,-3.342,0.306,Idle
-0.017,-0.040,1.011,0.376,-3.325,0.271,Idle
-0.019,-0.040,1.011,0.376,-3.316,0.306,Idle
-0.018,-0.039,1.010,0.350,-3.342,0.324,Idle
-0.019,-0.041,1.011,0.341,-3.369,0.341,Idle
-0.018,-0.040,1.011,0.411,-3.307,0.271,Idle
-0.019,-0.039,1.011,0.350,-3.325,0.324,Idle
-0.019,-0.040,1.010,0.368,-3.342,0.262,Idle
-0.018,-0.041,1.011,0.385,-3.299,0.289,Idle
-0.018,-0.040,1.011,0.368,-3.307,0.280,Idle
-0.018,-0.040,1.010,0.306,-3.299,0.350,Idle
-0.018,-0.040,1.011,0.359,-3.351,0.306,Idle
-0.018,-0.040,1.012,0.376,-3.325,0.306,Idle
-0.019,-0.040,1.011,0.376,-3.325,0.315,Idle
-0.017,-0.041,1.011,0.350,-3.325,0.298,Idle
-0.019,-0.040,1.012,0.324,-3.290,0.324,Idle
-0.018,-0.041,1.010,0.306,-3.395,0.298,Idle
-0.019,-0.040,1.013,0.359,-3.351,0.341,Idle
-0.019,-0.040,1.011,0.368,-3.334,0.298,Idle
-0.018,-0.041,1.011,0.385,-3.342,0.280,Idle
-0.017,-0.041,1.012,0.368,-3.342,0.280,Idle
-0.018,-0.040,1.012,0.359,-3.299,0.245,Idle
-0.018,-0.040,1.012,0.368,-3.378,0.280,Idle
-0.018,-0.040,1.011,0.385,-3.325,0.315,Idle
-0.018,-0.041,1.011,0.438,-3.342,0.236,Idle
-0.018,-0.040,1.011,0.376,-3.351,0.262,Idle
-0.018,-0.040,1.011,0.350,-3.369,0.280,Idle
-0.019,-0.040,1.012,0.341,-3.325,0.289,Idle
-0.017,-0.040,1.010,0.403,-3.334,0.271,Idle
-0.018,-0.037,1.011,0.359,-3.351,0.254,Idle
-0.007,-0.005,1.008,0.245,-3.124,-3.080,Idle
-0.001,-0.040,1.002,0.438,-3.106,-3.439,Idle
-0.041,-0.061,1.011,0.262,-3.456,4.358,Idle
-0.019,-0.041,1.010,0.368,-3.351,0.280,Idle
-0.019,-0.041,1.011,0.368,-3.334,0.315,Idle
-0.018,-0.039,1.010,0.411,-3.325,0.289,Idle
-0.019,-0.041,1.009,0.368,-3.307,0.333,Idle
-0.019,-0.041,1.010,0.394,-3.342,0.289,Idle
-0.018,-0.039,1.011,0.359,-3.299,0.201,Idle
-0.018,-0.037,1.011,0.411,-3.316,0.026,Idle
-0.019,-0.046,1.011,0.376,-3.290,0.087,Idle
-0.018,-0.041,1.012,0.411,-3.342,0.271,Idle
-0.019,-0.041,1.012,0.368,-3.378,0.262,Idle
-0.019,-0.040,1.011,0.376,-3.316,0.271,Idle
-0.018,-0.041,1.011,0.376,-3.334,0.289,Idle
-0.019,-0.041,1.011,0.359,-3.325,0.289,Idle
-0.019,-0.041,1.011,0.315,-3.316,0.280,Idle
-0.019,-0.040,1.012,0.341,-3.342,0.280,Idle
-0.019,-0.041,1.011,0.350,-3.325,0.289,Idle
-0.018,-0.041,1.011,0.368,-3.325,0.271,Idle
-0.019,-0.039,1.013,0.333,-3.307,0.245,Idle
-0.013,-0.030,1.012,0.350,-3.273,0.052,Idle
-0.023,-0.045,1.009,0.350,-3.176,-2.949,Idle
-0.023,-0.043,1.011,0.394,-3.307,0.254,Idle
-0.020,-0.048,1.012,0.368,-3.316,0.192,Idle
-0.019,-0.041,1.010,0.376,-3.307,0.298,Idle
-0.018,-0.041,1.009,0.341,-3.351,0.289,Idle
-0.019,-0.041,1.011,0.385,-3.299,0.262,Idle
-0.020,-0.041,1.012,0.350,-3.369,0.236,Idle
-0.019,-0.040,1.010,0.429,-3.264,0.245,Idle
-0.018,-0.041,1.011,0.350,-3.325,0.201,Idle
-0.018,-0.037,1.012,0.350,-3.334,0.052,Idle
-0.019,-0.039,1.012,0.385,-3.290,-0.105,Idle
-0.018,-0.040,1.011,0.394,-3.342,0.569,Idle
-0.021,-0.044,1.011,0.394,-3.307,1.041,Idle
-0.019,-0.042,1.011,0.324,-3.351,0.368,Idle
-0.019,-0.041,1.012,0.394,-3.351,0.298,Idle
-0.019,-0.041,1.010,0.341,-3.334,0.298,Idle
-0.019,-0.042,1.012,0.368,-3.334,0.333,Idle
-0.019,-0.041,1.012,0.394,-3.351,0.262,Idle
-0.019,-0.040,1.011,0.403,-3.299,0.298,Idle
-0.019,-0.040,1.012,0.368,-3.316,0.271,Idle
-0.019,-0.040,1.011,0.429,-3.316,0.280,Idle
-0.019,-0.040,1.012,0.368,-3.325,0.262,Idle
-0.019,-0.040,1.011,0.333,-3.342,0.298,Idle
-0.018,-0.040,1.012,0.385,-3.334,0.289,Idle
-0.019,-0.040,1.012,0.394,-3.307,0.219,Idle
-0.019,-0.041,1.011,0.411,-3.334,0.219,Idle
-0.019,-0.041,1.012,0.403,-3.325,0.254,Idle
-0.019,-0.041,1.010,0.376,-3.334,0.228,Idle
-0.018,-0.040,1.012,0.385,-3.290,0.245,Idle
-0.019,-0.041,1.011,0.350,-3.334,0.219,Idle
-0.019,-0.041,1.011,0.385,-3.307,0.262,Idle
-0.018,-0.040,1.012,0.333,-3.316,0.271,Idle
-0.019,-0.041,1.011,0.376,-3.378,0.289,Idle
-0.019,-0.041,1.012,0.324,-3.316,0.271,Idle
-0.019,-0.041,1.011,0.359,-3.325,0.315,Idle
-0.019,-0.040,1.010,0.341,-3.351,0.271,Idle
-0.018,-0.041,1.010,0.341,-3.307,0.289,Idle
-0.018,-0.040,1.011,0.446,-3.334,0.315,Idle
-0.019,-0.041,1.013,0.341,-3.325,0.271,Idle
-0.019,-0.040,1.011,0.333,-3.307,0.289,Idle
-0.019,-0.039,1.012,0.350,-3.316,0.280,Idle
-0.015,-0.029,1.011,0.368,-3.351,-0.018,Idle
-0.014,-0.037,1.014,0.385,-3.211,0.298,Idle
-0.019,-0.050,1.011,0.315,-3.299,-0.228,Idle
-0.017,-0.028,1.012,0.359,-3.334,-0.639,Idle
-0.018,-0.060,1.010,0.219,-3.273,-0.665,Idle
-0.020,-0.042,1.011,0.333,-3.369,0.805,Idle
-0.019,-0.041,1.010,0.376,-3.325,0.324,Idle
-0.018,-0.040,1.011,0.359,-3.325,0.315,Idle
-0.019,-0.041,1.011,0.315,-3.325,0.289,Idle
-0.019,-0.041,1.011,0.350,-3.351,0.298,Idle
-0.019,-0.040,1.012,0.368,-3.316,0.298,Idle
-0.018,-0.040,1.012,0.341,-3.299,0.324,Idle
-0.018,-0.041,1.012,0.376,-3.316,0.306,Idle
-0.018,-0.041,1.010,0.429,-3.360,0.280,Idle
-0.019,-0.040,1.013,0.394,-3.307,0.280,Idle
-0.019,-0.041,1.011,0.368,-3.360,0.324,Idle
-0.019,-0.042,1.012,0.333,-3.334,0.315,Idle
-0.018,-0.041,1.011,0.376,-3.316,0.289,Idle
-0.020,-0.040,1.011,0.315,-3.342,0.315,Idle
-0.019,-0.042,1.011,0.359,-3.299,0.306,Idle
-0.018,-0.040,1.010,0.403,-3.307,0.298,Idle
-0.019,-0.041,1.010,0.315,-3.307,0.306,Idle
-0.018,-0.041,1.011,0.394,-3.351,0.254,Idle
-0.018,-0.041,1.011,0.359,-3.290,0.289,Idle
-0.019,-0.041,1.011,0.385,-3.334,0.280,Idle
-0.018,-0.040,1.011,0.333,-3.342,0.254,Idle
-0.020,-0.040,1.013,0.376,-3.316,0.254,Idle
-0.018,-0.041,1.010,0.350,-3.325,0.280,Idle
-0.018,-0.041,1.011,0.376,-3.351,0.306,Idle
-0.019,-0.041,1.012,0.368,-3.325,0.289,Idle
-0.019,-0.041,1.010,0.368,-3.351,0.306,Idle
-0.018,-0.041,1.012,0.359,-3.325,0.306,Idle
-0.018,-0.041,1.010,0.350,-3.342,0.271,Idle
-0.019,-0.041,1.011,0.333,-3.307,0.306,Idle
-0.019,-0.041,1.012,0.350,-3.334,0.324,Idle
-0.019,-0.041,1.011,0.403,-3.351,0.280,Idle
-0.020,-0.040,1.011,0.376,-3.334,0.280,Idle
-0.019,-0.039,1.010,0.306,-3.342,0.333,Idle
-0.021,-0.040,1.012,0.394,-3.334,0.315,Idle
-0.019,-0.041,1.011,0.376,-3.299,0.315,Idle
-0.019,-0.041,1.011,0.411,-3.325,0.228,Idle
-0.019,-0.040,1.012,0.350,-3.351,0.315,Idle
-0.019,-0.041,1.012,0.394,-3.307,0.289,Idle
-0.019,-0.041,1.010,0.368,-3.307,0.298,Idle
-0.020,-0.040,1.011,0.438,-3.369,0.324,Idle
-0.018,-0.040,1.012,0.350,-3.307,0.298,Idle
-0.017,-0.040,1.012,0.403,-3.316,0.333,Idle
-0.018,-0.041,1.010,0.394,-3.369,0.368,Idle
-0.018,-0.041,1.012,0.341,-3.325,0.298,Idle
-0.019,-0.040,1.011,0.368,-3.342,0.324,Idle
-0.019,-0.041,1.012,0.359,-3.351,0.368,Idle
-0.018,-0.042,1.011,0.350,-3.290,0.324,Idle
-0.019,-0.040,1.012,0.359,-3.386,0.333,Idle
-0.019,-0.040,1.012,0.385,-3.351,0.298,Idle
-0.019,-0.041,1.012,0.350,-3.325,0.254,Idle
-0.018,-0.041,1.010,0.403,-3.299,0.289,Idle
-0.018,-0.040,1.012,0.376,-3.325,0.271,Idle
-0.019,-0.041,1.012,0.333,-3.325,0.324,Idle
-0.019,-0.041,1.012,0.333,-3.351,0.359,Idle
-0.019,-0.041,1.010,0.350,-3.307,0.271,Idle
-0.020,-0.040,1.012,0.324,-3.378,0.271,Idle
-0.019,-0.041,1.012,0.350,-3.351,0.245,Idle
-0.019,-0.041,1.011,0.333,-3.360,0.271,Idle
-0.019,-0.041,1.012,0.298,-3.334,0.262,Idle
-0.019,-0.040,1.012,0.359,-3.325,0.289,Idle
-0.018,-0.041,1.012,0.350,-3.334,0.271,Idle
-0.018,-0.041,1.012,0.411,-3.342,0.289,Idle
-0.028,-0.044,1.010,0.376,-3.316,0.779,Idle
-0.019,-0.041,1.012,0.324,-3.351,0.026,Idle
-0.018,-0.040,1.010,0.350,-3.316,-0.009,Idle
-0.015,-0.041,1.014,0.306,-3.281,0.184,Idle
-0.017,-0.036,1.011,0.333,-3.360,0.157,Idle
-0.027,-0.046,1.011,0.359,-3.334,0.333,Idle
-0.019,-0.046,1.010,0.368,-3.342,0.070,Idle
-0.018,-0.042,1.011,0.394,-3.307,0.219,Idle
-0.019,-0.040,1.012,0.368,-3.325,0.219,Idle
-0.019,-0.039,1.011,0.376,-3.307,0.096,Idle
-0.019,-0.037,1.012,0.376,-3.351,-0.324,Idle
-0.019,-0.041,1.012,0.420,-3.325,-0.586,Idle
-0.019,-0.032,1.012,0.385,-3.369,-0.490,Idle
-0.020,-0.049,1.010,0.368,-3.369,-0.131,Idle
-0.019,-0.042,1.012,0.385,-3.342,0.262,Idle
-0.019,-0.041,1.011,0.359,-3.360,0.289,Idle
-0.019,-0.041,1.012,0.376,-3.334,0.298,Idle
-0.020,-0.041,1.011,0.368,-3.360,0.306,Idle
-0.018,-0.040,1.012,0.289,-3.334,0.324,Idle
-0.019,-0.041,1.012,0.350,-3.334,0.254,Idle
-0.019,-0.041,1.012,0.376,-3.369,0.306,Idle
-0.020,-0.040,1.010,0.359,-3.325,0.280,Idle
-0.019,-0.041,1.012,0.341,-3.325,0.333,Idle
-0.019,-0.042,1.012,0.359,-3.316,0.262,Idle
-0.019,-0.040,1.011,0.333,-3.369,0.280,Idle
-0.019,-0.041,1.010,0.368,-3.342,0.324,Idle
-0.019,-0.040,1.011,0.350,-3.316,0.289,Idle
-0.018,-0.041,1.011,0.350,-3.325,0.298,Idle
-0.019,-0.041,1.011,0.359,-3.360,0.280,Idle
-0.018,-0.040,1.010,0.376,-3.334,0.289,Idle
-0.019,-0.041,1.011,0.359,-3.342,0.289,Idle
-0.018,-0.041,1.011,0.385,-3.325,0.289,Idle
-0.019,-0.042,1.012,0.376,-3.351,0.324,Idle
-0.019,-0.041,1.009,0.350,-3.369,0.289,Idle
-0.019,-0.041,1.013,0.368,-3.334,0.280,Idle
-0.019,-0.041,1.010,0.359,-3.334,0.333,Idle
-0.019,-0.041,1.013,0.394,-3.334,0.289,Idle
-0.019,-0.040,1.011,0.350,-3.342,0.271,Idle
-0.019,-0.041,1.011,0.359,-3.334,0.306,Idle
-0.018,-0.042,1.011,0.385,-3.360,0.280,Idle
-0.019,-0.040,1.011,0.368,-3.316,0.289,Idle
-0.018,-0.041,1.011,0.385,-3.290,0.333,Idle
-0.019,-0.042,1.011,0.394,-3.334,0.254,Idle
-0.019,-0.040,1.011,0.359,-3.316,0.306,Idle
-0.020,-0.041,1.012,0.385,-3.351,0.298,Idle
-0.018,-0.040,1.010,0.385,-3.360,0.359,Idle
-0.020,-0.041,1.011,0.333,-3.334,0.315,Idle
-0.019,-0.041,1.011,0.376,-3.351,0.280,Idle
-0.019,-0.040,1.012,0.385,-3.351,0.289,Idle
-0.018,-0.041,1.011,0.324,-3.316,0.298,Idle
-0.018,-0.041,1.011,0.298,-3.360,0.271,Idle
-0.019,-0.041,1.011,0.394,-3.342,0.298,Idle
-0.020,-0.041,1.013,0.368,-3.351,0.271,Idle
-0.019,-0.041,1.011,0.376,-3.316,0.298,Idle
-0.019,-0.041,1.010,0.368,-3.316,0.280,Idle
-0.019,-0.041,1.012,0.368,-3.351,0.298,Idle
-0.019,-0.040,1.011,0.403,-3.325,0.236,Idle
-0.018,-0.040,1.010,0.411,-3.360,0.315,Idle
-0.019,-0.041,1.012,0.359,-3.334,0.289,Idle
-0.019,-0.040,1.012,0.359,-3.334,0.298,Idle
-0.019,-0.041,1.012,0.368,-3.342,0.306,Idle
-0.018,-0.041,1.013,0.359,-3.334,0.324,Idle
-0.018,-0.041,1.011,0.333,-3.351,0.306,Idle
-0.018,-0.041,1.012,0.394,-3.325,0.298,Idle
-0.018,-0.041,1.011,0.333,-3.351,0.315,Idle
-0.019,-0.041,1.011,0.306,-3.342,0.262,Idle
-0.018,-0.041,1.012,0.403,-3.334,0.306,Idle
-0.019,-0.042,1.011,0.359,-3.316,0.315,Idle
-0.019,-0.041,1.011,0.359,-3.316,0.298,Idle
-0.018,-0.041,1.012,0.333,-3.316,0.333,Idle
-0.018,-0.042,1.011,0.359,-3.325,0.306,Idle
-0.019,-0.041,1.011,0.394,-3.351,0.298,Idle
-0.019,-0.041,1.012,0.350,-3.342,0.289,Idle
-0.019,-0.040,1.012,0.368,-3.316,0.262,Idle
-0.018,-0.041,1.011,0.306,-3.386,0.298,Idle
-0.017,-0.041,1.012,0.394,-3.299,0.280,Idle
-0.019,-0.041,1.011,0.315,-3.334,0.280,Idle
-0.019,-0.040,1.011,0.394,-3.351,0.324,Idle
-0.019,-0.040,1.011,0.385,-3.351,0.298,Idle
-0.019,-0.042,1.011,0.376,-3.316,0.289,Idle
-0.018,-0.040,1.011,0.385,-3.325,0.271,Idle
-0.020,-0.040,1.012,0.368,-3.307,0.324,Idle
-0.019,-0.041,1.011,0.394,-3.307,0.280,Idle
-0.019,-0.041,1.011,0.359,-3.325,0.324,Idle
-0.019,-0.041,1.011,0.394,-3.334,0.262,Idle
-0.019,-0.041,1.011,0.350,-3.351,0.262,Idle
-0.018,-0.041,1.012,0.333,-3.342,0.289,Idle
-0.019,-0.041,1.010,0.359,-3.351,0.315,Idle
-0.019,-0.041,1.011,0.359,-3.334,0.289,Idle
-0.019,-0.041,1.011,0.385,-3.299,0.289,Idle
-0.019,-0.041,1.011,0.324,-3.325,0.324,Idle
-0.018,-0.041,1.011,0.341,-3.342,0.298,Idle
-0.018,-0.041,1.012,0.359,-3.325,0.333,Idle
-0.019,-0.041,1.011,0.341,-3.325,0.306,Idle
-0.019,-0.042,1.012,0.394,-3.334,0.280,Idle
-0.019,-0.041,1.010,0.333,-3.325,0.280,Idle
-0.019,-0.041,1.010,0.341,-3.360,0.262,Idle
-0.018,-0.040,1.011,0.359,-3.378,0.306,Idle
-0.018,-0.041,1.011,0.368,-3.325,0.289,Idle
-0.018,-0.041,1.010,0.350,-3.334,0.324,Idle
-0.019,-0.040,1.012,0.341,-3.334,0.324,Idle
-0.019,-0.041,1.012,0.341,-3.351,0.315,Idle
-0.019,-0.040,1.011,0.359,-3.334,0.298,Idle
-0.019,-0.041,1.011,0.385,-3.325,0.254,Idle
-0.018,-0.041,1.011,0.359,-3.316,0.333,Idle
-0.019,-0.040,1.010,0.429,-3.307,0.298,Idle
-0.019,-0.041,1.011,0.385,-3.325,0.289,Idle
-0.019,-0.041,1.010,0.394,-3.342,0.298,Idle
-0.019,-0.041,1.011,0.350,-3.325,0.254,Idle
-0.018,-0.041,1.012,0.420,-3.307,0.280,Idle
-0.019,-0.041,1.011,0.298,-3.316,0.271,Idle
-0.018,-0.042,1.011,0.403,-3.316,0.315,Idle
-0.019,-0.041,1.011,0.350,-3.299,0.271,Idle
-0.019,-0.041,1.012,0.376,-3.290,0.306,Idle
-0.018,-0.040,1.012,0.376,-3.325,0.280,Idle
-0.019,-0.041,1.012,0.385,-3.316,0.306,Idle
-0.019,-0.041,1.010,0.368,-3.334,0.271,Idle
-0.019,-0.040,1.010,0.359,-3.342,0.271,Idle
-0.019,-0.042,1.012,0.341,-3.334,0.298,Idle
-0.018,-0.041,1.011,0.350,-3.307,0.333,Idle
-0.018,-0.041,1.011,0.403,-3.316,0.324,Idle
-0.019,-0.041,1.011,0.350,-3.325,0.236,Idle
-0.020,-0.041,1.012,0.368,-3.351,0.289,Idle
-0.019,-0.041,1.011,0.350,-3.290,0.289,Idle
-0.018,-0.040,1.009,0.368,-3.342,0.271,Idle
-0.020,-0.042,1.012,0.341,-3.351,0.315,Idle
-0.020,-0.043,1.013,0.324,-3.351,0.350,Idle
-0.019,-0.042,1.011,0.341,-3.342,0.324,Idle
-0.018,-0.041,1.010,0.394,-3.334,0.333,Idle
-0.019,-0.041,1.010,0.385,-3.325,0.289,Idle
-0.019,-0.040,1.012,0.368,-3.334,0.324,Idle
-0.020,-0.042,1.011,0.341,-3.334,0.359,Idle
-0.018,-0.041,1.011,0.359,-3.299,0.271,Idle
-0.019,-0.042,1.011,0.376,-3.342,0.306,Idle
-0.018,-0.041,1.010,0.341,-3.360,0.298,Idle
-0.019,-0.041,1.010,0.368,-3.342,0.315,Idle
-0.020,-0.041,1.012,0.376,-3.290,0.341,Idle
-0.017,-0.041,1.011,0.376,-3.307,0.271,Idle
-0.019,-0.040,1.011,0.341,-3.351,0.289,Idle
-0.019,-0.041,1.011,0.341,-3.316,0.245,Idle
-0.020,-0.041,1.011,0.394,-3.325,0.306,Idle
-0.019,-0.041,1.011,0.420,-3.334,0.298,Idle
-0.018,-0.041,1.011,0.394,-3.299,0.271,Idle
-0.018,-0.041,1.012,0.368,-3.307,0.254,Idle
-0.018,-0.040,1.011,0.411,-3.325,0.306,Idle
-0.019,-0.040,1.010,0.359,-3.369,0.306,Idle
-0.020,-0.041,1.011,0.394,-3.351,0.280,Idle
-0.018,-0.040,1.010,0.376,-3.307,0.271,Idle
-0.019,-0.041,1.012,0.359,-3.351,0.306,Idle
-0.019,-0.041,1.009,0.359,-3.334,0.289,Idle
-0.019,-0.041,1.011,0.333,-3.342,0.262,Idle
-0.019,-0.041,1.010,0.376,-3.325,0.298,Idle
-0.019,-0.041,1.012,0.333,-3.334,0.289,Idle
-0.019,-0.040,1.010,0.359,-3.307,0.306,Idle
-0.020,-0.042,1.012,0.368,-3.351,0.298,Idle
-0.019,-0.041,1.012,0.394,-3.342,0.315,Idle
-0.018,-0.041,1.009,0.376,-3.316,0.271,Idle
-0.018,-0.041,1.011,0.376,-3.351,0.298,Idle
-0.019,-0.042,1.012,0.359,-3.360,0.289,Idle
-0.019,-0.041,1.011,0.385,-3.334,0.306,Idle
-0.019,-0.041,1.010,0.420,-3.334,0.254,Idle
-0.018,-0.041,1.009,0.368,-3.307,0.280,Idle
-0.020,-0.041,1.010,0.385,-3.351,0.350,Idle
-0.019,-0.042,1.011,0.359,-3.325,0.254,Idle
-0.019,-0.041,1.010,0.385,-3.316,0.298,Idle
-0.018,-0.041,1.012,0.368,-3.290,0.271,Idle
-0.018,-0.041,1.010,0.341,-3.334,0.315,Idle
-0.019,-0.041,1.012,0.359,-3.334,0.350,Idle
-0.018,-0.041,1.010,0.350,-3.325,0.359,Idle
-0.019,-0.041,1.011,0.385,-3.281,0.306,Idle
-0.019,-0.042,1.012,0.411,-3.299,0.298,Idle
-0.018,-0.041,1.010,0.306,-3.299,0.298,Idle
-0.018,-0.041,1.011,0.359,-3.316,0.271,Idle
-0.018,-0.041,1.010,0.350,-3.369,0.306,Idle
-0.019,-0.041,1.011,0.394,-3.342,0.280,Idle
-0.019,-0.041,1.012,0.368,-3.316,0.289,Idle
-0.019,-0.041,1.010,0.376,-3.325,0.306,Idle
-0.019,-0.040,1.012,0.376,-3.342,0.280,Idle
-0.019,-0.040,1.011,0.359,-3.351,0.271,Idle
-0.018,-0.041,1.012,0.350,-3.299,0.315,Idle
-0.020,-0.041,1.010,0.376,-3.342,0.306,Idle
-0.018,-0.042,1.010,0.376,-3.334,0.341,Idle
-0.019,-0.042,1.011,0.394,-3.360,0.271,Idle
-0.019,-0.042,1.011,0.385,-3.325,0.271,Idle
-0.017,-0.041,1.011,0.341,-3.334,0.298,Idle
-0.019,-0.041,1.012,0.411,-3.378,0.271,Idle
-0.018,-0.041,1.011,0.368,-3.325,0.324,Idle
-0.019,-0.042,1.012,0.350,-3.351,0.289,Idle
-0.019,-0.041,1.009,0.359,-3.369,0.298,Idle
-0.019,-0.040,1.011,0.350,-3.351,0.289,Idle
-0.019,-0.041,1.010,0.368,-3.299,0.298,Idle
-0.019,-0.040,1.010,0.376,-3.325,0.271,Idle
-0.018,-0.041,1.011,0.403,-3.334,0.315,Idle
-0.019,-0.040,1.010,0.376,-3.342,0.289,Idle
-0.018,-0.042,1.012,0.394,-3.351,0.315,Idle
-0.019,-0.041,1.011,0.368,-3.351,0.298,Idle
-0.018,-0.041,1.012,0.368,-3.299,0.315,Idle
-0.018,-0.041,1.011,0.376,-3.334,0.315,Idle
-0.018,-0.042,1.011,0.368,-3.334,0.324,Idle
-0.019,-0.041,1.011,0.368,-3.307,0.271,Idle
-0.019,-0.040,1.009,0.359,-3.325,0.306,Idle
-0.018,-0.041,1.011,0.376,-3.351,0.254,Idle
-0.019,-0.042,1.010,0.376,-3.369,0.324,Idle
-0.019,-0.041,1.011,0.429,-3.325,0.315,Idle
-0.018,-0.041,1.012,0.376,-3.351,0.280,Idle
-0.018,-0.041,1.010,0.376,-3.325,0.289,Idle
-0.019,-0.041,1.011,0.385,-3.273,0.306,Idle
-0.018,-0.041,1.012,0.350,-3.334,0.289,Idle
-0.018,-0.040,1.009,0.394,-3.360,0.280,Idle
-0.019,-0.041,1.011,0.324,-3.325,0.280,Idle
-0.019,-0.042,1.010,0.368,-3.378,0.289,Idle
-0.019,-0.041,1.011,0.368,-3.325,0.324,Idle
-0.019,-0.041,1.010,0.385,-3.360,0.289,Idle
-0.018,-0.042,1.010,0.368,-3.342,0.262,Idle
-0.020,-0.041,1.010,0.411,-3.342,0.280,Idle
-0.019,-0.041,1.011,0.385,-3.325,0.306,Idle
-0.019,-0.041,1.011,0.350,-3.307,0.333,Idle
-0.019,-0.041,1.011,0.350,-3.316,0.315,Idle
-0.020,-0.041,1.011,0.359,-3.351,0.298,Idle
-0.019,-0.041,1.011,0.341,-3.299,0.298,Idle
-0.019,-0.042,1.011,0.368,-3.316,0.315,Idle
-0.019,-0.041,1.011,0.341,-3.325,0.271,Idle
-0.019,-0.041,1.011,0.324,-3.325,0.324,Idle
-0.019,-0.042,1.011,0.359,-3.316,0.271,Idle
-0.018,-0.041,1.011,0.368,-3.316,0.262,Idle
-0.020,-0.041,1.011,0.333,-3.351,0.306,Idle
-0.019,-0.041,1.010,0.394,-3.334,0.315,Idle
-0.020,-0.041,1.011,0.368,-3.360,0.262,Idle
-0.018,-0.042,1.011,0.350,-3.342,0.271,Idle
-0.019,-0.041,1.011,0.368,-3.325,0.280,Idle
-0.018,-0.042,1.012,0.333,-3.342,0.289,Idle
-0.019,-0.041,1.010,0.368,-3.351,0.271,Idle
-0.019,-0.040,1.011,0.368,-3.307,0.324,Idle
-0.019,-0.040,1.011,0.333,-3.369,0.306,Idle
-0.019,-0.041,1.011,0.376,-3.316,0.306,Idle
-0.019,-0.040,1.010,0.394,-3.299,0.262,Idle
-0.018,-0.041,1.012,0.368,-3.342,0.306,Idle
-0.020,-0.040,1.012,0.368,-3.334,0.289,Idle
-0.018,-0.042,1.010,0.385,-3.351,0.324,Idle
-0.019,-0.042,1.011,0.403,-3.342,0.298,Idle
-0.019,-0.041,1.011,0.368,-3.307,0.280,Idle
-0.019,-0.041,1.010,0.368,-3.316,0.254,Idle
-0.020,-0.040,1.010,0.394,-3.325,0.271,Idle
-0.020,-0.042,1.012,0.411,-3.307,0.254,Idle
-0.018,-0.041,1.011,0.376,-3.334,0.289,Idle
-0.020,-0.041,1.012,0.324,-3.351,0.333,Idle
-0.019,-0.042,1.010,0.341,-3.334,0.306,Idle
-0.019,-0.041,1.012,0.394,-3.316,0.254,Idle
-0.018,-0.040,1.011,0.394,-3.334,0.306,Idle
-0.019,-0.041,1.012,0.376,-3.342,0.324,Idle
-0.019,-0.042,1.010,0.368,-3.369,0.324,Idle
-0.018,-0.041,1.012,0.350,-3.351,0.315,Idle
-0.019,-0.041,1.011,0.411,-3.316,0.324,Idle
-0.019,-0.041,1.010,0.385,-3.334,0.280,Idle
-0.018,-0.041,1.011,0.359,-3.307,0.306,Idle
-0.020,-0.042,1.011,0.394,-3.342,0.315,Idle
-0.019,-0.041,1.011,0.333,-3.351,0.280,Idle
-0.019,-0.041,1.010,0.368,-3.325,0.271,Idle
-0.019,-0.040,1.011,0.394,-3.299,0.245,Idle
-0.019,-0.042,1.012,0.411,-3.351,0.306,Idle
-0.018,-0.041,1.010,0.403,-3.325,0.262,Idle
-0.019,-0.040,1.010,0.376,-3.360,0.324,Idle
-0.019,-0.041,1.010,0.394,-3.299,0.289,Idle
-0.020,-0.041,1.011,0.411,-3.360,0.324,Idle
-0.019,-0.041,1.013,0.350,-3.334,0.324,Idle
-0.019,-0.041,1.009,0.403,-3.351,0.262,Idle
-0.019,-0.041,1.011,0.306,-3.334,0.298,Idle
-0.018,-0.042,1.011,0.368,-3.316,0.245,Idle
-0.019,-0.041,1.012,0.368,-3.351,0.280,Idle
-0.019,-0.041,1.011,0.359,-3.360,0.271,Idle
-0.018,-0.041,1.010,0.341,-3.369,0.245,Idle
-0.019,-0.041,1.011,0.376,-3.307,0.280,Idle
-0.019,-0.041,1.010,0.403,-3.325,0.280,Idle
-0.018,-0.041,1.009,0.385,-3.334,0.254,Idle
-0.018,-0.041,1.012,0.385,-3.325,0.315,Idle
-0.018,-0.041,1.010,0.368,-3.334,0.289,Idle
-0.019,-0.041,1.011,0.394,-3.325,0.289,Idle
-0.019,-0.041,1.011,0.350,-3.325,0.280,Idle
-0.018,-0.041,1.011,0.315,-3.342,0.289,Idle
-0.019,-0.040,1.011,0.385,-3.369,0.271,Idle
-0.019,-0.041,1.011,0.385,-3.316,0.271,Idle
-0.019,-0.041,1.011,0.376,-3.378,0.341,Idle
-0.019,-0.041,1.010,0.394,-3.325,0.306,Idle
-0.020,-0.041,1.011,0.359,-3.255,0.289,Idle
-0.019,-0.040,1.011,0.368,-3.342,0.289,Idle
-0.020,-0.040,1.012,0.394,-3.342,0.262,Idle
-0.018,-0.041,1.011,0.385,-3.342,0.289,Idle
-0.019,-0.041,1.010,0.368,-3.334,0.298,Idle
-0.020,-0.041,1.010,0.438,-3.342,0.271,Idle
-0.019,-0.041,1.012,0.359,-3.334,0.271,Idle
-0.018,-0.041,1.011,0.385,-3.334,0.280,Idle
-0.018,-0.041,1.010,0.411,-3.334,0.289,Idle
-0.020,-0.041,1.011,0.394,-3.351,0.280,Idle
-0.019,-0.040,1.010,0.394,-3.351,0.262,Idle
-0.018,-0.041,1.010,0.376,-3.378,0.298,Idle
-0.019,-0.041,1.010,0.385,-3.307,0.306,Idle
-0.019,-0.041,1.012,0.350,-3.316,0.289,Idle
-0.019,-0.040,1.011,0.324,-3.316,0.306,Idle
-0.019,-0.041,1.011,0.394,-3.369,0.324,Idle
-0.018,-0.041,1.009,0.403,-3.299,0.298,Idle
-0.020,-0.042,1.012,0.376,-3.325,0.280,Idle
-0.019,-0.040,1.010,0.350,-3.342,0.271,Idle
-0.018,-0.041,1.011,0.411,-3.342,0.262,Idle
-0.019,-0.041,1.011,0.341,-3.342,0.324,Idle
-0.018,-0.040,1.011,0.376,-3.307,0.280,Idle
-0.018,-0.040,1.012,0.350,-3.334,0.315,Idle
-0.019,-0.040,1.011,0.411,-3.342,0.289,Idle
-0.019,-0.041,1.011,0.333,-3.342,0.289,Idle
-0.018,-0.041,1.011,0.368,-3.334,0.315,Idle
-0.019,-0.040,1.012,0.385,-3.334,0.245,Idle
-0.019,-0.042,1.012,0.341,-3.325,0.289,Idle
-0.019,-0.041,1.009,0.341,-3.316,0.350,Idle
-0.019,-0.041,1.010,0.333,-3.307,0.280,Idle
-0.019,-0.041,1.010,0.385,-3.342,0.298,Idle
-0.019,-0.041,1.010,0.359,-3.342,0.315,Idle
-0.019,-0.041,1.010,0.324,-3.307,0.298,Idle
-0.019,-0.040,1.012,0.315,-3.325,0.271,Idle
-0.015,-0.019,1.011,0.403,-3.299,-0.254,Idle
-0.013,-0.041,1.009,0.228,-3.351,2.362,Idle
-0.017,-0.038,1.011,0.411,-3.316,0.726,Idle
-0.027,-0.053,1.012,0.262,-3.290,0.604,Idle
-0.020,-0.043,1.011,0.306,-3.316,0.184,Idle
-0.020,-0.040,1.012,0.368,-3.325,0.245,Idle
-0.019,-0.041,1.009,0.359,-3.334,0.306,Idle
-0.020,-0.041,1.011,0.385,-3.351,0.262,Idle
-0.020,-0.041,1.011,0.350,-3.369,0.333,Idle
-0.020,-0.041,1.011,0.333,-3.334,0.280,Idle
-0.019,-0.041,1.010,0.359,-3.386,0.280,Idle
-0.020,-0.041,1.012,0.403,-3.360,0.262,Idle
-0.018,-0.041,1.010,0.376,-3.360,0.315,Idle
-0.018,-0.041,1.010,0.394,-3.351,0.280,Idle
-0.019,-0.041,1.010,0.376,-3.281,0.306,Idle
-0.019,-0.041,1.011,0.368,-3.316,0.271,Idle
-0.020,-0.041,1.012,0.359,-3.316,0.333,Idle
-0.019,-0.041,1.010,0.376,-3.307,0.315,Idle
-0.019,-0.040,1.010,0.333,-3.316,0.271,Idle
-0.019,-0.040,1.011,0.350,-3.325,0.289,Idle
-0.019,-0.041,1.011,0.368,-3.334,0.228,Idle
-0.019,-0.041,1.010,0.324,-3.369,0.280,Idle
-0.019,-0.041,1.011,0.350,-3.325,0.245,Idle
-0.019,-0.042,1.012,0.368,-3.351,0.289,Idle
-0.019,-0.041,1.012,0.376,-3.325,0.245,Idle
-0.019,-0.041,1.011,0.368,-3.325,0.280,Idle
-0.019,-0.041,1.011,0.359,-3.325,0.271,Idle
-0.018,-0.042,1.010,0.385,-3.342,0.315,Idle
-0.018,-0.041,1.011,0.403,-3.325,0.289,Idle
-0.019,-0.040,1.011,0.368,-3.307,0.280,Idle
-0.020,-0.042,1.010,0.368,-3.386,0.271,Idle
-0.019,-0.042,1.011,0.385,-3.316,0.271,Idle
-0.019,-0.041,1.011,0.376,-3.307,0.254,Idle
-0.018,-0.041,1.010,0.324,-3.307,0.324,Idle
-0.019,-0.041,1.012,0.394,-3.334,0.271,Idle
-0.018,-0.042,1.011,0.350,-3.325,0.280,Idle
-0.019,-0.041,1.011,0.350,-3.316,0.315,Idle
-0.019,-0.041,1.011,0.333,-3.307,0.306,Idle
-0.019,-0.042,1.011,0.376,-3.316,0.289,Idle
-0.019,-0.041,1.011,0.368,-3.316,0.333,Idle
-0.018,-0.042,1.010,0.359,-3.351,0.280,Idle
-0.019,-0.041,1.011,0.324,-3.342,0.298,Idle
-0.019,-0.041,1.011,0.341,-3.342,0.271,Idle
-0.019,-0.041,1.011,0.350,-3.351,0.298,Idle
-0.019,-0.041,1.011,0.368,-3.316,0.306,Idle
-0.020,-0.041,1.011,0.420,-3.342,0.333,Idle
-0.018,-0.042,1.011,0.394,-3.351,0.280,Idle
-0.018,-0.039,1.009,0.472,-3.360,0.262,Idle
-0.018,-0.041,1.011,0.324,-3.386,0.298,Idle
-0.019,-0.041,1.011,0.368,-3.334,0.271,Idle
-0.019,-0.041,1.010,0.385,-3.334,0.280,Idle
-0.018,-0.041,1.011,0.333,-3.351,0.298,Idle
-0.019,-0.042,1.011,0.411,-3.342,0.289,Idle
-0.019,-0.041,1.011,0.420,-3.334,0.280,Idle
-0.018,-0.041,1.011,0.368,-3.369,0.289,Idle
-0.019,-0.041,1.011,0.333,-3.342,0.280,Idle
-0.019,-0.040,1.009,0.394,-3.316,0.271,Idle
-0.019,-0.041,1.011,0.376,-3.316,0.289,Idle
-0.019,-0.041,1.011,0.350,-3.342,0.298,Idle
-0.018,-0.041,1.010,0.376,-3.342,0.324,Idle
-0.019,-0.040,1.010,0.376,-3.299,0.262,Idle
-0.019,-0.041,1.011,0.359,-3.290,0.306,Idle
-0.018,-0.041,1.010,0.368,-3.334,0.341,Idle
-0.019,-0.041,1.011,0.350,-3.360,0.298,Idle
-0.019,-0.041,1.009,0.376,-3.334,0.315,Idle
-0.019,-0.042,1.012,0.333,-3.316,0.271,Idle
-0.020,-0.041,1.011,0.385,-3.334,0.280,Idle
-0.019,-0.041,1.010,0.333,-3.316,0.350,Idle
-0.020,-0.041,1.010,0.368,-3.369,0.298,Idle
-0.019,-0.041,1.011,0.359,-3.316,0.350,Idle
-0.018,-0.041,1.011,0.376,-3.316,0.289,Idle
-0.019,-0.041,1.011,0.403,-3.342,0.280,Idle
-0.018,-0.040,1.009,0.350,-3.334,0.271,Idle
-0.019,-0.041,1.012,0.359,-3.316,0.324,Idle
-0.019,-0.042,1.010,0.376,-3.334,0.306,Idle
-0.018,-0.041,1.011,0.376,-3.351,0.289,Idle
-0.019,-0.041,1.009,0.385,-3.342,0.298,Idle
-0.020,-0.040,1.012,0.385,-3.334,0.315,Idle
-0.019,-0.041,1.011,0.350,-3.342,0.280,Idle
-0.019,-0.041,1.011,0.368,-3.351,0.228,Idle
-0.019,-0.041,1.010,0.350,-3.360,0.333,Idle
-0.019,-0.040,1.011,0.376,-3.351,0.280,Idle
-0.019,-0.041,1.011,0.368,-3.351,0.315,Idle
-0.019,-0.041,1.009,0.385,-3.316,0.262,Idle
-0.020,-0.041,1.011,0.333,-3.316,0.324,Idle
-0.019,-0.041,1.012,0.350,-3.307,0.262,Idle
-0.018,-0.042,1.011,0.376,-3.351,0.289,Idle
-0.019,-0.041,1.010,0.420,-3.334,0.271,Idle
-0.019,-0.041,1.010,0.350,-3.334,0.298,Idle
-0.021,-0.042,1.011,0.368,-3.316,0.262,Idle
-0.019,-0.041,1.010,0.376,-3.360,0.324,Idle
-0.018,-0.042,1.010,0.359,-3.273,0.254,Idle
-0.020,-0.041,1.011,0.394,-3.360,0.289,Idle
-0.019,-0.041,1.012,0.359,-3.369,0.280,Idle
-0.019,-0.041,1.009,0.376,-3.351,0.298,Idle
-0.019,-0.041,1.010,0.411,-3.307,0.333,Idle
-0.020,-0.041,1.011,0.333,-3.307,0.324,Idle
-0.019,-0.041,1.010,0.368,-3.307,0.262,Idle
-0.018,-0.041,1.010,0.376,-3.325,0.298,Idle
-0.020,-0.041,1.011,0.350,-3.316,0.280,Idle
-0.019,-0.042,1.011,0.306,-3.334,0.306,Idle
-0.020,-0.041,1.011,0.359,-3.316,0.298,Idle
-0.018,-0.042,1.011,0.385,-3.334,0.262,Idle
-0.019,-0.041,1.012,0.333,-3.307,0.315,Idle
-0.020,-0.041,1.009,0.350,-3.299,0.324,Idle
-0.018,-0.041,1.009,0.368,-3.325,0.306,Idle
-0.018,-0.041,1.009,0.420,-3.325,0.280,Idle
-0.020,-0.041,1.011,0.403,-3.342,0.254,Idle
-0.019,-0.042,1.010,0.368,-3.325,0.298,Idle
-0.018,-0.041,1.010,0.385,-3.299,0.228,Idle
-0.020,-0.041,1.011,0.350,-3.360,0.333,Idle
-0.019,-0.042,1.010,0.359,-3.334,0.289,Idle
-0.019,-0.041,1.010,0.385,-3.290,0.298,Idle
-0.018,-0.040,1.010,0.376,-3.307,0.262,Idle
-0.019,-0.041,1.010,0.376,-3.316,0.350,Idle
-0.019,-0.042,1.010,0.385,-3.342,0.341,Idle
-0.018,-0.041,1.011,0.359,-3.360,0.359,Idle
-0.019,-0.041,1.009,0.385,-3.351,0.324,Idle
-0.020,-0.041,1.011,0.420,-3.334,0.298,Idle
-0.019,-0.041,1.010,0.376,-3.325,0.280,Idle
-0.017,-0.041,1.011,0.411,-3.307,0.324,Idle
-0.019,-0.041,1.010,0.350,-3.325,0.315,Idle
-0.019,-0.042,1.012,0.350,-3.334,0.289,Idle
-0.018,-0.041,1.010,0.359,-3.360,0.315,Idle
-0.018,-0.041,1.011,0.420,-3.342,0.306,Idle
-0.018,-0.042,1.010,0.333,-3.281,0.324,Idle
-0.019,-0.041,1.011,0.368,-3.307,0.280,Idle
-0.019,-0.042,1.010,0.359,-3.307,0.245,Idle
-0.018,-0.041,1.010,0.315,-3.351,0.315,Idle
-0.020,-0.040,1.011,0.394,-3.273,0.315,Idle
-0.019,-0.038,1.012,0.350,-3.307,0.219,Idle
-0.018,-0.028,1.010,0.368,-3.264,-0.884,Idle
-0.019,-0.056,1.008,0.359,-3.281,-1.190,Idle
-0.021,-0.044,1.011,0.438,-3.334,0.280,Idle
-0.019,-0.041,1.010,0.394,-3.386,0.315,Idle
-0.019,-0.041,1.010,0.411,-3.351,0.306,Idle
-0.018,-0.041,1.010,0.429,-3.360,0.254,Idle
-0.020,-0.041,1.012,0.201,-3.220,0.262,Idle
-0.018,-0.040,1.013,0.385,-3.412,0.280,Idle
-0.019,-0.043,1.010,0.350,-3.307,0.298,Idle
-0.018,-0.041,1.010,0.376,-3.342,0.298,Idle
-0.020,-0.041,1.009,0.385,-3.334,0.254,Idle
-0.020,-0.042,1.011,0.350,-3.299,0.298,Idle
-0.019,-0.041,1.010,0.368,-3.325,0.289,Idle
-0.019,-0.040,1.011,0.341,-3.316,0.324,Idle
-0.020,-0.040,1.011,0.385,-3.351,0.271,Idle
-0.020,-0.042,1.012,0.394,-3.342,0.315,Idle
-0.018,-0.042,1.009,0.385,-3.360,0.271,Idle
-0.019,-0.041,1.011,0.341,-3.316,0.280,Idle
-0.019,-0.041,1.009,0.350,-3.351,0.324,Idle
-0.019,-0.040,1.013,0.350,-3.325,0.262,Idle
-0.019,-0.042,1.010,0.376,-3.351,0.280,Idle
-0.019,-0.040,1.010,0.368,-3.378,0.298,Idle
-0.018,-0.041,1.010,0.359,-3.325,0.315,Idle
-0.019,-0.041,1.012,0.333,-3.342,0.280,Idle
-0.019,-0.042,1.010,0.341,-3.351,0.280,Idle
-0.019,-0.041,1.010,0.333,-3.334,0.333,Idle
-0.020,-0.040,1.012,0.359,-3.325,0.289,Idle
-0.020,-0.041,1.012,0.429,-3.334,0.306,Idle
-0.018,-0.042,1.010,0.359,-3.342,0.315,Idle
-0.018,-0.042,1.011,0.368,-3.325,0.315,Idle
-0.018,-0.041,1.010,0.394,-3.342,0.306,Idle
-0.020,-0.042,1.012,0.359,-3.316,0.271,Idle
-0.017,-0.042,1.010,0.376,-3.325,0.298,Idle
-0.018,-0.041,1.010,0.394,-3.316,0.289,Idle
-0.019,-0.041,1.011,0.403,-3.342,0.324,Idle
-0.019,-0.041,1.009,0.350,-3.299,0.298,Idle
-0.018,-0.042,1.010,0.385,-3.334,0.298,Idle
-0.018,-0.042,1.010,0.341,-3.334,0.306,Idle
-0.019,-0.041,1.011,0.333,-3.351,0.280,Idle
-0.020,-0.041,1.011,0.394,-3.334,0.280,Idle
-0.018,-0.040,1.010,0.385,-3.360,0.289,Idle
-0.019,-0.042,1.010,0.368,-3.342,0.289,Idle
-0.020,-0.041,1.010,0.394,-3.325,0.289,Idle
-0.019,-0.041,1.011,0.350,-3.307,0.271,Idle
-0.019,-0.041,1.009,0.368,-3.316,0.315,Idle
-0.019,-0.041,1.011,0.350,-3.334,0.306,Idle
-0.019,-0.041,1.010,0.333,-3.316,0.324,Idle
-0.020,-0.041,1.009,0.420,-3.342,0.289,Idle
-0.018,-0.041,1.011,0.394,-3.369,0.271,Idle
-0.019,-0.041,1.010,0.376,-3.281,0.262,Idle
-0.019,-0.041,1.010,0.385,-3.316,0.324,Idle
-0.019,-0.041,1.011,0.376,-3.307,0.306,Idle
-0.018,-0.041,1.010,0.350,-3.307,0.298,Idle
-0.020,-0.040,1.011,0.350,-3.369,0.236,Idle
-0.018,-0.042,1.010,0.394,-3.342,0.280,Idle
-0.018,-0.042,1.010,0.262,-3.342,0.280,Idle
-0.019,-0.041,1.011,0.403,-3.342,0.254,Idle
-0.019,-0.042,1.010,0.368,-3.342,0.298,Idle
-0.018,-0.040,1.010,0.341,-3.316,0.254,Idle
-0.019,-0.040,1.009,0.376,-3.334,0.271,Idle
-0.019,-0.041,1.011,0.359,-3.369,0.333,Idle
-0.018,-0.042,1.011,0.429,-3.334,0.306,Idle
-0.020,-0.042,1.010,0.411,-3.290,0.306,Idle
-0.019,-0.042,1.011,0.368,-3.299,0.324,Idle
-0.019,-0.040,1.010,0.341,-3.360,0.298,Idle
-0.019,-0.040,1.011,0.359,-3.369,0.350,Idle
-0.019,-0.042,1.011,0.341,-3.342,0.271,Idle
-0.019,-0.040,1.009,0.324,-3.307,0.298,Idle
-0.020,-0.041,1.012,0.403,-3.299,0.289,Idle
-0.019,-0.042,1.011,0.359,-3.307,0.254,Idle
-0.018,-0.042,1.011,0.376,-3.360,0.306,Idle
-0.018,-0.041,1.010,0.333,-3.325,0.306,Idle
-0.019,-0.041,1.013,0.385,-3.307,0.271,Idle
-0.019,-0.041,1.011,0.341,-3.334,0.271,Idle
-0.019,-0.041,1.011,0.333,-3.316,0.315,Idle
-0.019,-0.041,1.011,0.359,-3.342,0.271,Idle
-0.019,-0.042,1.011,0.376,-3.342,0.289,Idle
-0.019,-0.043,1.013,0.350,-3.316,0.289,Idle
-0.018,-0.040,1.010,0.403,-3.360,0.298,Idle
-0.021,-0.041,1.011,0.359,-3.334,0.289,Idle
-0.018,-0.042,1.011,0.385,-3.316,0.324,Idle
-0.020,-0.042,1.011,0.359,-3.325,0.298,Idle
-0.020,-0.039,1.010,0.359,-3.290,0.280,Idle
-0.019,-0.041,1.011,0.385,-3.334,0.280,Idle
-0.019,-0.043,1.012,0.376,-3.325,0.289,Idle
-0.020,-0.041,1.012,0.359,-3.342,0.333,Idle
-0.019,-0.040,1.009,0.350,-3.307,0.271,Idle
-0.019,-0.041,1.011,0.289,-3.351,0.280,Idle
-0.019,-0.042,1.010,0.359,-3.307,0.350,Idle
-0.018,-0.041,1.013,0.359,-3.325,0.324,Idle
-0.019,-0.039,1.010,0.341,-3.386,0.254,Idle
-0.019,-0.041,1.010,0.359,-3.360,0.280,Idle
-0.018,-0.042,1.013,0.359,-3.342,0.254,Idle
-0.019,-0.041,1.011,0.359,-3.334,0.306,Idle
-0.019,-0.040,1.010,0.359,-3.316,0.324,Idle
-0.019,-0.041,1.011,0.341,-3.369,0.271,Idle
-0.019,-0.042,1.011,0.350,-3.316,0.298,Idle
-0.019,-0.041,1.011,0.394,-3.290,0.245,Idle
-0.019,-0.040,1.009,0.385,-3.299,0.254,Idle
-0.019,-0.042,1.011,0.341,-3.325,0.315,Idle
-0.018,-0.041,1.010,0.341,-3.360,0.289,Idle
-0.020,-0.041,1.011,0.324,-3.342,0.280,Idle
-0.019,-0.040,1.009,0.385,-3.316,0.271,Idle
-0.019,-0.042,1.012,0.429,-3.342,0.262,Idle
-0.017,-0.041,1.011,0.411,-3.316,0.280,Idle
-0.019,-0.042,1.011,0.341,-3.342,0.262,Idle
-0.019,-0.040,1.010,0.385,-3.342,0.289,Idle
-0.018,-0.042,1.011,0.376,-3.334,0.289,Idle
-0.019,-0.041,1.012,0.359,-3.316,0.280,Idle
-0.019,-0.040,1.011,0.341,-3.325,0.324,Idle
-0.020,-0.040,1.010,0.429,-3.307,0.271,Idle
-0.019,-0.042,1.011,0.403,-3.351,0.306,Idle
-0.019,-0.042,1.012,0.411,-3.351,0.271,Idle
-0.019,-0.041,1.010,0.368,-3.307,0.298,Idle
-0.018,-0.040,1.010,0.368,-3.307,0.298,Idle
-0.019,-0.041,1.012,0.359,-3.307,0.280,Idle
-0.019,-0.042,1.010,0.385,-3.351,0.289,Idle
-0.020,-0.043,1.012,0.438,-3.316,0.271,Idle
-0.018,-0.040,1.010,0.403,-3.342,0.306,Idle
-0.019,-0.042,1.011,0.394,-3.316,0.306,Idle
-0.018,-0.043,1.011,0.368,-3.386,0.254,Idle
-0.018,-0.041,1.010,0.403,-3.307,0.280,Idle
-0.019,-0.040,1.011,0.359,-3.290,0.280,Idle
-0.019,-0.041,1.011,0.324,-3.307,0.289,Idle
-0.019,-0.041,1.010,0.394,-3.334,0.280,Idle
-0.019,-0.042,1.010,0.376,-3.360,0.289,Idle
-0.019,-0.041,1.011,0.403,-3.342,0.298,Idle
-0.020,-0.041,1.013,0.385,-3.342,0.324,Idle
-0.017,-0.041,1.010,0.403,-3.334,0.333,Idle
-0.018,-0.042,1.011,0.376,-3.325,0.315,Idle
-0.019,-0.040,1.010,0.368,-3.325,0.271,Idle
-0.019,-0.040,1.011,0.411,-3.351,0.289,Idle
-0.019,-0.042,1.012,0.403,-3.299,0.262,Idle
-0.020,-0.042,1.012,0.376,-3.325,0.280,Idle
-0.019,-0.041,1.010,0.341,-3.351,0.324,Idle
-0.019,-0.042,1.011,0.333,-3.369,0.324,Idle
-0.019,-0.041,1.011,0.411,-3.360,0.280,Idle
-0.018,-0.042,1.012,0.420,-3.307,0.289,Idle
-0.019,-0.041,1.011,0.368,-3.342,0.289,Idle
-0.018,-0.041,1.010,0.394,-3.307,0.262,Idle
-0.019,-0.041,1.009,0.341,-3.360,0.298,Idle
-0.020,-0.041,1.010,0.350,-3.351,0.341,Idle
-0.019,-0.042,1.010,0.385,-3.325,0.315,Idle
-0.019,-0.041,1.010,0.324,-3.307,0.324,Idle
-0.018,-0.040,1.011,0.368,-3.342,0.455,Idle
-0.018,-0.041,1.011,0.324,-3.360,0.665,Idle
-0.024,-0.045,1.009,0.341,-3.378,0.954,Idle
-0.020,-0.041,1.012,0.385,-3.369,0.306,Idle
-0.019,-0.041,1.011,0.359,-3.325,0.324,Idle
-0.019,-0.042,1.010,0.411,-3.325,0.298,Idle
-0.020,-0.041,1.012,0.341,-3.316,0.359,Idle
-0.019,-0.041,1.011,0.368,-3.316,0.298,Idle
-0.019,-0.041,1.010,0.420,-3.360,0.298,Idle
-0.019,-0.042,1.010,0.385,-3.325,0.315,Idle
-0.017,-0.039,1.010,0.368,-3.325,0.411,Idle
-0.024,-0.046,1.010,0.324,-3.334,1.050,Idle
-0.016,-0.039,1.012,0.341,-3.334,0.586,Idle
-0.017,-0.041,1.011,0.411,-3.342,1.059,Idle
-0.011,-0.033,1.011,0.490,-3.430,2.056,Idle
-0.018,-0.040,1.011,0.376,-3.342,0.368,Idle
-0.020,-0.041,1.010,0.411,-3.307,0.271,Idle
-0.019,-0.041,1.011,0.385,-3.342,0.298,Idle
-0.020,-0.041,1.013,0.420,-3.299,0.271,Idle
-0.019,-0.041,1.008,0.376,-3.351,0.324,Idle
-0.020,-0.040,1.012,0.350,-3.334,0.280,Idle
-0.018,-0.041,1.011,0.376,-3.342,0.289,Idle
-0.018,-0.041,1.011,0.341,-3.351,0.289,Idle
-0.019,-0.041,1.012,0.394,-3.299,0.262,Idle
-0.018,-0.041,1.012,0.403,-3.334,0.271,Idle
-0.021,-0.041,1.011,0.429,-3.351,0.271,Idle
-0.019,-0.041,1.012,0.394,-3.334,0.289,Idle
-0.019,-0.041,1.010,0.376,-3.325,0.289,Idle
-0.019,-0.041,1.012,0.368,-3.316,0.280,Idle
-0.020,-0.041,1.011,0.315,-3.316,0.324,Idle
-0.019,-0.042,1.011,0.368,-3.316,0.315,Idle
-0.019,-0.041,1.010,0.341,-3.369,0.262,Idle
-0.020,-0.041,1.012,0.359,-3.299,0.324,Idle
-0.019,-0.041,1.013,0.341,-3.342,0.289,Idle
-0.019,-0.040,1.012,0.359,-3.351,0.280,Idle
-0.019,-0.041,1.011,0.368,-3.325,0.333,Idle
-0.019,-0.040,1.012,0.368,-3.342,0.298,Idle
-0.020,-0.042,1.012,0.324,-3.299,0.306,Idle
-0.018,-0.041,1.011,0.350,-3.342,0.333,Idle
-0.018,-0.041,1.010,0.411,-3.325,0.306,Idle
-0.019,-0.041,1.012,0.429,-3.342,0.350,Idle
-0.019,-0.041,1.012,0.411,-3.316,0.262,Idle
-0.018,-0.041,1.011,0.394,-3.316,0.306,Idle
-0.019,-0.041,1.010,0.368,-3.325,0.280,Idle
-0.019,-0.042,1.011,0.368,-3.316,0.324,Idle
-0.018,-0.041,1.012,0.394,-3.351,0.262,Idle
-0.018,-0.041,1.012,0.359,-3.316,0.298,Idle
-0.020,-0.042,1.012,0.376,-3.299,0.306,Idle
-0.019,-0.041,1.010,0.359,-3.299,0.280,Idle
-0.020,-0.040,1.011,0.341,-3.299,0.341,Idle
-0.019,-0.041,1.010,0.368,-3.307,0.306,Idle
-0.019,-0.040,1.010,0.368,-3.342,0.333,Idle
-0.019,-0.042,1.011,0.350,-3.360,0.324,Idle
-0.019,-0.041,1.010,0.385,-3.307,0.306,Idle
-0.018,-0.040,1.010,0.403,-3.342,0.315,Idle
-0.020,-0.041,1.011,0.394,-3.316,0.333,Idle
-0.019,-0.042,1.012,0.403,-3.334,0.298,Idle
-0.019,-0.041,1.011,0.403,-3.299,0.333,Idle
-0.018,-0.041,1.011,0.403,-3.316,0.280,Idle
-0.018,-0.041,1.010,0.394,-3.369,0.289,Idle
-0.019,-0.041,1.010,0.429,-3.334,0.315,Idle
-0.019,-0.041,1.010,0.394,-3.351,0.341,Idle
-0.019,-0.041,1.010,0.359,-3.316,0.271,Idle
-0.020,-0.041,1.012,0.411,-3.325,0.289,Idle
-0.019,-0.041,1.011,0.341,-3.386,0.289,Idle
-0.019,-0.041,1.011,0.368,-3.334,0.333,Idle
-0.019,-0.041,1.012,0.368,-3.307,0.280,Idle
-0.019,-0.041,1.010,0.280,-3.342,0.271,Idle
-0.019,-0.042,1.011,0.385,-3.360,0.280,Idle
-0.019,-0.041,1.011,0.350,-3.369,0.280,Idle
-0.019,-0.041,1.011,0.333,-3.360,0.306,Idle
-0.020,-0.041,1.010,0.350,-3.351,0.341,Idle
-0.018,-0.041,1.012,0.403,-3.351,0.298,Idle
-0.019,-0.042,1.012,0.350,-3.334,0.289,Idle
-0.019,-0.041,1.013,0.333,-3.351,0.289,Idle
-0.018,-0.041,1.011,0.368,-3.281,0.280,Idle
-0.018,-0.041,1.010,0.324,-3.290,0.262,Idle
-0.020,-0.040,1.011,0.324,-3.325,0.306,Idle
-0.019,-0.030,1.011,0.306,-3.185,-0.543,Idle
-0.018,-0.034,1.005,0.289,-3.080,-3.054,Idle
-0.013,-0.060,1.007,0.324,-3.185,-1.085,Idle
-0.019,-0.043,1.011,0.341,-3.351,1.024,Idle
-0.021,-0.043,1.010,0.385,-3.281,0.613,Idle
-0.018,-0.043,1.011,0.385,-3.290,0.350,Idle
-0.019,-0.041,1.011,0.403,-3.342,0.333,Idle
-0.019,-0.041,1.011,0.376,-3.316,0.298,Idle
-0.019,-0.040,1.010,0.359,-3.316,0.315,Idle
-0.019,-0.041,1.011,0.359,-3.342,0.280,Idle
-0.018,-0.041,1.010,0.333,-3.316,0.245,Idle
-0.018,-0.040,1.011,0.341,-3.299,0.210,Idle
-0.018,-0.039,1.011,0.333,-3.325,0.219,Idle
-0.008,-0.034,1.009,0.429,-3.369,1.601,Idle
-0.019,-0.046,1.012,0.359,-3.290,-0.035,Idle
-0.020,-0.041,1.008,0.376,-3.316,0.298,Idle
-0.020,-0.041,1.011,0.385,-3.325,0.271,Idle
-0.019,-0.042,1.011,0.385,-3.307,0.315,Idle
-0.019,-0.041,1.010,0.333,-3.264,0.324,Idle
-0.018,-0.041,1.010,0.385,-3.325,0.262,Idle
-0.020,-0.041,1.011,0.333,-3.325,0.289,Idle
-0.019,-0.042,1.010,0.341,-3.360,0.289,Idle
-0.019,-0.041,1.011,0.359,-3.316,0.306,Idle
-0.018,-0.040,1.009,0.341,-3.334,0.315,Idle
-0.019,-0.041,1.011,0.306,-3.334,0.306,Idle
-0.020,-0.041,1.011,0.376,-3.325,0.035,Idle
-0.019,-0.042,1.012,0.403,-3.307,0.096,Idle
-0.019,-0.036,1.011,0.341,-3.325,-0.026,Idle
-0.020,-0.044,1.011,0.368,-3.316,0.026,Idle
-0.018,-0.042,1.011,0.359,-3.325,0.262,Idle
-0.019,-0.041,1.009,0.359,-3.351,0.245,Idle
-0.019,-0.041,1.011,0.394,-3.351,0.262,Idle
-0.019,-0.040,1.012,0.306,-3.369,0.262,Idle
-0.019,-0.042,1.010,0.376,-3.369,0.262,Idle
-0.020,-0.041,1.011,0.350,-3.342,0.262,Idle
-0.019,-0.041,1.009,0.403,-3.325,0.315,Idle
-0.019,-0.042,1.014,0.368,-3.316,0.236,Idle
-0.019,-0.042,1.009,0.376,-3.316,0.324,Idle
-0.019,-0.041,1.011,0.359,-3.342,0.306,Idle
-0.020,-0.040,1.012,0.350,-3.342,0.262,Idle
-0.019,-0.042,1.011,0.368,-3.290,0.289,Idle
-0.019,-0.042,1.011,0.368,-3.316,0.280,Idle
-0.020,-0.041,1.012,0.376,-3.334,0.289,Idle
-0.019,-0.041,1.011,0.429,-3.351,0.254,Idle
-0.019,-0.041,1.011,0.385,-3.351,0.280,Idle
-0.019,-0.041,1.010,0.411,-3.316,0.298,Idle
-0.019,-0.041,1.012,0.376,-3.325,0.254,Idle
-0.019,-0.040,1.011,0.376,-3.299,0.280,Idle
-0.018,-0.042,1.012,0.350,-3.351,0.315,Idle
-0.020,-0.042,1.012,0.411,-3.351,0.298,Idle
-0.019,-0.041,1.012,0.411,-3.316,0.271,Idle
-0.020,-0.041,1.011,0.324,-3.351,0.289,Idle
-0.020,-0.042,1.011,0.359,-3.307,0.262,Idle
-0.019,-0.041,1.010,0.341,-3.325,0.289,Idle
-0.020,-0.041,1.011,0.324,-3.334,0.298,Idle
-0.019,-0.041,1.011,0.341,-3.334,0.298,Idle
-0.019,-0.042,1.011,0.350,-3.307,0.289,Idle
-0.019,-0.041,1.009,0.359,-3.351,0.280,Idle
-0.020,-0.040,1.012,0.385,-3.307,0.254,Idle
-0.020,-0.041,1.012,0.411,-3.351,0.236,Idle
-0.019,-0.041,1.012,0.411,-3.299,0.280,Idle
-0.019,-0.041,1.011,0.350,-3.325,0.289,Idle
-0.019,-0.042,1.011,0.368,-3.299,0.280,Idle
-0.020,-0.041,1.011,0.341,-3.325,0.236,Idle
-0.018,-0.041,1.011,0.403,-3.316,0.306,Idle
-0.021,-0.041,1.010,0.403,-3.334,0.280,Idle
-0.020,-0.041,1.012,0.376,-3.342,0.236,Idle
-0.020,-0.042,1.012,0.438,-3.325,0.228,Idle
-0.019,-0.041,1.012,0.376,-3.325,0.254,Idle
-0.019,-0.041,1.011,0.359,-3.325,0.271,Idle
-0.019,-0.041,1.011,0.403,-3.334,0.262,Idle
-0.020,-0.041,1.010,0.324,-3.342,0.289,Idle
-0.019,-0.041,1.011,0.350,-3.342,0.306,Idle
-0.020,-0.041,1.010,0.394,-3.351,0.306,Idle
-0.020,-0.040,1.010,0.341,-3.342,0.262,Idle
-0.019,-0.042,1.011,0.350,-3.290,0.298,Idle
-0.019,-0.042,1.010,0.315,-3.325,0.333,Idle
-0.019,-0.041,1.010,0.341,-3.334,0.306,Idle
-0.019,-0.041,1.011,0.376,-3.325,0.341,Idle
-0.019,-0.041,1.011,0.350,-3.325,0.324,Idle
-0.020,-0.041,1.012,0.359,-3.290,0.280,Idle
-0.019,-0.041,1.012,0.341,-3.334,0.289,Idle
-0.019,-0.041,1.012,0.394,-3.299,0.236,Idle
-0.019,-0.041,1.011,0.385,-3.334,0.289,Idle
-0.019,-0.040,1.010,0.394,-3.334,0.262,Idle
-0.020,-0.040,1.011,0.315,-3.369,0.298,Idle
-0.019,-0.042,1.011,0.350,-3.316,0.262,Idle
-0.019,-0.041,1.010,0.394,-3.360,0.298,Idle
-0.018,-0.042,1.011,0.376,-3.316,0.280,Idle
-0.019,-0.041,1.012,0.385,-3.325,0.315,Idle
-0.019,-0.041,1.011,0.385,-3.369,0.271,Idle
-0.019,-0.041,1.011,0.324,-3.334,0.315,Idle
-0.019,-0.042,1.011,0.368,-3.342,0.333,Idle
-0.018,-0.040,1.011,0.333,-3.342,0.306,Idle
-0.019,-0.040,1.012,0.376,-3.307,0.298,Idle
-0.019,-0.041,1.010,0.420,-3.369,0.289,Idle
-0.019,-0.040,1.010,0.376,-3.307,0.262,Idle
-0.019,-0.041,1.013,0.324,-3.334,0.324,Idle
-0.019,-0.042,1.011,0.394,-3.342,0.298,Idle
-0.018,-0.042,1.011,0.350,-3.325,0.306,Idle
-0.019,-0.041,1.011,0.376,-3.351,0.289,Idle
-0.018,-0.041,1.013,0.350,-3.369,0.315,Idle
-0.019,-0.041,1.011,0.376,-3.334,0.306,Idle
-0.019,-0.040,1.011,0.385,-3.342,0.350,Idle
-0.019,-0.041,1.011,0.333,-3.334,0.289,Idle
-0.020,-0.041,1.011,0.411,-3.378,0.306,Idle
-0.019,-0.041,1.010,0.376,-3.325,0.271,Idle
-0.019,-0.042,1.011,0.368,-3.307,0.271,Idle
-0.019,-0.041,1.009,0.376,-3.334,0.306,Idle
-0.019,-0.041,1.012,0.324,-3.342,0.262,Idle
-0.019,-0.041,1.009,0.385,-3.325,0.289,Idle
-0.019,-0.042,1.012,0.376,-3.334,0.254,Idle
-0.019,-0.041,1.012,0.341,-3.325,0.245,Idle
-0.020,-0.041,1.011,0.403,-3.325,0.236,Idle
-0.019,-0.041,1.009,0.394,-3.325,0.245,Idle
-0.019,-0.041,1.010,0.324,-3.299,0.192,Idle
-0.020,-0.034,1.011,0.359,-3.334,-0.228,Idle
-0.017,-0.048,1.010,0.298,-3.316,-0.446,Idle
-0.019,-0.040,1.011,0.359,-3.325,0.000,Idle
-0.019,-0.044,1.011,0.385,-3.307,0.114,Idle
-0.019,-0.041,1.012,0.368,-3.316,0.245,Idle
-0.019,-0.041,1.013,0.385,-3.334,0.271,Idle
-0.019,-0.041,1.011,0.359,-3.342,0.298,Idle
-0.019,-0.042,1.011,0.385,-3.334,0.280,Idle
-0.019,-0.041,1.011,0.368,-3.299,0.298,Idle
-0.019,-0.041,1.010,0.438,-3.316,0.271,Idle
-0.019,-0.041,1.010,0.368,-3.316,0.289,Idle
-0.019,-0.042,1.011,0.350,-3.307,0.262,Idle
-0.020,-0.041,1.013,0.394,-3.299,0.324,Idle
-0.020,-0.041,1.012,0.403,-3.325,0.298,Idle
-0.019,-0.041,1.009,0.333,-3.299,0.289,Idle
-0.019,-0.041,1.012,0.376,-3.325,0.315,Idle
-0.019,-0.042,1.012,0.368,-3.325,0.271,Idle
-0.019,-0.042,1.011,0.411,-3.369,0.315,Idle
-0.020,-0.041,1.011,0.385,-3.334,0.271,Idle
-0.019,-0.042,1.010,0.411,-3.342,0.271,Idle
-0.020,-0.041,1.013,0.359,-3.325,0.280,Idle
-0.018,-0.041,1.010,0.385,-3.342,0.289,Idle
-0.019,-0.042,1.011,0.350,-3.334,0.236,Idle
-0.020,-0.042,1.011,0.333,-3.342,0.289,Idle
-0.019,-0.041,1.012,0.359,-3.351,0.271,Idle
-0.019,-0.041,1.010,0.350,-3.316,0.298,Idle
-0.020,-0.040,1.011,0.359,-3.369,0.298,Idle
-0.018,-0.041,1.009,0.359,-3.281,0.298,Idle
-0.020,-0.041,1.013,0.411,-3.325,0.315,Idle
-0.020,-0.041,1.012,0.333,-3.342,0.306,Idle
-0.019,-0.041,1.010,0.403,-3.316,0.298,Idle
-0.020,-0.042,1.011,0.324,-3.299,0.315,Idle
-0.019,-0.042,1.011,0.411,-3.307,0.289,Idle
-0.018,-0.042,1.012,0.341,-3.334,0.298,Idle
-0.019,-0.041,1.010,0.333,-3.378,0.271,Idle
-0.020,-0.040,1.010,0.368,-3.342,0.315,Idle
-0.019,-0.041,1.013,0.368,-3.342,0.306,Idle
-0.019,-0.040,1.011,0.324,-3.342,0.306,Idle
-0.020,-0.041,1.012,0.368,-3.351,0.324,Idle
-0.019,-0.041,1.012,0.376,-3.342,0.254,Idle
-0.020,-0.042,1.013,0.341,-3.334,0.324,Idle
-0.020,-0.040,1.010,0.376,-3.299,0.280,Idle
-0.019,-0.042,1.013,0.376,-3.342,0.271,Idle
-0.019,-0.041,1.012,0.403,-3.342,0.271,Idle
-0.019,-0.041,1.011,0.306,-3.334,0.306,Idle
-0.019,-0.040,1.011,0.394,-3.325,0.298,Idle
-0.019,-0.041,1.011,0.333,-3.325,0.315,Idle
-0.019,-0.041,1.011,0.429,-3.325,0.245,Idle
-0.018,-0.041,1.011,0.359,-3.307,0.271,Idle
-0.019,-0.041,1.010,0.341,-3.307,0.350,Idle
-0.020,-0.040,1.011,0.385,-3.316,0.289,Idle
-0.020,-0.041,1.012,0.403,-3.334,0.289,Idle
-0.019,-0.041,1.011,0.368,-3.307,0.289,Idle
-0.020,-0.041,1.012,0.394,-3.307,0.289,Idle
-0.018,-0.040,1.011,0.341,-3.342,0.289,Idle
-0.019,-0.041,1.012,0.385,-3.325,0.271,Idle
-0.019,-0.043,1.011,0.341,-3.307,0.315,Idle
-0.020,-0.042,1.010,0.350,-3.334,0.350,Idle
-0.019,-0.040,1.010,0.368,-3.273,0.333,Idle
-0.019,-0.042,1.012,0.341,-3.316,0.306,Idle
-0.018,-0.042,1.011,0.394,-3.299,0.298,Idle
-0.019,-0.041,1.012,0.315,-3.342,0.271,Idle
-0.019,-0.041,1.011,0.359,-3.342,0.306,Idle
-0.020,-0.041,1.012,0.359,-3.334,0.306,Idle
-0.019,-0.041,1.010,0.368,-3.351,0.280,Idle
-0.019,-0.042,1.011,0.376,-3.290,0.262,Idle
-0.019,-0.041,1.012,0.368,-3.325,0.298,Idle
-0.019,-0.041,1.012,0.359,-3.325,0.245,Idle
-0.017,-0.042,1.011,0.394,-3.316,0.306,Idle
-0.020,-0.041,1.011,0.315,-3.369,0.298,Idle
-0.020,-0.041,1.012,0.333,-3.316,0.306,Idle
-0.020,-0.041,1.011,0.394,-3.351,0.262,Idle
-0.019,-0.041,1.011,0.341,-3.334,0.333,Idle
-0.020,-0.041,1.011,0.368,-3.307,0.306,Idle
-0.018,-0.041,1.010,0.341,-3.325,0.298,Idle
-0.020,-0.041,1.011,0.350,-3.351,0.289,Idle
-0.019,-0.041,1.011,0.368,-3.325,0.271,Idle
-0.020,-0.041,1.012,0.385,-3.378,0.280,Idle
-0.018,-0.041,1.010,0.350,-3.342,0.298,Idle
-0.019,-0.042,1.012,0.394,-3.325,0.289,Idle
-0.019,-0.041,1.010,0.385,-3.281,0.306,Idle
-0.021,-0.041,1.011,0.385,-3.334,0.306,Idle
-0.020,-0.041,1.012,0.368,-3.316,0.289,Idle
-0.018,-0.041,1.011,0.350,-3.316,0.271,Idle
-0.020,-0.042,1.011,0.385,-3.290,0.306,Idle
-0.020,-0.041,1.012,0.403,-3.334,0.236,Idle
-0.019,-0.041,1.011,0.394,-3.325,0.289,Idle
-0.018,-0.042,1.011,0.385,-3.351,0.298,Idle
-0.020,-0.041,1.011,0.376,-3.342,0.271,Idle
-0.020,-0.041,1.012,0.341,-3.351,0.298,Idle
-0.019,-0.041,1.010,0.376,-3.316,0.324,Idle
-0.018,-0.042,1.009,0.394,-3.342,0.298,Idle
-0.019,-0.042,1.011,0.315,-3.325,0.289,Idle
-0.020,-0.040,1.012,0.359,-3.334,0.289,Idle
-0.019,-0.040,1.010,0.403,-3.342,0.315,Idle
-0.019,-0.041,1.010,0.359,-3.325,0.324,Idle
-0.019,-0.041,1.010,0.429,-3.342,0.289,Idle
-0.020,-0.042,1.012,0.324,-3.316,0.262,Idle
-0.019,-0.040,1.009,0.385,-3.334,0.324,Idle
-0.019,-0.041,1.010,0.359,-3.342,0.298,Idle
-0.019,-0.041,1.009,0.350,-3.360,0.280,Idle
-0.018,-0.042,1.011,0.341,-3.290,0.280,Idle
-0.019,-0.041,1.011,0.298,-3.351,0.262,Idle
-0.020,-0.041,1.010,0.376,-3.351,0.280,Idle
-0.021,-0.041,1.011,0.324,-3.325,0.280,Idle
-0.018,-0.042,1.012,0.350,-3.325,0.271,Idle
-0.020,-0.042,1.010,0.394,-3.281,0.298,Idle
-0.018,-0.041,1.011,0.394,-3.325,0.271,Idle
-0.019,-0.041,1.011,0.376,-3.316,0.298,Idle
-0.020,-0.040,1.012,0.403,-3.299,0.254,Idle
-0.019,-0.041,1.010,0.350,-3.316,0.289,Idle
-0.018,-0.042,1.011,0.403,-3.334,0.289,Idle
-0.019,-0.041,1.010,0.376,-3.316,0.315,Idle
-0.019,-0.041,1.011,0.376,-3.334,0.298,Idle
-0.019,-0.042,1.011,0.376,-3.334,0.280,Idle
-0.018,-0.042,1.010,0.420,-3.342,0.368,Idle
-0.020,-0.040,1.012,0.403,-3.316,0.262,Idle
-0.019,-0.041,1.012,0.385,-3.325,0.306,Idle
-0.018,-0.042,1.011,0.350,-3.342,0.324,Idle
-0.018,-0.042,1.012,0.411,-3.334,0.306,Idle
-0.020,-0.041,1.010,0.368,-3.360,0.254,Idle
-0.019,-0.041,1.012,0.306,-3.316,0.262,Idle
-0.019,-0.042,1.010,0.341,-3.325,0.315,Idle
-0.019,-0.042,1.010,0.376,-3.325,0.245,Idle
-0.020,-0.041,1.011,0.385,-3.334,0.280,Idle
-0.020,-0.042,1.010,0.333,-3.334,0.289,Idle
-0.018,-0.042,1.011,0.472,-3.307,0.298,Idle
-0.019,-0.043,1.010,0.368,-3.299,0.262,Idle
-0.020,-0.041,1.012,0.376,-3.307,0.298,Idle
-0.019,-0.042,1.011,0.376,-3.325,0.280,Idle
-0.017,-0.045,1.008,0.324,-3.325,0.298,Idle
-0.019,-0.044,1.010,0.411,-3.334,0.315,Idle
-0.024,-0.032,1.010,0.429,-3.299,0.254,Idle
-0.018,-0.042,1.012,0.481,-3.386,0.289,Idle
-0.013,-0.050,1.011,0.350,-3.316,0.262,Idle
-0.018,-0.044,1.010,0.157,-3.150,0.280,Idle
-0.023,-0.029,1.010,0.403,-3.281,-0.429,Idle
-0.018,-0.044,1.010,0.385,-3.325,-0.140,Idle
-0.015,-0.047,1.013,0.350,-3.334,0.262,Idle
-0.020,-0.041,1.010,0.394,-3.351,0.271,Idle
-0.021,-0.035,1.011,0.403,-3.325,0.298,Idle
-0.018,-0.045,1.011,0.394,-3.325,0.271,Idle
-0.016,-0.046,1.010,0.368,-3.325,0.315,Idle
-0.020,-0.039,1.012,0.438,-3.334,0.298,Idle
-0.022,-0.036,1.011,0.385,-3.307,0.298,Idle
-0.017,-0.044,1.010,0.315,-3.307,0.333,Idle
-0.016,-0.043,1.012,0.298,-3.325,0.788,Idle
-0.007,-0.029,1.016,0.262,-3.439,1.776,Idle
0.028,-0.002,1.025,0.464,-3.771,11.130,Idle
-0.007,-0.009,1.072,0.070,-4.182,20.772,Idle
-0.004,-0.037,1.008,-0.166,-4.148,24.841,Idle
-0.031,-0.041,1.019,-0.368,-4.244,23.984,Idle
-0.037,-0.047,1.037,-0.079,-4.104,19.635,Idle
-0.050,-0.064,1.026,-0.228,-4.051,14.411,Idle
-0.029,-0.061,1.007,-0.175,-3.675,8.426,Idle
-0.026,-0.047,1.000,0.298,-3.517,6.387,Idle
-0.009,-0.031,1.014,0.385,-3.430,1.383,Idle
-0.018,-0.043,1.008,0.228,-3.360,1.986,Idle
-0.016,-0.040,1.012,0.324,-3.378,1.006,Idle
-0.001,-0.024,1.012,0.359,-3.378,2.756,Idle
-0.002,-0.026,1.010,0.464,-3.579,6.160,Idle
-0.008,-0.035,1.009,0.543,-3.649,7.726,Idle
-0.021,-0.046,1.003,0.166,-3.544,6.256,Idle
-0.003,-0.029,1.007,0.411,-3.553,6.195,Idle
-0.032,-0.051,1.012,0.166,-3.500,2.555,Idle
-0.015,-0.038,1.011,0.385,-3.412,0.901,Idle
-0.018,-0.043,1.014,0.271,-3.360,1.584,Idle
-0.022,-0.044,1.011,0.315,-3.307,0.691,Idle
-0.020,-0.040,1.011,0.315,-3.307,0.341,Idle
-0.021,-0.043,1.010,0.315,-3.351,0.280,Idle
-0.020,-0.043,1.012,0.350,-3.325,0.289,Idle
-0.019,-0.042,1.012,0.385,-3.325,0.298,Idle
-0.019,-0.042,1.010,0.376,-3.369,0.280,Idle
-0.019,-0.043,1.011,0.341,-3.342,0.298,Idle
-0.019,-0.043,1.011,0.394,-3.316,0.298,Idle
-0.020,-0.041,1.011,0.368,-3.325,0.254,Idle
-0.019,-0.041,1.011,0.333,-3.351,0.298,Idle
-0.020,-0.044,1.012,0.403,-3.273,0.280,Idle
-0.019,-0.043,1.010,0.306,-3.334,0.271,Idle
-0.021,-0.041,1.012,0.368,-3.307,0.306,Idle
-0.020,-0.042,1.009,0.368,-3.325,0.271,Idle
-0.019,-0.044,1.011,0.341,-3.307,0.245,Idle
-0.020,-0.042,1.010,0.403,-3.307,0.298,Idle
-0.020,-0.042,1.013,0.368,-3.307,0.289,Idle
-0.020,-0.041,1.010,0.262,-3.255,0.280,Idle
-0.021,-0.043,1.011,0.446,-3.307,0.289,Idle
-0.020,-0.043,1.010,0.394,-3.395,0.315,Idle
-0.020,-0.041,1.010,0.368,-3.342,0.289,Idle
-0.020,-0.042,1.010,0.429,-3.325,0.315,Idle
-0.020,-0.043,1.014,0.385,-3.316,0.306,Idle
-0.019,-0.042,1.012,0.324,-3.290,0.385,Idle
-0.019,-0.039,1.012,0.394,-3.334,0.507,Idle
-0.022,-0.041,1.008,0.385,-3.378,1.768,Idle
-0.023,-0.047,1.012,0.385,-3.421,1.820,Idle
-0.016,-0.039,1.013,0.411,-3.412,2.170,Idle
-0.032,-0.051,1.010,0.289,-3.360,2.100,Idle
-0.019,-0.042,1.009,0.385,-3.342,0.324,Idle
-0.020,-0.042,1.012,0.350,-3.334,0.289,Idle
-0.020,-0.042,1.010,0.359,-3.334,0.298,Idle
-0.019,-0.042,1.010,0.420,-3.360,0.298,Idle
-0.019,-0.042,1.010,0.403,-3.378,0.289,Idle
-0.020,-0.042,1.009,0.333,-3.351,0.359,Idle
-0.018,-0.042,1.009,0.446,-3.342,0.333,Idle
-0.021,-0.042,1.012,0.403,-3.386,0.324,Idle
-0.020,-0.042,1.010,0.411,-3.369,0.324,Idle
-0.020,-0.044,1.011,0.368,-3.299,0.341,Idle
-0.020,-0.043,1.010,0.411,-3.316,0.333,Idle
-0.019,-0.043,1.011,0.341,-3.325,0.280,Idle
-0.019,-0.042,1.011,0.376,-3.342,0.298,Idle
-0.018,-0.042,1.010,0.315,-3.316,0.280,Idle
-0.020,-0.041,1.010,0.368,-3.342,0.324,Idle
-0.021,-0.042,1.012,0.324,-3.351,0.315,Idle
-0.020,-0.042,1.011,0.376,-3.369,0.289,Idle
-0.020,-0.041,1.011,0.359,-3.369,0.298,Idle
-0.020,-0.043,1.011,0.306,-3.307,0.315,Idle
-0.019,-0.042,1.012,0.368,-3.378,0.298,Idle
-0.003,-0.029,1.010,0.376,-3.421,0.875,Idle
-0.005,-0.026,1.018,0.175,-3.736,10.010,Idle
-0.007,-0.035,0.996,0.009,-3.841,16.424,Idle
-0.004,-0.031,1.018,0.254,-4.069,20.580,Idle
-0.009,-0.044,0.993,-0.481,-4.016,22.593,Idle
-0.039,-0.047,1.015,0.621,-3.990,21.770,Idle
-0.049,-0.068,1.021,0.438,-3.631,6.186,Idle
-0.028,-0.058,1.011,0.411,-3.378,0.350,Idle
-0.020,-0.041,1.011,0.394,-3.334,0.280,Idle
-0.020,-0.041,1.012,0.315,-3.307,0.271,Idle
-0.020,-0.042,1.010,0.306,-3.307,0.289,Idle
-0.020,-0.043,1.011,0.333,-3.316,0.306,Idle
-0.020,-0.042,1.012,0.306,-3.334,0.280,Idle
-0.020,-0.041,1.009,0.359,-3.307,0.219,Idle
-0.020,-0.041,1.011,0.368,-3.334,0.280,Idle
-0.020,-0.042,1.010,0.394,-3.290,0.271,Idle
-0.021,-0.042,1.011,0.306,-3.325,0.315,Idle
-0.019,-0.041,1.011,0.289,-3.307,0.254,Idle
-0.020,-0.041,1.012,0.315,-3.290,0.228,Idle
-0.020,-0.042,1.013,0.385,-3.307,0.228,Idle
-0.021,-0.042,1.011,0.368,-3.299,0.236,Idle
-0.019,-0.041,1.012,0.394,-3.316,0.254,Idle
-0.020,-0.041,1.011,0.516,-3.430,0.298,Idle
-0.020,-0.043,1.011,0.411,-3.351,0.289,Idle
-0.021,-0.041,1.011,0.341,-3.273,0.315,Idle
-0.021,-0.041,1.010,0.420,-3.299,0.271,Idle
-0.021,-0.042,1.012,0.420,-3.342,0.350,Idle
-0.020,-0.043,1.011,0.403,-3.378,0.254,Idle
-0.021,-0.041,1.012,0.420,-3.325,0.280,Idle
-0.021,-0.041,1.013,0.376,-3.334,0.280,Idle
-0.020,-0.043,1.013,0.324,-3.325,0.289,Idle
-0.021,-0.043,1.015,0.359,-3.264,0.262,Idle
-0.020,-0.042,1.012,0.333,-3.299,0.262,Idle
-0.020,-0.042,1.009,0.569,-3.483,0.254,Idle
-0.021,-0.043,1.012,0.289,-3.264,0.280,Idle
-0.020,-0.042,1.013,0.324,-3.307,0.289,Idle
-0.021,-0.042,1.012,0.289,-3.307,0.306,Idle
-0.020,-0.042,1.009,0.394,-3.342,0.280,Idle
-0.020,-0.042,1.012,0.359,-3.334,0.333,Idle
-0.019,-0.041,1.012,0.385,-3.342,0.376,Idle
-0.020,-0.041,1.010,0.385,-3.290,0.280,Idle
-0.019,-0.042,1.011,0.368,-3.342,0.280,Idle
-0.020,-0.042,1.012,0.359,-3.316,0.262,Idle
-0.021,-0.043,1.013,0.350,-3.316,0.280,Idle
-0.020,-0.042,1.011,0.368,-3.299,0.254,Idle
-0.020,-0.041,1.010,0.333,-3.264,0.280,Idle
-0.021,-0.043,1.012,0.324,-3.316,0.219,Idle
-0.019,-0.040,1.012,0.368,-3.316,0.114,Idle
-0.021,-0.043,1.011,0.394,-3.290,0.157,Idle
-0.019,-0.041,1.011,0.350,-3.360,0.210,Idle
-0.017,-0.032,1.013,0.271,-3.098,-1.846,Idle
-0.021,-0.033,1.006,0.254,-2.870,-4.375,Idle
-0.022,-0.046,1.009,0.359,-3.071,-6.869,Idle
-0.020,-0.042,1.011,0.429,-3.404,0.096,Idle
-0.020,-0.043,1.011,0.333,-3.299,0.254,Idle
-0.019,-0.036,1.013,0.280,-3.229,-0.009,Idle
-0.015,-0.020,1.011,0.315,-2.975,-3.990,Idle
-0.017,-0.026,1.009,0.140,-2.537,-10.929,Idle
-0.018,-0.035,1.012,0.149,-2.336,-12.898,Idle
-0.025,-0.078,1.024,0.123,-2.398,-12.040,Idle
-0.020,-0.042,1.013,0.472,-3.290,-4.331,Idle
-0.022,-0.048,1.010,0.350,-3.237,-1.295,Idle
-0.020,-0.043,1.011,0.446,-3.386,0.306,Idle
-0.021,-0.043,1.012,0.420,-3.351,0.315,Idle
-0.020,-0.043,1.009,0.262,-3.299,0.298,Idle
-0.021,-0.043,1.012,0.315,-3.307,0.061,Idle
-0.021,-0.042,1.012,0.350,-3.316,0.149,Idle
-0.022,-0.042,1.012,0.376,-3.220,-0.018,Idle
-0.018,-0.033,1.011,0.298,-3.106,-1.067,Idle
-0.023,-0.044,1.006,0.262,-2.957,-5.591,Idle
-0.021,-0.048,1.011,0.166,-2.957,-4.716,Idle
-0.022,-0.047,1.009,0.341,-3.054,-3.430,Idle
-0.021,-0.047,1.010,0.315,-3.211,-2.371,Idle
-0.022,-0.047,1.012,0.385,-3.273,-1.864,Idle
-0.021,-0.046,1.010,0.350,-3.307,-0.070,Idle
-0.022,-0.043,1.011,0.394,-3.316,0.271,Idle
-0.021,-0.043,1.010,0.350,-3.351,0.315,Idle
-0.021,-0.044,1.011,0.359,-3.342,0.245,Idle
-0.021,-0.044,1.011,0.324,-3.307,0.254,Idle
-0.022,-0.044,1.011,0.376,-3.316,0.271,Idle
-0.020,-0.043,1.010,0.385,-3.325,0.289,Idle
-0.020,-0.043,1.011,0.359,-3.369,0.254,Idle
-0.020,-0.038,1.010,0.385,-3.264,-0.210,Idle
-0.022,-0.054,1.011,0.324,-3.211,-0.394,Idle
-0.022,-0.043,1.010,0.368,-3.325,0.280,Idle
-0.021,-0.043,1.010,0.368,-3.325,0.306,Idle
-0.020,-0.044,1.012,0.350,-3.342,0.306,Idle
-0.023,-0.044,1.011,0.411,-3.351,0.289,Idle
-0.021,-0.043,1.011,0.385,-3.316,0.315,Idle
-0.021,-0.044,1.011,0.385,-3.325,0.210,Idle
-0.021,-0.043,1.012,0.385,-3.351,0.271,Idle
-0.021,-0.044,1.009,0.315,-3.334,0.271,Idle
-0.021,-0.043,1.010,0.298,-3.316,0.350,Idle
-0.021,-0.043,1.012,0.341,-3.334,0.298,Idle
-0.021,-0.041,1.010,0.385,-3.316,0.140,Idle
-0.019,-0.035,1.012,0.333,-3.255,-1.601,Idle
-0.022,-0.052,1.010,0.359,-3.220,-2.529,Idle
-0.022,-0.043,1.010,0.376,-3.273,-0.009,Idle
-0.021,-0.045,1.011,0.403,-3.351,0.052,Idle
-0.021,-0.044,1.010,0.376,-3.334,0.236,Idle
-0.021,-0.042,1.011,0.385,-3.290,0.271,Idle
-0.021,-0.043,1.011,0.376,-3.342,0.245,Idle
-0.020,-0.044,1.009,0.394,-3.325,0.236,Idle
-0.021,-0.043,1.012,0.333,-3.342,0.289,Idle
-0.022,-0.043,1.011,0.376,-3.307,0.298,Idle
-0.021,-0.044,1.011,0.411,-3.325,0.289,Idle
-0.020,-0.043,1.009,0.376,-3.325,0.254,Idle
-0.022,-0.043,1.010,0.368,-3.334,0.262,Idle
-0.022,-0.044,1.012,0.385,-3.334,0.280,Idle
-0.020,-0.044,1.009,0.368,-3.299,0.298,Idle
-0.021,-0.043,1.010,0.359,-3.316,0.315,Idle
-0.021,-0.043,1.010,0.359,-3.307,0.271,Idle
-0.022,-0.044,1.011,0.341,-3.307,0.271,Idle
-0.021,-0.043,1.012,0.359,-3.290,0.298,Idle
-0.021,-0.043,1.009,0.385,-3.307,0.298,Idle
-0.020,-0.044,1.010,0.394,-3.334,0.271,Idle
-0.022,-0.044,1.012,0.341,-3.404,0.280,Idle
-0.021,-0.044,1.010,0.411,-3.342,0.271,Idle
-0.021,-0.045,1.011,0.368,-3.334,0.298,Idle
-0.021,-0.044,1.011,0.385,-3.334,0.280,Idle
-0.022,-0.044,1.013,0.368,-3.325,0.324,Idle
-0.020,-0.044,1.010,0.394,-3.342,0.271,Idle
-0.020,-0.044,1.010,0.350,-3.325,0.306,Idle
-0.021,-0.044,1.009,0.324,-3.378,0.289,Idle
-0.021,-0.044,1.011,0.376,-3.334,0.298,Idle
-0.021,-0.043,1.010,0.376,-3.316,0.289,Idle
-0.022,-0.043,1.011,0.376,-3.351,0.315,Idle
-0.021,-0.044,1.010,0.368,-3.299,0.315,Idle
-0.021,-0.044,1.010,0.359,-3.299,0.289,Idle
-0.021,-0.043,1.010,0.385,-3.307,0.271,Idle
-0.022,-0.043,1.012,0.385,-3.325,0.254,Idle
-0.021,-0.044,1.010,0.341,-3.342,0.298,Idle
-0.021,-0.044,1.011,0.350,-3.334,0.315,Idle
-0.021,-0.043,1.009,0.394,-3.351,0.324,Idle
-0.022,-0.043,1.012,0.420,-3.360,0.280,Idle
-0.021,-0.043,1.010,0.341,-3.299,0.289,Idle
-0.023,-0.043,1.010,0.394,-3.342,0.315,Idle
-0.020,-0.044,1.008,0.376,-3.334,0.298,Idle
-0.021,-0.044,1.010,0.368,-3.307,0.298,Idle
-0.022,-0.044,1.012,0.376,-3.325,0.324,Idle
-0.021,-0.044,1.013,0.333,-3.307,0.333,Idle
-0.021,-0.043,1.011,0.315,-3.325,0.289,Idle
-0.022,-0.044,1.013,0.394,-3.334,0.280,Idle
-0.021,-0.044,1.011,0.368,-3.316,0.254,Idle
-0.022,-0.044,1.012,0.368,-3.325,0.289,Idle
-0.020,-0.044,1.010,0.368,-3.325,0.315,Idle
-0.022,-0.043,1.012,0.359,-3.360,0.298,Idle
-0.021,-0.044,1.011,0.324,-3.307,0.333,Idle
-0.021,-0.044,1.011,0.403,-3.360,0.280,Idle
-0.020,-0.043,1.011,0.376,-3.342,0.289,Idle
-0.021,-0.044,1.011,0.385,-3.307,0.289,Idle
-0.021,-0.044,1.010,0.341,-3.325,0.280,Idle
-0.020,-0.045,1.011,0.403,-3.342,0.315,Idle
-0.020,-0.044,1.010,0.359,-3.351,0.280,Idle
-0.021,-0.042,1.010,0.376,-3.334,0.324,Idle
-0.021,-0.043,1.010,0.376,-3.334,0.306,Idle
-0.021,-0.044,1.010,0.368,-3.325,0.306,Idle
-0.021,-0.043,1.011,0.350,-3.342,0.315,Idle
-0.021,-0.044,1.012,0.394,-3.360,0.315,Idle
-0.020,-0.044,1.009,0.350,-3.342,0.289,Idle
-0.020,-0.043,1.011,0.385,-3.325,0.306,Idle
-0.022,-0.044,1.009,0.385,-3.334,0.306,Idle
-0.021,-0.044,1.011,0.359,-3.351,0.262,Idle
-0.020,-0.044,1.009,0.403,-3.351,0.271,Idle
-0.021,-0.044,1.011,0.341,-3.290,0.280,Idle
-0.022,-0.044,1.008,0.394,-3.351,0.280,Idle
-0.022,-0.044,1.010,0.306,-3.334,0.315,Idle
-0.021,-0.044,1.012,0.333,-3.307,0.271,Idle
-0.022,-0.044,1.010,0.376,-3.325,0.324,Idle
-0.021,-0.044,1.010,0.376,-3.325,0.333,Idle
-0.021,-0.045,1.010,0.376,-3.334,0.298,Idle
-0.022,-0.043,1.012,0.324,-3.307,0.289,Idle
-0.021,-0.043,1.013,0.341,-3.299,0.298,Idle
-0.021,-0.044,1.011,0.394,-3.325,0.262,Idle
-0.022,-0.044,1.012,0.341,-3.369,0.350,Idle
-0.020,-0.045,1.011,0.324,-3.325,0.280,Idle
-0.022,-0.044,1.011,0.350,-3.351,0.324,Idle
-0.021,-0.043,1.009,0.429,-3.325,0.289,Idle
-0.021,-0.044,1.009,0.376,-3.316,0.298,Idle
-0.021,-0.043,1.012,0.411,-3.325,0.289,Idle
-0.020,-0.043,1.010,0.420,-3.325,0.254,Idle
-0.021,-0.044,1.011,0.341,-3.325,0.341,Idle
-0.021,-0.043,1.012,0.359,-3.334,0.306,Idle
-0.021,-0.044,1.012,0.333,-3.334,0.289,Idle
-0.020,-0.043,1.009,0.376,-3.334,0.315,Idle
-0.021,-0.043,1.010,0.394,-3.325,0.315,Idle
-0.021,-0.044,1.011,0.394,-3.325,0.298,Idle
-0.022,-0.044,1.010,0.368,-3.299,0.306,Idle
-0.021,-0.044,1.010,0.368,-3.325,0.333,Idle
-0.022,-0.043,1.010,0.368,-3.325,0.306,Idle
-0.020,-0.043,1.009,0.368,-3.334,0.298,Idle
-0.020,-0.045,1.011,0.359,-3.351,0.333,Idle
-0.020,-0.044,1.009,0.385,-3.334,0.271,Idle
-0.022,-0.042,1.010,0.385,-3.316,0.262,Idle
-0.021,-0.043,1.010,0.411,-3.342,0.298,Idle
-0.021,-0.044,1.010,0.368,-3.360,0.298,Idle
-0.020,-0.044,1.010,0.385,-3.351,0.298,Idle
-0.022,-0.043,1.013,0.359,-3.299,0.298,Idle
-0.021,-0.043,1.010,0.394,-3.342,0.306,Idle
-0.021,-0.044,1.012,0.385,-3.369,0.271,Idle
-0.021,-0.043,1.011,0.324,-3.325,0.280,Idle
-0.020,-0.044,1.011,0.403,-3.316,0.289,Idle
-0.021,-0.044,1.010,0.341,-3.307,0.306,Idle
-0.021,-0.044,1.010,0.350,-3.281,0.289,Idle
-0.022,-0.043,1.011,0.376,-3.334,0.298,Idle
-0.022,-0.043,1.011,0.429,-3.316,0.271,Idle
-0.020,-0.044,1.009,0.341,-3.325,0.298,Idle
-0.021,-0.044,1.011,0.359,-3.325,0.324,Idle
-0.021,-0.043,1.011,0.403,-3.351,0.280,Idle
-0.021,-0.044,1.011,0.376,-3.334,0.306,Idle
-0.021,-0.044,1.009,0.333,-3.386,0.271,Idle
-0.021,-0.044,1.010,0.368,-3.342,0.254,Idle
-0.022,-0.043,1.010,0.359,-3.299,0.289,Idle
-0.021,-0.044,1.012,0.403,-3.307,0.306,Idle
-0.020,-0.043,1.009,0.403,-3.351,0.271,Idle
-0.022,-0.044,1.011,0.376,-3.334,0.280,Idle
-0.013,-0.043,0.999,0.429,-3.334,0.280,Idle
-0.016,-0.039,1.006,0.394,-3.386,0.254,Idle
-0.026,-0.052,1.014,0.324,-3.281,0.271,Idle
-0.017,-0.042,1.007,0.411,-3.342,0.306,Idle
-0.025,-0.047,1.014,0.333,-3.290,0.289,Idle
-0.020,-0.040,1.009,0.368,-3.360,0.280,Idle
-0.022,-0.046,1.012,0.411,-3.316,0.315,Idle
-0.020,-0.043,1.011,0.394,-3.360,0.298,Idle
-0.024,-0.046,1.013,0.341,-3.342,0.280,Idle
-0.019,-0.041,1.010,0.368,-3.369,0.306,Idle
-0.022,-0.044,1.010,0.341,-3.369,0.341,Idle
-0.021,-0.044,1.010,0.420,-3.325,0.289,Idle
-0.021,-0.043,1.010,0.368,-3.325,0.289,Idle
-0.023,-0.045,1.012,0.359,-3.307,0.262,Idle
-0.019,-0.041,1.008,0.394,-3.290,0.306,Idle
-0.023,-0.045,1.012,0.376,-3.325,0.298,Idle
-0.020,-0.042,1.009,0.350,-3.325,0.315,Idle
-0.021,-0.044,1.011,0.324,-3.307,0.289,Idle
-0.022,-0.045,1.010,0.376,-3.325,0.289,Idle
-0.021,-0.044,1.012,0.376,-3.307,0.306,Idle
-0.021,-0.044,1.013,0.324,-3.325,0.324,Idle
-0.021,-0.043,1.010,0.359,-3.307,0.324,Idle
-0.022,-0.045,1.011,0.368,-3.342,0.289,Idle
-0.021,-0.043,1.011,0.429,-3.334,0.306,Idle
-0.022,-0.044,1.009,0.350,-3.351,0.289,Idle
-0.018,-0.041,1.007,0.359,-3.334,0.306,Idle
-0.024,-0.045,1.012,0.359,-3.412,0.280,Idle
-0.015,-0.039,1.007,0.420,-3.360,0.289,Idle
-0.023,-0.046,1.013,0.385,-3.342,0.315,Idle
-0.024,-0.044,1.011,0.376,-3.360,0.324,Idle
-0.020,-0.042,1.010,0.368,-3.316,0.289,Idle
-0.022,-0.043,1.010,0.350,-3.351,0.324,Idle
-0.022,-0.043,1.010,0.411,-3.369,0.306,Idle
-0.023,-0.044,1.013,0.394,-3.316,0.324,Idle
-0.019,-0.042,1.010,0.394,-3.351,0.271,Idle
-0.023,-0.044,1.011,0.315,-3.299,0.289,Idle
-0.020,-0.042,1.011,0.429,-3.334,0.271,Idle
-0.026,-0.047,1.013,0.333,-3.325,0.315,Idle
-0.020,-0.043,1.010,0.385,-3.299,0.298,Idle
-0.024,-0.047,1.011,0.315,-3.395,0.271,Idle
-0.021,-0.041,1.009,0.394,-3.307,0.289,Idle
-0.020,-0.042,1.010,0.385,-3.334,0.262,Idle
-0.022,-0.045,1.012,0.394,-3.342,0.280,Idle
-0.022,-0.044,1.010,0.359,-3.334,0.298,Idle
-0.021,-0.044,1.011,0.403,-3.369,0.298,Idle
-0.020,-0.042,1.008,0.324,-3.316,0.262,Idle
-0.022,-0.044,1.012,0.350,-3.264,0.315,Idle
-0.019,-0.042,1.009,0.376,-3.334,0.315,Idle
-0.022,-0.044,1.009,0.333,-3.299,0.306,Idle
-0.025,-0.043,1.010,0.359,-3.378,0.306,Idle
-0.022,-0.045,1.012,0.420,-3.307,0.289,Idle
-0.024,-0.044,1.012,0.333,-3.395,0.306,Idle
-0.023,-0.044,1.010,0.324,-3.334,0.306,Idle
-0.019,-0.041,1.010,0.394,-3.360,0.245,Idle
-0.022,-0.046,1.012,0.368,-3.334,0.289,Idle
-0.020,-0.043,1.010,0.403,-3.360,0.341,Idle
-0.022,-0.044,1.012,0.403,-3.281,0.262,Idle
-0.018,-0.041,1.008,0.394,-3.325,0.271,Idle
-0.023,-0.045,1.012,0.341,-3.299,0.262,Idle
-0.020,-0.041,1.011,0.385,-3.334,0.289,Idle
-0.023,-0.047,1.011,0.376,-3.290,0.254,Idle
-0.016,-0.040,1.008,0.403,-3.351,0.289,Idle
-0.025,-0.046,1.011,0.341,-3.351,0.236,Idle
-0.017,-0.040,1.008,0.341,-3.334,0.298,Idle
-0.023,-0.046,1.013,0.376,-3.307,0.280,Idle
-0.020,-0.042,1.009,0.368,-3.325,0.245,Idle
-0.023,-0.043,1.010,0.385,-3.334,0.298,Idle
-0.019,-0.041,1.009,0.429,-3.334,0.333,Idle
-0.022,-0.043,1.010,0.420,-3.369,0.306,Idle
-0.024,-0.044,1.012,0.333,-3.325,0.280,Idle
-0.020,-0.042,1.010,0.359,-3.334,0.289,Idle
-0.021,-0.044,1.011,0.376,-3.307,0.315,Idle
-0.020,-0.050,1.016,0.350,-3.299,0.245,Idle
-0.011,-0.035,1.003,0.438,-3.412,0.298,Idle
-0.030,-0.052,1.016,0.350,-3.307,0.315,Idle
-0.015,-0.038,1.005,0.376,-3.299,0.262,Idle
-0.023,-0.048,1.013,0.385,-3.342,0.289,Idle
-0.022,-0.040,1.010,0.333,-3.334,0.306,Idle
-0.020,-0.045,1.011,0.403,-3.307,0.280,Idle
-0.019,-0.043,1.011,0.376,-3.316,0.306,Idle
-0.026,-0.048,1.013,0.376,-3.325,0.306,Idle
-0.017,-0.038,1.011,0.411,-3.334,0.289,Idle
-0.021,-0.047,1.010,0.315,-3.369,0.289,Idle
-0.019,-0.040,1.010,0.429,-3.281,0.262,Idle
-0.020,-0.046,1.011,0.385,-3.360,0.262,Idle
-0.022,-0.043,1.010,0.394,-3.316,0.324,Idle
-0.021,-0.044,1.012,0.394,-3.325,0.315,Idle
-0.019,-0.044,1.009,0.403,-3.334,0.315,Idle
-0.023,-0.043,1.011,0.403,-3.307,0.254,Idle
-0.021,-0.042,1.010,0.368,-3.307,0.280,Idle
-0.020,-0.043,1.011,0.376,-3.342,0.245,Idle
-0.021,-0.044,1.010,0.403,-3.360,0.280,Idle
-0.021,-0.043,1.010,0.368,-3.351,0.280,Idle
-0.023,-0.069,1.035,0.306,-3.211,0.280,Idle
-0.003,-0.036,0.998,0.350,-3.421,0.315,Idle
-0.029,-0.044,1.018,0.429,-3.307,0.298,Idle
-0.011,-0.043,1.005,0.376,-3.369,0.306,Idle
-0.025,-0.050,1.018,0.306,-3.316,0.262,Idle
-0.017,-0.034,1.005,0.411,-3.334,0.289,Idle
-0.030,-0.048,1.016,0.341,-3.351,0.271,Idle
-0.014,-0.052,1.012,0.376,-3.299,0.289,Idle
-0.012,-0.040,1.006,0.394,-3.369,0.289,Idle
-0.032,-0.045,1.016,0.333,-3.325,0.271,Idle
-0.011,-0.035,1.002,0.464,-3.273,0.254,Idle
-0.026,-0.048,1.014,0.350,-3.342,0.271,Idle
-0.020,-0.040,1.009,0.359,-3.334,0.298,Idle
-0.019,-0.041,1.008,0.455,-3.316,0.289,Idle
-0.019,-0.043,1.011,0.359,-3.316,0.280,Idle
-0.021,-0.045,1.011,0.403,-3.325,0.298,Idle
-0.022,-0.041,1.011,0.359,-3.281,0.289,Idle
-0.023,-0.039,1.010,0.315,-3.412,0.245,Idle
-0.017,-0.037,1.009,0.481,-3.281,0.262,Idle
-0.018,-0.047,1.013,0.289,-3.351,0.289,Idle
-0.029,-0.051,1.012,0.420,-3.246,0.280,Idle
-0.016,-0.038,1.007,0.411,-3.386,0.289,Idle
-0.028,-0.045,1.016,0.289,-3.299,0.289,Idle
-0.015,-0.040,1.008,0.429,-3.404,0.368,Idle
-0.028,-0.048,1.016,0.333,-3.325,0.298,Idle
-0.020,-0.038,1.009,0.438,-3.316,0.298,Idle
-0.025,-0.046,1.013,0.368,-3.360,0.271,Idle
-0.019,-0.041,1.008,0.438,-3.290,0.289,Idle
-0.027,-0.045,1.010,0.376,-3.334,0.298,Idle
-0.026,-0.039,1.012,0.359,-3.307,0.298,Idle
-0.031,-0.044,1.016,0.350,-3.378,0.271,Idle
-0.023,-0.049,1.012,0.376,-3.307,0.306,Idle
-0.011,-0.040,1.005,0.411,-3.369,0.289,Idle
-0.033,-0.050,1.021,0.315,-3.299,0.271,Idle
-0.009,-0.036,1.004,0.350,-3.342,0.306,Idle
-0.030,-0.052,1.018,0.324,-3.299,0.271,Idle
-0.020,-0.038,1.009,0.403,-3.351,0.298,Idle
-0.019,-0.038,1.007,0.350,-3.299,0.236,Idle
-0.021,-0.043,1.012,0.403,-3.290,0.280,Idle
-0.015,-0.064,1.024,0.324,-3.255,0.333,Idle
-0.005,-0.034,1.001,0.420,-3.439,0.315,Idle
-0.032,-0.041,1.014,0.324,-3.342,0.254,Idle
-0.012,-0.045,1.007,0.394,-3.273,0.298,Idle
-0.019,-0.058,1.020,0.298,-3.351,0.262,Idle
-0.013,-0.033,1.003,0.446,-3.360,0.289,Idle
-0.034,-0.045,1.015,0.315,-3.316,0.271,Idle
-0.007,-0.040,0.999,0.411,-3.264,0.254,Idle
-0.022,-0.050,1.015,0.376,-3.334,0.315,Idle
-0.024,-0.039,1.011,0.385,-3.299,0.315,Idle
-0.020,-0.044,1.009,0.376,-3.360,0.271,Idle
-0.020,-0.044,1.015,0.490,-3.229,0.333,Idle
-0.038,-0.058,1.025,0.324,-3.316,0.289,Idle
-0.010,-0.036,1.003,0.490,-3.386,0.324,Idle
-0.033,-0.046,1.021,0.201,-3.307,0.254,Idle
-0.016,-0.044,1.004,0.446,-3.264,0.315,Idle
-0.026,-0.053,1.018,0.333,-3.307,0.262,Idle
-0.016,-0.039,1.008,0.376,-3.316,0.262,Idle
-0.020,-0.043,1.014,0.376,-3.334,0.289,Idle
-0.018,-0.043,1.009,0.315,-3.307,0.262,Idle
-0.017,-0.046,1.012,0.420,-3.334,0.280,Idle
-0.022,-0.044,1.012,0.394,-3.325,0.333,Idle
-0.021,-0.041,1.010,0.376,-3.342,0.298,Idle
-0.021,-0.046,1.014,0.411,-3.316,0.333,Idle
-0.018,-0.045,1.008,0.359,-3.342,0.271,Idle
-0.022,-0.043,1.012,0.403,-3.325,0.315,Idle
-0.023,-0.043,1.012,0.359,-3.299,0.289,Idle
-0.021,-0.046,1.012,0.350,-3.316,0.262,Idle
-0.020,-0.045,1.010,0.359,-3.351,0.280,Idle
-0.024,-0.043,1.011,0.359,-3.299,0.262,Idle
-0.021,-0.042,1.012,0.350,-3.316,0.306,Idle
-0.021,-0.047,1.013,0.446,-3.307,0.236,Idle
-0.019,-0.045,1.009,0.394,-3.360,0.262,Idle
-0.024,-0.042,1.011,0.359,-3.325,0.228,Idle
-0.020,-0.042,1.011,0.403,-3.334,0.271,Idle
-0.022,-0.046,1.012,0.420,-3.299,0.271,Idle
-0.019,-0.045,1.010,0.403,-3.299,0.280,Idle
-0.022,-0.042,1.010,0.385,-3.307,0.289,Idle
-0.022,-0.043,1.012,0.368,-3.307,0.315,Idle
-0.021,-0.045,1.012,0.350,-3.307,0.306,Idle
-0.016,-0.043,1.008,0.403,-3.342,0.289,Idle
-0.027,-0.049,1.012,0.376,-3.307,0.280,Idle
-0.021,-0.039,1.010,0.368,-3.325,0.280,Idle
-0.023,-0.043,1.013,0.376,-3.325,0.289,Idle
-0.018,-0.044,1.007,0.385,-3.325,0.289,Idle
-0.023,-0.045,1.011,0.368,-3.307,0.289,Idle
-0.021,-0.041,1.011,0.341,-3.299,0.298,Idle
-0.023,-0.042,1.011,0.359,-3.378,0.236,Idle
-0.021,-0.045,1.010,0.376,-3.325,0.280,Idle
-0.020,-0.043,1.010,0.341,-3.316,0.298,Idle
-0.023,-0.041,1.012,0.411,-3.316,0.306,Idle
-0.020,-0.043,1.010,0.403,-3.369,0.219,Idle
-0.023,-0.045,1.011,0.376,-3.316,0.306,Idle
-0.021,-0.046,1.012,0.394,-3.307,0.289,Idle
-0.019,-0.049,1.012,0.298,-3.299,0.298,Idle
-0.020,-0.043,1.011,0.403,-3.316,0.271,Idle
-0.023,-0.037,1.009,0.385,-3.334,0.306,Idle
-0.026,-0.040,1.010,0.438,-3.325,0.298,Idle
-0.017,-0.046,1.007,0.438,-3.290,0.315,Idle
-0.025,-0.042,1.012,0.376,-3.360,0.280,Idle
-0.024,-0.038,1.015,0.368,-3.351,0.306,Idle
-0.022,-0.046,1.011,0.385,-3.342,0.262,Idle
-0.017,-0.048,1.009,0.385,-3.342,0.306,Idle
-0.019,-0.042,1.008,0.376,-3.334,0.210,Idle
-0.023,-0.039,1.009,0.376,-3.316,0.289,Idle
-0.021,-0.045,1.011,0.359,-3.325,0.298,Idle
-0.021,-0.046,1.009,0.376,-3.290,0.298,Idle
-0.021,-0.043,1.012,0.359,-3.290,0.280,Idle
-0.023,-0.041,1.010,0.429,-3.351,0.271,Idle
-0.022,-0.044,1.011,0.359,-3.325,0.298,Idle
-0.017,-0.046,1.011,0.385,-3.307,0.315,Idle
-0.021,-0.043,1.010,0.324,-3.378,0.298,Idle
-0.022,-0.038,1.011,0.403,-3.360,0.333,Idle
-0.022,-0.046,1.010,0.446,-3.369,0.324,Idle
-0.021,-0.047,1.012,0.341,-3.307,0.315,Idle
-0.021,-0.044,1.012,0.359,-3.299,0.280,Idle
-0.020,-0.041,1.009,0.394,-3.334,0.324,Idle
-0.021,-0.047,1.011,0.394,-3.281,0.280,Idle
-0.022,-0.045,1.010,0.315,-3.281,0.298,Idle
-0.021,-0.044,1.010,0.368,-3.316,0.315,Idle
-0.021,-0.039,1.010,0.394,-3.342,0.262,Idle
-0.021,-0.046,1.012,0.333,-3.342,0.289,Idle
-0.023,-0.046,1.012,0.385,-3.325,0.298,Idle
-0.022,-0.044,1.012,0.376,-3.316,0.262,Idle
-0.021,-0.042,1.009,0.394,-3.316,0.306,Idle
-0.021,-0.046,1.011,0.324,-3.307,0.262,Idle
-0.018,-0.046,1.009,0.376,-3.316,0.271,Idle
-0.022,-0.043,1.013,0.394,-3.316,0.289,Idle
-0.024,-0.043,1.010,0.376,-3.299,0.254,Idle
-0.021,-0.045,1.009,0.420,-3.307,0.271,Idle
-0.020,-0.044,1.010,0.403,-3.325,0.333,Idle
-0.020,-0.043,1.008,0.359,-3.316,0.333,Idle
-0.026,-0.045,1.013,0.324,-3.299,0.289,Idle
-0.019,-0.045,1.008,0.403,-3.307,0.219,Idle
-0.019,-0.046,1.011,0.385,-3.342,0.271,Idle
-0.023,-0.043,1.012,0.376,-3.325,0.280,Idle
-0.019,-0.041,1.010,0.411,-3.395,0.289,Idle
-0.021,-0.044,1.010,0.350,-3.316,0.315,Idle
-0.022,-0.044,1.009,0.350,-3.334,0.280,Idle
-0.022,-0.043,1.012,0.359,-3.360,0.333,Idle
-0.022,-0.042,1.011,0.385,-3.325,0.289,Idle
-0.022,-0.044,1.010,0.350,-3.316,0.280,Idle
-0.020,-0.043,1.010,0.368,-3.307,0.262,Idle
-0.023,-0.045,1.011,0.333,-3.316,0.280,Idle
-0.021,-0.043,1.011,0.350,-3.351,0.324,Idle
-0.020,-0.043,1.009,0.341,-3.342,0.298,Idle
-0.021,-0.047,1.012,0.376,-3.307,0.271,Idle
-0.020,-0.045,1.010,0.324,-3.255,0.254,Idle
-0.022,-0.044,1.012,0.333,-3.299,0.262,Idle
-0.015,-0.007,1.011,0.446,-3.290,-1.050,Idle
-0.029,-0.062,1.002,0.192,-2.616,-8.444,Idle
-0.020,-0.059,1.013,0.245,-2.984,-4.086,Idle
-0.018,-0.024,1.015,0.315,-3.185,-1.811,Idle
-0.020,-0.030,1.007,0.096,-2.441,-7.254,Idle
-0.025,-0.050,1.006,0.245,-2.721,-7.805,Idle
-0.020,-0.050,1.012,0.271,-3.019,-4.952,Idle
-0.024,-0.052,1.012,0.324,-3.106,-2.809,Idle
-0.022,-0.024,1.010,0.455,-3.299,-3.535,Idle
-0.024,-0.058,1.010,0.298,-3.036,-1.496,Idle
-0.020,-0.047,1.011,0.376,-3.307,0.192,Idle
-0.022,-0.042,1.012,0.359,-3.290,0.123,Idle
-0.022,-0.037,1.011,0.403,-3.229,-0.376,Idle
-0.028,-0.074,1.019,0.262,-2.896,-6.108,Idle
-0.017,-0.048,1.004,0.324,-3.290,0.289,Idle
-0.023,-0.041,1.008,0.403,-3.299,0.254,Idle
-0.020,-0.044,1.007,0.368,-3.290,0.236,Idle
-0.026,-0.042,1.015,0.324,-3.316,0.219,Idle
-0.021,-0.049,1.008,0.368,-3.281,0.035,Idle
-0.019,-0.050,1.011,0.350,-3.255,-0.166,Idle
-0.028,-0.042,1.014,0.376,-3.185,-2.179,Idle
-0.021,-0.040,1.012,0.376,-3.194,-2.196,Idle
-0.021,-0.046,1.011,0.315,-3.098,-2.826,Idle
-0.025,-0.048,1.012,0.350,-3.334,-2.485,Idle
-0.021,-0.047,1.010,0.350,-3.281,0.298,Idle
-0.022,-0.047,1.011,0.350,-3.334,0.262,Idle
-0.026,-0.046,1.012,0.350,-3.316,0.254,Idle
-0.024,-0.045,1.016,0.368,-3.360,0.280,Idle
-0.019,-0.053,1.010,0.368,-3.307,0.324,Idle
-0.019,-0.041,1.010,0.359,-3.369,0.341,Idle
-0.026,-0.043,1.014,0.350,-3.299,0.271,Idle
-0.019,-0.044,1.013,0.394,-3.342,0.289,Idle
-0.019,-0.048,1.013,0.341,-3.360,0.245,Idle
-0.025,-0.040,1.011,0.385,-3.334,0.306,Idle
-0.025,-0.042,1.011,0.350,-3.342,0.280,Idle
-0.019,-0.046,1.009,0.350,-3.316,0.289,Idle
-0.018,-0.043,1.009,0.359,-3.351,0.245,Idle
-0.026,-0.044,1.011,0.341,-3.290,0.271,Idle
-0.021,-0.043,1.010,0.394,-3.360,0.271,Idle
-0.023,-0.047,1.010,0.333,-3.307,0.254,Idle
-0.020,-0.047,1.014,0.464,-3.412,0.333,Idle
-0.019,-0.048,1.004,0.298,-3.290,0.289,Idle
-0.030,-0.026,0.971,0.333,-3.430,0.280,Idle
-0.029,-0.028,1.013,0.368,-3.378,0.280,Idle
-0.025,-0.039,1.034,0.210,-3.211,-0.157,Idle
-0.015,-0.063,1.027,0.070,-2.686,-9.826,Idle
-0.012,-0.048,1.003,-0.035,-2.109,-12.871,Idle
-0.037,-0.048,1.006,0.096,-2.336,-10.780,Idle
-0.027,-0.057,1.004,0.192,-2.678,-5.696,Idle
-0.020,-0.076,1.011,0.376,-3.203,-3.421,Idle
-0.020,-0.050,1.012,0.394,-3.299,0.254,Idle
-0.025,-0.033,1.009,0.376,-3.342,0.298,Idle
-0.023,-0.046,1.013,0.280,-3.273,0.280,Idle
-0.017,-0.058,1.009,0.455,-3.404,0.315,Idle
-0.020,-0.050,1.011,0.359,-3.316,0.280,Idle
-0.028,-0.037,1.011,0.403,-3.360,0.271,Idle
-0.023,-0.045,1.012,0.368,-3.334,0.324,Idle
-0.017,-0.055,1.010,0.394,-3.290,0.262,Idle
-0.020,-0.051,1.009,0.403,-3.334,0.271,Idle
-0.026,-0.038,1.010,0.394,-3.386,0.289,Idle
-0.025,-0.043,1.012,0.385,-3.334,0.271,Idle
-0.018,-0.053,1.008,0.429,-3.290,0.262,Idle
-0.023,-0.050,1.011,0.411,-3.334,0.271,Idle
-0.016,-0.036,1.008,0.420,-3.351,0.254,Idle
-0.029,-0.050,1.015,0.333,-3.325,0.289,Idle
-0.018,-0.050,1.009,0.350,-3.307,0.271,Idle
-0.019,-0.046,1.009,0.289,-3.299,0.298,Idle
-0.024,-0.042,1.012,0.376,-3.360,0.289,Idle
-0.024,-0.045,1.009,0.368,-3.290,0.289,Idle
-0.019,-0.050,1.011,0.333,-3.299,0.271,Idle
-0.022,-0.049,1.009,0.385,-3.325,0.298,Idle
-0.025,-0.039,1.010,0.368,-3.290,0.306,Idle
-0.025,-0.043,1.012,0.333,-3.290,0.271,Idle
-0.018,-0.048,1.008,0.385,-3.334,0.280,Idle
-0.024,-0.050,1.013,0.429,-3.325,0.298,Idle
-0.022,-0.043,1.006,0.359,-3.299,0.289,Idle
-0.038,-0.064,1.008,0.219,-3.194,0.166,Idle
0.006,-0.037,0.997,0.516,-3.386,0.245,Idle
-0.023,-0.038,1.011,0.359,-3.342,0.298,Idle
-0.030,-0.040,1.014,0.341,-3.281,0.298,Idle
-0.014,-0.041,1.007,0.464,-3.369,0.324,Idle
-0.026,-0.052,1.011,0.341,-3.290,0.315,Idle
-0.019,-0.050,1.010,0.411,-3.334,0.271,Idle
-0.021,-0.043,1.010,0.394,-3.404,0.236,Idle
-0.026,-0.048,1.013,0.403,-3.299,0.306,Idle
-0.023,-0.051,1.012,0.359,-3.281,0.298,Idle
-0.020,-0.045,1.007,0.359,-3.307,0.280,Idle
-0.024,-0.043,1.011,0.385,-3.299,0.289,Idle
-0.022,-0.046,1.008,0.376,-3.307,0.306,Idle
-0.023,-0.051,1.011,0.385,-3.307,0.271,Idle
-0.020,-0.046,1.009,0.394,-3.334,0.298,Idle
-0.024,-0.042,1.010,0.385,-3.325,0.236,Idle
-0.022,-0.047,1.010,0.411,-3.334,0.245,Idle
-0.022,-0.048,1.011,0.446,-3.351,0.280,Idle
-0.022,-0.047,1.010,0.411,-3.369,0.289,Idle
-0.024,-0.043,1.011,0.385,-3.334,0.271,Idle
-0.022,-0.047,1.010,0.341,-3.316,0.280,Idle
-0.021,-0.048,1.011,0.376,-3.299,0.289,Idle
-0.024,-0.047,1.010,0.315,-3.325,0.271,Idle
-0.023,-0.044,1.011,0.403,-3.351,0.315,Idle
-0.022,-0.046,1.009,0.315,-3.334,0.341,Idle
-0.023,-0.049,1.012,0.315,-3.307,0.271,Idle
-0.022,-0.047,1.011,0.341,-3.307,0.254,Idle
-0.023,-0.044,1.012,0.394,-3.325,0.289,Idle
-0.024,-0.046,1.012,0.403,-3.342,0.289,Idle
-0.023,-0.046,1.011,0.350,-3.316,0.298,Idle
-0.022,-0.046,1.011,0.376,-3.334,0.306,Idle
-0.023,-0.046,1.010,0.385,-3.342,0.228,Idle
-0.021,-0.046,1.011,0.341,-3.342,0.228,Idle
-0.023,-0.046,1.009,0.368,-3.316,-0.079,Idle
-0.024,-0.047,1.011,0.359,-3.281,0.210,Idle
-0.023,-0.045,1.011,0.368,-3.342,0.271,Idle
-0.023,-0.046,1.010,0.359,-3.334,0.306,Idle
-0.022,-0.047,1.010,0.359,-3.334,0.280,Idle
-0.024,-0.047,1.011,0.403,-3.316,0.306,Idle
-0.023,-0.045,1.011,0.359,-3.351,0.289,Idle
-0.022,-0.045,1.011,0.403,-3.351,0.306,Idle
-0.021,-0.046,1.010,0.403,-3.281,0.280,Idle
-0.023,-0.048,1.013,0.403,-3.316,0.280,Idle
-0.023,-0.047,1.009,0.385,-3.342,0.280,Idle
-0.023,-0.045,1.012,0.411,-3.369,0.315,Idle
-0.023,-0.046,1.010,0.341,-3.325,0.315,Idle
-0.023,-0.045,1.011,0.368,-3.299,0.262,Idle
-0.023,-0.047,1.011,0.341,-3.307,0.315,Idle
-0.024,-0.046,1.012,0.368,-3.325,0.298,Idle
-0.022,-0.046,1.012,0.411,-3.325,0.315,Idle
-0.022,-0.047,1.011,0.429,-3.307,0.280,Idle
-0.023,-0.045,1.010,0.411,-3.342,0.315,Idle
-0.023,-0.042,1.010,0.350,-3.299,0.298,Idle
-0.022,-0.046,1.011,0.446,-3.299,0.271,Idle
-0.020,-0.050,1.011,0.359,-3.299,0.306,Idle
-0.023,-0.046,1.011,0.394,-3.325,0.298,Idle
-0.024,-0.044,1.010,0.341,-3.325,0.280,Idle
-0.022,-0.048,1.011,0.333,-3.325,0.271,Idle
-0.022,-0.047,1.011,0.403,-3.316,0.298,Idle
-0.023,-0.046,1.011,0.341,-3.299,0.315,Idle
-0.023,-0.044,1.012,0.411,-3.264,0.228,Idle
-0.023,-0.046,1.011,0.341,-3.360,0.306,Idle
-0.022,-0.048,1.012,0.394,-3.342,0.324,Idle
-0.022,-0.046,1.010,0.368,-3.325,0.254,Idle
-0.023,-0.044,1.009,0.429,-3.334,0.315,Idle
-0.023,-0.047,1.011,0.385,-3.290,0.333,Idle
-0.023,-0.048,1.010,0.403,-3.334,0.280,Idle
-0.022,-0.040,1.009,0.394,-3.307,0.298,Idle
-0.013,-0.046,1.011,0.420,-3.395,0.289,Idle
-0.019,-0.060,1.013,0.411,-3.281,0.280,Idle
-0.020,-0.044,1.009,0.429,-3.334,0.333,Idle
-0.018,-0.041,1.004,0.429,-3.351,0.306,Idle
-0.021,-0.047,1.007,0.446,-3.281,0.271,Idle
-0.025,-0.048,1.011,0.420,-3.307,0.271,Idle
-0.023,-0.043,1.008,0.420,-3.342,0.254,Idle
-0.030,-0.042,1.013,0.403,-3.334,0.306,Idle
-0.022,-0.048,1.010,0.394,-3.360,0.280,Idle
-0.019,-0.050,1.010,0.394,-3.316,0.262,Idle
-0.024,-0.045,1.010,0.411,-3.334,0.298,Idle
-0.024,-0.042,1.010,0.376,-3.334,0.271,Idle
-0.025,-0.047,1.011,0.429,-3.325,0.289,Idle
-0.021,-0.048,1.014,0.359,-3.316,0.315,Idle
-0.024,-0.045,1.013,0.420,-3.334,0.306,Idle
-0.024,-0.044,1.012,0.385,-3.316,0.271,Idle
-0.020,-0.049,1.009,0.385,-3.378,0.271,Idle
-0.021,-0.047,1.010,0.394,-3.316,0.280,Idle
-0.023,-0.045,1.011,0.411,-3.360,0.280,Idle
-0.024,-0.045,1.010,0.411,-3.351,0.306,Idle
-0.022,-0.047,1.011,0.341,-3.316,0.306,Idle
-0.022,-0.048,1.011,0.368,-3.299,0.280,Idle
-0.024,-0.045,1.012,0.368,-3.316,0.245,Idle
-0.024,-0.042,1.008,0.403,-3.351,0.306,Idle
-0.025,-0.048,1.013,0.350,-3.334,0.306,Idle
-0.019,-0.050,1.009,0.341,-3.334,0.306,Idle
-0.025,-0.045,1.013,0.368,-3.307,0.306,Idle
-0.025,-0.038,1.011,0.350,-3.316,0.333,Idle
-0.019,-0.050,1.011,0.333,-3.360,0.298,Idle
-0.020,-0.053,1.010,0.411,-3.386,0.333,Idle
-0.023,-0.043,1.011,0.455,-3.334,0.315,Idle
-0.028,-0.036,1.012,0.403,-3.273,0.262,Idle
-0.021,-0.047,1.010,0.350,-3.246,0.254,Idle
-0.020,-0.050,1.010,0.350,-3.307,0.289,Idle
-0.022,-0.045,1.010,0.350,-3.290,0.262,Idle
-0.026,-0.042,1.012,0.385,-3.246,0.306,Idle
-0.014,-0.048,1.007,0.403,-3.351,0.298,Idle
-0.021,-0.050,1.010,0.446,-3.360,0.350,Idle
-0.021,-0.049,1.009,0.455,-3.378,0.280,Idle
-0.023,-0.045,1.010,0.420,-3.316,0.271,Idle
-0.023,-0.046,1.011,0.368,-3.299,0.280,Idle
-0.024,-0.046,1.011,0.376,-3.264,0.298,Idle
-0.025,-0.051,1.011,0.350,-3.369,0.280,Idle
-0.022,-0.048,1.012,0.394,-3.325,0.271,Idle
-0.024,-0.046,1.012,0.429,-3.369,0.289,Idle
-0.021,-0.050,1.011,0.420,-3.395,0.324,Idle
-0.020,-0.050,1.011,0.385,-3.334,0.306,Idle
-0.023,-0.045,1.010,0.420,-3.316,0.280,Idle
-0.024,-0.042,1.011,0.341,-3.307,0.271,Idle
-0.023,-0.049,1.013,0.315,-3.273,0.289,Idle
-0.021,-0.050,1.010,0.333,-3.273,0.306,Idle
-0.024,-0.047,1.013,0.359,-3.334,0.280,Idle
-0.023,-0.042,1.009,0.411,-3.369,0.289,Idle
-0.021,-0.044,1.010,0.464,-3.395,0.262,Idle
-0.023,-0.048,1.011,0.403,-3.351,0.262,Idle
-0.022,-0.047,1.011,0.394,-3.290,0.254,Idle
-0.022,-0.044,1.010,0.420,-3.299,0.289,Idle
-0.023,-0.046,1.011,0.350,-3.273,0.280,Idle
-0.024,-0.047,1.010,0.324,-3.307,0.271,Idle
-0.021,-0.046,1.010,0.411,-3.360,0.271,Idle
-0.024,-0.047,1.010,0.350,-3.325,0.315,Idle
-0.024,-0.046,1.012,0.472,-3.334,0.315,Idle
-0.022,-0.043,1.010,0.420,-3.360,0.341,Idle
-0.023,-0.046,1.011,0.403,-3.369,0.289,Idle
-0.025,-0.046,1.010,0.359,-3.342,0.280,Idle
-0.023,-0.046,1.010,0.324,-3.307,0.333,Idle
-0.023,-0.047,1.012,0.341,-3.281,0.262,Idle
-0.023,-0.047,1.010,0.341,-3.273,0.271,Idle
-0.023,-0.044,1.011,0.359,-3.281,0.315,Idle
-0.024,-0.043,1.010,0.385,-3.360,0.298,Idle
-0.022,-0.044,1.010,0.455,-3.351,0.306,Idle
-0.023,-0.049,1.011,0.359,-3.325,0.298,Idle
-0.022,-0.046,1.009,0.324,-3.351,0.306,Idle
-0.024,-0.044,1.013,0.368,-3.369,0.280,Idle
-0.024,-0.045,1.012,0.376,-3.316,0.262,Idle
-0.022,-0.048,1.010,0.403,-3.281,0.306,Idle
-0.023,-0.047,1.010,0.385,-3.334,0.333,Idle
-0.024,-0.045,1.011,0.420,-3.316,0.341,Idle
-0.023,-0.045,1.012,0.376,-3.316,0.254,Idle
-0.022,-0.046,1.009,0.368,-3.325,0.280,Idle
-0.024,-0.047,1.010,0.420,-3.351,0.228,Idle
-0.023,-0.046,1.013,0.420,-3.325,0.315,Idle
-0.023,-0.047,1.010,0.350,-3.299,0.271,Idle
-0.022,-0.047,1.011,0.350,-3.342,0.324,Idle
-0.023,-0.045,1.011,0.359,-3.307,0.280,Idle
-0.025,-0.044,1.010,0.368,-3.290,0.262,Idle
-0.024,-0.045,1.011,0.368,-3.334,0.262,Idle
-0.023,-0.047,1.010,0.350,-3.334,0.280,Idle
-0.022,-0.047,1.010,0.359,-3.307,0.289,Idle
-0.022,-0.046,1.011,0.438,-3.342,0.324,Idle
-0.023,-0.044,1.009,0.350,-3.325,0.298,Idle
-0.022,-0.046,1.010,0.429,-3.307,0.289,Idle
-0.024,-0.046,1.011,0.429,-3.351,0.280,Idle
-0.023,-0.046,1.012,0.376,-3.325,0.271,Idle
-0.023,-0.047,1.011,0.359,-3.325,0.280,Idle
-0.022,-0.047,1.012,0.359,-3.307,0.289,Idle
-0.022,-0.046,1.009,0.403,-3.351,0.298,Idle
-0.023,-0.044,1.010,0.411,-3.325,0.236,Idle
-0.023,-0.046,1.010,0.385,-3.316,0.245,Idle
-0.022,-0.047,1.010,0.333,-3.299,0.245,Idle
-0.023,-0.044,1.013,0.499,-3.369,0.271,Idle
-0.025,-0.044,1.011,0.438,-3.351,0.271,Idle
-0.024,-0.045,1.011,0.446,-3.342,0.333,Idle
-0.021,-0.048,1.010,0.376,-3.386,0.315,Idle
-0.020,-0.046,1.010,0.420,-3.316,0.306,Idle
-0.023,-0.045,1.012,0.464,-3.404,0.280,Idle
-0.023,-0.046,1.009,0.149,-3.150,0.280,Idle
-0.021,-0.047,1.011,0.333,-3.351,0.271,Idle
-0.024,-0.047,1.011,0.359,-3.307,0.280,Idle
-0.023,-0.044,1.011,0.438,-3.316,0.306,Idle
-0.023,-0.045,1.012,0.306,-3.255,0.245,Idle
-0.022,-0.047,1.010,0.333,-3.316,0.324,Idle
-0.023,-0.045,1.011,0.359,-3.307,0.333,Idle
-0.023,-0.043,1.011,0.306,-3.273,0.245,Idle
-0.023,-0.045,1.010,0.403,-3.290,0.271,Idle
-0.022,-0.046,1.011,0.350,-3.299,0.245,Idle
-0.024,-0.047,1.010,0.359,-3.299,0.306,Idle
-0.023,-0.043,1.010,0.420,-3.307,0.289,Idle
-0.025,-0.044,1.012,0.385,-3.325,0.280,Idle
-0.022,-0.048,1.011,0.429,-3.342,0.262,Idle
-0.022,-0.047,1.009,0.403,-3.351,0.298,Idle
-0.024,-0.045,1.010,0.333,-3.325,0.245,Idle
-0.023,-0.045,1.010,0.368,-3.325,0.306,Idle
-0.022,-0.048,1.010,0.333,-3.342,0.280,Idle
-0.023,-0.047,1.011,0.411,-3.342,0.280,Idle
-0.023,-0.043,1.011,0.429,-3.307,0.289,Idle
-0.024,-0.046,1.010,0.403,-3.316,0.271,Idle
-0.022,-0.048,1.011,0.420,-3.378,0.333,Idle
-0.022,-0.046,1.011,0.411,-3.316,0.315,Idle
-0.024,-0.046,1.009,0.368,-3.273,0.298,Idle
-0.023,-0.046,1.010,0.394,-3.316,0.289,Idle
-0.022,-0.046,1.010,0.376,-3.342,0.298,Idle
-0.024,-0.045,1.012,0.385,-3.299,0.298,Idle
-0.022,-0.047,1.011,0.420,-3.325,0.245,Idle
-0.022,-0.046,1.011,0.376,-3.299,0.271,Idle
-0.022,-0.047,1.011,0.394,-3.334,0.315,Idle
-0.023,-0.045,1.012,0.394,-3.351,0.306,Idle
-0.023,-0.045,1.009,0.333,-3.369,0.324,Idle
-0.022,-0.046,1.010,0.333,-3.325,0.298,Idle
-0.023,-0.048,1.012,0.350,-3.307,0.306,Idle
-0.023,-0.045,1.011,0.420,-3.351,0.298,Idle
-0.023,-0.045,1.009,0.429,-3.342,0.271,Idle
-0.023,-0.046,1.010,0.403,-3.351,0.254,Idle
-0.023,-0.045,1.011,0.385,-3.334,0.306,Idle
-0.023,-0.046,1.011,0.420,-3.378,0.306,Idle
-0.022,-0.047,1.009,0.438,-3.316,0.333,Idle
-0.022,-0.049,1.011,0.403,-3.342,0.280,Idle
-0.023,-0.046,1.012,0.394,-3.334,0.298,Idle
-0.023,-0.044,1.010,0.368,-3.299,0.280,Idle
-0.023,-0.044,1.011,0.385,-3.334,0.289,Idle
-0.023,-0.046,1.012,0.385,-3.299,0.324,Idle
-0.022,-0.047,1.011,0.376,-3.334,0.271,Idle
-0.022,-0.047,1.012,0.394,-3.316,0.315,Idle
-0.022,-0.046,1.010,0.359,-3.290,0.289,Idle
-0.023,-0.044,1.010,0.376,-3.299,0.289,Idle
-0.024,-0.043,1.012,0.376,-3.307,0.262,Idle
-0.022,-0.044,1.011,0.376,-3.290,0.271,Idle
-0.024,-0.045,1.011,0.376,-3.299,0.280,Idle
-0.022,-0.047,1.011,0.420,-3.325,0.271,Idle
-0.022,-0.048,1.008,0.359,-3.325,0.280,Idle
-0.022,-0.047,1.010,0.385,-3.325,0.298,Idle
-0.023,-0.046,1.010,0.403,-3.334,0.271,Idle
-0.023,-0.045,1.011,0.429,-3.325,0.298,Idle
-0.023,-0.046,1.013,0.394,-3.334,0.324,Idle
-0.023,-0.046,1.011,0.315,-3.316,0.315,Idle
-0.022,-0.044,1.011,0.394,-3.342,0.298,Idle
-0.024,-0.045,1.012,0.376,-3.273,0.289,Idle
-0.022,-0.046,1.010,0.376,-3.264,0.289,Idle
-0.021,-0.047,1.010,0.376,-3.307,0.280,Idle
-0.024,-0.045,1.010,0.359,-3.290,0.228,Idle
-0.023,-0.045,1.011,0.376,-3.316,0.236,Idle
-0.023,-0.047,1.010,0.333,-3.273,0.298,Idle
-0.021,-0.047,1.010,0.368,-3.316,0.254,Idle
-0.021,-0.043,1.010,0.376,-3.307,0.192,Idle
-0.021,-0.032,1.010,0.333,-3.106,-1.619,Idle
-0.022,-0.045,1.012,0.385,-3.027,-3.220,Idle
-0.022,-0.047,1.009,0.403,-3.159,-2.791,Idle
-0.024,-0.048,1.012,0.376,-3.273,-0.368,Idle
-0.022,-0.043,1.011,0.376,-3.316,-0.245,Idle
-0.023,-0.046,1.011,0.394,-3.316,0.271,Idle
-0.022,-0.047,1.010,0.368,-3.342,0.245,Idle
-0.023,-0.045,1.010,0.376,-3.334,0.289,Idle
-0.023,-0.045,1.011,0.411,-3.307,0.262,Idle
-0.022,-0.045,1.011,0.438,-3.316,0.306,Idle
-0.022,-0.046,1.011,0.394,-3.316,0.298,Idle
-0.023,-0.047,1.011,0.403,-3.316,0.306,Idle
-0.024,-0.047,1.012,0.411,-3.325,0.306,Idle
-0.023,-0.045,1.012,0.438,-3.316,0.271,Idle
-0.023,-0.046,1.011,0.385,-3.325,0.289,Idle
-0.021,-0.049,1.011,0.333,-3.281,0.289,Idle
-0.023,-0.046,1.011,0.376,-3.342,0.306,Idle
-0.023,-0.043,1.011,0.438,-3.369,0.245,Idle
-0.023,-0.046,1.011,0.359,-3.316,0.298,Idle
-0.022,-0.047,1.012,0.333,-3.325,0.324,Idle
-0.023,-0.046,1.012,0.368,-3.281,0.280,Idle
-0.024,-0.045,1.011,0.376,-3.325,0.333,Idle
-0.023,-0.046,1.010,0.385,-3.342,0.254,Idle
-0.022,-0.047,1.011,0.411,-3.307,0.298,Idle
-0.022,-0.047,1.011,0.446,-3.316,0.262,Idle
-0.022,-0.048,1.010,0.359,-3.334,0.280,Idle
-0.023,-0.046,1.011,0.333,-3.299,0.315,Idle
-0.024,-0.045,1.012,0.359,-3.255,0.289,Idle
-0.024,-0.045,1.011,0.376,-3.281,0.271,Idle
-0.024,-0.045,1.010,0.376,-3.325,0.271,Idle
-0.023,-0.047,1.011,0.394,-3.325,0.306,Idle
-0.021,-0.048,1.012,0.350,-3.325,0.315,Idle
-0.023,-0.047,1.011,0.315,-3.299,0.280,Idle
-0.022,-0.044,1.010,0.394,-3.299,0.236,Idle
-0.024,-0.047,1.011,0.333,-3.334,0.280,Idle
-0.023,-0.047,1.010,0.429,-3.307,0.324,Idle
-0.024,-0.046,1.012,0.403,-3.299,0.289,Idle
-0.025,-0.044,1.011,0.350,-3.316,0.289,Idle
-0.021,-0.046,1.011,0.403,-3.316,0.271,Idle
-0.021,-0.047,1.012,0.359,-3.360,0.315,Idle
-0.022,-0.048,1.011,0.368,-3.334,0.280,Idle
-0.022,-0.044,1.008,0.403,-3.342,0.324,Idle
-0.024,-0.046,1.011,0.438,-3.316,0.298,Idle
-0.022,-0.047,1.010,0.385,-3.351,0.315,Idle
-0.023,-0.045,1.013,0.385,-3.325,0.306,Idle
-0.025,-0.044,1.011,0.411,-3.369,0.219,Idle
-0.022,-0.045,1.010,0.350,-3.334,0.289,Idle
-0.023,-0.052,1.010,0.333,-3.316,0.298,Idle
-0.023,-0.045,1.009,0.350,-3.325,0.262,Idle
-0.022,-0.046,1.010,0.376,-3.316,0.333,Idle
-0.024,-0.045,1.011,0.394,-3.342,0.289,Idle
-0.023,-0.052,1.016,0.420,-3.334,0.254,Idle
-0.019,-0.044,1.008,0.420,-3.395,0.315,Idle
-0.023,-0.046,1.011,0.385,-3.342,0.306,Idle
-0.026,-0.047,1.014,0.394,-3.307,0.271,Idle
-0.022,-0.047,1.010,0.429,-3.290,0.289,Idle
-0.029,-0.043,1.015,0.376,-3.281,0.315,Idle
-0.028,-0.047,1.012,0.429,-3.273,0.289,Idle
-0.022,-0.051,1.011,0.385,-3.299,0.315,Idle
-0.020,-0.050,1.011,0.385,-3.299,0.228,Idle
-0.023,-0.044,1.011,0.403,-3.369,0.245,Idle
-0.026,-0.041,1.012,0.376,-3.342,0.271,Idle
-0.021,-0.043,1.008,0.368,-3.316,0.254,Idle
-0.018,-0.048,1.010,0.359,-3.325,0.271,Idle
-0.023,-0.045,1.012,0.368,-3.360,0.271,Idle
-0.027,-0.044,1.012,0.333,-3.246,0.298,Idle
-0.020,-0.045,1.010,0.385,-3.299,0.306,Idle
-0.023,-0.048,1.010,0.394,-3.325,0.280,Idle
-0.025,-0.047,1.012,0.438,-3.299,0.280,Idle
-0.025,-0.044,1.011,0.403,-3.342,0.280,Idle
-0.021,-0.045,1.010,0.438,-3.334,0.289,Idle
-0.026,-0.047,1.013,0.350,-3.281,0.315,Idle
-0.024,-0.040,1.011,0.411,-3.299,0.341,Idle
-0.024,-0.049,1.014,0.394,-3.299,0.298,Idle
-0.015,-0.056,1.009,0.376,-3.351,0.245,Idle
-0.022,-0.049,1.012,0.385,-3.342,0.262,Idle
-0.024,-0.041,1.011,0.403,-3.307,0.271,Idle
-0.026,-0.041,1.012,0.341,-3.404,0.298,Idle
-0.019,-0.049,1.011,0.403,-3.290,0.280,Idle
-0.021,-0.047,1.017,0.341,-3.325,0.262,Idle
-0.024,-0.043,1.011,0.385,-3.316,0.228,Idle
-0.024,-0.043,1.008,0.385,-3.299,0.289,Idle
-0.022,-0.047,1.010,0.403,-3.325,0.298,Idle
-0.023,-0.046,1.011,0.385,-3.342,0.289,Idle
-0.024,-0.045,1.011,0.429,-3.334,0.289,Idle
-0.022,-0.045,1.011,0.341,-3.369,0.324,Idle
-0.022,-0.049,1.011,0.385,-3.325,0.333,Idle
-0.023,-0.048,1.011,0.368,-3.351,0.298,Idle
-0.023,-0.043,1.011,0.385,-3.342,0.280,Idle
-0.023,-0.044,1.010,0.315,-3.334,0.306,Idle
-0.022,-0.048,1.012,0.368,-3.316,0.262,Idle
-0.022,-0.047,1.011,0.306,-3.325,0.271,Idle
-0.024,-0.046,1.011,0.368,-3.325,0.280,Idle
-0.024,-0.044,1.013,0.385,-3.342,0.306,Idle
-0.022,-0.046,1.012,0.341,-3.325,0.289,Idle
-0.021,-0.047,1.011,0.403,-3.325,0.271,Idle
-0.023,-0.045,1.011,0.385,-3.342,0.306,Idle
-0.023,-0.046,1.011,0.394,-3.325,0.254,Idle
-0.023,-0.046,1.011,0.385,-3.316,0.289,Idle
-0.023,-0.046,1.011,0.385,-3.299,0.262,Idle
-0.023,-0.046,1.011,0.368,-3.360,0.271,Idle
-0.022,-0.047,1.011,0.341,-3.360,0.219,Idle
-0.022,-0.047,1.011,0.359,-3.273,0.306,Idle
-0.023,-0.046,1.012,0.403,-3.342,0.254,Idle
-0.024,-0.046,1.012,0.376,-3.342,0.315,Idle
-0.023,-0.046,1.012,0.341,-3.316,0.280,Idle
-0.023,-0.046,1.010,0.385,-3.351,0.298,Idle
-0.023,-0.046,1.011,0.446,-3.334,0.271,Idle
-0.023,-0.045,1.011,0.403,-3.369,0.271,Idle
-0.024,-0.046,1.012,0.385,-3.316,0.262,Idle
-0.022,-0.047,1.010,0.385,-3.316,0.262,Idle
-0.022,-0.046,1.012,0.368,-3.299,0.280,Idle
-0.023,-0.046,1.011,0.385,-3.342,0.289,Idle
-0.023,-0.046,1.012,0.429,-3.351,0.298,Idle
-0.022,-0.047,1.012,0.411,-3.360,0.298,Idle
-0.023,-0.047,1.011,0.429,-3.299,0.271,Idle
-0.022,-0.045,1.010,0.420,-3.299,0.289,Idle
-0.023,-0.046,1.011,0.149,-3.194,0.280,Idle
-0.023,-0.046,1.012,0.403,-3.334,0.271,Idle
-0.023,-0.045,1.010,0.350,-3.342,0.289,Idle
-0.024,-0.046,1.011,0.420,-3.316,0.280,Idle
-0.023,-0.046,1.012,0.411,-3.342,0.280,Idle
-0.022,-0.047,1.010,0.438,-3.334,0.254,Idle
-0.022,-0.046,1.011,0.403,-3.334,0.271,Idle
-0.022,-0.045,1.010,0.385,-3.307,0.271,Idle
-0.023,-0.046,1.012,0.394,-3.325,0.306,Idle
-0.023,-0.046,1.011,0.403,-3.299,0.254,Idle
-0.023,-0.046,1.010,0.333,-3.316,0.324,Idle
-0.023,-0.045,1.011,0.333,-3.342,0.306,Idle
-0.022,-0.045,1.013,0.551,-3.412,0.315,Idle
-0.020,-0.047,1.010,0.429,-3.378,0.271,Idle
-0.025,-0.047,1.012,0.472,-3.351,0.262,Idle
-0.021,-0.044,1.010,0.455,-3.360,0.271,Idle
-0.023,-0.047,1.011,0.368,-3.316,0.254,Idle
-0.022,-0.046,1.012,0.350,-3.307,0.315,Idle
-0.024,-0.046,1.011,0.411,-3.325,0.298,Idle
-0.023,-0.044,1.012,0.438,-3.307,0.289,Idle
-0.022,-0.047,1.010,0.368,-3.290,0.280,Idle
-0.021,-0.050,1.009,0.446,-3.351,0.280,Idle
-0.022,-0.046,1.023,0.368,-3.307,0.210,Idle
-0.020,-0.041,1.013,0.350,-3.360,0.333,Idle
-0.022,-0.052,1.018,0.280,-3.351,0.262,Idle
-0.022,-0.049,1.011,0.420,-3.281,0.280,Idle
-0.024,-0.042,1.010,0.385,-3.334,0.289,Idle
-0.025,-0.043,1.011,0.403,-3.307,0.341,Idle
-0.022,-0.048,1.010,0.359,-3.351,0.254,Idle
-0.021,-0.048,1.010,0.394,-3.290,0.271,Idle
-0.023,-0.044,1.010,0.403,-3.342,0.254,Idle
-0.023,-0.043,1.011,0.341,-3.351,0.298,Idle
-0.022,-0.049,1.012,0.350,-3.334,0.298,Idle
-0.022,-0.049,1.012,0.420,-3.325,0.254,Idle
-0.024,-0.043,1.011,0.403,-3.342,0.280,Idle
-0.024,-0.044,1.010,0.403,-3.316,0.262,Idle
-0.022,-0.049,1.012,0.368,-3.290,0.289,Idle
-0.021,-0.047,1.011,0.359,-3.378,0.254,Idle
-0.023,-0.044,1.012,0.411,-3.325,0.280,Idle
-0.024,-0.044,1.010,0.368,-3.307,0.306,Idle
-0.022,-0.049,1.011,0.385,-3.307,0.306,Idle
-0.022,-0.048,1.012,0.385,-3.342,0.271,Idle
-0.024,-0.045,1.009,0.359,-3.369,0.236,Idle
-0.025,-0.044,1.012,0.333,-3.299,0.306,Idle
-0.022,-0.048,1.012,0.385,-3.325,0.271,Idle
-0.023,-0.046,1.011,0.359,-3.316,0.289,Idle
-0.024,-0.044,1.011,0.376,-3.307,0.280,Idle
-0.024,-0.046,1.010,0.368,-3.299,0.271,Idle
-0.023,-0.047,1.013,0.341,-3.299,0.271,Idle
-0.023,-0.046,1.010,0.376,-3.290,0.254,Idle
-0.023,-0.044,1.011,0.376,-3.342,0.324,Idle
-0.023,-0.046,1.011,0.385,-3.334,0.254,Idle
-0.022,-0.047,1.010,0.341,-3.342,0.280,Idle
-0.023,-0.046,1.012,0.324,-3.360,0.289,Idle
-0.024,-0.046,1.011,0.420,-3.316,0.271,Idle
-0.023,-0.044,1.012,0.350,-3.316,0.210,Idle
-0.020,-0.044,1.016,0.481,-3.194,-4.988,Idle
-0.023,-0.052,1.011,0.420,-3.281,-0.560,Idle
-0.022,-0.045,1.011,0.394,-3.307,0.245,Idle
-0.023,-0.046,1.009,0.359,-3.360,0.298,Idle
-0.022,-0.047,1.011,0.368,-3.351,0.245,Idle
-0.023,-0.046,1.012,0.359,-3.299,0.254,Idle
-0.024,-0.045,1.010,0.333,-3.307,0.280,Idle
-0.022,-0.047,1.010,0.350,-3.316,0.245,Idle
-0.022,-0.047,1.011,0.368,-3.307,0.184,Idle
-0.021,-0.037,1.011,0.368,-3.246,-0.744,Idle
-0.023,-0.041,1.012,0.490,-3.351,-1.881,Idle
-0.022,-0.047,1.011,0.481,-3.334,0.052,Idle
-0.023,-0.046,1.012,0.394,-3.299,0.271,Idle
-0.024,-0.045,1.012,0.385,-3.281,0.271,Idle
-0.022,-0.045,1.012,0.385,-3.307,0.262,Idle
-0.023,-0.046,1.011,0.385,-3.316,0.298,Idle
-0.023,-0.046,1.009,0.368,-3.290,0.280,Idle
-0.023,-0.045,1.012,0.341,-3.316,0.262,Idle
-0.023,-0.045,1.011,0.350,-3.334,0.280,Idle
-0.021,-0.047,1.012,0.350,-3.325,0.280,Idle
-0.023,-0.047,1.012,0.368,-3.325,0.262,Idle
-0.023,-0.046,1.012,0.385,-3.299,0.289,Idle
-0.023,-0.045,1.011,0.420,-3.290,0.262,Idle
-0.023,-0.047,1.012,0.376,-3.334,0.219,Idle
-0.024,-0.046,1.012,0.403,-3.307,0.219,Idle
-0.022,-0.043,1.009,0.403,-3.255,-0.192,Idle
-0.022,-0.042,1.011,0.306,-3.211,-0.621,Idle
-0.021,-0.038,1.013,0.438,-3.246,-1.697,Idle
-0.022,-0.039,1.008,0.464,-3.273,-2.931,Idle
-0.024,-0.045,1.007,0.429,-3.334,0.114,Idle
-0.024,-0.046,1.013,0.368,-3.316,0.315,Idle
-0.023,-0.048,1.012,0.359,-3.307,0.271,Idle
-0.023,-0.046,1.010,0.376,-3.325,0.254,Idle
-0.024,-0.044,1.009,0.341,-3.307,0.280,Idle
-0.023,-0.045,1.010,0.376,-3.307,0.262,Idle
-0.023,-0.047,1.009,0.359,-3.325,0.175,Idle
-0.023,-0.047,1.010,0.376,-3.307,0.210,Idle
-0.024,-0.046,1.011,0.464,-3.273,0.079,Idle
-0.023,-0.046,1.011,0.341,-3.316,0.140,Idle
-0.023,-0.047,1.012,0.359,-3.299,0.192,Idle
-0.022,-0.044,1.013,0.350,-3.281,0.009,Idle
-0.023,-0.040,1.007,0.333,-3.106,-3.290,Idle
-0.028,-0.069,1.008,0.394,-3.316,-0.123,Idle
-0.023,-0.047,1.011,0.341,-3.290,0.271,Idle
-0.023,-0.047,1.012,0.368,-3.307,0.289,Idle
-0.024,-0.046,1.011,0.350,-3.273,0.298,Idle
-0.023,-0.046,1.010,0.368,-3.334,0.271,Idle
-0.023,-0.048,1.012,0.341,-3.316,0.298,Idle
-0.022,-0.048,1.010,0.385,-3.290,0.315,Idle
-0.023,-0.046,1.012,0.359,-3.316,0.236,Idle
-0.024,-0.046,1.011,0.315,-3.307,0.289,Idle
-0.024,-0.046,1.011,0.376,-3.325,0.271,Idle
-0.023,-0.047,1.011,0.368,-3.342,0.262,Idle
-0.023,-0.047,1.011,0.394,-3.342,0.262,Idle
-0.023,-0.046,1.010,0.446,-3.342,0.262,Idle
-0.024,-0.046,1.012,0.359,-3.290,0.324,Idle
-0.022,-0.047,1.011,0.376,-3.334,0.271,Idle
-0.022,-0.048,1.011,0.403,-3.316,0.289,Idle
-0.023,-0.046,1.011,0.368,-3.316,0.254,Idle
-0.023,-0.045,1.014,0.333,-3.325,0.254,Idle
-0.022,-0.048,1.011,0.368,-3.351,0.236,Idle
-0.021,-0.043,1.014,0.333,-3.246,-0.394,Idle
-0.021,-0.039,1.011,0.420,-3.168,-3.386,Idle
-0.023,-0.051,1.016,0.613,-3.439,-3.430,Idle
-0.022,-0.046,1.012,0.341,-3.325,0.262,Idle
-0.023,-0.047,1.011,0.324,-3.342,0.271,Idle
-0.023,-0.044,1.011,0.385,-3.325,0.254,Idle
-0.025,-0.044,1.012,0.368,-3.299,0.289,Idle
-0.021,-0.049,1.012,0.376,-3.325,0.298,Idle
-0.022,-0.049,1.011,0.368,-3.299,0.315,Idle
-0.023,-0.047,1.010,0.411,-3.316,0.324,Idle
-0.023,-0.044,1.009,0.420,-3.325,0.245,Idle
-0.023,-0.047,1.012,0.403,-3.307,0.280,Idle
-0.022,-0.048,1.010,0.350,-3.378,0.306,Idle
-0.024,-0.048,1.011,0.403,-3.342,0.298,Idle
-0.024,-0.046,1.013,0.385,-3.307,0.280,Idle
-0.026,-0.044,1.008,0.385,-3.299,0.262,Idle
-0.023,-0.047,1.008,0.385,-3.290,0.219,Idle
-0.023,-0.047,1.010,0.385,-3.281,0.271,Idle
-0.023,-0.044,1.012,0.385,-3.307,0.262,Idle
-0.023,-0.048,1.021,0.376,-3.273,0.306,Idle
-0.023,-0.046,1.012,0.455,-3.325,0.280,Idle
-0.024,-0.047,1.011,0.394,-3.360,0.271,Idle
-0.022,-0.048,1.010,0.429,-3.351,0.245,Idle
-0.024,-0.047,1.010,0.499,-3.299,0.306,Idle
-0.023,-0.047,1.011,0.350,-3.316,0.289,Idle
-0.023,-0.047,1.011,0.420,-3.316,0.245,Idle
-0.023,-0.046,1.012,0.385,-3.307,0.254,Idle
-0.023,-0.046,1.010,0.385,-3.281,0.280,Idle
-0.023,-0.047,1.012,0.376,-3.316,0.262,Idle
-0.023,-0.047,1.011,0.403,-3.325,0.298,Idle
-0.023,-0.046,1.011,0.359,-3.290,0.262,Idle
-0.023,-0.047,1.011,0.324,-3.316,0.306,Idle
-0.024,-0.047,1.011,0.359,-3.316,0.306,Idle
-0.023,-0.046,1.011,0.298,-3.351,0.298,Idle
-0.023,-0.046,1.010,0.359,-3.316,0.333,Idle
-0.024,-0.047,1.012,0.359,-3.316,0.306,Idle
-0.023,-0.046,1.010,0.394,-3.334,0.280,Idle
-0.023,-0.047,1.012,0.403,-3.307,0.262,Idle
-0.023,-0.046,1.012,0.368,-3.307,0.254,Idle
-0.022,-0.044,1.010,0.341,-3.264,0.018,Idle
-0.018,-0.027,1.017,0.376,-3.124,-2.844,Idle
-0.026,-0.053,1.010,0.385,-2.931,-5.267,Idle
-0.024,-0.056,1.013,0.368,-3.290,-2.179,Idle
-0.024,-0.048,1.010,0.350,-3.325,0.306,Idle
-0.023,-0.047,1.010,0.368,-3.290,0.315,Idle
-0.024,-0.046,1.013,0.324,-3.299,0.315,Idle
-0.024,-0.045,1.011,0.333,-3.264,0.271,Idle
-0.024,-0.046,1.011,0.333,-3.316,0.306,Idle
-0.023,-0.047,1.011,0.376,-3.316,0.271,Idle
-0.023,-0.048,1.010,0.376,-3.290,0.271,Idle
-0.023,-0.047,1.011,0.385,-3.316,0.271,Idle
-0.024,-0.045,1.010,0.403,-3.334,0.280,Idle
-0.024,-0.047,1.011,0.394,-3.325,0.280,Idle
-0.023,-0.047,1.010,0.394,-3.299,0.271,Idle
-0.023,-0.046,1.011,0.403,-3.290,0.289,Idle
-0.023,-0.047,1.011,0.376,-3.307,0.262,Idle
-0.024,-0.047,1.011,0.341,-3.325,0.315,Idle
-0.023,-0.046,1.010,0.368,-3.334,0.280,Idle
-0.024,-0.046,1.010,0.385,-3.290,0.262,Idle
-0.023,-0.047,1.010,0.376,-3.334,0.271,Idle
-0.021,-0.047,1.013,0.534,-3.447,0.236,Idle
-0.023,-0.048,1.010,0.298,-3.237,0.228,Idle
-0.023,-0.045,1.009,0.403,-3.325,0.262,Idle
-0.024,-0.047,1.011,0.481,-3.439,0.228,Idle
-0.093,-0.132,1.012,0.569,-2.861,-15.347,Idle
-0.098,-0.156,0.975,-0.262,-0.831,-49.481,Idle
-0.078,-0.166,1.000,2.651,-1.120,-66.412,Idle
-0.010,-0.064,1.009,2.608,-0.796,-68.801,Idle
0.128,0.080,1.070,2.520,-1.671,-42.088,Idle
0.011,0.037,1.023,2.196,-3.290,-11.988,Idle
-0.111,-0.013,0.986,1.155,-2.642,-13.134,Idle
-0.073,-0.112,1.050,1.269,-2.074,-35.193,Idle
0.001,-0.089,0.963,1.435,-0.446,-54.276,Idle
-0.031,-0.095,1.043,2.249,-1.706,-48.947,Idle
-0.069,-0.136,1.076,3.561,-1.260,-69.948,Idle
0.005,-0.128,0.976,5.302,-0.280,-88.900,Idle
0.069,-0.100,0.886,4.314,-1.916,-95.235,Idle
0.051,-0.120,0.906,2.931,1.015,-89.416,Idle
0.023,-0.151,0.996,6.318,-2.931,-78.103,Idle
0.474,0.228,0.728,16.642,-11.506,-64.522,Idle
-0.030,0.025,0.924,-1.383,0.429,-17.728,Idle
-0.156,0.109,1.011,-10.517,2.756,-7.823,Idle
-0.262,0.123,0.992,-1.654,-2.013,-20.921,Idle
-0.046,0.031,0.950,0.831,-0.157,-61.539,Idle
0.081,-0.045,1.018,2.800,0.219,-82.661,Idle
0.021,-0.136,1.039,-1.207,-0.341,-66.640,Idle
-0.060,-0.071,1.013,0.744,-2.231,-18.121,Idle
-0.084,-0.022,1.018,-1.155,-2.783,7.394,Idle
-0.153,0.057,0.985,0.096,-3.736,12.311,Idle
-0.152,0.078,1.015,0.403,-3.579,2.783,Idle
-0.032,-0.021,1.064,0.157,-3.045,-4.060,Idle
-0.078,-0.013,1.177,-22.059,-11.182,-19.504,Idle
-0.190,-0.124,1.161,-69.668,-26.233,-48.851,Idle
-0.005,-0.055,1.087,-87.964,-36.636,-55.589,Idle
0.023,-0.066,0.929,-87.325,-42.333,-36.015,Idle
0.056,-0.171,0.852,-57.969,-37.100,-21.831,Idle
0.177,-0.206,0.856,-29.173,-14.709,-31.439,Idle
0.121,-0.209,0.849,-14.096,1.435,-33.792,Idle
0.108,-0.218,0.891,12.119,19.469,-21.814,Idle
0.044,-0.300,1.040,18.069,25.550,-15.549,Idle
0.063,-0.339,1.115,4.165,9.389,-46.235,Idle
0.092,-0.352,1.076,-17.395,-0.647,-52.474,Idle
0.110,-0.334,1.046,-33.390,-22.558,-35.910,Idle
0.029,-0.251,0.983,-39.541,-40.250,-9.564,Idle
0.062,-0.195,0.931,-27.169,-46.856,-1.750,Idle
0.064,-0.162,0.942,-17.517,-42.254,-1.829,Idle
0.095,-0.173,0.916,-0.892,-29.321,-4.287,Idle
0.054,-0.126,0.933,13.318,-12.871,-12.023,Idle
0.022,-0.151,0.965,20.895,6.055,-22.802,Idle
0.028,-0.197,0.949,24.089,15.943,-30.415,Idle
0.067,-0.167,0.955,23.800,30.083,-26.968,Idle
0.045,-0.158,1.001,24.841,39.812,-22.951,Idle
0.069,-0.218,0.997,22.514,40.766,-22.417,Idle
0.126,-0.223,1.002,18.681,40.224,-17.246,Idle
0.108,-0.215,0.975,15.208,40.740,-3.868,Idle
0.042,-0.123,1.136,27.274,28.551,-8.514,Idle
-0.034,-0.177,1.134,-5.215,-2.642,-1.383,Idle
0.035,-0.213,0.970,-23.984,-6.562,0.665,Idle
0.137,-0.057,0.885,-3.378,-4.629,19.364,Idle
0.000,-0.101,1.015,21.157,2.476,13.370,Idle
0.006,-0.149,1.023,12.941,1.076,10.920,Idle
0.027,-0.118,0.971,12.364,-0.079,10.894,Idle
0.018,-0.132,0.994,21.534,-4.463,9.651,Idle
0.045,-0.161,1.043,26.504,-4.366,8.890,Idle
-0.079,-0.051,0.918,41.501,-5.819,19.259,Idle
-0.010,-0.001,1.017,47.303,-4.524,11.585,Idle
0.003,-0.061,1.033,40.626,-3.491,7.534,Idle
0.034,-0.096,1.055,28.385,-3.316,5.985,Idle
0.079,-0.158,1.083,5.162,-4.156,14.297,Idle
0.028,-0.070,0.940,4.323,-4.707,23.240,Idle
0.042,-0.066,1.066,10.089,-4.629,31.666,Idle
0.087,-0.076,0.927,15.960,-5.731,61.626,Idle
0.048,0.001,0.958,37.397,-4.918,76.151,Idle
-0.022,0.050,0.962,48.466,-3.570,62.046,Idle
-0.046,-0.005,0.757,3.631,-1.558,26.206,Idle
0.013,0.030,0.998,0.455,-3.605,36.094,Idle
-0.028,0.019,0.994,0.551,-2.931,36.934,Idle
0.023,0.029,1.018,0.254,-3.658,29.208,Idle
-0.031,0.024,1.014,0.613,-3.141,32.917,Idle
-0.010,0.041,1.029,0.849,-3.517,44.485,Idle
0.009,-0.016,1.018,0.586,-3.264,34.737,Idle
0.002,0.023,0.982,0.236,-3.447,23.634,Idle
-0.040,0.045,1.019,0.936,-3.115,24.850,Idle
0.021,0.043,1.018,1.234,-3.850,31.491,Idle
-0.006,0.003,0.903,-0.280,-3.465,41.528,Idle
0.012,0.009,0.934,0.604,-3.491,37.730,Idle
-0.005,-0.032,0.934,0.280,-2.599,27.624,Idle
0.010,-0.040,0.960,0.429,-3.342,21.612,Idle
-0.000,-0.096,1.042,0.752,-3.124,17.579,Idle
0.014,-0.097,1.015,0.822,-3.273,25.401,Idle
0.030,0.008,1.014,0.928,-3.351,11.489,Idle
-0.046,-0.032,1.013,0.394,-3.211,12.504,Idle
-0.007,-0.015,1.011,0.691,-3.430,14.892,Idle
0.026,-0.064,1.010,0.779,-2.975,16.468,Idle
0.034,0.026,1.006,0.385,-3.185,7.709,Idle
0.063,0.017,1.014,0.184,-3.535,6.414,Idle
-0.014,0.013,1.022,0.140,-3.264,17.552,Idle
0.011,0.038,1.003,0.350,-3.588,21.849,Idle
-0.019,0.040,0.973,-0.858,-4.261,35.149,Idle
0.049,0.032,1.031,0.770,-3.264,33.101,Idle
-0.053,0.013,1.021,0.796,-3.255,22.706,Idle
0.013,-0.014,0.980,0.534,-3.071,20.073,Idle
0.015,-0.021,0.957,0.228,-3.990,22.942,Idle
0.032,0.048,0.972,0.166,-3.894,31.413,Idle
0.030,0.007,0.996,-0.333,-4.016,25.462,Idle
-0.018,-0.021,0.952,0.910,-3.001,21.927,Idle
0.010,-0.046,0.998,0.884,-3.185,16.144,Idle
0.006,-0.026,1.007,0.289,-3.465,2.984,Idle
0.022,0.009,1.013,0.315,-3.395,1.785,Idle
0.032,0.010,1.010,0.315,-3.325,5.784,Idle
0.000,-0.029,1.018,0.446,-3.080,10.229,Idle
0.003,0.043,1.012,0.052,-3.220,-2.555,Idle
0.039,0.092,1.060,0.280,-2.984,-8.925,Idle
0.026,0.079,0.981,0.359,-3.439,-12.477,Idle
0.004,0.041,1.063,0.805,-2.888,-5.504,Idle
0.023,0.014,1.073,0.945,-3.412,-2.774,Idle
0.011,0.019,0.989,0.507,-3.010,13.352,Idle
-0.013,0.011,1.016,0.368,-3.290,16.608,Idle
-0.034,-0.016,0.929,0.123,-3.211,14.262,Idle
0.063,-0.152,1.056,0.577,-2.905,18.743,Idle
0.016,-0.103,1.026,0.201,-3.124,27.370,Idle
-0.019,-0.027,1.011,0.647,-3.273,17.062,Idle
0.003,-0.011,1.011,0.245,-3.194,6.668,Idle
0.003,-0.011,1.014,0.359,-3.159,7.359,Idle
0.019,-0.013,1.011,0.315,-3.299,4.497,Idle
-0.022,0.033,1.012,0.376,-3.325,-0.858,Idle
0.000,0.028,1.011,0.236,-3.176,-9.406,Idle
0.020,0.052,1.007,0.271,-3.386,-12.337,Idle
-0.020,-0.014,1.013,0.298,-3.316,-12.023,Idle
0.040,0.015,1.010,0.184,-3.404,-5.793,Idle
-0.004,-0.015,1.002,0.035,-3.168,-3.780,Idle
-0.002,0.001,1.014,0.499,-3.080,-8.549,Idle
0.136,-0.224,-0.321,1.872,9.975,-102.655,Pitch
0.673,-0.832,0.447,286.685,-82.189,-10.430,Pitch
0.344,-1.223,1.074,286.685,-106.628,-50.155,Pitch
-0.003,-1.417,1.222,286.685,-93.310,-55.344,Pitch
-0.358,-1.156,1.233,140.219,25.847,-22.146,Pitch
-0.498,-1.070,1.429,-156.678,93.249,37.153,Pitch
-0.408,-0.931,1.550,-286.685,67.637,-17.045,Pitch
-0.193,-0.483,0.424,-286.685,46.270,-63.228,Pitch
0.087,0.019,-1.261,-285.915,-63.971,-120.969,Pitch
0.624,0.128,-1.998,168.595,-182.770,-68.408,Pitch
0.546,0.208,-1.424,286.685,-259.009,-25.847,Pitch
0.481,0.838,-0.587,286.685,-163.861,-19.101,Pitch
0.416,1.998,1.367,286.685,-36.820,-102.594,Pitch
1.998,1.212,0.631,112.613,-283.622,-277.786,Pitch
0.413,-0.018,1.999,193.471,83.702,-206.553,Pitch
0.032,-0.106,1.999,23.118,228.515,-27.694,Pitch
0.904,0.460,1.990,-286.685,215.303,53.279,Pitch
0.181,0.509,1.360,-286.685,23.800,7.508,Pitch
-0.204,0.868,1.094,-286.685,-119.691,8.050,Pitch
-0.567,1.187,0.797,-286.685,-163.196,-23.135,Pitch
-0.148,1.404,-0.842,-286.685,-262.579,-66.658,Pitch
-0.423,1.171,-1.998,-208.372,-228.182,60.401,Pitch
0.411,0.712,-1.998,286.685,113.400,134.085,Pitch
0.462,1.903,1.732,286.685,235.506,113.671,Pitch
-0.223,1.998,1.999,286.685,145.092,72.284,Pitch
-0.617,1.338,1.999,286.685,-155.540,-99.566,Pitch
1.787,-0.812,1.999,280.087,-101.588,-218.803,Pitch
-0.220,0.388,1.999,-114.494,286.685,-24.561,Pitch
0.255,0.604,1.887,-286.685,286.099,-50.689,Pitch
-0.049,0.174,1.621,-286.685,147.000,-96.425,Pitch
-0.803,0.691,1.392,-286.685,-147.315,-152.005,Pitch
-0.554,1.263,0.160,-286.685,-208.915,-274.802,Pitch
0.530,0.960,-1.991,-286.685,-280.971,-285.793,Pitch
1.000,-0.264,-1.998,285.784,-286.685,24.386,Pitch
0.365,0.380,-0.893,286.685,-95.830,115.640,Pitch
0.257,1.991,0.123,286.685,275.249,42.341,Pitch
-1.262,1.998,1.999,286.685,254.292,-99.986,Pitch
0.588,-0.133,1.999,267.164,-14.726,-33.513,Pitch
0.508,-0.077,1.999,-214.664,250.014,-14.429,Pitch
-0.053,0.848,1.999,-286.685,207.480,-85.619,Pitch
-0.762,0.726,1.942,-286.685,-213.946,-169.050,Pitch
-1.081,1.533,0.550,-286.685,-282.835,-252.315,Pitch
-0.404,1.785,-1.998,-286.685,-170.292,-244.913,Pitch
1.037,0.136,-1.998,45.929,-188.738,-147.411,Pitch
0.529,1.998,-0.490,286.685,93.590,20.878,Pitch
-0.799,1.998,1.999,286.685,225.391,-6.519,Pitch
-0.058,0.719,1.999,286.685,-0.700,-18.191,Pitch
1.033,0.284,1.999,224.490,186.629,88.086,Pitch
0.714,0.754,1.591,-256.139,286.685,15.837,Pitch
0.655,1.998,0.164,28.971,-150.290,155.277,Pitch
0.487,1.998,1.999,286.685,-246.995,-111.195,Pitch
0.654,1.328,1.999,286.142,159.163,-181.099,Pitch
-0.084,1.992,1.999,-273.753,286.685,-62.624,Pitch
0.548,-0.359,0.467,286.685,-95.095,-16.984,Pitch
0.495,-0.216,0.689,286.685,-0.210,-13.414,Pitch
0.380,-0.124,0.963,273.219,53.987,-19.731,Pitch
0.349,-0.301,0.928,76.484,47.653,-28.560,Pitch
0.103,-0.164,0.888,-165.909,10.911,-1.076,Pitch
0.283,0.446,1.249,-286.685,-11.935,11.979,Pitch
0.131,-1.222,0.348,-286.685,-48.326,-51.153,Pitch
0.333,-0.580,0.422,-286.685,-74.244,-65.293,Pitch
0.348,-0.817,0.511,-261.853,-28.201,-69.799,Pitch
0.503,-1.202,0.372,-181.904,-5.836,46.646,Pitch
0.348,-1.295,0.895,273.473,70.543,79.765,Pitch
0.709,-0.467,0.165,286.685,57.916,25.576,Pitch
0.230,-0.335,0.630,286.685,47.959,4.961,Pitch
0.283,-0.081,0.882,280.455,36.619,13.755,Pitch
0.227,0.008,0.621,14.297,39.524,32.314,Pitch
-0.007,0.277,0.871,-208.723,-33.530,37.249,Pitch
0.598,0.005,1.577,-286.685,-132.414,6.939,Pitch
0.186,-0.764,0.482,-286.685,35.735,-2.223,Pitch
0.122,-0.675,0.604,-286.300,-75.066,-53.261,Pitch
0.485,-1.008,0.755,-275.354,-79.695,-31.754,Pitch
0.499,-1.124,0.489,-180.145,11.498,31.605,Pitch
-0.096,-0.636,-0.018,281.225,34.807,44.739,Pitch
0.347,-0.358,0.195,286.685,29.417,-46.760,Pitch
0.408,-0.263,0.702,286.685,45.430,-28.298,Pitch
0.303,0.001,0.623,286.501,73.789,-2.275,Pitch
0.196,0.020,1.041,104.195,28.394,26.460,Pitch
-0.030,0.031,1.552,-221.104,-95.760,16.083,Pitch
0.026,0.256,1.970,-286.685,-181.064,-22.759,Pitch
0.415,-1.172,0.593,-286.685,-57.103,-17.019,Pitch
0.393,-0.579,0.491,-286.685,25.069,17.500,Pitch
0.310,-0.661,0.217,-250.486,-49.096,-17.343,Pitch
0.284,-0.853,0.369,-157.684,-28.411,45.544,Pitch
1.457,-0.757,0.711,209.038,12.941,109.961,Pitch
0.346,-0.697,0.247,286.685,79.336,-30.161,Pitch
0.335,-0.161,1.083,286.685,19.897,-31.237,Pitch
0.418,-0.083,1.137,283.535,30.949,9.441,Pitch
0.213,-0.079,1.006,11.427,28.823,20.291,Pitch
0.056,0.052,1.227,-239.120,-24.789,-1.706,Pitch
0.117,-0.236,1.083,-286.685,-99.137,-105.184,Pitch
0.373,-1.407,0.232,-286.685,-67.629,-26.075,Pitch
0.270,-0.552,0.639,-286.685,-56.726,16.861,Pitch
0.496,-0.772,0.583,-285.364,-76.423,8.733,Pitch
0.631,-1.076,0.265,-146.624,-0.192,64.575,Pitch
-0.290,-0.757,-0.059,258.501,120.925,87.518,Pitch
0.596,-0.333,0.598,286.685,64.041,34.991,Pitch
0.473,-0.156,1.167,286.685,49.682,-42.210,Pitch
0.268,-0.095,0.781,285.723,98.927,46.384,Pitch
0.049,0.280,0.918,198.879,57.873,54.757,Pitch
0.154,0.450,1.702,-138.941,-37.354,22.654,Pitch
-0.024,0.137,1.671,-286.685,-15.557,-81.664,Pitch
-0.120,-0.010,1.034,-286.685,-103.206,-104.274,Pitch
0.188,-0.501,0.439,-286.685,-162.059,-43.251,Pitch
0.443,-0.392,0.293,-286.685,-144.340,-76.808,Pitch
0.715,-0.975,0.102,-279.895,-4.069,16.616,Pitch
0.159,-0.749,-0.429,256.025,214.042,-5.600,Pitch
-0.010,0.326,0.046,286.685,105.936,55.965,Pitch
0.391,-0.150,0.707,286.685,88.891,80.614,Pitch
0.314,-0.139,1.419,286.685,37.083,75.311,Pitch
0.185,0.343,1.680,98.927,-32.699,39.366,Pitch
0.070,0.098,1.641,-286.361,-55.886,-26.154,Pitch
0.284,0.287,1.321,-286.685,-43.890,-97.589,Pitch
-0.057,-1.196,0.362,-286.685,-111.361,-119.989,Pitch
0.402,-0.608,0.758,-286.685,-146.265,-1.768,Pitch
0.689,-0.654,0.515,-286.633,-53.314,28.000,Pitch
0.998,-1.430,0.339,-30.013,112.814,-1.400,Pitch
-0.248,-0.257,-0.703,261.651,193.349,-8.698,Pitch
0.359,-0.122,0.326,286.685,187.906,138.871,Pitch
0.245,0.053,0.888,286.685,73.789,123.865,Pitch
0.282,-0.047,1.185,272.344,-46.252,61.469,Pitch
0.298,-0.045,1.124,139.107,-67.988,5.399,Pitch
0.301,0.146,1.454,-94.019,-50.391,-28.805,Pitch
-0.227,0.154,1.938,-286.685,-30.100,-62.545,Pitch
-0.149,-0.483,0.734,-286.685,-175.385,-94.832,Pitch
0.167,-0.676,0.681,-286.685,-219.450,-8.068,Pitch
0.464,-0.560,0.466,-286.685,-160.667,32.996,Pitch
0.889,-0.966,0.046,-214.856,-33.171,65.800,Pitch
0.905,-0.753,0.436,157.981,189.018,87.176,Pitch
-0.016,-0.284,-0.241,286.685,197.671,82.075,Pitch
0.464,-0.121,0.612,286.685,15.601,66.168,Pitch
0.343,0.054,1.075,286.685,-10.789,41.256,Pitch
0.383,0.102,1.699,286.580,71.488,29.374,Pitch
0.252,0.019,1.810,77.770,19.381,-56.175,Pitch
0.133,0.308,1.721,-286.676,-105.385,-96.390,Pitch
-0.302,0.427,1.140,-286.685,-164.369,-136.850,Pitch
0.084,-0.803,-0.046,-286.685,-239.592,-80.596,Pitch
0.738,-0.156,-0.441,-280.026,-87.386,66.448,Pitch
1.456,-0.900,0.700,-95.882,115.255,144.900,Pitch
0.516,-0.262,-0.106,286.685,258.309,149.818,Pitch
-0.133,0.082,0.862,286.685,220.544,171.509,Pitch
0.194,-0.347,1.252,286.685,-66.684,64.243,Pitch
0.376,-0.219,0.833,269.894,-76.632,64.951,Pitch
0.288,0.135,0.851,77.201,-31.981,62.484,Pitch
0.109,0.335,1.979,-273.245,-54.600,53.025,Pitch
-0.484,0.119,1.452,-286.685,-131.294,-47.906,Pitch
-0.117,-0.332,0.439,-286.685,-228.681,-116.585,Pitch
0.749,-0.934,0.515,-286.685,-165.471,-7.245,Pitch
0.969,-1.400,0.375,-237.895,37.555,66.299,Pitch
0.263,0.014,-0.801,255.413,201.766,48.641,Pitch
0.305,0.469,0.045,286.685,129.299,92.295,Pitch
0.500,-0.616,0.731,286.685,170.441,19.871,Pitch
0.214,0.712,0.822,286.685,75.320,186.673,Pitch
0.276,1.053,1.999,-108.973,-185.614,55.895,Pitch
-0.635,1.308,1.629,-286.685,-109.882,-69.405,Pitch
0.579,-0.600,0.131,-286.685,-0.770,-28.472,Pitch
0.188,-0.829,0.257,-286.685,-174.921,-53.042,Pitch
1.304,-1.452,0.722,-25.900,-7.394,-52.955,Pitch
0.079,-0.735,0.313,159.696,13.055,-6.431,Pitch
0.251,-0.420,-0.756,185.395,-39.235,66.832,Pitch
0.663,0.119,-0.562,286.527,52.920,50.461,Pitch
-0.057,0.160,0.330,286.685,88.865,59.561,Pitch
0.443,0.138,1.999,286.466,-28.901,102.007,Pitch
0.651,-0.490,1.947,-113.365,-104.029,-8.444,Pitch
0.391,-0.320,1.283,-237.204,16.083,3.010,Pitch
0.111,0.040,1.594,-286.510,174.449,-0.245,Pitch
-0.126,-0.858,1.357,-286.685,22.829,-124.906,Pitch
-0.236,-0.147,0.240,-286.685,-160.501,-147.682,Pitch
0.761,-0.613,-0.447,-198.039,-120.435,-56.376,Pitch
-0.012,-0.303,-1.273,285.241,176.269,-11.620,Pitch
0.161,0.266,-0.249,286.685,191.529,36.470,Pitch
0.026,0.740,0.376,286.685,266.044,115.736,Pitch
-0.094,0.847,1.806,286.685,184.144,156.319,Pitch
0.194,0.337,1.999,155.855,-48.729,59.316,Pitch
0.334,0.581,1.493,-286.685,-198.327,-78.802,Pitch
0.180,-0.349,1.534,-286.685,-99.426,-86.984,Pitch
-0.445,-0.015,0.498,-286.685,-193.069,-31.649,Pitch
0.382,-0.795,0.120,-286.685,-249.366,-120.741,Pitch
0.833,-1.467,-0.067,-69.291,75.565,-46.882,Pitch
0.531,-0.659,-0.828,286.405,129.561,20.501,Pitch
0.137,0.374,-0.232,286.685,176.339,124.696,Pitch
0.371,0.430,0.916,286.685,98.787,129.902,Pitch
0.144,0.290,1.588,280.315,14.420,114.091,Pitch
0.631,-0.055,1.977,-123.401,-79.984,96.154,Pitch
0.447,-0.270,1.555,-286.685,-37.713,-27.825,Pitch
-0.247,0.183,1.466,-286.685,2.441,-110.618,Pitch
-0.047,-0.491,0.624,-286.685,-83.134,-147.298,Pitch
0.522,-0.572,-0.391,-286.414,-92.628,-52.658,Pitch
0.257,0.035,-0.972,286.055,231.884,-35.700,Pitch
0.008,0.293,-0.129,286.685,187.285,165.331,Pitch
0.257,0.801,1.999,286.685,39.979,187.871,Pitch
0.336,-0.024,1.999,188.466,-158.524,109.812,Pitch
0.808,-0.010,1.420,-174.886,-229.372,-23.905,Pitch
0.607,0.273,1.394,-286.685,77.700,-6.003,Pitch
-0.203,0.100,0.938,-286.685,77.945,-48.011,Pitch
0.253,-0.659,0.165,-286.685,-163.546,-137.261,Pitch
1.097,-0.725,0.238,-283.675,-107.713,-53.357,Pitch
0.678,-0.393,-0.541,213.946,156.083,27.449,Pitch
0.286,0.012,-0.192,286.685,208.574,189.000,Pitch
-0.036,0.350,1.733,286.685,99.706,268.345,Pitch
0.257,-0.094,1.929,265.554,-234.631,68.854,Pitch
1.064,-0.128,1.155,72.590,-157.867,-45.334,Pitch
-0.177,0.643,1.782,-242.830,156.511,-103.110,Pitch
-0.840,0.205,1.681,-286.685,19.644,-111.510,Pitch
0.167,-0.818,0.029,-286.685,-286.414,-190.120,Pitch
1.282,-1.247,-0.096,-210.315,-27.458,-82.740,Pitch
0.430,-0.715,-0.217,286.685,143.762,-29.811,Pitch
-0.004,0.027,0.166,286.685,271.416,166.460,Pitch
-0.032,0.752,0.554,286.685,211.339,272.151,Pitch
0.296,0.341,1.843,202.230,-41.002,135.879,Pitch
0.030,0.221,1.554,-208.548,-67.340,87.062,Pitch
0.397,-0.644,1.230,-286.685,-40.845,-64.444,Pitch
-0.016,0.270,1.321,-286.685,-107.380,-12.267,Pitch
0.914,-1.009,1.677,-286.685,-98.656,-175.481,Pitch
0.066,-1.002,0.910,-267.890,-57.873,7.219,Pitch
0.669,-0.439,-1.645,-10.570,79.363,48.466,Pitch
-0.011,-0.312,-0.292,286.685,108.964,-0.683,Pitch
0.311,0.355,0.756,286.685,33.145,101.308,Pitch
0.385,0.070,1.837,284.165,72.713,161.788,Pitch
0.506,-0.243,1.833,160.825,22.304,154.227,Pitch
0.596,-0.429,0.928,-42.350,18.769,40.320,Pitch
0.140,0.133,1.370,-3.693,98.761,5.941,Pitch
-0.156,-0.045,1.290,-88.051,143.666,-17.456,Pitch
-0.396,-0.162,1.239,-187.154,78.103,-46.261,Pitch
-0.267,-0.192,1.021,-286.685,-57.873,-71.522,Pitch
-0.093,0.038,0.889,-279.038,-56.123,-45.789,Pitch
0.386,-0.309,-0.240,-241.833,73.920,-69.186,Pitch
0.351,-1.337,0.896,-200.742,-31.316,19.661,Pitch
0.039,-0.844,0.704,-286.685,-24.351,48.825,Pitch
0.191,-0.875,0.068,-286.685,42.787,8.243,Pitch
0.236,-0.802,0.180,-286.685,95.235,-50.697,Pitch
0.427,-0.750,-0.175,-278.941,75.915,-36.995,Pitch
0.099,-0.921,-0.624,153.904,61.670,-41.834,Pitch
0.000,0.000,-0.624,153.904,61.670,-41.834,Pitch
0.260,-0.423,1.441,286.685,-106.111,-65.336,Pitch
0.418,-0.518,1.667,277.384,-40.285,-65.415,Pitch
0.731,0.097,1.561,-85.514,64.916,4.235,Pitch
-0.151,-0.650,0.856,-286.685,155.566,15.663,Pitch
0.328,0.260,1.148,-286.685,178.946,-4.760,Pitch
0.223,-0.663,0.379,-286.685,-65.949,104.746,Pitch
0.147,-1.096,-0.787,-281.908,3.491,33.136,Pitch
0.424,-1.579,-0.149,79.634,210.070,-122.491,Pitch
0.023,-0.613,-1.356,286.685,-38.946,-9.756,Pitch
0.368,0.126,1.259,286.685,-148.680,43.960,Pitch
0.204,-0.141,1.985,286.685,18.874,-28.192,Pitch
0.050,-0.333,1.205,173.014,-5.399,9.074,Pitch
0.196,-0.136,1.242,-28.516,-22.925,21.017,Pitch
0.008,-0.030,1.401,-286.431,-2.450,41.842,Pitch
0.114,-0.502,0.896,-286.685,39.366,18.751,Pitch
-0.241,-0.460,0.336,-286.685,-15.916,-17.255,Pitch
0.611,-0.540,0.197,-286.685,-86.485,-121.371,Pitch
0.433,-0.863,-0.368,-125.598,145.714,-76.930,Pitch
0.056,-0.961,-0.152,284.830,56.507,11.734,Pitch
0.139,-0.616,0.635,286.685,27.536,96.871,Pitch
0.153,-0.515,1.101,286.685,-62.746,28.612,Pitch
0.305,-0.579,1.087,286.685,-73.640,-25.480,Pitch
0.633,-0.135,0.905,223.449,-89.897,-52.518,Pitch
-0.060,-0.175,1.171,-32.979,-47.294,5.758,Pitch
0.084,-0.167,1.230,-283.832,-4.804,37.572,Pitch
0.073,-0.393,0.784,-286.685,-58.371,3.439,Pitch
0.326,-0.417,0.583,-286.685,-98.158,-59.115,Pitch
0.415,-0.507,0.292,-286.685,37.441,-100.485,Pitch
0.505,-1.092,-0.319,-272.519,12.915,-52.465,Pitch
0.657,-1.328,-0.402,166.084,-12.075,3.535,Pitch
0.313,-0.882,0.569,286.685,167.046,37.441,Pitch
0.116,-0.245,1.107,286.685,183.286,-0.052,Pitch
-0.069,0.043,0.789,286.685,133.779,35.184,Pitch
0.244,0.284,0.815,286.571,52.456,-13.676,Pitch
0.275,0.021,1.546,-170.686,-12.355,-5.250,Pitch
0.084,-0.067,1.164,-286.685,-135.765,-11.392,Pitch
0.165,-0.242,0.570,-286.685,-213.098,-3.806,Pitch
0.316,-0.440,0.475,-286.685,-222.128,-5.556,Pitch
0.556,-0.637,0.276,-286.685,-152.057,-15.977,Pitch
0.758,-1.170,-0.614,-186.051,7.490,-29.505,Pitch
0.443,-0.958,0.116,286.685,90.501,111.107,Pitch
0.158,-0.628,0.566,286.685,176.899,54.127,Pitch
0.101,-0.133,1.083,286.685,193.156,6.055,Pitch
0.119,-0.162,0.768,286.685,118.974,-20.834,Pitch
0.476,-0.228,1.746,135.546,-72.503,-34.825,Pitch
0.122,-0.061,1.213,-286.536,-55.781,19.346,Pitch
0.095,-0.186,0.931,-286.685,-127.671,9.896,Pitch
0.241,-0.366,0.565,-286.685,-192.133,-23.091,Pitch
0.586,-0.804,0.325,-286.685,-40.381,-69.379,Pitch
0.886,-1.266,-0.424,-73.535,46.646,-92.829,Pitch
0.634,-0.939,-0.272,286.449,104.274,26.836,Pitch
-0.026,0.029,0.575,286.685,286.685,127.304,Pitch
0.065,-0.167,1.066,286.685,148.811,104.099,Pitch
0.536,0.006,1.458,152.303,-102.629,-28.507,Pitch
0.192,-0.143,1.187,-126.674,-45.482,-1.251,Pitch
0.031,-0.237,1.036,-286.685,-108.430,53.174,Pitch
0.153,-0.199,0.902,-286.685,-245.184,-1.610,Pitch
0.496,-0.428,0.510,-286.685,-121.345,-80.474,Pitch
0.507,-0.772,0.129,-285.635,34.283,-128.958,Pitch
0.429,-0.915,0.205,-97.099,14.525,-78.470,Pitch
0.543,-1.005,-0.119,166.469,-59.369,43.076,Pitch
0.648,-0.586,0.485,286.685,43.068,75.757,Pitch
0.529,-0.402,0.859,286.685,167.484,62.991,Pitch
0.278,-0.160,0.967,286.685,146.580,20.484,Pitch
0.274,-0.037,1.066,96.810,8.776,-54.696,Pitch
0.199,-0.279,1.022,-283.736,-76.501,-2.721,Pitch
0.246,-0.304,0.882,-286.685,-134.295,-26.688,Pitch
0.381,-0.479,0.399,-286.685,-186.182,-65.853,Pitch
0.699,-0.795,0.252,-286.685,-78.645,-91.613,Pitch
0.774,-1.162,-0.195,-35.061,-0.752,-10.273,Pitch
0.464,-0.816,0.362,286.685,80.211,125.204,Pitch
0.323,-0.354,0.742,286.685,205.091,122.649,Pitch
0.378,-0.362,1.056,286.685,216.449,55.912,Pitch
0.248,-0.018,1.197,276.876,88.839,-8.059,Pitch
0.046,-0.000,0.987,-171.990,-104.729,-51.415,Pitch
0.038,-0.143,1.162,-286.685,-205.730,-16.975,Pitch
0.302,-0.415,0.360,-286.685,-240.021,-30.660,Pitch
0.665,-0.722,0.272,-286.685,-134.794,-71.496,Pitch
0.615,-0.999,-0.041,-256.848,10.806,-60.436,Pitch
0.688,-1.253,-0.122,236.521,-2.686,34.440,Pitch
0.192,-0.375,0.706,286.685,150.150,99.662,Pitch
0.368,-0.270,0.686,286.685,213.229,46.716,Pitch
0.454,-0.497,0.958,286.685,159.250,34.912,Pitch
0.351,-0.006,0.915,218.881,12.574,-21.385,Pitch
0.090,-0.213,0.864,-216.064,-131.967,-30.765,Pitch
0.132,-0.215,1.166,-286.685,-228.235,-21.420,Pitch
0.477,-0.608,0.289,-286.685,-231.420,-58.100,Pitch
0.726,-0.802,0.218,-286.685,-54.443,-78.452,Pitch
0.803,-1.143,0.057,-183.470,-17.929,29.374,Pitch
0.591,-1.027,0.272,286.641,92.715,129.570,Pitch
0.379,-0.676,0.451,286.685,204.348,147.350,Pitch
0.352,-0.272,0.795,286.685,238.542,67.506,Pitch
0.223,-0.323,0.827,286.685,118.781,29.400,Pitch
0.282,-0.028,0.538,-85.986,-111.624,-77.849,Pitch
0.033,-0.233,1.096,-285.145,-272.431,-79.082,Pitch
0.408,-0.465,0.576,-286.685,-282.765,-53.611,Pitch
0.823,-0.730,0.320,-286.685,-104.134,-70.831,Pitch
0.625,-0.970,0.077,-193.121,-14.595,12.530,Pitch
0.713,-0.990,0.189,281.374,27.711,127.934,Pitch
0.399,-0.633,0.459,286.685,174.458,149.319,Pitch
0.402,-0.295,0.784,286.685,217.158,88.007,Pitch
0.386,-0.403,1.044,286.685,122.360,49.359,Pitch
0.194,0.112,0.595,45.185,-4.909,-32.147,Pitch
0.195,-0.110,0.762,-200.436,-101.666,-62.834,Pitch
0.179,-0.177,0.859,-286.685,-234.526,-63.560,Pitch
0.696,-0.735,0.398,-286.685,-202.484,-134.645,Pitch
0.667,-0.996,0.175,-286.685,3.447,-120.207,Pitch
0.668,-1.045,0.041,-52.588,-33.215,36.557,Pitch
0.592,-1.008,0.241,286.615,56.542,172.165,Pitch
0.277,-0.638,0.297,286.685,14.131,175.140,Pitch
0.652,-0.322,0.924,286.685,143.106,47.224,Pitch
0.447,-0.047,0.990,286.685,122.999,-39.874,Pitch
0.411,0.183,0.632,144.060,-31.316,-150.027,Pitch
0.116,-0.362,1.035,-236.932,-134.969,-81.882,Pitch
0.274,-0.166,0.853,-286.685,-286.685,-10.325,Pitch
0.747,-0.447,0.497,-286.685,-204.216,-84.184,Pitch
0.724,-0.887,0.067,-286.685,-168.928,-103.959,Pitch
1.007,-0.971,-0.088,-25.235,-102.314,28.017,Pitch
1.087,-1.063,0.062,282.599,19.897,98.394,Pitch
1.010,-0.799,0.142,286.685,206.010,244.965,Pitch
0.479,0.283,-0.588,286.685,245.175,239.505,Pitch
-0.212,0.817,0.244,286.685,-90.239,182.061,Pitch
-0.262,0.078,1.908,286.361,-8.566,17.509,Pitch
0.271,-0.270,1.524,-168.822,50.750,38.045,Pitch
0.415,-0.449,1.307,-286.685,-61.197,88.839,Pitch
0.425,-0.180,0.823,-286.685,-44.266,28.551,Pitch
0.306,-0.192,0.590,-286.685,41.396,-39.182,Pitch
0.477,-0.478,0.348,-286.685,136.535,-77.945,Pitch
0.786,-1.229,-1.876,-286.011,77.385,-94.885,Pitch
0.491,-0.909,-0.314,80.439,-36.470,5.093,Pitch
0.650,-0.867,-0.672,239.951,-53.069,2.275,Pitch
0.529,-0.714,-0.260,286.685,-56.507,53.375,Pitch
0.524,-0.147,0.774,286.685,108.701,36.269,Pitch
-0.001,-0.020,0.918,286.685,134.173,20.860,Pitch
-0.019,-0.378,1.204,286.545,39.506,32.244,Pitch
0.307,-0.111,1.224,-205.958,7.420,-8.767,Pitch
-0.037,-0.212,0.842,-286.685,-19.364,14.770,Pitch
0.194,-0.228,0.396,-286.685,-83.921,-26.381,Pitch
0.679,-0.665,-0.107,-286.685,-12.967,-46.200,Pitch
0.658,-1.360,-0.439,-221.585,113.558,-78.173,Pitch
0.533,-1.129,-0.609,258.353,-75.618,56.639,Pitch
0.308,-0.541,0.272,286.685,-81.287,60.760,Pitch
0.317,-0.427,0.735,286.685,171.762,2.852,Pitch
0.105,-0.205,0.964,286.685,127.636,9.415,Pitch
0.256,-0.464,1.453,282.503,-10.517,-14.884,Pitch
0.266,-0.107,1.133,-123.104,-3.920,-11.410,Pitch
-0.009,-0.112,0.852,-286.685,36.321,-32.952,Pitch
-0.060,-0.309,0.588,-286.685,-99.925,-58.713,Pitch
0.243,-0.679,0.634,-286.685,-171.622,-68.836,Pitch
0.659,-0.884,0.165,-286.685,115.448,-107.721,Pitch
0.557,-1.279,-1.077,-222.714,13.239,-32.454,Pitch
0.713,-1.082,-0.380,255.579,-101.482,69.869,Pitch
0.541,-0.912,-0.506,286.685,-126.954,83.991,Pitch
0.519,-0.090,1.232,286.685,-34.037,37.196,Pitch
0.262,-0.260,0.732,286.685,85.137,-30.503,Pitch
0.265,-0.439,1.081,286.388,34.799,-24.929,Pitch
0.268,-0.005,1.432,4.095,81.970,-14.446,Pitch
-0.176,-0.185,1.028,-286.685,71.312,-8.251,Pitch
0.022,-0.366,0.472,-286.685,-175.893,9.214,Pitch
0.213,-0.659,0.071,-286.685,149.503,-53.716,Pitch
0.552,-1.139,-0.410,-286.685,122.692,-133.945,Pitch
0.662,-1.421,-0.168,-12.626,-57.347,-7.560,Pitch
0.475,-0.778,-0.176,148.951,-41.011,40.189,Pitch
0.342,-0.824,-0.294,286.685,-38.876,36.706,Pitch
0.292,-0.689,0.084,286.685,-89.548,41.265,Pitch
0.438,-0.299,1.009,286.685,-52.518,24.763,Pitch
0.403,-0.257,0.951,286.685,18.847,-0.910,Pitch
0.337,-0.238,1.412,125.738,40.801,-15.663,Pitch
0.060,-0.170,1.190,-256.419,110.530,6.151,Pitch
-0.076,-0.401,0.896,-286.685,-3.614,31.622,Pitch
0.470,-0.470,0.555,-286.685,-12.740,38.439,Pitch
0.187,-1.069,-0.245,-286.685,225.085,-122.176,Pitch
0.522,-1.216,-0.352,-35.507,-65.993,-6.108,Pitch
0.456,-0.946,-0.249,162.715,-29.584,79.870,Pitch
0.247,-0.778,-0.267,286.685,-45.798,112.613,Pitch
0.115,-0.231,0.369,286.685,-154.289,130.060,Pitch
0.278,0.070,1.517,286.685,-126.717,35.035,Pitch
0.563,-0.446,1.999,275.021,-40.994,-58.231,Pitch
0.065,0.113,1.161,-268.914,65.564,-33.801,Pitch
-0.096,-0.420,0.922,-286.685,32.778,19.049,Pitch
0.048,-0.435,0.616,-286.685,-32.716,-48.956,Pitch
0.465,-0.723,0.196,-286.685,130.786,-63.298,Pitch
0.546,-1.287,-0.791,-223.449,136.535,-161.061,Pitch
0.384,-0.934,-0.181,183.173,-59.474,71.619,Pitch
0.361,-0.898,-0.205,286.685,-88.200,73.465,Pitch
0.143,-0.537,0.289,286.685,-104.125,20.221,Pitch
0.519,-0.242,1.151,286.685,-58.039,-41.107,Pitch
0.382,-0.618,1.337,286.685,33.784,-17.666,Pitch
0.058,0.063,1.199,-219.152,86.065,-21.560,Pitch
-0.211,-0.143,0.859,-286.685,44.214,-8.523,Pitch
0.071,-0.408,0.413,-286.685,-96.889,12.416,Pitch
0.283,-0.647,0.190,-286.685,135.380,-37.406,Pitch
0.368,-1.179,-0.778,-281.514,124.066,-148.356,Pitch
0.595,-1.673,-0.232,-32.226,-43.855,-14.376,Pitch
0.430,-0.886,-0.402,229.224,-82.250,47.906,Pitch
0.361,-0.981,-0.196,286.685,-145.381,35.700,Pitch
0.348,-0.164,0.646,286.685,-32.401,-3.483,Pitch
0.400,-0.146,0.977,286.685,15.969,-7.490,Pitch
0.394,-0.294,1.607,266.297,52.605,-14.648,Pitch
0.036,-0.017,1.145,-285.950,112.061,3.237,Pitch
0.043,-0.345,0.359,-286.685,-19.250,69.834,Pitch
0.374,-0.633,0.678,-286.685,121.817,32.393,Pitch
0.321,-1.396,-0.046,-286.685,232.216,-122.290,Pitch
0.296,-1.221,-0.232,135.188,-26.486,-66.832,Pitch
0.314,-0.935,-0.150,286.685,-98.271,76.107,Pitch
0.255,-0.552,0.102,286.685,-141.951,50.138,Pitch
0.360,-0.154,0.644,286.685,-118.029,6.134,Pitch
0.448,-0.320,0.840,286.685,23.074,-25.917,Pitch
0.383,-0.269,1.089,61.766,131.827,-22.435,Pitch
-0.148,0.008,0.991,-286.685,143.491,10.999,Pitch
-0.121,-0.227,0.632,-286.685,5.399,31.360,Pitch
0.093,-0.535,0.114,-286.685,-81.463,2.293,Pitch
0.441,-1.999,-0.651,-272.169,257.766,-65.039,Pitch
0.454,-1.513,-0.107,267.365,-71.321,3.421,Pitch
0.145,-0.564,-0.122,286.685,-101.386,90.440,Pitch
0.247,-0.590,0.061,286.685,-135.214,84.438,Pitch
0.272,-0.198,0.840,286.685,-30.468,-27.711,Pitch
0.159,-0.406,1.103,157.990,37.958,-117.180,Pitch
0.094,-0.006,0.516,-286.685,60.611,-19.757,Pitch
0.020,0.016,0.638,-286.685,131.285,121.861,Pitch
0.257,-0.621,0.716,-286.685,-52.859,285.600,Pitch
-0.639,-1.461,-0.507,-286.685,132.125,4.331,Pitch
0.078,-1.687,-0.309,-143.351,90.851,-211.654,Pitch
0.140,-1.164,-0.072,36.610,14.324,-114.984,Pitch
0.210,-1.130,0.045,194.609,-50.829,-29.312,Pitch
-0.001,-0.689,0.080,286.685,29.890,-23.196,Pitch
0.218,-0.474,0.342,286.685,-173.320,-47.950,Pitch
0.263,-0.434,0.492,286.685,-179.156,-26.058,Pitch
0.525,-0.387,1.021,286.685,-109.970,-3.920,Pitch
0.353,-0.319,0.917,188.571,-30.870,-108.728,Pitch
0.339,-0.533,1.078,-154.333,80.789,-109.848,Pitch
0.249,-0.534,1.474,-284.953,56.639,-106.356,Pitch
0.081,-0.595,0.716,-286.685,-16.817,-158.025,Pitch
0.185,-0.571,0.025,-286.685,-161.665,-204.960,Pitch
0.058,-0.609,0.358,-285.241,36.855,-117.136,Pitch
0.503,-0.641,-0.456,-121.546,32.795,-61.031,Pitch
1.162,-1.496,-0.696,-33.513,-52.456,65.765,Pitch
0.329,-1.093,0.173,23.021,-44.222,146.510,Pitch
0.236,-0.780,-0.156,11.725,-77.674,127.094,Pitch
0.621,-0.595,-0.264,245.070,-1.566,102.375,Pitch
0.357,-0.583,0.141,286.685,72.065,41.475,Pitch
0.392,0.090,0.406,286.685,142.065,7.359,Pitch
0.112,-0.191,1.217,286.685,127.846,46.217,Pitch
0.133,-0.136,1.656,286.685,41.904,42.420,Pitch
0.225,-0.302,1.837,172.182,52.500,70.446,Pitch
0.101,-0.046,1.823,-283.500,40.075,30.984,Pitch
-0.252,-0.023,0.716,-286.685,-122.876,-42.998,Pitch
0.283,-0.560,0.168,-286.685,-85.444,-128.266,Pitch
-0.026,-0.209,-0.703,-286.685,6.318,-92.234,Pitch
0.975,-0.907,-0.594,-286.650,-132.300,-55.484,Pitch
0.598,-1.262,-0.301,87.150,-5.364,62.248,Pitch
0.299,-0.963,-0.400,235.191,1.934,56.857,Pitch
0.042,-0.708,-0.373,286.685,-14.595,-3.447,Pitch
0.148,-0.555,0.081,286.685,-58.222,-18.926,Pitch
0.423,-0.134,0.824,286.685,23.695,-23.056,Pitch
0.067,-0.286,1.439,286.685,26.679,16.520,Pitch
0.354,-0.227,1.523,140.744,31.868,-20.142,Pitch
0.269,-0.014,1.097,-241.596,95.025,2.984,Pitch
-0.127,-0.182,0.831,-286.685,53.568,58.581,Pitch
0.278,-0.630,0.256,-286.685,-76.729,10.903,Pitch
-0.147,-0.712,-0.546,-286.685,-143.290,-1.452,Pitch
0.743,-1.338,-0.023,-203.630,167.554,-44.485,Pitch
0.470,-1.299,-0.817,45.789,48.256,-31.255,Pitch
0.188,-0.900,-0.627,286.685,-7.210,31.351,Pitch
0.037,-0.587,0.177,286.685,-129.815,-16.118,Pitch
0.317,-0.311,0.500,286.685,12.626,-89.941,Pitch
0.297,-0.186,0.839,286.685,64.059,-52.316,Pitch
0.348,-0.079,1.644,197.785,156.336,34.002,Pitch
0.405,0.206,1.119,-286.685,70.332,67.874,Pitch
0.669,-0.506,0.953,-286.685,29.811,225.225,Pitch
-0.611,-0.713,-0.589,-286.685,-52.447,282.879,Pitch
-0.122,-1.593,-0.390,-286.650,-31.080,77.823,Pitch
-0.083,-1.431,-0.166,121.249,114.109,-130.777,Pitch
0.017,-0.498,0.174,203.674,-78.505,-23.319,Pitch
0.047,-1.095,-0.055,83.869,-43.024,-8.811,Pitch
0.033,-1.016,0.053,175.542,-48.248,-12.092,Pitch
-0.007,-0.509,0.219,286.685,-192.325,-51.266,Pitch
0.331,-0.659,0.994,286.685,-138.845,-100.188,Pitch
0.098,-0.463,1.191,286.685,-119.192,-37.074,Pitch
0.368,-0.232,1.135,170.214,-8.155,-34.449,Pitch
0.371,-0.339,1.010,-47.766,74.952,-18.358,Pitch
0.100,-0.349,1.014,-285.880,148.566,-20.667,Pitch
-0.029,-0.401,0.912,-286.685,35.271,-96.276,Pitch
0.586,-0.456,0.310,-286.685,189.131,-57.181,Pitch
0.071,-0.707,0.187,-286.685,190.050,-24.701,Pitch
0.161,-1.103,0.166,-211.348,-13.326,-35.814,Pitch
-0.022,-1.387,0.038,-119.499,-64.339,-24.176,Pitch
0.185,-0.995,-0.133,-47.084,-39.795,-51.310,Pitch
0.334,-1.081,-0.170,34.860,-1.995,-74.410,Pitch
0.241,-0.990,-0.784,225.750,-72.257,-105.525,Pitch
0.400,-0.285,0.187,286.685,10.036,-93.564,Pitch
0.274,0.364,0.993,286.685,88.357,-74.909,Pitch
0.268,-0.113,1.346,286.685,74.086,-59.001,Pitch
0.096,-0.017,1.245,258.169,43.706,27.808,Pitch
0.165,-0.203,1.428,-33.600,61.967,22.339,Pitch
0.168,-0.129,1.060,-286.685,29.601,23.704,Pitch
0.052,-0.194,1.152,-286.685,-82.364,-16.301,Pitch
0.094,0.605,0.889,-286.685,-150.973,-37.021,Pitch
0.093,-0.504,-0.106,-286.685,-95.664,30.503,Pitch
0.534,-1.206,-0.198,-286.685,137.568,-72.896,Pitch
0.294,-1.152,-0.376,-209.466,-11.069,40.110,Pitch
0.480,-1.014,-0.450,-30.056,-116.629,108.299,Pitch
0.109,-0.764,0.010,114.765,-88.104,115.255,Pitch
0.304,-1.154,-0.338,203.000,-101.246,8.365,Pitch
0.500,-0.833,-0.236,286.685,-149.590,-30.301,Pitch
0.482,-0.055,0.747,286.685,-117.854,-19.425,Pitch
0.394,0.016,1.280,286.685,-26.119,-22.628,Pitch
0.114,-0.129,1.228,217.656,-28.560,-49.472,Pitch
0.253,-0.227,1.237,-109.104,-23.809,-23.669,Pitch
0.207,-0.359,1.005,-286.440,57.208,-7.569,Pitch
0.178,-0.391,0.905,-286.685,41.221,-25.051,Pitch
0.276,-0.434,0.708,-286.685,-15.260,-20.344,Pitch
0.452,-1.000,0.244,-286.685,-91.228,28.009,Pitch
0.408,-0.753,0.150,-286.685,211.312,37.345,Pitch
0.167,-1.091,-0.538,-286.685,265.274,14.691,Pitch
0.558,-1.255,-0.459,45.806,-93.783,48.493,Pitch
0.432,-1.035,-0.179,161.149,-43.785,14.858,Pitch
0.440,-1.042,-0.196,286.186,-85.269,22.733,Pitch
0.342,-0.827,-0.097,286.685,-146.247,56.315,Pitch
0.273,-0.053,0.834,286.685,-125.353,21.534,Pitch
0.233,-0.178,1.160,286.685,-34.536,-55.466,Pitch
0.191,-0.321,1.422,280.543,29.575,-53.812,Pitch
0.139,-0.224,1.015,31.561,79.048,-68.897,Pitch
0.147,-0.209,0.975,-280.306,111.344,-28.420,Pitch
0.025,-0.212,0.985,-286.685,-38.421,-9.467,Pitch
0.202,-0.771,0.255,-286.685,-81.559,-55.143,Pitch
0.334,-0.802,0.042,-286.685,-32.340,-72.004,Pitch
0.494,-0.823,-0.219,-286.685,16.441,-43.251,Pitch
0.652,-1.208,-0.965,-187.101,-21.175,65.887,Pitch
0.519,-1.107,-0.582,246.470,-22.435,133.245,Pitch
0.114,-1.016,-0.107,286.685,-28.892,58.651,Pitch
0.344,-0.711,0.289,286.685,-71.041,-17.395,Pitch
0.139,-0.290,0.640,286.685,-11.156,34.353,Pitch
0.021,-0.412,1.127,286.685,1.067,21.315,Pitch
0.085,-0.560,1.347,284.812,-36.601,-10.062,Pitch
0.247,-0.434,0.836,-83.423,17.062,-35.805,Pitch
0.026,-0.333,0.960,-286.440,48.466,34.213,Pitch
0.085,-0.631,0.872,-286.685,-42.201,43.103,Pitch
0.175,-0.673,0.529,-286.685,1.094,19.933,Pitch
0.304,-0.766,0.077,-286.685,77.761,-24.509,Pitch
0.349,-0.969,-0.504,-281.540,61.329,-23.345,Pitch
0.426,-1.273,-0.455,30.861,-41.816,77.324,Pitch
0.157,-1.244,-0.575,258.956,-45.062,39.603,Pitch
0.149,-0.854,0.250,286.685,-39.471,-102.550,Pitch
0.413,-0.302,0.594,286.685,-39.104,-71.094,Pitch
0.197,-0.186,1.011,286.685,62.659,-38.334,Pitch
0.124,-0.272,1.111,286.685,60.970,-35.770,Pitch
0.222,-0.208,1.388,114.485,15.549,-30.966,Pitch
-0.097,-0.071,1.251,-280.674,-27.274,36.829,Pitch
0.137,-0.272,0.758,-286.685,-34.291,40.556,Pitch
-0.107,0.133,0.270,-286.685,-37.048,71.120,Pitch
0.674,-1.062,0.139,-286.685,31.369,55.956,Pitch
0.345,-0.946,-0.278,-286.685,67.786,-95.130,Pitch
0.426,-1.038,-0.443,-255.684,88.454,-64.908,Pitch
0.309,-0.951,-0.470,-2.616,3.325,21.823,Pitch
0.339,-0.996,-0.443,279.711,-39.156,5.189,Pitch
0.228,-0.801,-0.108,286.685,-128.931,17.815,Pitch
0.312,-0.403,0.785,286.685,-107.371,9.529,Pitch
0.420,-0.316,0.982,286.685,-10.124,-16.581,Pitch
0.235,-0.473,0.998,286.685,19.014,-22.566,Pitch
0.288,-0.337,0.936,114.721,31.097,-17.132,Pitch
0.011,-0.346,1.162,-266.009,38.929,30.056,Pitch
0.064,-0.419,1.195,-286.685,21.770,50.347,Pitch
0.099,-0.406,0.632,-286.685,16.677,38.894,Pitch
0.096,-0.946,-0.240,-286.685,1.592,-5.793,Pitch
0.569,-1.127,-0.084,-286.624,-80.728,-48.930,Pitch
0.341,-1.173,-0.583,-40.661,87.789,-62.702,Pitch
0.343,-0.967,-0.572,165.288,13.099,-71.601,Pitch
0.521,-0.712,-0.347,286.685,-51.222,-106.846,Pitch
0.475,-0.726,0.526,286.685,14.131,-57.908,Pitch
0.467,-0.345,1.036,286.685,56.569,-25.375,Pitch
0.296,-0.277,0.912,286.685,46.996,-50.216,Pitch
0.207,-0.437,0.942,278.259,52.972,-41.458,Pitch
0.067,-0.371,0.886,-133.971,53.970,31.054,Pitch
0.122,-0.341,1.407,-286.685,-58.301,149.572,Pitch
0.290,-0.275,0.648,-286.685,27.073,165.664,Pitch
0.187,-0.476,0.046,-286.685,93.870,-9.389,Pitch
0.407,-1.095,-0.593,-286.685,-86.310,30.301,Pitch
0.210,-1.459,-0.978,-233.415,0.866,40.005,Pitch
0.286,-1.048,-0.581,32.244,39.900,19.171,Pitch
0.237,-0.628,-0.253,285.723,-2.432,-63.857,Pitch
0.372,-0.981,-0.112,286.685,-88.463,-80.894,Pitch
0.159,-0.650,0.547,286.685,-23.188,-53.891,Pitch
0.497,-0.522,0.762,286.685,7.875,-51.879,Pitch
0.352,-0.354,1.058,286.685,24.929,-75.924,Pitch
0.387,-0.277,1.151,146.650,3.246,-66.710,Pitch
0.152,-0.069,1.176,-283.894,66.395,51.188,Pitch
0.192,-0.343,0.942,-286.685,74.287,95.760,Pitch
0.037,-0.337,0.238,-286.685,41.081,118.466,Pitch
0.081,-1.254,-0.135,-286.685,18.778,92.374,Pitch
0.212,-1.571,-0.910,-244.939,135.249,-67.121,Pitch
0.224,-1.201,-0.035,104.090,15.129,-59.334,Pitch
0.047,-0.832,-0.585,278.723,-89.040,-17.010,Pitch
0.339,-0.872,-0.243,286.685,-190.190,-81.200,Pitch
0.415,-0.270,0.783,286.685,-109.952,-82.390,Pitch
0.341,-0.256,0.728,286.685,15.855,-124.635,Pitch
0.272,-0.256,0.882,286.685,0.070,-99.452,Pitch
0.159,-0.219,0.958,194.898,57.111,-60.296,Pitch
0.010,0.014,1.469,-269.019,83.571,2.406,Pitch
0.284,-0.489,1.033,-286.685,-15.837,34.204,Pitch
0.254,-0.432,0.741,-286.685,-14.245,-10.824,Pitch
0.344,-0.740,0.090,-286.685,52.964,28.446,Pitch
0.383,-1.186,-0.029,-286.685,84.079,-30.109,Pitch
0.485,-1.115,-0.290,-156.319,-16.371,-37.721,Pitch
0.569,-1.031,-0.489,17.631,-62.641,-27.116,Pitch
0.214,-1.078,-0.066,173.635,-127.146,-40.591,Pitch
0.460,-1.034,0.221,286.685,-107.406,83.685,Pitch
0.756,-0.195,-0.762,286.685,5.617,82.451,Pitch
0.241,-0.430,0.629,286.685,-1.356,104.799,Pitch
-0.002,0.103,0.670,286.685,-25.979,75.355,Pitch
0.043,-0.279,1.227,286.685,44.153,99.015,Pitch
0.013,-0.274,1.248,-5.968,43.208,-12.364,Pitch
0.091,-0.345,0.809,-94.535,12.084,10.570,Pitch
0.184,-0.469,0.812,-90.046,31.517,16.004,Pitch
0.003,-0.645,1.031,-95.874,58.310,29.243,Pitch
0.130,-0.725,1.240,-202.151,35.726,29.391,Pitch
0.572,-0.111,1.583,-286.685,104.230,-34.239,Pitch
-0.045,-0.278,0.342,-286.685,88.760,72.450,Pitch
-0.203,-0.521,0.196,-286.685,247.529,55.414,Pitch
-0.066,-0.686,-0.800,-286.685,158.340,57.356,Pitch
0.069,-1.199,-0.855,-272.370,-3.797,-111.353,Pitch
-0.086,-1.041,-0.522,-37.721,-18.427,-92.269,Pitch
0.387,-1.677,-0.653,107.607,-60.970,-55.151,Pitch
0.046,-1.034,-0.458,286.685,-151.524,-53.112,Pitch
0.227,-0.500,0.435,286.685,-249.777,-108.054,Pitch
0.054,-0.019,0.703,286.685,-86.327,-130.856,Pitch
0.330,-0.472,1.547,286.685,-56.507,-79.730,Pitch
-0.088,-0.167,1.374,253.190,78.662,19.653,Pitch
0.373,-0.155,1.402,-164.115,95.357,-40.932,Pitch
0.077,0.023,1.238,-286.685,11.760,-55.326,Pitch
0.270,0.244,0.568,-286.685,2.922,-11.550,Pitch
-0.194,-0.770,-0.014,-286.685,55.449,36.592,Pitch
-0.050,-0.455,-0.095,-286.685,44.774,-119.245,Pitch
0.136,-0.927,-0.289,-286.685,79.599,-265.598,Pitch
0.893,-1.483,-1.133,-240.503,-5.206,-141.137,Pitch
0.820,-0.960,-0.632,248.036,-0.735,-7.490,Pitch
0.701,-1.032,-0.349,286.685,0.394,41.064,Pitch
0.354,-0.653,-0.316,286.685,-45.097,55.720,Pitch
-0.167,-0.102,0.045,286.685,80.448,-24.413,Pitch
0.616,-0.058,1.901,286.685,275.546,-171.955,Pitch
0.082,0.499,1.999,234.071,247.441,39.357,Pitch
0.106,-0.287,1.238,-253.050,-28.184,88.156,Pitch
0.032,0.029,0.718,-286.685,-7.963,16.660,Pitch
0.614,-0.668,1.346,-286.685,-3.404,130.244,Pitch
-1.128,-0.301,-0.436,-286.685,-181.738,91.455,Pitch
-0.315,-0.432,-0.261,-286.685,69.134,-259.823,Pitch
1.018,-1.216,-0.555,-286.685,-169.514,-205.398,Pitch
0.486,-0.960,-1.034,-37.958,-87.036,134.689,Pitch
0.489,-0.992,-0.619,241.938,36.173,50.610,Pitch
0.355,-0.864,-0.033,286.685,16.669,41.116,Pitch
0.082,-0.969,-0.628,286.685,27.344,48.440,Pitch
-0.222,-0.810,0.514,286.685,80.141,-53.585,Pitch
0.702,-0.402,0.870,286.685,-192.806,-108.098,Pitch
0.354,-0.472,1.120,286.685,-11.524,-50.111,Pitch
0.181,-0.454,1.004,286.685,42.709,-10.167,Pitch
0.177,-0.328,1.013,115.832,30.774,56.289,Pitch
0.022,-0.055,1.204,-234.281,23.362,30.249,Pitch
0.057,-0.184,1.015,-286.685,0.595,33.049,Pitch
0.316,-0.389,0.383,-286.685,16.257,30.861,Pitch
0.066,-0.475,-0.255,-286.685,-52.824,-23.380,Pitch
0.713,-1.045,-0.563,-286.685,-21.061,-44.625,Pitch
0.745,-1.485,-0.465,-65.118,0.962,39.874,Pitch
0.542,-1.190,-0.760,185.238,45.097,76.965,Pitch
0.430,-0.949,-0.400,286.685,51.266,-11.917,Pitch
0.015,-0.516,0.030,286.685,-49.525,-11.392,Pitch
-0.035,-0.249,0.574,286.685,53.349,-33.705,Pitch
0.041,-0.368,1.200,286.685,143.054,-73.299,Pitch
0.146,-0.270,1.460,286.685,121.730,-21.087,Pitch
0.062,-0.104,1.547,-2.739,-35.998,93.599,Pitch
0.071,-0.240,0.956,-286.685,-110.434,50.435,Pitch
0.095,-0.056,0.662,-286.685,-106.409,46.340,Pitch
0.335,-0.596,0.470,-286.685,-132.247,69.738,Pitch
0.139,-0.730,-0.397,-286.685,-3.273,98.315,Pitch
0.239,-1.099,-0.366,-286.685,171.815,-37.660,Pitch
0.303,-1.252,-0.394,-66.010,37.091,9.205,Pitch
0.144,-0.949,-0.197,54.057,-2.065,56.682,Pitch
0.226,-0.979,-0.529,172.357,-21.997,8.864,Pitch
0.420,-0.988,-0.159,286.685,7.753,-35.149,Pitch
0.156,-0.489,0.089,286.685,-67.323,22.698,Pitch
-0.056,-0.385,0.383,286.685,-1.601,49.682,Pitch
-0.038,-0.452,1.095,286.685,88.760,24.657,Pitch
-0.010,-0.711,1.582,286.685,-39.235,45.614,Pitch
0.503,-0.237,0.923,-105.543,-27.545,-36.321,Pitch
-0.179,0.316,1.617,-282.485,53.436,19.154,Pitch
-0.074,-0.211,0.632,-286.685,-63.621,54.408,Pitch
-0.006,-0.473,-0.492,-286.685,38.001,140.149,Pitch
0.047,-1.052,-0.733,-286.685,162.173,54.731,Pitch
0.556,-1.505,-0.128,-118.116,42.849,-35.639,Pitch
0.080,-0.890,-0.404,-6.073,25.366,50.146,Pitch
0.251,-0.848,-0.452,131.005,-31.509,57.960,Pitch
-0.058,-0.767,-0.470,286.318,18.454,47.513,Pitch
-0.526,-0.708,0.084,286.685,-29.286,-27.239,Pitch
-0.065,-0.473,0.267,286.685,-232.181,-24.666,Pitch
0.339,-0.692,1.275,286.685,-200.952,-22.479,Pitch
0.321,-0.642,1.292,286.685,-32.882,-50.689,Pitch
0.266,-0.027,1.062,-141.444,42.359,-43.855,Pitch
0.178,-0.213,0.938,-286.685,61.862,63.507,Pitch
0.245,-0.468,0.653,-286.685,12.224,144.025,Pitch
-0.223,-0.668,-0.508,-286.685,87.430,90.475,Pitch
-0.163,-1.131,-0.849,-286.685,241.404,-57.330,Pitch
0.247,-1.097,-0.070,-63.341,88.497,-80.404,Pitch
0.035,-0.799,-0.477,71.610,2.704,5.224,Pitch
0.138,-0.970,-0.680,276.255,-22.208,44.783,Pitch
0.009,-0.643,0.032,286.685,-23.686,1.960,Pitch
-0.302,-0.799,-0.312,286.685,-10.062,-50.522,Pitch
0.279,-0.541,1.033,286.685,-120.899,-22.899,Pitch
0.303,-0.501,1.478,286.685,-139.650,-18.427,Pitch
0.473,-0.334,1.245,171.981,-39.200,-71.488,Pitch
0.209,0.100,1.031,-285.696,19.792,-3.605,Pitch
0.090,0.098,0.773,-286.685,-50.960,54.932,Pitch
0.305,-0.541,0.384,-286.685,-49.612,132.527,Pitch
-0.243,-0.719,-1.230,-286.685,-33.556,76.772,Pitch
0.402,-1.464,-0.704,-173.197,192.771,-145.906,Pitch
0.260,-0.934,-0.400,19.548,13.851,-74.576,Pitch
0.122,-0.591,-0.439,48.834,-24.019,-0.394,Pitch
0.274,-0.922,-0.642,138.959,-0.875,25.077,Pitch
-0.108,-0.792,-0.769,286.685,38.062,7.691,Pitch
0.015,-0.399,0.451,286.685,124.119,-91.884,Pitch
0.559,-0.289,1.086,286.685,30.905,-63.123,Pitch
0.397,-0.376,1.098,286.685,78.601,-35.796,Pitch
0.316,-0.447,1.032,194.136,64.601,-32.182,Pitch
0.159,-0.139,1.411,-201.084,6.633,29.339,Pitch
0.455,-0.097,1.329,-286.685,-81.270,48.720,Pitch
0.630,-0.090,0.512,-286.685,-202.554,29.680,Pitch
-0.725,-0.403,-1.489,-286.685,-196.805,122.176,Pitch
0.639,-0.944,-0.095,-120.925,47.206,-35.324,Pitch
1.420,-1.999,0.859,-122.640,103.757,114.039,Pitch
-0.004,-1.013,0.045,193.874,24.885,23.896,Pitch
-0.180,-0.911,-0.210,283.728,-23.362,-25.112,Pitch
0.242,-1.094,-0.054,264.145,-147.184,43.374,Pitch
0.601,-1.209,0.156,286.685,-52.377,107.669,Pitch
0.015,-1.066,0.538,286.685,-51.310,51.083,Pitch
0.301,-1.148,0.530,286.562,-44.345,-9.669,Pitch
0.235,-0.893,0.081,286.685,26.495,121.765,Pitch
0.582,-0.194,0.008,286.685,1.452,38.771,Pitch
-0.162,0.048,0.424,286.685,-129.771,27.562,Pitch
0.369,-0.010,1.577,286.020,-238.962,21.298,Pitch
0.374,-0.146,1.334,41.396,2.179,-62.895,Pitch
0.388,-0.313,1.297,-139.107,83.510,-21.368,Pitch
-0.022,-0.203,1.339,-266.630,173.740,25.970,Pitch
0.278,-0.271,1.182,-286.685,124.092,114.240,Pitch
0.179,0.542,0.459,-286.685,136.938,95.296,Pitch
-0.199,-0.492,-0.487,-286.685,154.009,59.124,Pitch
-0.044,-0.886,-1.071,-286.685,22.689,56.928,Pitch
-0.194,-1.080,-0.777,-86.170,101.132,-9.083,Pitch
-0.319,-1.092,-0.506,-5.031,39.594,0.490,Pitch
-0.170,-1.372,-0.412,37.336,22.129,-31.824,Pitch
-0.122,-1.294,-0.475,106.173,-3.071,-30.879,Pitch
0.014,-1.007,-0.708,286.685,-30.888,-84.122,Pitch
0.377,-0.135,0.012,286.685,-147.219,-97.064,Pitch
0.210,-0.120,0.737,286.685,-248.605,1.776,Pitch
0.222,-0.072,0.958,286.685,-162.610,-28.455,Pitch
0.195,-0.264,1.533,286.064,-20.169,-41.318,Pitch
0.188,-0.055,1.742,-99.216,57.557,32.760,Pitch
0.081,-0.133,1.205,-286.685,109.576,57.540,Pitch
-0.090,-0.046,0.937,-286.685,164.929,30.993,Pitch
0.117,-0.645,-0.031,-286.685,194.994,-31.561,Pitch
0.002,-0.980,-0.898,-286.685,140.621,-62.632,Pitch
0.063,-1.110,-0.215,-165.235,87.973,-55.807,Pitch
0.096,-1.144,-0.365,112.079,-48.965,52.325,Pitch
0.072,-1.224,-0.578,268.730,-71.435,21.586,Pitch
0.226,-1.147,-0.366,286.685,-140.928,7.761,Pitch
-0.424,0.094,-0.302,286.685,-140.753,-51.083,Pitch
0.471,0.323,0.990,286.685,-210.542,-131.189,Pitch
0.756,-0.024,1.539,286.685,40.232,18.174,Pitch
0.291,-0.168,1.709,95.357,116.393,34.239,Pitch
-0.042,-0.135,1.388,-285.163,65.520,29.015,Pitch
0.324,-0.282,0.743,-286.685,-3.334,3.553,Pitch
0.393,-0.237,0.811,-286.685,75.723,54.189,Pitch
-0.111,-0.352,0.036,-286.685,62.772,64.732,Pitch
-0.166,-0.457,-0.957,-286.685,32.760,-31.089,Pitch
0.449,-1.502,-1.516,-118.283,155.260,-49.376,Pitch
0.009,-0.928,-0.798,284.392,4.419,-4.104,Pitch
-0.007,-0.693,-0.667,286.685,-40.959,-53.568,Pitch
0.217,-0.633,0.138,286.685,-168.402,17.106,Pitch
-0.083,0.299,0.412,286.685,-27.466,0.228,Pitch
0.568,-0.129,1.538,286.685,38.360,-25.952,Pitch
0.305,-0.158,1.763,79.914,-0.543,61.976,Pitch
0.175,-0.007,1.347,-220.911,15.470,35.053,Pitch
-0.058,-0.379,1.016,-286.685,42.971,5.171,Pitch
0.225,-0.193,1.022,-286.685,-71.374,14.989,Pitch
0.269,-0.414,-0.012,-286.685,65.074,111.134,Pitch
-0.030,-0.839,-0.534,-286.685,217.770,28.788,Pitch
0.330,-1.262,-1.314,-228.970,117.268,-70.963,Pitch
0.033,-1.021,-0.352,131.898,-26.058,47.539,Pitch
-0.053,-0.946,-0.722,284.497,-50.873,-2.039,Pitch
-0.170,-0.982,-0.478,286.685,-125.641,-20.247,Pitch
0.265,-0.359,0.404,286.685,-248.587,50.505,Pitch
0.479,0.036,0.914,286.685,-139.492,6.869,Pitch
0.374,-0.477,1.669,286.685,-9.783,-21.761,Pitch
0.291,-0.126,1.187,-70.446,73.334,21.770,Pitch
0.036,-0.082,1.517,-282.573,93.503,30.896,Pitch
0.319,-0.187,0.848,-286.685,95.209,19.215,Pitch
0.291,-0.459,0.494,-286.685,162.452,16.853,Pitch
-0.357,-0.664,-0.634,-286.685,196.954,-2.004,Pitch
-0.048,-0.942,-0.779,-286.685,120.339,-131.583,Pitch
0.227,-1.494,-0.774,-130.086,86.021,-77.683,Pitch
-0.066,-0.915,-0.423,41.213,-29.881,-7.665,Pitch
0.281,-1.114,-0.381,95.340,-39.760,-15.339,Pitch
0.112,-1.226,-0.463,243.714,-56.359,27.510,Pitch
0.164,-1.013,-0.527,286.685,-133.814,55.493,Pitch
-0.228,-0.401,-0.176,286.685,-242.086,77.621,Pitch
0.715,-0.138,0.921,286.685,-149.984,-166.863,Pitch
0.559,-0.544,1.375,286.457,19.714,-69.781,Pitch
-0.075,-0.314,1.227,-150.106,78.549,32.874,Pitch
0.174,-0.143,0.999,-286.685,74.489,63.280,Pitch
0.561,-0.105,0.531,-286.685,175.928,61.460,Pitch
-0.259,-0.678,-0.697,-286.685,235.340,81.121,Pitch
-0.061,-1.352,-1.545,-286.641,65.048,-154.945,Pitch
0.286,-1.079,-0.618,-43.374,90.291,-90.361,Pitch
0.223,-1.075,-0.965,149.809,23.581,22.759,Pitch
0.205,-0.901,-0.468,286.685,-144.917,94.281,Pitch
-0.108,-0.864,-0.434,286.685,-286.685,145.049,Pitch
0.386,-0.140,0.367,286.685,-286.685,27.956,Pitch
0.403,-0.166,0.743,286.685,-231.473,-81.471,Pitch
0.479,-0.181,1.729,286.685,-28.201,-98.271,Pitch
-0.047,-0.387,0.962,-18.734,125.536,24.579,Pitch
-0.129,-0.524,1.038,-286.501,58.537,20.545,Pitch
0.057,-0.405,1.364,-286.685,110.801,-31.211,Pitch
0.085,-0.388,0.801,-286.685,183.444,-113.225,Pitch
0.007,-0.309,-0.026,-286.685,214.594,-189.744,Pitch
0.555,-1.482,-1.814,-286.519,182.411,-210.586,Pitch
0.441,-0.940,-0.691,65.966,-59.981,-20.667,Pitch
0.554,-0.681,-0.604,212.905,-34.545,29.496,Pitch
0.418,-0.905,-0.964,286.685,-103.224,108.728,Pitch
0.310,0.202,-0.247,286.685,-265.361,197.365,Pitch
0.332,0.466,1.076,286.685,-180.661,56.840,Pitch
0.176,-0.511,1.999,286.685,-85.199,-89.250,Pitch
0.005,-0.219,1.750,20.379,11.226,-25.375,Pitch
-0.248,0.021,1.483,-286.685,55.466,-4.401,Pitch
0.436,-0.201,1.125,-286.685,138.994,-22.225,Pitch
-0.004,-0.491,-0.386,-286.685,203.236,-80.552,Pitch
0.198,-0.493,-0.374,-286.685,157.605,-113.522,Pitch
0.630,-1.096,-1.089,-286.685,130.148,-93.625,Pitch
0.480,-0.906,-0.819,163.240,-36.811,16.161,Pitch
0.370,-0.752,-0.755,286.685,-147.604,85.426,Pitch
0.443,0.087,0.067,286.685,-278.163,97.099,Pitch
0.413,0.360,0.766,286.685,-181.886,67.445,Pitch
0.374,-0.059,1.999,286.685,-115.395,-51.056,Pitch
0.196,-0.283,1.288,131.477,-33.792,-24.334,Pitch
-0.029,-0.199,0.941,-208.399,104.632,15.811,Pitch
0.070,-0.030,1.530,-286.685,132.536,15.155,Pitch
-0.107,-0.261,1.221,-286.685,-0.070,5.688,Pitch
0.329,-0.404,-0.061,-286.685,105.070,-113.269,Pitch
0.217,-0.211,-0.321,-286.685,207.568,-148.452,Pitch
0.525,-1.031,-0.861,-183.680,29.628,-16.231,Pitch
0.412,-0.981,-0.311,193.244,-79.713,87.246,Pitch
0.392,-1.348,-0.480,286.685,-55.291,74.594,Pitch
0.352,-1.267,-0.345,286.685,-98.228,42.324,Pitch
0.464,-0.056,0.395,286.685,-216.204,32.987,Pitch
0.447,0.250,1.146,286.685,-166.364,-8.759,Pitch
0.427,-0.412,1.421,284.856,-62.020,-91.936,Pitch
0.055,-0.202,0.732,-101.491,88.401,6.807,Pitch
-0.054,-0.158,1.121,-286.685,120.899,55.265,Pitch
-0.009,-0.487,1.237,-286.685,81.743,27.816,Pitch
0.217,-0.076,0.415,-286.685,91.997,1.347,Pitch
0.375,-0.476,0.169,-286.685,246.470,44.713,Pitch
0.043,-0.894,-0.372,-286.685,130.979,-50.995,Pitch
0.418,-1.580,-0.816,-246.881,-27.108,34.685,Pitch
0.296,-1.036,-0.408,228.436,-56.928,46.594,Pitch
0.176,-1.154,-0.135,286.685,-43.015,20.335,Pitch
-0.019,-0.983,-0.046,286.685,-189.184,28.612,Pitch
0.153,0.144,0.686,286.685,-286.580,-37.205,Pitch
0.414,-0.077,1.829,286.685,-252.140,-61.670,Pitch
0.405,-0.112,1.220,63.857,-5.845,-60.795,Pitch
-0.196,0.006,1.204,-285.845,181.046,35.018,Pitch
0.089,-0.439,0.782,-286.685,188.519,43.068,Pitch
0.220,-0.766,0.136,-286.685,218.899,13.002,Pitch
-0.091,-0.964,-0.351,-286.685,102.261,-31.097,Pitch
0.427,-1.190,-0.598,-286.685,108.841,-76.562,Pitch
0.381,-1.260,-0.640,31.587,12.863,-24.517,Pitch
0.246,-1.010,-0.313,286.291,-46.069,-12.784,Pitch
0.478,-1.103,-0.133,286.685,-107.931,-18.506,Pitch
0.387,-0.572,0.261,286.685,-200.113,-24.929,Pitch
0.149,-0.355,0.993,286.685,-126.595,-71.243,Pitch
0.365,-0.150,1.340,286.685,-76.081,-90.090,Pitch
0.193,-0.160,0.765,132.169,17.631,-47.180,Pitch
0.050,-0.318,1.000,-158.480,92.864,14.201,Pitch
0.080,-0.539,1.162,-286.685,79.214,6.370,Pitch
-0.047,-0.713,0.877,-286.685,1.750,-106.662,Pitch
0.190,-0.487,1.013,-286.685,15.899,-171.929,Pitch
0.608,0.157,0.999,-286.685,71.479,-64.855,Pitch
0.117,-0.655,-0.684,-286.685,-186.095,92.671,Pitch
0.468,-1.415,-0.556,-190.977,-23.222,63.131,Pitch
0.305,-0.854,-0.448,-28.464,-7.639,1.986,Pitch
0.268,-0.866,-0.302,-6.702,-5.101,-9.214,Pitch
0.285,-1.089,-0.699,149.572,65.266,-46.393,Pitch
0.402,-0.843,-0.147,286.685,189.997,-119.691,Pitch
-0.015,-0.709,-0.118,286.685,158.253,-35.735,Pitch
-0.301,-0.220,0.056,286.685,166.005,-25.218,Pitch
0.370,-0.029,1.337,286.685,69.729,-59.701,Pitch
0.447,0.240,1.625,286.685,26.792,40.661,Pitch
0.380,0.070,1.753,150.054,74.664,69.668,Pitch
0.184,-0.126,1.794,-231.516,43.312,25.979,Pitch
0.302,0.058,0.887,-286.685,55.099,-33.206,Pitch
0.018,0.002,0.724,-286.685,9.616,9.677,Pitch
0.062,-0.400,0.049,-286.685,64.479,144.104,Pitch
0.112,-0.032,-0.203,-286.685,-41.842,137.769,Pitch
-0.009,-0.743,-1.000,-286.685,89.871,95.743,Pitch
-0.171,-1.161,-1.352,214.401,23.013,56.306,Pitch
-0.330,-0.732,-0.654,286.685,102.637,-137.139,Pitch
-0.067,-0.326,-0.029,286.685,50.120,-205.940,Pitch
0.098,-0.521,0.434,286.685,-10.377,-259.814,Pitch
0.644,0.161,1.297,286.685,-30.704,-280.543,Pitch
0.536,0.123,1.999,243.539,161.744,15.890,Pitch
0.452,0.462,1.563,-286.685,138.863,175.516,Pitch
0.280,-0.287,0.580,-286.685,119.516,191.686,Pitch
-0.032,-0.689,-0.104,-286.685,125.965,179.156,Pitch
0.035,-0.648,-0.649,-286.685,76.186,34.011,Pitch
-0.242,-0.443,-1.417,281.951,11.270,-108.316,Pitch
0.043,-0.228,0.421,286.685,-33.014,-63.464,Pitch
0.181,0.124,0.842,286.685,-84.298,-61.784,Pitch
0.175,-0.076,0.993,286.685,-91.219,-26.040,Pitch
0.245,-0.420,1.989,286.554,59.194,103.635,Pitch
0.108,0.560,1.999,-252.070,286.685,-9.546,Pitch
0.246,0.522,1.751,-286.685,64.995,5.819,Pitch
-0.211,-0.607,-0.099,-286.685,-39.970,64.286,Pitch
-0.234,-0.837,-0.180,-286.685,78.006,24.640,Pitch
-0.168,-0.625,-0.109,-286.685,17.806,-18.331,Pitch
-0.232,-0.968,-0.814,-142.643,-120.225,-18.944,Pitch
-0.297,-0.398,-1.449,286.685,-85.129,-78.969,Pitch
-0.051,-0.078,-0.098,286.685,-58.424,-99.190,Pitch
0.036,-0.014,0.780,286.685,-119.857,-92.645,Pitch
0.201,-0.668,1.416,286.685,-129.316,-4.716,Pitch
0.270,-0.888,1.485,286.685,-113.505,-24.220,Pitch
0.167,-0.219,1.150,221.279,9.966,-83.851,Pitch
0.303,0.342,1.739,-109.637,121.240,-58.678,Pitch
-0.030,-0.191,1.331,-286.685,-19.058,38.824,Pitch
0.040,-0.804,0.157,-286.685,11.734,113.409,Pitch
-0.065,-0.559,0.810,-286.685,123.515,172.130,Pitch
-0.198,-1.148,-0.410,-285.810,1.269,85.339,Pitch
-0.019,-0.824,0.015,286.685,-198.984,-196.158,Pitch
-0.099,-0.540,0.060,286.685,-229.679,-101.482,Pitch
-0.001,-0.890,0.110,286.685,-214.996,-45.080,Pitch
0.130,-0.663,0.022,286.685,-55.440,-82.967,Pitch
0.697,-0.244,1.122,286.685,94.448,40.714,Pitch
0.324,0.578,1.999,-169.934,274.986,95.970,Pitch
0.046,-0.481,1.097,-286.685,73.710,191.319,Pitch
-0.397,-0.874,1.072,49.341,-191.914,28.954,Pitch
-0.218,-1.152,1.112,161.210,-286.685,10.544,Pitch
-0.238,-0.483,-0.226,284.830,-286.685,-5.136,Pitch
0.085,0.027,-0.264,286.685,-60.463,-29.514,Pitch
0.314,-0.076,1.816,80.544,286.685,-148.242,Pitch
0.551,0.370,1.571,-187.845,24.990,-123.699,Pitch
0.404,0.185,1.045,-18.462,-129.535,-52.360,Pitch
-0.310,-0.760,0.878,208.617,-197.776,-55.248,Pitch
0.472,0.126,1.886,29.995,61.014,-6.020,Pitch
0.827,0.706,1.999,-286.685,252.560,59.019,Pitch
0.015,0.078,1.099,-286.685,38.640,161.551,Pitch
-0.677,-1.104,-1.174,-286.685,43.776,107.319,Pitch
0.022,-0.645,0.677,-286.685,68.635,-27.571,Pitch
-0.114,-0.163,-0.746,-286.685,14.665,-24.185,Pitch
0.220,-0.686,-0.534,-223.396,55.440,-49.088,Pitch
0.193,-0.656,-0.571,2.091,30.931,22.794,Pitch
0.067,-1.283,-0.142,286.685,-67.480,64.120,Pitch
-0.009,-0.288,0.193,286.685,-208.154,-30.870,Pitch
0.123,-0.451,0.698,286.685,-200.926,-30.826,Pitch
-0.021,-0.682,1.077,286.685,-170.651,-92.356,Pitch
0.456,-0.488,1.884,286.685,-125.309,-145.460,Pitch
0.638,0.081,1.774,0.805,44.292,-45.404,Pitch
-0.442,-0.692,0.440,-160.038,97.090,-0.175,Pitch
0.316,-0.303,0.962,-81.401,8.269,-78.286,Pitch
0.140,-0.388,1.160,-137.182,25.270,-69.799,Pitch
-0.045,-0.134,0.870,-286.685,-16.774,-38.894,Pitch
0.102,-0.406,0.803,-286.685,-99.146,-19.836,Pitch
0.256,-0.188,-0.440,-286.685,-198.800,70.385,Pitch
-0.062,-1.235,-1.174,-286.685,-120.610,103.451,Pitch
0.708,-1.419,0.023,20.466,17.054,4.646,Pitch
0.111,-1.210,-0.615,275.809,-53.025,3.579,Pitch
0.103,-1.131,-0.153,286.685,-7.630,-120.680,Pitch
0.352,-0.226,0.409,286.685,-88.480,-197.636,Pitch
0.678,-0.077,0.868,286.685,22.628,-151.148,Pitch
0.292,-0.055,1.040,286.685,48.939,-81.751,Pitch
0.452,0.159,0.947,254.459,3.246,-53.900,Pitch
0.356,-0.052,1.068,-47.661,104.353,-39.095,Pitch
0.224,-0.255,1.140,-286.589,121.966,-31.115,Pitch
0.129,-0.345,1.027,-286.685,32.778,-15.549,Pitch
0.156,-0.276,0.875,-286.685,-81.025,-26.390,Pitch
0.296,-0.346,0.502,-286.685,-58.065,-30.966,Pitch
0.465,-0.975,0.441,-286.685,-98.035,48.423,Pitch
0.282,-1.310,-0.398,-248.640,-120.348,86.590,Pitch
0.204,-1.267,-0.139,160.904,-87.316,37.292,Pitch
0.234,-0.992,0.142,237.982,-25.603,30.389,Pitch
0.331,-0.729,0.322,286.685,-9.021,-64.452,Pitch
0.442,-0.676,0.503,286.685,73.176,-96.232,Pitch
0.296,-0.307,0.826,286.685,73.990,-56.656,Pitch
0.366,-0.210,0.956,286.283,14.866,-43.671,Pitch
0.224,-0.136,0.832,17.246,21.691,3.526,Pitch
0.218,-0.242,0.958,-150.229,-8.251,24.308,Pitch
0.298,-0.275,1.051,-286.685,-46.174,39.322,Pitch
0.280,-0.573,0.952,-286.685,-7.175,68.652,Pitch
0.087,-0.699,0.734,-286.685,-55.816,21.849,Pitch
0.239,-0.470,0.639,-286.685,-57.575,-15.356,Pitch
0.347,-0.811,0.167,-286.685,15.540,-51.275,Pitch
0.211,-1.146,-0.183,-247.538,-8.155,-23.275,Pitch
0.335,-1.106,-0.174,-77.000,-5.425,5.224,Pitch
0.570,-1.179,-0.167,67.314,-35.018,21.980,Pitch
0.257,-1.114,0.026,253.242,-10.850,-55.536,Pitch
0.320,-0.959,0.182,286.685,16.555,-67.445,Pitch
0.204,-0.443,0.693,286.685,-82.005,41.440,Pitch
0.586,-0.130,0.917,286.685,-19.574,24.981,Pitch
0.469,-0.313,1.335,286.685,50.899,-57.041,Pitch
0.222,-0.223,0.732,51.975,40.495,-35.193,Pitch
0.199,0.010,0.860,-129.413,56.989,32.279,Pitch
0.220,-0.031,0.883,-228.804,27.956,18.042,Pitch
0.200,-0.340,0.914,-286.685,-32.795,13.755,Pitch
0.357,-0.262,1.163,-286.685,18.358,20.274,Pitch
0.434,-0.872,0.646,-286.685,105.228,-18.734,Pitch
-0.171,-0.821,0.190,-286.685,67.139,43.732,Pitch
0.310,-1.095,0.055,-286.685,14.236,59.342,Pitch
0.141,-1.109,-0.194,-230.545,52.903,71.689,Pitch
0.225,-0.872,-0.087,-10.194,3.168,-15.050,Pitch
0.271,-0.756,0.236,27.834,-16.616,1.339,Pitch
0.201,-0.919,0.216,-22.146,-58.100,13.177,Pitch
0.269,-1.257,-0.390,39.095,-102.174,23.135,Pitch
0.175,-1.007,0.032,286.685,-64.654,-66.544,Pitch
0.245,-0.814,0.494,286.685,10.824,-64.732,Pitch
0.245,-0.446,0.661,286.685,33.959,-52.824,Pitch
-0.017,-0.247,1.032,286.685,-26.206,-8.164,Pitch
0.296,-0.247,1.299,286.466,-60.375,-48.746,Pitch
0.278,-0.054,0.798,149.249,-30.914,-16.074,Pitch
0.295,-0.116,1.038,-80.929,44.091,16.345,Pitch
0.268,0.028,1.078,-286.685,83.615,-6.886,Pitch
-0.083,-0.140,0.759,-286.685,79.826,3.509,Pitch
-0.135,-0.193,0.681,-286.685,-71.741,16.179,Pitch
0.324,-0.826,0.094,-286.685,-132.711,115.588,Pitch
-0.156,-0.966,-0.539,-286.685,131.688,4.585,Pitch
0.407,-1.474,-0.819,104.484,-31.360,-27.895,Pitch
0.206,-1.263,-0.368,286.685,-146.352,-25.655,Pitch
0.359,-0.813,0.396,286.685,4.655,-103.635,Pitch
0.291,-0.661,0.722,286.685,9.783,-94.194,Pitch
0.196,0.019,1.284,286.685,-80.465,-10.229,Pitch
0.343,0.049,0.810,209.492,-84.647,-42.840,Pitch
0.253,-0.292,0.637,-19.460,9.739,-18.909,Pitch
0.239,-0.091,0.993,-254.336,73.106,27.790,Pitch
0.128,-0.307,1.072,-286.685,27.781,23.984,Pitch
0.578,-0.777,0.827,-286.685,8.698,-31.719,Pitch
0.044,-0.539,0.440,-286.685,-44.686,-94.841,Pitch
0.592,-0.761,1.041,-286.685,-63.814,-114.800,Pitch
0.169,-0.801,0.273,-286.685,128.940,-156.940,Pitch
1.177,-1.396,-1.138,-112.000,-104.361,-10.448,Pitch
0.371,-0.977,0.212,285.364,5.128,42.989,Pitch
0.591,-0.982,0.085,286.685,-39.935,-15.523,Pitch
0.792,-0.340,0.715,286.685,40.775,-99.645,Pitch
0.053,0.350,0.998,286.685,-54.075,37.529,Pitch
0.167,0.133,1.008,286.230,8.986,118.247,Pitch
0.126,-0.337,0.841,98.018,88.603,27.685,Pitch
0.288,-0.198,0.995,-286.580,120.382,34.510,Pitch
0.114,-0.289,0.949,-286.685,81.804,112.613,Pitch
0.168,0.072,0.451,-286.685,0.481,82.005,Pitch
0.478,-0.839,0.349,-286.685,60.891,88.559,Pitch
0.131,-0.928,0.182,-286.685,123.497,158.270,Pitch
0.208,-1.245,-0.054,-263.848,24.605,57.382,Pitch
0.126,-1.192,-0.497,-128.292,22.558,56.271,Pitch
-0.059,-1.035,-0.290,124.757,-12.749,32.182,Pitch
-0.140,-1.117,0.135,286.685,-127.636,12.932,Pitch
-0.132,-0.930,0.048,286.685,-233.572,-95.471,Pitch
0.650,-0.491,1.195,286.685,-155.811,-123.454,Pitch
0.915,-0.023,1.224,286.685,-168.385,-163.887,Pitch
0.479,-0.379,0.921,154.429,2.459,-70.228,Pitch
0.327,-0.020,0.555,-6.948,53.944,-19.285,Pitch
0.279,-0.093,1.101,-196.367,130.156,3.999,Pitch
0.120,-0.220,0.919,-286.685,94.850,17.789,Pitch
-0.028,-0.367,0.925,-286.685,-5.512,53.244,Pitch
0.027,-0.382,0.813,-286.685,39.769,57.103,Pitch
0.154,-0.377,0.416,-286.685,215.364,-102.804,Pitch
0.349,-1.166,-0.646,-286.685,64.732,-138.696,Pitch
0.467,-1.195,-0.776,-162.645,-94.054,23.739,Pitch
-0.033,-1.138,-0.386,86.966,-103.836,-34.134,Pitch
0.292,-1.200,-0.375,286.685,-174.991,-91.691,Pitch
0.731,-0.727,0.542,286.685,-63.411,-164.229,Pitch
0.618,-0.361,0.418,286.685,29.584,-137.568,Pitch
0.459,-0.253,0.863,286.685,85.426,-91.175,Pitch
0.082,-0.200,1.179,286.685,36.549,-52.675,Pitch
0.082,0.035,1.171,96.390,13.309,-42.053,Pitch
0.295,-0.552,0.994,-231.761,112.831,5.556,Pitch
0.173,-0.314,0.945,-286.685,-24.019,103.014,Pitch
0.128,-0.151,0.829,-286.685,-174.921,130.812,Pitch
0.548,-0.060,0.600,-286.685,-130.602,145.924,Pitch
-0.104,-1.399,-0.203,-286.685,97.834,153.379,Pitch
0.490,-1.272,-0.353,-164.509,69.536,5.390,Pitch
0.209,-0.939,-0.532,211.496,-78.129,10.544,Pitch
0.227,-0.882,-0.126,286.685,-65.397,-77.245,Pitch
0.501,-0.900,0.514,286.685,-1.120,-175.560,Pitch
0.432,-0.214,1.043,286.685,66.430,-176.645,Pitch
0.271,-0.312,1.373,286.685,-31.299,-88.051,Pitch
0.154,0.036,0.900,109.077,-34.195,-13.720,Pitch
0.214,0.045,0.794,-88.515,7.114,27.011,Pitch
0.264,-0.217,0.775,-286.668,53.025,30.083,Pitch
0.057,-0.311,0.914,-286.685,-13.597,84.131,Pitch
0.240,-0.258,0.748,-286.685,-60.638,107.056,Pitch
0.488,-0.701,0.375,-286.685,66.281,128.590,Pitch
0.331,-1.183,0.352,-286.685,18.673,13.265,Pitch
0.166,-1.424,-0.685,-251.300,15.015,-43.645,Pitch
0.348,-1.101,-0.946,271.504,-36.347,-84.997,Pitch
0.233,-0.513,-0.143,286.685,-58.975,-72.082,Pitch
0.578,-0.594,0.905,286.685,182.884,-125.930,Pitch
0.346,0.075,1.168,286.685,67.104,-83.125,Pitch
0.139,0.239,1.232,275.818,-49.542,-70.271,Pitch
0.152,0.065,0.837,53.051,-18.690,-17.115,Pitch
0.237,-0.143,0.804,-250.381,20.580,29.409,Pitch
0.064,-0.095,0.907,-286.685,-49.446,6.134,Pitch
0.168,-0.060,0.824,-286.685,-54.591,-20.064,Pitch
0.303,-0.565,0.723,-286.685,-65.555,-7.140,Pitch
0.634,-0.493,0.955,-286.685,-183.330,59.474,Pitch
0.163,-1.159,0.012,-284.664,-97.808,43.050,Pitch
0.355,-1.395,-1.044,94.168,-93.100,-29.794,Pitch
0.559,-0.778,-0.367,286.685,54.110,-45.964,Pitch
0.871,-0.504,0.470,286.685,169.768,-193.322,Pitch
0.328,0.780,1.617,286.685,168.525,-156.432,Pitch
0.013,0.430,1.815,278.574,66.124,-113.732,Pitch
0.259,-0.192,0.956,-25.532,-0.061,55.790,Pitch
0.402,0.164,0.720,-264.810,41.851,111.816,Pitch
0.264,-0.042,0.726,-286.685,-91.236,42.140,Pitch
0.308,-0.188,1.061,-286.685,-102.751,49.700,Pitch
0.403,-0.328,1.090,-286.685,-41.011,57.925,Pitch
0.382,-0.052,0.951,-286.685,3.307,39.279,Pitch
0.498,-0.488,0.413,-286.685,64.435,39.147,Pitch
0.309,-0.353,0.463,-286.685,-7.166,21.884,Pitch
0.636,-1.107,-0.136,-202.667,-49.805,45.999,Pitch
0.150,-1.100,0.315,104.519,24.395,96.259,Pitch
0.038,-1.107,0.516,80.185,-0.289,31.535,Pitch
0.201,-1.355,-0.200,278.688,-39.856,-86.161,Pitch
0.900,-0.919,0.168,286.685,26.609,-78.759,Pitch
0.160,0.144,1.514,286.685,180.583,-94.588,Pitch
0.278,-0.205,0.777,286.685,-75.635,-12.084,Pitch
0.043,0.285,0.707,53.331,-66.430,19.644,Pitch
0.365,-0.040,0.801,-159.075,-48.230,-2.336,Pitch
0.228,-0.025,1.015,-286.685,-48.711,-1.750,Pitch
0.293,-0.143,1.097,-286.685,-17.290,24.404,Pitch
0.206,-0.444,0.654,-286.685,-50.978,22.435,Pitch
0.230,-0.607,0.517,-286.685,-78.120,18.664,Pitch
0.628,-1.056,-0.193,-286.685,-193.095,-17.054,Pitch
0.830,-1.302,-1.004,-126.499,-65.555,70.577,Pitch
0.437,-0.919,-0.355,285.110,37.441,47.381,Pitch
0.414,-0.615,-0.261,286.685,53.629,-67.130,Pitch
0.190,-0.194,0.752,286.685,119.910,-105.332,Pitch
0.626,-0.199,1.305,286.685,25.646,-50.409,Pitch
0.196,0.397,0.849,269.045,-87.351,-80.526,Pitch
0.349,-0.016,0.841,-74.804,-21.744,-33.600,Pitch
0.013,-0.364,0.856,-259.394,29.802,0.455,Pitch
0.588,0.042,1.260,-286.685,19.775,-36.811,Pitch
0.277,-0.116,0.785,-286.685,-77.464,19.180,Pitch
0.235,0.016,0.508,-286.685,-82.425,84.341,Pitch
0.877,-0.516,0.640,-286.685,2.896,74.970,Pitch
0.598,-1.317,-0.399,-286.685,-11.699,53.349,Pitch
0.688,-1.489,-0.962,-39.961,-34.974,49.542,Pitch
0.294,-1.147,-0.179,286.685,-25.034,-22.041,Pitch
0.669,-0.960,-0.073,286.685,-59.964,-101.124,Pitch
0.596,0.198,1.049,286.685,146.370,-103.451,Pitch
0.077,0.042,1.376,286.685,60.112,-46.944,Pitch
0.039,-0.085,0.561,36.697,34.186,-69.589,Pitch
0.445,-0.204,0.762,-137.060,-6.265,31.351,Pitch
0.075,-0.045,0.820,-286.685,-75.714,82.040,Pitch
0.173,-0.220,1.021,-286.685,-101.264,75.591,Pitch
0.341,-0.015,0.969,-286.685,-65.170,71.978,Pitch
0.557,-0.411,0.840,-286.685,51.056,29.671,Pitch
0.755,-0.980,0.618,-286.685,95.515,20.003,Pitch
0.363,-0.913,0.203,-286.685,1.199,-8.444,Pitch
0.811,-1.232,-1.136,-169.706,-82.250,55.134,Pitch
0.435,-1.178,-0.741,249.419,-109.174,145.495,Pitch
0.185,-0.600,-0.109,286.685,-166.241,30.581,Pitch
0.655,0.183,1.217,286.685,-75.495,-67.979,Pitch
0.521,0.238,1.620,286.685,-126.849,-154.193,Pitch
0.419,-0.019,0.895,246.444,-44.607,-105.035,Pitch
0.118,-0.097,0.820,-104.685,25.147,-21.753,Pitch
0.394,-0.143,1.121,-286.685,27.554,25.489,Pitch
0.287,-0.221,0.914,-286.685,50.435,14.341,Pitch
0.565,0.115,0.555,-286.685,-8.654,75.171,Pitch
0.279,-0.809,0.401,-286.685,14.297,27.449,Pitch
0.568,-1.129,-0.088,-285.267,13.318,-28.997,Pitch
0.285,-1.209,-0.385,-39.314,-69.449,2.704,Pitch
0.616,-1.257,-0.621,267.409,-134.374,28.989,Pitch
0.568,-0.652,0.319,286.685,-19.486,-7.035,Pitch
0.384,0.174,1.166,286.685,29.024,-31.631,Pitch
0.260,0.236,0.937,286.685,57.129,-123.690,Pitch
-0.106,0.192,0.881,285.381,71.864,-17.649,Pitch
0.325,-0.040,0.943,-127.330,-5.250,29.890,Pitch
0.304,0.069,1.301,-286.685,-23.555,30.415,Pitch
0.156,0.109,1.065,-286.685,85.558,4.900,Pitch
0.141,0.154,0.758,-286.685,35.429,-11.139,Pitch
0.521,-0.737,0.304,-286.685,-135.030,34.606,Pitch
0.275,-1.198,-0.023,-286.641,-16.616,26.233,Pitch
0.497,-1.540,-0.871,-41.545,-24.369,-35.700,Pitch
0.313,-1.186,-0.557,275.091,-46.121,-41.921,Pitch
0.551,-0.247,0.014,286.685,-18.690,-77.963,Pitch
0.530,0.431,1.158,286.685,12.495,-43.164,Pitch
0.749,0.434,0.931,286.685,4.506,-111.895,Pitch
0.090,0.377,1.094,283.369,-90.982,11.996,Pitch
0.342,-0.079,0.774,-136.693,-30.476,93.021,Pitch
0.253,0.270,1.011,-286.685,39.069,19.854,Pitch
0.326,0.075,1.006,-286.685,104.974,-16.222,Pitch
0.177,0.221,0.976,-286.685,49.875,29.899,Pitch
0.336,-0.816,0.532,-286.685,154.140,17.483,Pitch
0.364,-1.251,0.244,-286.676,-21.753,-1.610,Pitch
0.143,-1.510,-1.014,102.848,-136.010,-2.179,Pitch
0.559,-1.020,-0.165,286.685,-120.514,-1.321,Pitch
0.433,-0.208,0.390,286.685,5.189,1.645,Pitch
0.651,0.188,1.480,286.685,-43.024,-72.170,Pitch
0.122,0.278,0.760,286.685,-6.230,-71.969,Pitch
0.065,-0.060,1.035,139.475,-19.976,63.822,Pitch
0.353,0.143,1.111,-285.180,97.055,23.581,Pitch
0.183,0.099,1.190,-286.685,189.070,-11.226,Pitch
0.008,-0.281,0.973,-286.685,-28.962,39.515,Pitch
0.536,-1.035,0.243,-286.685,-126.525,-4.751,Pitch
0.166,-1.084,0.229,-237.458,-1.969,-55.466,Pitch
0.159,-1.072,-0.153,-46.804,3.062,-91.394,Pitch
0.545,-0.957,-0.259,286.685,-117.793,-71.479,Pitch
0.414,-0.165,0.702,286.685,82.311,-17.080,Pitch
0.311,0.401,1.216,286.685,58.791,-66.518,Pitch
0.295,0.521,0.874,286.685,-68.801,-71.575,Pitch
0.293,-0.136,1.160,-26.355,-74.664,20.571,Pitch
0.350,0.122,0.964,-286.685,108.815,-4.970,Pitch
0.341,-0.304,1.044,-286.685,113.488,6.878,Pitch
0.166,-0.244,0.798,-286.685,-43.514,113.190,Pitch
0.651,-1.280,0.796,-286.668,103.110,41.580,Pitch
0.110,-1.054,0.229,-116.357,-47.714,-26.198,Pitch
0.189,-0.757,0.112,-73.036,-0.998,-71.916,Pitch
0.330,-0.962,-0.248,130.524,-59.631,-74.427,Pitch
0.440,-0.344,0.134,286.685,-41.781,-4.926,Pitch
0.456,-0.500,0.746,286.685,22.846,-11.882,Pitch
0.487,-0.282,1.324,286.685,19.880,-32.060,Pitch
0.669,-0.200,1.244,286.685,-34.982,-72.616,Pitch
0.095,0.196,0.862,65.021,-48.099,-51.520,Pitch
0.301,-0.132,1.221,-236.250,6.309,-96.022,Pitch
0.277,-0.531,0.986,-286.685,20.379,-15.750,Pitch
0.243,-0.027,1.315,-286.685,-13.169,90.344,Pitch
-0.050,-0.186,0.906,-286.685,-29.715,99.181,Pitch
0.536,-0.544,-0.009,-286.685,51.380,93.643,Pitch
0.077,-0.853,0.025,-286.685,69.466,142.048,Pitch
0.670,-1.645,-0.085,-166.723,-85.890,72.293,Pitch
0.198,-1.000,-1.082,286.422,-91.245,-11.226,Pitch
0.506,-0.171,0.724,286.685,-167.195,-46.681,Pitch
0.292,0.504,1.352,286.685,-109.200,-35.289,Pitch
0.117,0.087,1.192,286.685,-57.374,-122.701,Pitch
0.242,0.103,0.916,234.482,-62.002,90.991,Pitch
0.154,0.186,1.299,-178.693,125.685,153.860,Pitch
0.529,-0.041,1.034,-286.685,266.079,6.134,Pitch
0.140,-0.142,1.184,-286.685,203.122,59.754,Pitch
0.202,1.031,1.233,-286.685,119.674,58.861,Pitch
0.121,-0.570,0.267,-286.685,174.020,16.004,Pitch
-0.120,-1.068,0.560,-286.685,166.714,26.915,Pitch
0.117,-1.182,-0.418,-276.159,3.150,-118.956,Pitch
0.041,-0.985,-0.404,3.316,-40.871,-133.499,Pitch
0.434,-0.886,0.632,252.000,-111.912,-84.070,Pitch
0.318,-1.160,0.187,241.955,-48.659,-81.217,Pitch
0.471,-0.610,0.085,286.685,-4.008,-92.864,Pitch
0.330,0.094,0.775,286.685,68.136,-75.889,Pitch
0.270,-0.015,1.330,286.685,-39.357,-14.236,Pitch
0.348,0.407,1.504,265.134,-41.414,16.555,Pitch
0.101,-0.113,1.101,-111.562,53.322,21.665,Pitch
-0.001,-0.129,1.076,-286.685,146.309,-1.173,Pitch
-0.122,-0.186,1.015,-286.685,-40.757,18.112,Pitch
-0.022,-0.077,0.582,-286.685,-117.967,-26.101,Pitch
0.291,-0.619,-0.052,-286.685,66.614,-5.740,Pitch
0.266,-1.059,-0.164,-286.685,32.305,-57.969,Pitch
0.738,-1.639,-0.985,-134.129,2.783,-44.266,Pitch
0.515,-1.375,-0.252,254.231,-32.708,31.316,Pitch
0.493,-0.567,-0.258,286.685,-198.643,-0.464,Pitch
0.339,-0.315,1.199,286.685,75.670,-65.188,Pitch
0.249,-0.255,1.210,286.685,-10.483,-76.842,Pitch
0.288,0.125,0.949,272.869,-26.110,-93.354,Pitch
0.135,-0.224,0.862,-82.451,35.534,-46.856,Pitch
-0.016,-0.263,0.899,-286.685,69.991,15.050,Pitch
-0.081,-0.451,0.508,-286.685,-65.957,16.958,Pitch
0.165,-0.549,0.288,-286.685,-84.499,57.278,Pitch
0.677,-0.689,0.361,-286.685,43.076,110.451,Pitch
0.286,-1.209,0.003,-228.699,14.971,82.285,Pitch
-0.184,-1.686,-0.288,208.285,-183.977,38.736,Pitch
0.554,-1.310,0.264,286.685,-125.904,-38.395,Pitch
0.540,-0.749,0.629,286.685,-49.534,-102.200,Pitch
0.217,-0.432,0.744,286.685,16.039,-85.041,Pitch
0.303,0.030,0.850,286.685,-206.973,-134.680,Pitch
0.353,-0.543,1.085,26.845,71.864,-47.197,Pitch
-0.076,-0.440,1.032,-114.459,123.183,62.274,Pitch
0.143,-0.469,0.870,-286.685,31.806,182.525,Pitch
0.328,-0.065,0.744,-286.685,82.688,69.921,Pitch
0.698,0.167,0.809,-286.685,67.961,133.009,Pitch
0.147,-0.616,0.132,-286.685,36.208,76.169,Pitch
-0.279,-1.314,-0.324,-286.685,41.921,-107.021,Pitch
0.327,-1.555,0.051,-96.574,7.315,-179.979,Pitch
0.296,-1.210,0.039,87.614,13.265,-148.129,Pitch
0.200,-0.730,0.080,193.016,-17.701,-117.259,Pitch
0.586,-0.712,0.676,274.794,-112.840,-55.729,Pitch
0.485,-0.263,0.501,286.685,-61.119,-48.265,Pitch
0.378,-0.131,0.682,286.685,35.315,-30.161,Pitch
0.150,-0.148,0.905,286.685,79.853,-26.784,Pitch
0.258,-0.366,1.314,202.711,212.301,30.686,Pitch
0.147,-0.486,1.359,-178.553,23.923,72.030,Pitch
0.395,-0.379,0.909,-286.685,-51.634,76.580,Pitch
0.568,-0.208,0.668,-286.685,3.080,101.946,Pitch
0.307,-0.411,0.374,-286.685,74.139,81.952,Pitch
-0.123,-0.520,0.383,-286.685,135.870,-72.214,Pitch
0.172,-0.689,0.159,-286.685,54.189,-154.079,Pitch
0.254,-1.109,-0.320,-286.685,194.294,-104.939,Pitch
0.483,-1.404,-1.086,-71.592,22.006,-63.333,Pitch
0.567,-1.050,-0.766,286.685,-208.128,6.282,Pitch
0.581,-0.528,0.444,286.685,-117.976,-57.050,Pitch
0.569,-0.222,0.741,286.685,7.534,-151.646,Pitch
0.450,-0.180,0.997,286.685,43.916,-137.585,Pitch
-0.034,-0.343,1.120,272.457,69.562,-5.320,Pitch
0.045,-0.196,0.869,-45.579,24.622,44.765,Pitch
0.256,-0.027,1.066,-283.106,62.090,29.942,Pitch
0.430,-0.303,1.219,-286.685,103.967,-20.667,Pitch
-0.132,-0.049,0.542,-286.685,-44.091,-36.689,Pitch
0.132,-0.568,0.435,-286.685,122.150,-26.434,Pitch
1.089,-1.211,-1.123,-286.685,96.906,-23.835,Pitch
0.732,-1.282,-0.319,-15.557,-66.036,107.923,Pitch
0.626,-1.311,-1.003,259.411,-151.917,50.750,Pitch
0.556,-0.774,0.372,286.685,-179.533,-17.185,Pitch
0.596,-0.063,0.866,286.685,35.201,-55.178,Pitch
0.157,0.244,0.926,286.685,-64.444,-100.503,Pitch
0.436,-0.008,1.406,240.249,-53.786,36.540,Pitch
-0.071,-0.285,1.007,-42.682,56.647,78.076,Pitch
0.052,-0.404,1.161,-286.685,75.652,46.147,Pitch
0.089,-0.290,0.930,-286.685,39.812,-75.364,Pitch
0.776,0.224,0.853,-286.685,36.759,-48.737,Pitch
0.070,-0.660,0.434,-286.685,1.890,43.627,Pitch
0.193,-0.679,0.193,-286.685,18.410,-108.474,Pitch
0.247,-1.321,0.203,-208.119,-85.592,-130.637,Pitch
0.591,-1.432,-0.305,74.445,-31.850,-102.480,Pitch
0.236,-0.639,0.134,286.685,28.166,-26.722,Pitch
0.561,-0.299,0.431,286.685,-70.088,17.430,Pitch
0.506,0.046,0.836,286.685,-21.096,-16.651,Pitch
0.516,0.068,1.227,286.685,-8.199,-110.451,Pitch
0.557,-0.110,1.361,263.742,83.046,-133.385,Pitch
0.117,-0.205,0.906,29.041,57.724,-8.540,Pitch
0.358,-0.149,1.043,-211.820,145.609,-11.270,Pitch
0.220,-0.288,0.998,-283.946,103.276,14.744,Pitch
0.298,-0.598,1.260,-286.685,-74.349,22.015,Pitch
0.076,-0.370,0.860,-286.685,-134.741,-17.185,Pitch
0.343,-0.919,0.402,-286.685,11.778,-37.678,Pitch
0.060,-0.909,0.828,-286.685,94.605,-96.276,Pitch
0.588,-1.041,-0.020,-246.549,9.415,-67.279,Pitch
0.747,-0.857,-0.415,-179.217,-64.059,-50.295,Pitch
0.743,-0.812,-0.260,-33.609,-25.165,31.745,Pitch
0.783,-0.581,-0.182,280.490,8.076,29.925,Pitch
0.397,-0.578,0.201,286.685,1.050,40.495,Pitch
0.528,-0.442,-0.131,286.685,19.320,-22.680,Pitch
0.194,-0.083,1.509,286.685,-20.860,28.577,Pitch
0.250,-0.230,1.520,267.120,11.602,54.338,Pitch
0.502,0.033,1.031,68.206,61.031,84.175,Pitch
0.332,-0.110,0.939,-239.785,79.363,45.369,Pitch
0.189,-0.203,0.672,-286.685,63.210,10.745,Pitch
0.049,-0.146,0.595,-286.685,-9.686,0.866,Pitch
0.357,0.527,0.152,-286.685,15.234,39.244,Pitch
0.336,-1.094,-0.176,-286.685,-8.986,168.648,Pitch
0.399,-1.888,-0.858,14.954,-130.935,-32.375,Pitch
0.795,-0.997,0.642,286.685,-105.122,3.439,Pitch
0.156,-0.607,0.493,286.685,71.488,-77.219,Pitch
0.269,-0.290,0.866,286.685,47.583,-135.074,Pitch
0.145,-0.181,0.962,286.685,-83.143,-19.556,Pitch
0.228,-0.196,1.277,197.523,-23.406,6.370,Pitch
0.154,-0.490,1.156,-31.334,29.199,78.750,Pitch
0.193,-0.219,1.133,-284.769,27.895,54.486,Pitch
0.196,-0.429,1.053,-286.685,24.999,40.941,Pitch
0.007,-0.251,0.373,-286.685,77.595,4.445,Pitch
0.586,-0.348,0.560,-286.685,149.398,9.809,Pitch
0.419,-0.484,0.597,-285.836,-30.083,-6.720,Pitch
-0.024,-1.425,-0.624,-90.702,-192.518,-34.414,Pitch
0.351,-0.984,-0.092,267.566,110.355,-85.680,Pitch
0.494,-0.510,-0.084,286.685,68.189,-115.710,Pitch
0.525,-0.131,0.801,286.685,40.906,-83.527,Pitch
0.338,0.520,1.563,286.361,-94.535,-20.370,Pitch
0.130,-0.748,1.105,63.569,-48.046,4.646,Pitch
0.333,0.071,0.866,-57.838,15.155,-22.181,Pitch
0.274,-0.196,0.967,-128.266,19.425,-10.316,Pitch
0.462,-0.411,1.222,-240.363,126.823,61.066,Pitch
0.251,-0.311,1.089,-286.685,75.766,9.363,Pitch
0.052,-0.500,0.734,-286.685,27.939,-5.801,Pitch
-0.230,-0.756,0.327,-286.685,-62.737,39.165,Pitch
0.796,-0.168,0.780,-286.685,-10.850,28.289,Pitch
0.415,-0.991,-0.077,-279.212,102.646,44.634,Pitch
0.417,-0.834,0.332,-215.950,3.964,154.245,Pitch
0.179,-0.897,-0.225,-230.720,43.041,87.902,Pitch
0.374,-1.659,-0.295,-101.946,-71.409,2.144,Pitch
0.388,-1.255,-0.401,195.956,-123.743,-42.840,Pitch
0.365,-1.029,-0.055,286.685,-149.021,-19.968,Pitch
0.198,-0.964,0.443,286.685,-127.094,-22.566,Pitch
0.269,-0.480,0.803,286.685,-70.473,-62.213,Pitch
0.063,-0.444,0.453,286.685,-55.606,-38.045,Pitch
-0.042,-0.516,0.911,286.055,-75.259,-69.011,Pitch
0.133,-0.242,0.829,211.479,-27.711,-46.016,Pitch
0.070,-0.361,0.982,62.589,15.881,-35.656,Pitch
0.419,-0.088,1.057,-52.325,58.100,-88.489,Pitch
0.901,0.175,1.880,-280.193,66.946,-40.906,Pitch
-0.061,-0.247,1.004,-286.685,20.379,14.403,Pitch
0.229,-0.017,0.973,-286.685,-9.809,-125.991,Pitch
0.208,-0.694,0.003,-286.685,-28.368,-29.820,Pitch
0.271,-0.960,-0.802,-286.685,-42.735,-40.478,Pitch
0.614,-1.036,-0.932,-233.861,-75.644,-34.755,Pitch
0.409,-0.825,-0.586,-88.882,-31.815,-9.520,Pitch
0.425,-0.883,-0.541,188.160,36.479,-33.294,Pitch
0.383,-0.577,-0.595,286.685,95.244,-154.350,Pitch
0.518,0.171,0.595,286.685,190.566,-180.215,Pitch
0.214,0.060,1.406,286.685,257.443,-79.179,Pitch
0.461,-0.133,1.772,286.685,125.484,-19.661,Pitch
0.307,-0.214,1.074,117.836,80.850,12.486,Pitch
0.232,-0.271,1.221,-262.369,-7.350,23.669,Pitch
0.184,-0.318,1.167,-286.685,-60.708,26.968,Pitch
-0.083,0.004,1.247,-286.685,-207.725,31.587,Pitch
0.398,-0.177,0.174,-286.685,-205.730,-50.347,Pitch
0.309,-0.320,-0.171,-286.685,-180.740,8.234,Pitch
0.831,-0.616,-0.349,-286.685,-153.011,-3.159,Pitch
0.669,-0.950,-0.812,-9.301,-57.680,80.176,Pitch
0.313,-0.629,-0.340,233.415,15.627,93.783,Pitch
0.525,-0.907,-0.339,286.685,51.048,-42.166,Pitch
0.506,-0.873,-0.007,286.685,93.170,-65.765,Pitch
0.373,-0.239,0.814,286.685,67.357,-16.476,Pitch
0.454,-0.207,1.440,286.685,64.173,38.132,Pitch
0.242,-0.444,1.281,279.807,53.821,28.157,Pitch
0.254,-0.065,1.139,33.259,18.917,26.241,Pitch
0.365,-0.356,0.996,-131.661,30.844,5.101,Pitch
0.499,-0.503,0.889,-218.741,12.521,6.352,Pitch
-0.058,0.056,1.744,-286.685,-23.529,78.041,Pitch
-0.064,0.116,0.749,-286.685,62.116,-8.934,Pitch
-0.058,-0.394,0.131,-286.685,-31.736,-100.371,Pitch
0.276,-0.624,-0.112,-286.685,-181.151,-69.265,Pitch
1.040,-0.969,-0.808,-285.189,-122.605,68.801,Pitch
0.341,-1.009,-0.619,-51.476,-45.290,78.531,Pitch
0.487,-0.908,-0.530,63.035,36.592,32.130,Pitch
0.474,-0.783,-0.489,243.337,79.546,-12.556,Pitch
0.391,-0.854,0.200,286.685,96.688,-68.119,Pitch
-0.069,-0.564,0.831,286.685,64.934,-91.070,Pitch
0.365,-0.356,0.941,286.685,4.918,-62.974,Pitch
0.310,-0.231,1.091,286.685,45.876,8.663,Pitch
0.107,-0.282,1.225,286.685,73.404,100.949,Pitch
0.256,0.047,1.308,19.670,57.024,100.887,Pitch
0.126,-0.235,1.260,-283.290,62.606,41.037,Pitch
0.193,-0.223,1.371,-286.685,27.020,33.653,Pitch
-0.071,0.289,0.884,-286.685,-33.766,59.115,Pitch
0.241,0.249,-0.491,-286.685,38.281,116.357,Pitch
0.344,-1.614,-1.103,-286.379,-40.854,57.969,Pitch
0.136,-1.061,-0.907,-117.845,65.686,-25.060,Pitch
0.033,-0.825,-0.638,262.124,-2.537,51.415,Pitch
0.215,-0.685,-0.376,286.685,-7.105,-39.436,Pitch
-0.124,-0.566,1.035,286.685,-114.039,-6.457,Pitch
0.193,-0.522,0.769,286.685,-42.779,-14.000,Pitch
0.179,-0.208,1.303,286.685,-78.374,32.524,Pitch
0.291,-0.262,1.564,284.996,-7.499,-14.149,Pitch
0.201,-0.193,1.284,-16.336,56.525,12.241,Pitch
0.048,-0.209,1.416,-211.986,101.684,-3.973,Pitch
-0.051,-0.184,1.361,-286.685,85.934,31.237,Pitch
0.018,-0.097,1.082,-286.685,5.101,37.721,Pitch
0.323,-0.073,0.290,-286.685,76.265,22.881,Pitch
0.131,-0.412,-0.513,-286.685,65.713,46.393,Pitch
0.078,-0.548,-1.049,-286.685,160.799,-44.835,Pitch
0.019,-0.683,-0.698,-96.311,24.036,26.609,Pitch
0.113,-0.650,-0.743,126.753,-22.330,39.690,Pitch
0.153,-0.750,-0.459,230.309,0.691,11.620,Pitch
-0.224,-1.059,-0.523,286.685,15.663,25.576,Pitch
0.068,-0.566,0.100,286.685,-286.685,5.539,Pitch
0.252,-0.088,1.624,286.685,-229.688,3.946,Pitch
0.219,-0.338,1.568,286.685,-121.118,-98.753,Pitch
0.453,-0.049,1.604,281.348,-108.019,-30.817,Pitch
0.240,0.143,1.469,-53.419,106.505,66.194,Pitch
0.086,-0.224,1.572,-286.685,64.181,72.179,Pitch
0.037,-0.138,1.413,-286.685,9.879,11.821,Pitch
0.170,0.394,0.683,-286.685,67.147,3.736,Pitch
0.414,0.145,-0.499,-286.685,286.169,78.531,Pitch
0.181,-0.151,-1.584,-286.685,221.471,-5.530,Pitch
-0.197,-0.536,-0.962,-145.512,57.671,43.899,Pitch
0.556,-0.659,-0.684,179.699,-93.485,114.179,Pitch
0.021,-1.175,-0.562,286.685,-11.051,89.058,Pitch
-0.197,-0.562,0.197,286.685,-284.725,114.266,Pitch
0.072,-0.093,1.797,286.685,-286.685,48.615,Pitch
-0.127,-0.641,1.994,286.685,-285.626,-50.908,Pitch
0.529,0.032,1.783,222.495,-149.354,-57.540,Pitch
0.150,0.217,1.324,-69.921,91.543,42.665,Pitch
0.044,0.089,1.302,-286.685,126.166,68.565,Pitch
-0.139,0.536,1.014,-286.685,113.514,-10.789,Pitch
0.746,0.121,-0.259,-286.685,285.985,-38.868,Pitch
0.117,-0.272,-1.191,-286.685,286.650,5.128,Pitch
-0.010,-0.363,-0.722,-213.447,117.390,-78.978,Pitch
0.095,-0.862,-0.639,49.193,-49.018,48.169,Pitch
-0.187,-1.496,-0.409,259.770,-69.309,102.217,Pitch
0.206,-1.053,-0.153,286.685,-143.098,-2.651,Pitch
0.385,-0.090,0.859,286.685,-286.685,144.699,Pitch
0.073,-0.200,1.964,286.685,-285.924,74.060,Pitch
0.351,0.490,1.994,286.685,-110.880,-16.529,Pitch
0.142,0.260,1.656,2.931,66.596,29.671,Pitch
-0.132,-0.083,1.287,-286.685,142.406,57.243,Pitch
-0.070,0.505,0.721,-286.685,191.117,-54.801,Pitch
0.147,-0.228,0.054,-286.685,286.685,-122.859,Pitch
0.333,-0.028,-0.434,-286.685,286.685,-172.716,Pitch
-0.151,0.075,-0.879,-286.685,-123.804,-190.391,Pitch
0.676,-1.160,-0.913,-98.779,29.951,-152.486,Pitch
0.316,-1.526,-1.008,286.685,15.059,22.741,Pitch
0.410,-1.284,-0.342,286.685,-84.831,114.231,Pitch
0.171,0.030,0.771,286.685,-286.685,143.798,Pitch
0.288,-0.249,1.745,286.685,-134.374,19.600,Pitch
-0.042,-0.499,1.984,175.446,-64.260,-76.860,Pitch
0.174,-0.410,1.267,-156.345,-3.080,0.892,Pitch
-0.013,-0.272,1.074,-286.685,112.543,5.556,Pitch
-0.018,0.007,0.504,-286.685,159.092,-51.048,Pitch
-0.023,-0.442,-0.092,-286.685,203.035,-115.535,Pitch
0.004,0.386,-0.207,-286.685,151.384,-219.214,Pitch
0.592,-0.225,-1.086,-286.685,-95.375,-143.894,Pitch
0.645,-1.172,-1.121,14.123,-130.296,166.268,Pitch
0.218,-1.805,-1.095,286.335,59.342,121.319,Pitch
0.451,-0.681,0.084,286.685,-35.263,55.930,Pitch
0.328,0.025,-0.045,286.685,-286.685,185.255,Pitch
0.132,0.342,0.890,286.685,-286.659,113.732,Pitch
-0.099,-0.312,1.999,282.896,-123.690,-27.501,Pitch
0.012,-0.370,1.367,-111.046,75.294,-83.685,Pitch
0.056,-0.265,1.222,-276.211,95.410,-18.366,Pitch
-0.112,-0.489,1.236,-286.685,108.762,-10.465,Pitch
0.250,-0.146,1.012,-286.685,101.981,-7.166,Pitch
0.144,-0.672,0.690,-286.685,111.939,0.210,Pitch
0.290,-0.098,-0.718,-286.685,212.398,-100.380,Pitch
0.263,-0.690,-0.728,-284.200,177.398,-74.471,Pitch
0.266,-1.086,-0.794,-123.287,-23.774,-35.236,Pitch
-0.006,-1.280,-0.670,36.794,16.826,-19.845,Pitch
0.246,-1.401,-0.591,181.711,30.538,-154.402,Pitch
0.336,-1.060,-0.986,286.685,-71.794,-52.640,Pitch
0.214,-0.521,0.275,286.685,-229.460,83.107,Pitch
0.435,0.434,0.935,286.685,-247.529,53.217,Pitch
0.242,-0.116,1.071,286.685,-52.684,-12.276,Pitch
0.316,0.093,1.358,126.866,52.001,30.494,Pitch
0.522,-0.110,1.903,-284.244,122.202,54.504,Pitch
-0.082,-0.140,1.504,-286.685,105.088,66.194,Pitch
0.065,0.467,0.450,-286.685,30.362,32.611,Pitch
0.264,-0.279,-1.355,-286.685,271.451,4.900,Pitch
0.070,-0.703,-0.975,-286.685,277.410,-95.077,Pitch
0.308,-0.793,-0.753,-197.732,46.147,-134.383,Pitch
0.499,-0.836,-0.722,8.496,-44.905,95.244,Pitch
0.008,-1.170,-1.127,236.845,-36.619,69.335,Pitch
0.189,-1.022,-0.618,286.685,-132.510,-54.276,Pitch
0.353,-0.580,0.130,286.685,-145.128,17.141,Pitch
0.071,-0.453,0.300,286.685,-88.567,36.540,Pitch
0.092,-0.251,0.738,286.685,-42.542,13.615,Pitch
0.122,-0.194,0.893,286.685,42.114,62.641,Pitch
0.185,-0.369,1.638,206.447,51.415,76.624,Pitch
0.165,-0.541,1.502,-77.324,49.472,30.730,Pitch
0.092,-0.511,1.214,-286.685,21.525,-43.899,Pitch
0.016,-0.487,1.130,-286.685,61.075,-102.393,Pitch
0.431,-0.262,0.223,-286.685,220.054,-152.206,Pitch
0.222,-0.197,-0.430,-286.685,237.099,-88.427,Pitch
0.094,-0.663,-0.869,-286.685,264.259,-61.171,Pitch
0.033,-1.211,-0.445,-90.895,-77.411,126.376,Pitch
0.165,-1.224,-0.402,90.387,-75.688,92.452,Pitch
-0.028,-0.943,-0.381,172.541,-19.871,-66.806,Pitch
0.201,-1.009,-0.580,198.004,-28.858,-56.814,Pitch
0.257,-0.549,-0.430,283.780,1.925,-55.195,Pitch
0.325,-0.424,0.106,286.685,-76.484,46.401,Pitch
0.072,-0.726,0.327,286.685,-179.708,70.744,Pitch
0.390,0.126,1.267,286.685,-89.863,114.170,Pitch
-0.029,-0.510,1.599,286.685,-46.847,85.033,Pitch
-0.011,-0.305,1.654,181.029,-53.252,40.871,Pitch
0.156,-0.207,1.310,-27.353,73.115,-33.215,Pitch
0.026,-0.395,1.476,-284.069,24.334,-16.599,Pitch
-0.051,-0.301,1.585,-286.685,-58.406,-63.919,Pitch
-0.065,0.322,1.080,-286.685,-12.399,-177.529,Pitch
0.439,0.204,-0.413,-286.685,165.226,-252.166,Pitch
-0.051,-0.264,-0.709,-286.685,-101.640,-220.596,Pitch
0.753,-1.158,-0.819,-286.685,-179.331,-34.274,Pitch
0.344,-0.841,-0.845,-99.050,-79.179,113.776,Pitch
0.291,-0.640,-0.927,-14.009,-50.916,79.940,Pitch
0.761,-0.557,-0.373,-32.252,8.033,42.691,Pitch
0.355,-0.663,-0.755,68.548,65.380,70.963,Pitch
-0.065,-1.390,-0.881,286.685,29.890,47.548,Pitch
-0.062,-0.450,-0.648,286.685,-75.521,121.030,Pitch
0.452,0.064,0.708,286.685,-79.345,26.478,Pitch
0.313,-0.013,0.955,286.685,-37.511,9.555,Pitch
0.045,0.177,1.577,286.685,70.052,47.373,Pitch
0.102,0.004,1.527,227.666,46.603,-14.578,Pitch
-0.016,-0.195,1.484,-207.804,8.943,48.930,Pitch
0.059,-0.333,1.506,-286.685,35.700,-25.086,Pitch
0.078,-0.056,1.219,-286.685,-6.799,-140.481,Pitch
0.034,-0.204,0.708,-286.685,-23.013,-210.525,Pitch
0.188,-0.160,0.106,-286.685,-65.266,-272.991,Pitch
0.508,-0.265,-0.981,-286.685,187.556,-147.324,Pitch
0.424,-0.904,-0.629,-187.477,-191.284,49.411,Pitch
0.371,-0.621,-0.630,-5.049,-152.775,48.746,Pitch
0.300,-0.641,-0.678,106.199,-125.799,-32.147,Pitch
0.800,-1.132,-0.590,157.518,-131.460,-68.723,Pitch
0.277,-0.657,-0.846,286.685,84.018,102.261,Pitch
-0.041,-0.323,0.381,286.685,31.903,99.951,Pitch
0.094,-0.759,0.829,286.685,-0.140,62.064,Pitch
-0.007,-0.500,1.306,286.685,21.017,97.571,Pitch
-0.177,-0.496,1.893,286.685,-69.921,44.774,Pitch
0.322,-0.157,0.941,84.901,-73.264,-51.013,Pitch
0.079,-0.318,1.258,-109.209,47.985,10.868,Pitch
0.122,-0.347,1.438,-286.685,6.799,-49.280,Pitch
-0.133,-0.406,1.127,-286.685,-50.111,-80.456,Pitch
0.144,-0.135,0.771,-286.685,-123.830,-119.236,Pitch
0.321,0.189,0.135,-286.685,41.746,-102.681,Pitch
0.472,-0.276,-1.638,-286.685,38.281,-33.959,Pitch
0.683,-0.774,-0.615,-36.225,-210.648,143.929,Pitch
0.427,-0.989,-1.219,138.180,-63.954,99.514,Pitch
0.405,-0.867,-0.509,286.685,145.206,-79.669,Pitch
0.359,-0.542,-0.562,286.685,9.441,47.618,Pitch
0.076,-0.416,0.382,286.685,40.276,119.700,Pitch
-0.002,-0.540,0.682,286.685,32.226,85.173,Pitch
0.019,-0.570,1.015,286.685,-6.361,-16.844,Pitch
0.300,-0.324,1.204,286.370,8.540,-39.331,Pitch
0.362,-0.091,1.052,-3.342,16.406,-9.555,Pitch
0.215,-0.362,1.246,-69.641,42.411,100.082,Pitch
0.230,-0.725,1.215,-191.467,0.490,50.610,Pitch
-0.107,-0.341,1.350,-286.685,-71.645,-131.232,Pitch
0.126,-0.254,0.620,-286.685,-176.120,-109.515,Pitch
0.317,-0.217,-0.437,-286.685,-25.673,3.719,Pitch
0.324,-0.330,-1.225,-286.685,-28.788,93.800,Pitch
0.634,-0.686,-0.564,-105.805,-103.714,140.849,Pitch
0.142,-0.822,-0.635,107.835,-14.989,131.294,Pitch
0.060,-0.991,-0.749,267.129,38.824,-3.168,Pitch
0.179,-1.215,-0.494,286.685,36.251,29.680,Pitch
-0.055,-0.606,-0.072,286.685,-142.039,54.478,Pitch
0.498,-0.297,1.118,286.685,-65.056,-0.481,Pitch
-0.009,-0.368,1.999,286.685,61.268,3.561,Pitch
0.101,-0.386,1.150,-1.181,-50.741,-42.193,Pitch
0.004,-0.335,1.111,-107.433,-35.945,-51.021,Pitch
0.129,-0.478,1.156,-266.884,-6.116,-44.196,Pitch
0.034,-0.552,1.142,-286.685,10.456,-78.925,Pitch
0.028,-0.322,0.703,-286.685,-10.535,-161.464,Pitch
0.141,-0.081,0.340,-286.685,16.222,-135.432,Pitch
0.406,-0.373,-1.010,-286.685,-123.629,-14.193,Pitch
0.414,-0.590,-0.851,-94.649,-53.664,83.265,Pitch
0.152,-0.771,-0.893,125.659,14.569,37.660,Pitch
0.459,-0.932,-0.810,286.685,71.050,15.514,Pitch
0.058,-0.708,-0.486,286.685,-74.567,74.323,Pitch
0.310,-0.227,0.662,286.685,-130.935,166.381,Pitch
0.188,-0.458,1.153,286.685,20.597,102.113,Pitch
-0.250,-0.800,1.527,284.681,-6.431,29.006,Pitch
0.024,-0.651,1.252,-47.224,-50.487,-60.576,Pitch
0.031,-0.441,0.991,-262.841,-15.523,-51.021,Pitch
0.061,-0.663,0.821,-286.685,27.869,-23.861,Pitch
0.140,-0.534,0.530,-286.685,6.282,-87.570,Pitch
0.235,-0.691,0.115,-286.685,1.960,-169.348,Pitch
0.243,-0.517,-0.427,-286.685,39.778,-123.594,Pitch
0.297,-0.869,-0.945,-224.420,36.741,-16.188,Pitch
0.478,-1.132,-0.950,180.171,13.177,51.818,Pitch
0.162,-1.022,-0.107,286.685,24.448,58.118,Pitch
0.071,-0.828,-0.248,286.685,-74.725,110.206,Pitch
0.231,-0.577,0.801,286.685,-67.996,110.504,Pitch
0.088,-0.530,1.155,286.685,-9.887,33.206,Pitch
0.113,-0.655,1.699,269.684,-62.755,-79.485,Pitch
0.192,-0.241,0.604,-120.908,-19.530,-36.050,Pitch
0.155,-0.451,0.766,-238.726,24.097,37.179,Pitch
0.251,-0.615,0.845,-286.685,-12.924,-2.949,Pitch
0.088,-0.569,0.685,-286.685,-18.226,-55.256,Pitch
0.031,-0.539,0.509,-286.685,-25.147,-98.184,Pitch
0.164,-0.804,-0.493,-286.685,-13.913,-77.122,Pitch
0.307,-1.150,-0.675,-266.420,5.075,32.821,Pitch
0.475,-0.988,-0.936,67.594,-12.101,42.726,Pitch
0.351,-1.075,-0.531,229.670,37.109,23.494,Pitch
0.099,-0.743,-0.221,286.685,67.734,-10.115,Pitch
0.190,-0.786,0.018,286.685,-58.179,61.626,Pitch
0.247,-0.608,0.547,286.685,-28.061,80.115,Pitch
0.178,-0.332,0.758,286.685,-35.525,76.991,Pitch
0.373,-0.510,1.426,282.432,-39.410,-25.095,Pitch
0.158,-0.434,0.749,-74.375,-9.214,-29.628,Pitch
0.241,-0.349,0.806,-248.482,53.375,-19.521,Pitch
0.237,-0.524,0.963,-286.685,55.405,-18.532,Pitch
0.045,-0.746,0.823,-286.685,-13.930,-50.304,Pitch
0.140,-0.655,0.212,-286.685,-15.969,-106.969,Pitch
0.073,-0.399,-0.323,-286.685,-28.000,-40.644,Pitch
0.143,-0.901,-0.575,-286.685,-53.384,66.421,Pitch
0.296,-1.192,-0.949,-174.589,-14.831,80.990,Pitch
0.346,-0.807,-0.819,164.342,-40.154,37.686,Pitch
0.050,-0.922,-0.345,284.953,94.938,-42.149,Pitch
0.197,-1.170,-0.096,286.685,-33.924,-30.494,Pitch
0.145,-1.016,0.095,286.685,-38.579,19.460,Pitch
0.195,-0.739,0.608,286.685,-42.061,26.792,Pitch
0.339,-0.455,0.753,286.685,-17.019,22.750,Pitch
0.219,-0.424,1.016,269.036,16.389,-9.642,Pitch
0.233,-0.315,0.668,2.152,23.853,-7.245,Pitch
0.308,-0.373,0.823,-226.975,34.195,6.282,Pitch
0.166,-0.704,0.992,-286.685,29.435,-50.899,Pitch
0.148,-0.649,0.677,-286.685,-64.908,-134.190,Pitch
0.059,-0.409,0.443,-286.685,-57.041,-142.363,Pitch
0.390,-0.561,-0.343,-286.685,-38.447,-129.246,Pitch
0.263,-1.326,0.171,-286.685,68.548,-47.180,Pitch
0.521,-0.815,-1.380,-140.201,47.224,-50.768,Pitch
0.786,-0.659,-0.685,42.403,-107.765,-14.149,Pitch
0.589,-0.882,-0.392,25.567,-70.927,66.938,Pitch
0.521,-0.913,-0.494,40.670,-10.273,104.116,Pitch
0.511,-0.755,-0.419,280.936,103.854,112.166,Pitch
0.203,-0.491,-0.104,286.685,110.399,155.654,Pitch
0.185,-0.421,0.447,286.685,141.566,173.635,Pitch
-0.174,-0.796,0.624,286.685,71.995,82.740,Pitch
-0.068,-0.653,1.192,286.685,-44.371,43.680,Pitch
0.081,-0.408,1.076,286.685,-97.344,122.168,Pitch
0.196,-0.529,1.686,193.384,-88.506,125.772,Pitch
0.219,-0.347,1.095,-179.935,-32.305,23.511,Pitch
0.123,-0.406,1.041,-286.685,-18.436,-45.841,Pitch
0.129,-0.264,0.543,-286.685,-43.138,-71.802,Pitch
0.254,-0.448,0.110,-286.685,-23.888,-81.419,Pitch
0.142,-0.222,-0.284,-286.685,33.311,-29.628,Pitch
0.262,-1.136,-0.985,-286.685,-42.341,96.075,Pitch
0.174,-1.009,-0.632,-69.799,-46.568,101.325,Pitch
0.184,-0.859,-0.591,176.995,-14.919,8.496,Pitch
0.118,-1.050,-0.461,286.685,39.296,-4.988,Pitch
0.211,-0.698,0.173,286.685,-12.618,-11.611,Pitch
0.098,-0.550,0.468,286.685,-69.571,52.728,Pitch
0.248,-0.435,0.765,286.685,-29.094,40.792,Pitch
0.119,-0.704,1.499,286.685,25.725,32.743,Pitch
0.240,-0.417,0.882,-40.810,-13.834,-29.584,Pitch
0.047,-0.519,1.093,-273.656,-57.829,-11.261,Pitch
0.211,-0.650,1.000,-286.685,-75.145,-67.357,Pitch
0.123,-0.528,0.618,-286.685,-54.162,-142.721,Pitch
0.213,-0.262,0.149,-286.685,-17.054,-133.438,Pitch
0.411,-0.571,-0.266,-286.685,-5.014,-5.093,Pitch
0.296,-1.127,-1.111,-278.574,-44.730,120.374,Pitch
0.206,-0.949,-0.629,-65.739,-83.020,75.985,Pitch
0.338,-1.028,-0.738,151.296,-69.790,26.346,Pitch
0.314,-1.100,-0.481,286.685,3.124,-42.919,Pitch
0.110,-0.965,-0.179,286.685,-46.069,-21.219,Pitch
0.343,-0.834,0.163,286.685,-78.391,-25.305,Pitch
0.296,-0.416,0.710,286.685,-18.156,-9.004,Pitch
0.301,-0.409,0.950,286.685,9.118,-1.969,Pitch
0.315,-0.418,1.046,17.728,35.639,-40.005,Pitch
0.112,-0.179,0.887,-268.651,32.463,41.545,Pitch
0.274,-0.491,0.631,-286.685,-33.075,52.386,Pitch
0.228,-0.582,0.269,-286.685,10.316,-16.599,Pitch
0.105,-0.684,-0.055,-286.685,23.993,-25.375,Pitch
0.537,-0.873,-0.338,-286.685,57.444,-55.160,Pitch
0.120,-1.627,-1.040,-275.004,-6.318,33.364,Pitch
-0.023,-1.296,-0.593,285.180,-23.354,-9.240,Pitch
0.475,-0.973,-0.317,286.685,-28.927,-69.781,Pitch
0.530,-0.930,0.153,286.685,-77.105,44.555,Pitch
0.411,-0.655,0.687,286.685,-83.221,30.257,Pitch
0.325,-0.853,0.854,286.685,68.092,37.257,Pitch
0.080,0.073,0.397,-78.488,155.820,11.471,Pitch
0.147,-0.346,0.386,-250.031,127.636,-18.734,Pitch
0.086,-0.518,0.416,-286.685,38.841,-68.232,Pitch
-0.016,-0.694,0.383,-286.685,-38.596,-80.465,Pitch
0.275,-0.913,0.831,-286.685,-9.756,-38.841,Pitch
-0.328,-0.862,0.140,-286.685,-10.623,-68.644,Pitch
0.602,-1.058,-0.532,-286.685,-45.526,17.798,Pitch
0.363,-1.119,-0.466,-131.040,-23.573,114.774,Pitch
0.504,-1.125,-0.182,94.929,-31.465,85.654,Pitch
0.291,-1.236,-0.311,282.214,50.164,16.853,Pitch
-0.058,-0.576,-0.102,286.685,-35.490,-87.351,Pitch
0.213,-0.762,0.455,286.685,-57.785,-82.880,Pitch
0.141,-0.607,1.000,286.685,-56.438,-27.247,Pitch
0.184,-0.491,0.939,286.685,-20.046,17.343,Pitch
0.258,-0.232,0.907,109.611,36.671,70.201,Pitch
0.395,-0.251,1.021,-181.326,76.256,86.310,Pitch
0.089,-0.458,0.898,-286.685,117.854,71.146,Pitch
-0.118,-0.205,0.412,-286.685,84.280,30.739,Pitch
-0.002,-0.934,0.048,-286.685,0.796,-3.019,Pitch
-0.059,-0.891,-0.324,-286.685,32.891,-12.206,Pitch
0.204,-1.536,-0.472,-285.285,138.871,-58.502,Pitch
0.193,-1.319,-0.632,137.751,-52.876,-11.060,Pitch
-0.044,-0.601,-0.470,286.685,-213.316,-14.271,Pitch
0.196,-0.759,0.339,286.685,-103.863,-27.816,Pitch
0.187,-0.648,0.340,286.685,-69.177,-16.651,Pitch
0.300,-0.618,0.797,286.685,-90.816,-19.215,Pitch
0.381,-0.526,0.911,199.255,13.545,-60.541,Pitch
0.258,-0.503,0.814,-116.891,107.293,10.404,Pitch
0.092,-0.588,0.847,-271.775,143.990,19.434,Pitch
0.007,-0.684,0.653,-286.685,101.929,-23.109,Pitch
0.089,-0.716,0.623,-286.685,17.972,-104.457,Pitch
0.214,-0.546,-0.088,-286.685,23.222,-56.586,Pitch
0.096,-0.911,-0.182,-286.668,105.945,37.091,Pitch
-0.036,-1.187,-0.635,0.333,-71.855,55.466,Pitch
0.283,-1.297,-0.428,251.974,-149.179,-18.497,Pitch
0.275,-0.846,-0.123,286.685,-57.890,-82.058,Pitch
0.501,-0.768,0.331,286.685,57.120,-80.482,Pitch
0.004,-0.255,0.779,286.685,61.583,-61.373,Pitch
0.150,-0.724,1.313,286.685,-36.943,-45.929,Pitch
0.160,0.032,0.938,87.299,-18.174,-5.600,Pitch
0.080,-0.268,0.972,-196.149,22.208,9.039,Pitch
0.061,-0.361,0.919,-286.685,8.347,10.509,Pitch
0.052,-0.594,0.979,-286.685,-43.575,1.531,Pitch
-0.009,-0.267,0.544,-286.685,-101.850,-36.120,Pitch
0.391,-0.673,0.086,-286.685,-66.736,-5.049,Pitch
0.442,-0.764,-0.081,-286.685,92.916,41.064,Pitch
0.285,-1.335,-0.419,-252.613,-20.300,31.815,Pitch
0.607,-1.293,-0.549,72.118,-22.951,52.553,Pitch
0.272,-1.032,-0.399,286.685,-2.957,-30.345,Pitch
0.352,-0.946,0.161,286.685,-1.829,-75.119,Pitch
0.069,-0.452,0.681,286.685,54.364,-58.441,Pitch
0.130,-0.415,1.081,286.685,16.048,-25.760,Pitch
0.337,-0.405,1.174,244.930,-9.476,3.973,Pitch
0.249,-0.196,0.593,-55.283,-3.596,11.550,Pitch
0.166,-0.206,0.780,-279.948,-2.004,54.066,Pitch
0.102,-0.532,0.711,-286.685,-10.097,45.404,Pitch
0.146,-0.688,0.509,-286.685,-43.732,31.369,Pitch
0.099,-0.778,0.243,-286.685,-74.690,73.911,Pitch
0.344,-1.014,-0.029,-286.685,60.900,76.904,Pitch
0.059,-1.588,-0.647,-222.583,14.105,25.716,Pitch
0.347,-1.202,-0.410,262.456,-83.256,-21.516,Pitch
0.550,-0.725,-0.000,286.685,-44.800,-73.614,Pitch
0.334,-0.647,0.492,286.685,18.174,-113.418,Pitch
-0.001,-0.408,0.871,286.685,95.349,-105.192,Pitch
0.292,-0.366,1.267,286.685,-33.556,-56.236,Pitch
0.150,0.047,0.803,127.418,38.771,-12.932,Pitch
0.118,-0.408,0.958,-175.245,51.345,39.112,Pitch
-0.072,-0.744,1.122,-286.685,9.774,71.400,Pitch
-0.133,-0.773,0.771,-286.685,-34.002,-68.644,Pitch
0.203,-0.336,0.993,-286.685,-1.085,-180.565,Pitch
0.564,-0.000,1.199,-286.685,-44.739,-83.431,Pitch
0.513,-0.962,-0.350,-286.685,-193.340,106.628,Pitch
0.234,-1.510,-0.577,-33.688,-15.671,-61.959,Pitch
0.485,-0.661,0.164,266.350,39.226,-95.191,Pitch
0.494,-0.900,0.248,264.005,98.700,-102.016,Pitch
0.439,-0.592,0.020,279.948,36.505,-74.349,Pitch
0.514,-0.601,0.521,286.685,152.688,-84.499,Pitch
0.276,-0.331,0.948,286.685,148.592,-15.960,Pitch
0.274,-0.278,0.902,286.685,89.311,39.996,Pitch
0.234,-0.199,1.215,176.750,8.286,87.150,Pitch
0.313,-0.344,1.280,-91.332,-24.622,30.301,Pitch
0.375,-0.461,1.077,-275.940,-71.794,5.915,Pitch
0.426,-0.541,1.076,-286.685,-50.216,19.968,Pitch
0.412,-0.443,0.571,-286.685,9.249,52.010,Pitch
-0.109,-0.580,0.673,-286.685,-116.296,-28.096,Pitch
0.908,-0.674,0.580,-286.685,-54.145,-59.693,Pitch
0.257,-0.877,-0.275,-286.685,-106.899,36.234,Pitch
0.489,-0.958,-0.342,-257.539,-131.661,97.003,Pitch
0.437,-0.862,-0.644,74.734,-16.406,28.490,Pitch
0.607,-0.812,-0.387,286.685,206.736,-81.637,Pitch
-0.001,-0.124,0.560,286.685,286.685,-69.029,Pitch
-0.133,-0.098,1.090,286.685,201.889,29.663,Pitch
0.354,-0.407,1.400,286.685,10.640,50.873,Pitch
0.112,-0.113,1.443,209.816,25.778,39.121,Pitch
0.242,-0.222,1.449,-211.601,24.474,29.435,Pitch
0.323,-0.173,1.049,-286.685,-1.514,37.091,Pitch
-0.119,0.101,1.034,-286.685,-69.641,-7.227,Pitch
0.063,-0.502,0.170,-286.685,-132.090,2.564,Pitch
0.378,-0.432,-0.028,-286.685,-194.311,7.149,Pitch
0.422,-1.043,-0.262,-286.685,-32.436,66.518,Pitch
0.110,-1.321,-1.067,-40.241,-104.641,91.455,Pitch
0.221,-0.997,-0.302,286.685,-67.130,46.506,Pitch
0.231,-0.966,0.057,286.685,113.864,-104.930,Pitch
0.208,-0.497,0.514,286.685,109.419,-104.003,Pitch
0.027,-0.104,1.092,286.685,44.581,2.914,Pitch
0.170,-0.396,1.375,284.918,-3.841,28.779,Pitch
0.115,-0.323,1.052,-92.776,7.201,14.254,Pitch
0.208,-0.311,0.889,-278.495,15.671,36.951,Pitch
0.099,-0.372,0.761,-286.685,9.511,17.657,Pitch
0.058,-0.214,0.375,-286.685,-75.101,4.515,Pitch
0.294,-1.003,0.234,-286.685,-143.666,56.805,Pitch
0.375,-1.130,-0.410,-286.685,-184.704,71.435,Pitch
0.065,-1.428,-0.730,-6.545,68.793,-44.678,Pitch
0.366,-0.980,0.031,286.685,19.180,-39.979,Pitch
0.228,-0.873,0.056,286.685,57.076,-80.448,Pitch
0.313,-0.608,0.308,286.685,117.775,-90.974,Pitch
0.011,-0.422,0.879,286.685,67.620,-8.347,Pitch
0.196,-0.329,1.085,286.685,12.425,33.451,Pitch
0.168,-0.220,0.927,61.976,3.684,-8.137,Pitch
0.185,-0.278,0.949,-244.650,-18.629,7.787,Pitch
0.232,-0.353,0.915,-286.685,-43.286,25.226,Pitch
0.047,-0.263,0.907,-286.685,-52.981,27.388,Pitch
0.221,-0.682,0.435,-286.685,-48.318,15.776,Pitch
0.391,-0.971,-0.054,-286.685,-115.535,68.976,Pitch
0.272,-1.115,-0.206,-286.685,19.600,48.143,Pitch
0.319,-1.327,-0.818,62.221,-24.850,-9.214,Pitch
0.316,-0.880,0.099,286.685,63.350,-55.274,Pitch
0.227,-0.822,0.398,286.685,112.376,-120.024,Pitch
0.089,-0.496,0.629,286.685,85.986,-79.266,Pitch
0.218,-0.246,0.956,286.685,15.767,-11.874,Pitch
0.415,-0.255,1.229,249.253,-0.411,-22.216,Pitch
0.174,-0.308,0.928,-124.486,-0.245,8.033,Pitch
0.150,-0.155,0.859,-283.439,-11.988,35.752,Pitch
0.226,-0.449,0.796,-286.685,-35.359,3.412,Pitch
-0.064,-0.380,0.605,-286.685,-89.022,4.314,Pitch
0.517,-0.789,0.276,-286.685,-154.280,45.421,Pitch
0.310,-1.307,0.090,-286.685,-52.115,99.304,Pitch
0.417,-1.521,-0.793,-47.040,-81.585,-26.574,Pitch
0.652,-1.031,0.168,286.685,12.574,-32.279,Pitch
0.425,-0.772,0.471,286.685,171.824,-119.114,Pitch
0.158,-0.459,0.749,286.685,168.534,-89.084,Pitch
0.131,-0.319,0.991,286.685,78.951,-22.925,Pitch
0.250,-0.128,0.859,239.400,12.084,-33.889,Pitch
0.132,-0.159,0.822,-27.956,23.415,7.289,Pitch
0.160,-0.282,0.754,-190.417,3.614,21.403,Pitch
0.205,-0.205,1.177,-286.685,-31.080,44.774,Pitch
-0.037,-0.248,0.957,-286.685,-54.845,7.193,Pitch
0.196,-0.778,0.491,-286.685,-143.036,0.525,Pitch
0.343,-0.605,0.230,-286.685,-145.023,23.511,Pitch
0.207,-1.152,-0.663,-286.685,-48.493,88.603,Pitch
0.759,-1.117,-0.868,99.312,-83.353,48.650,Pitch
0.210,-1.035,-0.196,286.685,-20.632,21.542,Pitch
0.311,-1.053,0.136,286.685,37.249,-83.834,Pitch
0.183,-0.737,0.538,286.685,132.580,-146.405,Pitch
0.229,-0.451,0.728,286.685,35.779,-38.395,Pitch
0.168,-0.209,1.245,286.685,-72.537,6.904,Pitch
0.380,-0.188,1.213,177.301,-1.768,-25.690,Pitch
0.168,-0.314,0.978,-182.035,47.819,63.035,Pitch
0.064,-0.425,0.929,-286.685,27.108,115.491,Pitch
0.040,-0.327,0.704,-286.685,3.307,108.614,Pitch
0.332,-0.392,0.719,-286.685,26.058,122.500,Pitch
0.352,-0.627,0.773,-286.685,-14.009,124.425,Pitch
-0.121,-1.148,-0.935,-286.685,-58.205,120.592,Pitch
0.082,-1.441,-0.605,-237.134,68.749,18.174,Pitch
0.154,-1.026,-0.509,73.001,29.549,21.796,Pitch
-0.224,-0.995,-0.494,190.969,28.009,-23.433,Pitch
0.171,-0.954,-0.278,286.685,-52.071,-238.298,Pitch
-0.011,-0.886,0.672,286.685,-50.759,-178.439,Pitch
0.447,-0.534,0.816,286.685,-42.665,-147.586,Pitch
0.443,-0.343,0.810,286.685,-53.699,-68.819,Pitch
0.337,-0.249,0.729,236.512,-27.020,-53.366,Pitch
0.143,-0.361,0.711,-112.726,15.024,18.183,Pitch
0.208,-0.344,0.798,-286.685,79.765,40.565,Pitch
0.205,-0.471,0.814,-286.685,45.386,99.680,Pitch
0.137,-0.435,0.719,-286.685,23.888,99.934,Pitch
-0.048,-0.933,0.118,-286.685,42.691,68.355,Pitch
0.121,-0.971,-0.441,-286.685,21.271,64.802,Pitch
0.137,-1.203,-0.854,-286.685,3.351,25.743,Pitch
0.069,-1.254,-0.868,206.474,-50.225,-48.571,Pitch
0.279,-1.066,-0.286,286.685,-52.920,-115.789,Pitch
0.615,-0.711,0.604,286.685,-29.820,-186.261,Pitch
0.520,-0.476,0.592,286.685,25.926,-154.884,Pitch
0.341,-0.340,0.722,286.685,8.523,-101.500,Pitch
0.234,0.122,0.598,219.704,19.128,-60.681,Pitch
0.043,-0.551,0.807,-93.879,42.630,6.702,Pitch
0.099,-0.475,0.860,-285.976,67.567,71.522,Pitch
0.215,-0.600,0.813,-286.685,14.490,96.268,Pitch
0.209,-0.442,0.882,-286.685,-29.067,113.838,Pitch
0.225,-0.735,0.372,-286.685,67.533,28.901,Pitch
0.069,-0.618,0.182,-286.685,44.179,-18.576,Pitch
0.472,-0.950,-0.092,-286.685,21.744,35.394,Pitch
0.130,-1.155,-0.812,-182.639,-73.290,154.674,Pitch
0.029,-1.143,-0.532,132.423,-94.378,108.929,Pitch
0.097,-1.147,-0.146,205.818,5.793,-33.556,Pitch
0.523,-0.976,-0.052,284.174,-40.976,-112.875,Pitch
-0.002,-1.089,0.009,286.685,-111.370,-75.058,Pitch
0.246,-0.789,0.594,286.685,-131.556,-44.844,Pitch
0.431,-0.963,0.785,286.685,-120.768,-64.706,Pitch
0.425,-0.576,0.984,286.685,-91.018,-95.147,Pitch
0.279,-0.289,0.639,188.598,3.561,-127.628,Pitch
0.198,-0.286,0.618,21.306,89.198,-107.800,Pitch
0.313,-0.406,0.963,-174.991,27.169,-73.631,Pitch
0.099,-0.570,0.902,-286.685,30.923,-49.569,Pitch
0.030,-0.564,0.730,-286.685,-8.243,-42.963,Pitch
0.422,-0.654,0.290,-286.685,16.782,-74.891,Pitch
0.237,-0.785,-0.111,-286.685,-46.454,-73.334,Pitch
0.488,-0.995,-0.510,-286.685,-84.429,1.855,Pitch
0.737,-1.167,-0.880,-125.878,-29.969,4.988,Pitch
0.722,-1.069,-0.426,286.685,-20.274,-19.635,Pitch
0.381,-0.701,0.091,286.685,-16.765,-7.367,Pitch
0.358,-0.335,0.710,286.685,65.021,-47.504,Pitch
0.274,-0.303,0.638,286.685,37.555,-64.540,Pitch
0.243,-0.569,1.134,286.685,43.400,-45.579,Pitch
0.104,-0.370,1.115,-12.688,63.998,17.036,Pitch
0.074,-0.442,0.736,-286.685,37.441,78.628,Pitch
0.194,-0.548,0.726,-286.685,-25.690,104.755,Pitch
0.066,-0.498,0.609,-286.685,-39.051,96.442,Pitch
0.327,-0.655,0.269,-286.685,34.536,51.380,Pitch
0.113,-0.625,0.156,-286.685,-11.051,53.620,Pitch
0.539,-1.580,-0.755,-286.589,-81.812,98.840,Pitch
0.121,-1.438,-0.481,124.469,-70.245,104.466,Pitch
0.090,-1.080,-0.210,286.177,28.219,-42.350,Pitch
-0.120,-0.534,-0.095,286.685,24.465,-72.677,Pitch
0.270,-0.819,0.446,286.685,5.049,-75.652,Pitch
0.316,-0.502,0.803,286.685,-34.493,-52.036,Pitch
0.379,-0.582,0.979,286.685,-59.211,-38.272,Pitch
0.363,-0.371,0.798,65.056,-63.656,-53.200,Pitch
0.328,-0.481,0.776,-152.889,-24.316,0.560,Pitch
0.437,-0.488,0.816,-264.180,31.999,-3.316,Pitch
0.203,-0.602,0.886,-286.685,86.949,-11.113,Pitch
0.233,-0.837,0.152,-286.685,-38.447,-14.044,Pitch
0.205,-0.692,0.158,-286.685,-29.417,-13.676,Pitch
0.705,-1.136,0.333,-285.950,169.899,-41.799,Pitch
0.100,-1.019,-0.946,223.659,11.471,18.760,Pitch
0.545,-0.821,0.092,286.685,-120.348,74.323,Pitch
0.138,-0.487,0.804,286.685,12.828,3.859,Pitch
0.128,-0.176,0.945,286.685,-38.421,6.457,Pitch
0.330,-0.177,1.081,286.685,-68.618,-38.255,Pitch
0.216,-0.178,0.989,52.264,37.240,-34.309,Pitch
0.172,-0.273,0.828,-282.747,64.050,47.268,Pitch
0.097,-0.264,0.779,-286.685,8.584,81.725,Pitch
0.102,-0.332,0.871,-286.685,-25.891,38.360,Pitch
0.139,-0.670,0.401,-286.685,26.670,31.964,Pitch
0.101,-0.695,0.293,-286.685,-31.360,26.827,Pitch
0.492,-1.225,-0.624,-286.685,-36.636,22.864,Pitch
0.410,-1.301,-0.777,-1.067,-124.390,59.553,Pitch
0.351,-0.765,-0.243,269.570,-106.794,84.376,Pitch
0.283,-0.918,-0.123,286.685,16.538,-39.296,Pitch
0.051,-0.832,0.075,286.685,54.574,-105.945,Pitch
0.129,-0.787,0.754,286.685,-22.409,-135.389,Pitch
0.267,-0.510,1.060,286.685,-67.874,-62.895,Pitch
0.290,-0.465,1.094,234.701,-5.504,-45.710,Pitch
0.241,-0.417,0.722,8.330,40.460,-9.004,Pitch
0.151,-0.388,0.640,-167.729,41.493,55.344,Pitch
0.212,-0.385,0.689,-286.169,9.380,59.518,Pitch
0.259,-0.512,0.760,-286.685,57.689,10.439,Pitch
0.151,-0.680,0.593,-286.685,51.065,-8.995,Pitch
0.178,-0.915,-0.173,-286.685,93.223,-27.746,Pitch
0.310,-1.280,-0.664,-286.685,-99.601,-15.356,Pitch
0.270,-1.415,-0.875,225.960,66.342,-56.411,Pitch
0.329,-0.762,-0.495,286.685,-105.875,-60.550,Pitch
0.420,-0.783,0.754,286.685,3.168,-80.395,Pitch
0.142,-0.235,0.740,286.685,34.772,-101.806,Pitch
0.253,-0.284,0.885,286.685,-12.364,-48.764,Pitch
0.368,-0.330,0.936,216.982,30.336,-54.941,Pitch
0.139,-0.269,0.732,-21.061,52.990,-4.856,Pitch
0.097,-0.294,0.756,-268.205,-2.721,40.259,Pitch
0.243,-0.479,1.017,-286.685,-26.985,31.343,Pitch
0.010,-0.294,0.818,-286.685,-10.780,-14.000,Pitch
0.148,-0.390,0.554,-286.685,-7.971,-0.359,Pitch
0.289,-0.904,0.180,-286.685,-60.121,41.869,Pitch
0.905,-1.467,-0.484,-286.492,-185.010,53.252,Pitch
0.421,-1.169,-0.548,181.921,-67.646,10.167,Pitch
0.560,-0.903,-0.144,286.685,-10.325,-19.022,Pitch
0.407,-0.926,0.100,286.685,131.819,-107.249,Pitch
0.144,-0.461,0.603,286.685,189.770,-93.327,Pitch
0.005,-0.247,0.656,286.685,109.060,-22.934,Pitch
0.047,-0.319,0.849,286.685,45.815,35.928,Pitch
0.234,-0.492,1.276,85.076,-2.328,-1.278,Pitch
0.056,-0.408,0.787,-223.781,26.302,84.201,Pitch
0.051,-0.477,0.763,-286.685,-32.751,140.114,Pitch
0.079,-0.578,0.797,-286.685,-86.494,164.325,Pitch
0.237,-0.681,0.592,-286.685,-45.036,167.624,Pitch
0.127,-0.735,0.393,-286.685,98.341,33.180,Pitch
0.244,-0.859,0.076,-286.685,19.390,58.949,Pitch
0.050,-1.184,-0.582,-286.685,9.153,53.996,Pitch
-0.038,-0.955,-0.262,-135.476,115.684,3.815,Pitch
-0.104,-1.148,-0.613,-21.761,25.384,-57.697,Pitch
-0.022,-1.095,-0.383,174.379,-57.601,-119.438,Pitch
0.231,-1.002,-0.260,286.650,-96.250,-149.406,Pitch
0.434,-0.937,0.265,286.685,-73.491,-112.000,Pitch
0.376,-0.770,0.360,286.685,-8.304,-115.789,Pitch
0.329,-0.426,0.564,286.685,-43.951,-68.259,Pitch
0.308,-0.360,0.800,286.685,-14.744,-46.550,Pitch
0.166,-0.428,0.917,281.715,21.429,-26.924,Pitch
0.234,-0.408,1.088,-63.796,43.417,11.427,Pitch
0.254,-0.385,0.922,-286.676,3.036,38.386,Pitch
0.335,-0.464,0.774,-286.685,2.879,26.250,Pitch
0.313,-0.542,0.482,-286.685,34.877,16.914,Pitch
0.200,-0.895,0.160,-286.685,27.860,-24.780,Pitch
0.315,-0.793,-0.012,-286.685,25.891,-12.828,Pitch
0.336,-1.139,-0.700,-282.616,76.221,34.632,Pitch
0.412,-1.088,-0.834,-36.269,-30.879,60.576,Pitch
0.181,-0.978,-0.185,224.420,-33.766,46.095,Pitch
0.171,-0.954,0.048,286.685,-45.447,-19.819,Pitch
0.262,-1.004,-0.107,286.685,-57.662,-24.850,Pitch
0.309,-0.966,0.234,286.685,-78.942,-6.064,Pitch
0.337,-0.653,0.734,286.685,-86.205,5.023,Pitch
0.344,-0.411,0.961,286.685,-50.155,-5.093,Pitch
0.383,-0.252,0.894,207.874,0.814,-41.353,Pitch
0.141,-0.480,0.694,-21.796,35.472,-0.044,Pitch
0.149,-0.297,0.828,-278.198,42.000,7.140,Pitch
0.118,-0.427,0.915,-286.685,70.201,17.964,Pitch
0.030,-0.369,0.527,-286.685,62.309,25.130,Pitch
0.019,-0.439,0.225,-286.685,31.185,-16.529,Pitch
0.306,-0.915,-0.453,-286.685,25.935,-33.530,Pitch
0.466,-1.356,-0.968,-231.376,-38.605,24.054,Pitch
0.414,-0.988,-0.722,242.051,-31.019,-1.636,Pitch
0.392,-1.072,-0.412,286.685,-14.499,-34.283,Pitch
0.435,-0.942,0.290,286.685,-27.361,-74.891,Pitch
0.252,-0.595,0.538,286.685,50.750,-139.519,Pitch
0.232,-0.458,0.990,286.685,1.076,-67.113,Pitch
0.306,-0.414,1.001,286.685,12.863,-21.035,Pitch
0.216,-0.213,0.895,146.956,55.615,3.194,Pitch
0.086,-0.373,0.854,-173.215,57.365,64.522,Pitch
0.107,-0.386,0.795,-286.685,26.766,103.652,Pitch
0.091,-0.395,0.762,-286.685,-4.629,85.820,Pitch
0.152,-0.558,0.355,-286.685,-2.695,47.932,Pitch
0.259,-0.925,0.131,-286.685,-21.000,59.185,Pitch
0.532,-1.124,-0.431,-286.685,60.095,45.482,Pitch
0.162,-1.400,-0.620,-273.184,81.139,31.404,Pitch
0.239,-1.322,-0.618,138.810,-74.944,22.216,Pitch
0.199,-0.912,0.033,286.685,-65.966,-75.880,Pitch
0.378,-0.988,0.213,286.685,40.644,-180.197,Pitch
0.281,-0.803,0.473,286.685,49.184,-153.545,Pitch
0.215,-0.524,0.769,286.685,-12.932,-78.426,Pitch
0.240,-0.343,0.673,286.685,-45.010,-17.684,Pitch
0.282,-0.535,0.964,14.709,-13.729,22.330,Pitch
0.069,-0.424,0.592,-212.450,40.285,70.105,Pitch
0.148,-0.474,0.649,-286.685,2.957,113.986,Pitch
0.272,-0.333,0.478,-286.685,38.649,102.463,Pitch
0.093,-0.971,0.142,-286.685,76.982,34.694,Pitch
0.666,-0.582,0.302,-286.685,56.542,33.862,Pitch
0.030,-1.398,-0.492,-286.685,27.230,72.616,Pitch
0.099,-1.658,-0.758,-87.045,-165.917,35.499,Pitch
0.665,-0.958,-0.132,286.685,-170.363,-18.034,Pitch
0.444,-1.055,-0.128,286.685,51.100,-60.121,Pitch
0.126,-0.872,0.382,286.685,80.316,-124.171,Pitch
0.024,-0.432,0.486,286.685,55.597,-69.912,Pitch
-0.067,-0.618,0.690,286.685,9.188,-45.465,Pitch
-0.046,-0.566,0.813,254.704,11.637,5.679,Pitch
-0.029,-0.587,0.936,-44.467,32.042,36.216,Pitch
-0.178,-0.946,0.704,-189.875,-47.057,16.153,Pitch
0.025,-0.777,0.756,-188.869,-16.529,-132.134,Pitch
0.280,-0.511,1.000,-286.641,-14.542,-155.068,Pitch
0.400,-0.340,0.790,-286.685,-32.419,-114.240,Pitch
0.913,-0.477,0.448,-286.685,-244.423,67.874,Pitch
0.124,-1.390,-0.636,-211.120,-78.050,69.431,Pitch
0.302,-0.907,0.094,-169.041,29.925,-25.515,Pitch
0.287,-0.693,0.023,-243.749,59.675,-26.329,Pitch
0.279,-0.823,-0.037,-286.685,37.109,1.610,Pitch
0.331,-1.036,-0.491,-286.186,-49.840,32.716,Pitch
0.293,-0.867,-0.624,-182.254,-23.301,46.025,Pitch
0.362,-0.884,-0.768,28.945,45.439,17.299,Pitch
0.421,-1.062,-0.721,256.987,97.991,-12.994,Pitch
0.314,-0.910,-0.725,286.685,-3.911,-8.102,Pitch
0.067,-0.494,0.654,286.685,-29.724,-47.548,Pitch
0.426,-0.556,0.717,286.685,44.975,-84.866,Pitch
0.377,-0.233,0.998,286.685,23.389,-39.235,Pitch
0.290,-0.376,1.179,281.619,56.700,17.045,Pitch
0.090,-0.359,0.987,-88.673,57.671,54.521,Pitch
0.205,-0.267,0.940,-286.685,20.405,23.371,Pitch
0.120,-0.219,0.775,-286.685,-24.990,-19.679,Pitch
0.080,-0.449,0.124,-286.685,-19.766,-50.811,Pitch
0.396,0.100,-0.090,-286.685,-102.244,37.196,Pitch
0.761,-1.165,-0.835,-286.685,-82.136,276.658,Pitch
-0.098,-1.473,-1.024,-248.036,-76.160,286.169,Pitch
-0.454,-1.091,-0.842,251.904,-124.119,133.700,Pitch
-0.143,-1.068,-0.318,286.685,-85.558,-107.065,Pitch
0.121,-0.928,0.093,286.685,-150.273,-89.058,Pitch
0.235,-0.707,0.164,286.685,-124.994,-104.965,Pitch
0.204,-0.508,0.775,286.685,-93.284,-162.286,Pitch
0.303,-0.576,1.022,286.685,-16.642,-170.266,Pitch
0.158,-0.453,0.807,78.619,17.763,-88.882,Pitch
0.103,-0.381,0.812,-225.986,75.626,-4.568,Pitch
0.074,-0.411,0.842,-286.685,89.810,-30.188,Pitch
-0.100,-0.195,0.731,-286.685,24.071,-58.590,Pitch
0.533,-0.645,0.367,-286.685,34.300,-110.268,Pitch
0.076,-0.645,-0.674,-286.685,17.649,-67.296,Pitch
0.539,-1.144,-0.947,-115.622,49.945,-42.035,Pitch
0.299,-1.005,-0.542,48.834,-8.453,-3.789,Pitch
0.653,-1.195,-0.687,231.490,9.809,-51.678,Pitch
0.451,-0.863,-0.220,286.685,-16.135,-14.123,Pitch
0.254,-0.861,-0.029,286.685,-6.912,25.926,Pitch
0.175,-0.472,0.389,286.685,-3.885,41.335,Pitch
0.178,-0.397,0.753,286.685,54.635,24.246,Pitch
0.147,-0.668,1.459,216.370,32.987,44.888,Pitch
0.153,-0.617,1.201,-213.902,-58.765,37.074,Pitch
0.342,-0.515,0.749,-286.685,-31.701,19.233,Pitch
0.163,-0.714,0.992,-286.685,-40.390,34.143,Pitch
0.392,-0.661,0.118,-286.685,-49.682,-11.191,Pitch
0.182,-0.739,0.235,-286.685,-35.341,2.144,Pitch
0.400,-1.010,-0.543,-286.685,0.665,55.676,Pitch
0.127,-0.870,-0.498,-232.111,26.110,81.506,Pitch
0.120,-0.680,-0.318,-133.831,12.863,14.000,Pitch
0.280,-0.927,-0.508,-42.516,-17.911,14.193,Pitch
0.222,-0.778,-0.554,31.552,-25.331,-3.237,Pitch
0.274,-0.716,-0.653,222.049,-51.345,-23.975,Pitch
0.374,-0.586,-0.290,286.685,-48.388,-48.064,Pitch
0.053,-0.685,0.345,286.685,-49.018,-32.533,Pitch
0.242,-0.839,0.755,286.685,-73.850,-33.670,Pitch
0.339,-0.746,1.039,286.685,-25.979,-64.942,Pitch
0.294,-0.653,1.054,286.562,10.211,-11.795,Pitch
0.340,-0.477,1.040,16.791,73.544,14.061,Pitch
0.151,-0.373,1.008,-210.079,71.374,47.478,Pitch
0.204,-0.549,0.916,-286.685,22.024,58.266,Pitch
0.059,-0.422,0.336,-286.685,-21.079,46.261,Pitch
0.351,-0.369,0.085,-286.685,29.951,120.522,Pitch
0.085,-0.512,-0.590,-286.685,61.548,131.548,Pitch
0.079,-1.285,-0.718,-225.995,31.526,141.426,Pitch
-0.074,-1.313,-0.727,7.184,15.444,56.280,Pitch
-0.010,-1.251,-0.508,169.137,31.167,-64.724,Pitch
0.036,-0.825,-0.106,212.712,18.121,-94.238,Pitch
0.079,-1.045,-0.257,168.035,21.087,-99.400,Pitch
0.249,-0.850,-0.210,210.166,41.939,-108.579,Pitch
0.231,-0.612,0.068,286.685,-96.311,-33.329,Pitch
0.160,-1.038,0.151,286.685,-52.045,-45.316,Pitch
0.333,-0.703,0.267,286.685,-54.329,-75.836,Pitch
0.505,-0.613,0.420,286.685,-43.400,-61.162,Pitch
0.503,-0.596,0.600,286.685,18.996,-11.139,Pitch
0.225,-0.411,0.937,284.182,36.444,-30.074,Pitch
0.339,-0.506,1.028,120.829,24.710,-40.224,Pitch
0.193,-0.429,1.132,-26.696,76.405,-1.724,Pitch
0.078,-0.448,1.419,-270.034,51.048,37.940,Pitch
0.009,-0.383,1.163,-286.685,-7.236,69.676,Pitch
0.197,-0.280,0.545,-286.685,-60.296,85.610,Pitch
0.329,-0.458,-0.347,-286.685,-54.766,103.154,Pitch
-0.008,-1.026,-1.702,-286.685,-6.326,113.374,Pitch
0.086,-1.025,-0.971,-164.027,79.004,23.503,Pitch
0.048,-0.762,-0.583,22.872,3.999,33.985,Pitch
0.047,-0.859,-0.822,276.019,-44.853,-4.244,Pitch
0.053,-0.813,-0.298,286.685,-114.467,2.047,Pitch
0.050,-0.596,0.420,286.685,-176.208,5.023,Pitch
0.306,-0.548,0.656,286.685,-33.416,-35.805,Pitch
0.200,-0.347,0.840,286.685,-8.969,8.435,Pitch
0.180,-0.495,1.586,278.434,-50.662,-16.135,Pitch
0.184,-0.611,1.268,15.400,-34.055,-60.900,Pitch
0.083,-0.398,1.079,-204.068,-21.604,-31.728,Pitch
0.020,-0.499,1.104,-286.685,-8.873,-14.411,Pitch
0.184,-0.502,0.400,-286.685,-28.175,-52.868,Pitch
0.308,-0.219,0.237,-286.685,40.443,-53.655,Pitch
0.331,-0.638,-0.578,-286.685,26.267,26.014,Pitch
0.317,-1.231,-1.381,-282.319,93.730,38.623,Pitch
0.223,-1.103,-0.453,205.835,149.590,-19.302,Pitch
0.315,-0.912,-0.401,279.038,49.971,9.573,Pitch
0.307,-0.794,-0.340,286.685,-85.243,48.781,Pitch
0.055,-0.681,0.051,286.685,-143.658,103.757,Pitch
0.283,-0.239,0.667,286.685,-111.344,20.317,Pitch
0.309,-0.425,1.177,286.685,-33.749,-27.580,Pitch
0.245,-0.602,1.367,244.685,12.653,-17.876,Pitch
0.130,-0.389,1.136,-226.852,16.118,0.866,Pitch
0.069,-0.444,1.022,-286.685,4.795,-11.786,Pitch
0.034,-0.274,0.720,-286.685,14.682,-103.014,Pitch
0.157,-0.437,-0.057,-286.685,71.286,-109.191,Pitch
0.382,-0.696,-0.688,-286.685,-15.873,-32.086,Pitch
0.396,-1.157,-1.210,-188.274,86.336,21.114,Pitch
0.347,-1.046,-0.650,105.927,39.786,7.744,Pitch
0.393,-1.002,-0.579,269.552,48.011,-0.525,Pitch
0.323,-0.776,-0.608,286.685,-158.917,103.959,Pitch
0.199,-0.543,0.219,286.685,-153.825,77.893,Pitch
0.345,-0.309,0.859,286.685,-35.271,-72.144,Pitch
0.320,-0.334,1.178,286.685,-5.574,-99.120,Pitch
0.246,-0.505,1.304,262.710,18.445,-47.005,Pitch
0.196,-0.223,0.864,-210.376,82.040,31.684,Pitch
0.102,-0.415,1.036,-286.685,89.460,33.653,Pitch
-0.238,-0.464,1.151,-286.685,-82.836,-68.049,Pitch
0.356,-0.586,0.118,-286.685,-47.381,-161.245,Pitch
0.378,-0.697,-0.579,-286.685,19.355,-85.225,Pitch
0.674,-1.245,-1.387,-229.556,91.052,3.605,Pitch
0.594,-0.934,-0.537,263.769,53.200,-4.883,Pitch
0.345,-0.656,-0.712,286.685,-124.582,108.579,Pitch
0.350,-0.409,0.203,286.685,-159.906,121.126,Pitch
0.085,-0.396,1.036,286.685,32.830,-2.678,Pitch
0.530,-0.416,1.075,286.685,-104.755,-83.073,Pitch
0.041,-0.106,0.447,-128.721,95.069,-8.785,Pitch
-0.071,-0.486,1.183,-286.344,125.256,28.481,Pitch
0.036,-0.317,0.678,-286.685,-85.759,18.288,Pitch
0.074,-0.546,-0.137,-286.685,-143.946,-31.728,Pitch
1.090,-1.063,-0.236,-286.685,130.795,-24.745,Pitch
0.390,-1.269,-0.768,-209.947,134.925,-106.619,Pitch
0.605,-1.210,-0.601,104.256,29.566,-22.654,Pitch
0.489,-0.902,-0.640,286.685,-31.439,69.204,Pitch
0.364,-0.385,0.521,286.685,15.986,131.355,Pitch
0.230,0.021,0.544,286.685,87.832,53.445,Pitch
0.342,-0.267,1.030,286.685,13.834,-8.400,Pitch
0.247,-0.397,0.788,20.878,22.881,-48.204,Pitch
-0.208,-0.446,0.967,-283.483,54.548,29.269,Pitch
0.147,-0.542,1.091,-286.685,-60.576,26.670,Pitch
0.048,-0.674,0.793,-286.685,-103.285,-4.515,Pitch
0.275,-0.804,0.293,-286.685,-118.440,28.333,Pitch
0.390,-1.185,-0.082,-286.685,23.870,71.444,Pitch
0.488,-1.603,-1.053,145.145,19.976,4.900,Pitch
0.233,-1.012,-0.502,286.685,11.445,44.179,Pitch
0.227,-0.013,-0.217,286.685,21.438,1.461,Pitch
0.227,-0.274,0.451,286.685,24.202,6.081,Pitch
0.237,-0.452,1.347,283.999,0.472,-34.720,Pitch
0.271,-0.297,0.745,36.680,21.542,-26.294,Pitch
0.039,-0.328,0.998,-279.562,83.676,29.951,Pitch
-0.104,-0.735,1.181,-286.685,8.068,16.074,Pitch
0.021,-0.919,0.693,-286.685,-77.560,-3.859,Pitch
0.114,-0.863,0.421,-286.685,-168.341,12.215,Pitch
0.454,-0.949,-0.227,-286.685,12.880,-14.411,Pitch
0.334,-1.401,-0.751,-21.105,75.215,-25.611,Pitch
0.400,-0.781,-0.400,286.685,25.042,-4.637,Pitch
0.224,-0.684,0.041,286.685,84.613,21.884,Pitch
0.049,-0.435,0.563,286.685,-5.976,-37.249,Pitch
0.295,-0.496,1.188,286.685,-91.210,-92.899,Pitch
0.214,-0.173,0.772,91.761,-41.825,-67.209,Pitch
0.137,-0.370,0.813,-140.262,12.863,1.286,Pitch
0.208,-0.345,1.019,-286.685,46.165,48.790,Pitch
0.008,-0.679,0.594,-286.685,15.312,48.737,Pitch
0.142,-0.699,0.400,-286.685,-73.316,20.948,Pitch
0.378,-0.755,0.381,-286.685,-90.239,36.549,Pitch
0.250,-1.395,-0.534,-286.685,48.904,48.011,Pitch
0.168,-1.442,-0.722,163.327,12.040,42.542,Pitch
0.172,-0.671,-0.219,286.685,-93.739,5.635,Pitch
0.206,-0.670,0.020,286.685,-63.394,22.444,Pitch
0.252,-0.606,0.627,286.685,-55.632,17.194,Pitch
0.487,-0.524,1.320,281.846,-79.485,-61.075,Pitch
0.335,-0.433,0.769,-95.585,7.858,-31.719,Pitch
0.242,-0.567,0.951,-202.834,48.834,20.108,Pitch
0.224,-0.893,0.796,-286.685,-9.914,7.508,Pitch
0.419,-1.049,0.377,-286.685,-15.409,-24.448,Pitch
0.009,-0.734,0.415,-286.685,-2.100,-11.778,Pitch
-0.194,-0.420,1.156,-286.685,130.025,-34.580,Pitch
0.130,-0.924,-0.292,-179.270,32.568,-86.030,Pitch
0.567,-1.391,-0.390,-70.315,-52.745,18.559,Pitch
0.183,-0.817,0.206,-28.403,-33.355,99.908,Pitch
0.234,-0.785,-0.165,60.471,-28.516,91.997,Pitch
0.319,-1.002,-0.065,275.258,-11.314,89.565,Pitch
-0.112,-0.883,0.305,286.685,-6.650,-14.385,Pitch
0.149,-0.524,0.796,286.685,-54.819,-0.262,Pitch
0.246,-0.263,1.034,286.685,-60.069,1.487,Pitch
0.311,-0.198,1.485,286.685,-37.030,15.426,Pitch
0.306,-0.179,1.096,46.882,-18.585,31.570,Pitch
0.277,-0.094,1.074,-257.932,30.231,49.201,Pitch
0.264,-0.242,1.117,-286.685,77.271,32.226,Pitch
-0.170,-0.235,1.052,-286.685,35.604,23.809,Pitch
0.148,-0.655,0.218,-286.685,4.104,-38.439,Pitch
0.267,-0.382,-0.006,-286.685,41.274,-37.354,Pitch
0.261,-0.784,-0.307,-286.685,160.974,-38.509,Pitch
0.381,-1.484,-0.913,-101.999,24.351,-53.891,Pitch
0.385,-1.119,-0.848,286.685,10.010,15.820,Pitch
-0.068,-0.605,0.360,286.685,17.360,4.681,Pitch
0.114,-0.312,0.670,286.685,62.667,-3.036,Pitch
0.143,-0.295,0.871,286.685,32.095,-8.295,Pitch
0.258,-0.337,1.350,286.685,15.068,43.374,Pitch
0.319,-0.232,1.218,34.641,-0.752,29.619,Pitch
0.115,-0.173,0.968,-285.793,49.857,40.757,Pitch
0.101,-0.323,1.024,-286.685,32.095,40.101,Pitch
-0.064,-0.470,0.453,-286.685,-81.034,14.971,Pitch
0.037,-0.813,-0.092,-286.685,-62.597,9.196,Pitch
0.186,-0.858,0.057,-286.685,47.679,32.454,Pitch
0.235,-1.326,-0.527,-284.961,155.768,11.935,Pitch
0.095,-1.113,-0.826,223.825,-67.349,38.202,Pitch
0.198,-0.745,0.048,286.685,-88.760,-24.684,Pitch
-0.004,-0.615,0.564,286.685,41.361,-67.401,Pitch
0.035,-0.298,0.935,286.685,-0.796,-30.503,Pitch
0.305,-0.470,1.336,286.685,-24.448,-9.774,Pitch
0.235,-0.208,0.969,103.372,16.677,-25.253,Pitch
0.113,-0.303,0.949,-264.819,39.419,21.096,Pitch
0.085,-0.227,1.017,-286.685,26.031,18.795,Pitch
-0.067,-0.593,0.881,-286.685,-28.289,-20.142,Pitch
0.012,-0.604,0.301,-286.685,-43.741,-49.219,Pitch
0.154,-0.784,0.031,-286.685,-72.109,-39.042,Pitch
0.387,-1.178,-0.487,-286.685,9.616,-52.544,Pitch
0.576,-1.531,-0.859,254.826,-22.032,-10.115,Pitch
0.250,-0.783,0.334,286.685,57.409,-48.256,Pitch
-0.115,-0.386,0.698,286.685,139.020,-54.241,Pitch
0.090,-0.146,0.734,286.685,18.961,-32.821,Pitch
0.199,-0.068,0.907,286.685,-41.143,29.347,Pitch
0.284,-0.414,1.067,-37.791,-4.568,-10.701,Pitch
-0.035,-0.322,0.912,-286.685,52.141,79.765,Pitch
-0.043,-0.214,0.877,-286.685,-28.192,67.594,Pitch
0.270,-0.531,0.442,-286.685,-68.652,13.807,Pitch
0.320,-0.741,0.352,-286.685,-3.132,1.803,Pitch
0.195,-1.327,0.023,-286.685,0.700,-47.320,Pitch
0.162,-1.920,-0.951,-212.205,-64.146,-69.834,Pitch
0.704,-0.907,-0.195,286.685,-47.110,-17.343,Pitch
0.314,-0.944,0.283,286.685,86.791,-39.419,Pitch
0.022,-0.223,0.856,286.685,78.750,-21.481,Pitch
0.030,-0.416,0.613,286.685,-13.799,44.135,Pitch
0.300,-0.145,0.948,179.322,-9.012,26.224,Pitch
0.126,-0.300,0.552,-197.111,27.423,51.345,Pitch
0.165,-0.436,0.782,-286.685,10.894,32.568,Pitch
0.206,-0.510,0.747,-286.685,16.599,2.389,Pitch
0.234,-0.535,0.707,-286.685,23.511,-28.858,Pitch
0.250,-0.963,0.507,-286.685,-10.080,-77.674,Pitch
0.360,-1.206,0.331,-276.080,75.189,-76.300,Pitch
-0.347,-1.330,0.449,194.591,-99.181,-5.075,Pitch
0.697,-1.228,-0.018,286.685,-128.179,42.560,Pitch
0.428,-0.644,0.752,286.685,-30.222,37.870,Pitch
0.127,-0.305,0.990,286.685,-6.501,11.156,Pitch
0.304,-0.265,0.827,255.675,-20.440,6.843,Pitch
0.016,-0.307,0.604,-57.610,-13.335,41.632,Pitch
-0.033,0.078,0.711,-286.685,-1.732,58.572,Pitch
0.315,-0.640,0.857,-286.685,50.601,0.639,Pitch
0.220,-0.534,0.843,-286.685,17.159,-8.190,Pitch
0.361,-0.503,0.629,-286.685,104.834,-44.502,Pitch
0.371,-1.090,0.361,-286.685,156.607,-74.821,Pitch
-0.186,-1.235,0.225,-276.316,60.795,-63.735,Pitch
0.229,-1.302,0.092,179.121,-69.598,-45.447,Pitch
0.592,-1.029,0.122,286.685,-200.611,24.570,Pitch
0.624,-0.974,0.593,286.685,-38.019,-61.714,Pitch
0.351,-0.601,0.633,286.685,-1.514,-71.899,Pitch
0.186,-0.389,0.639,286.685,65.433,6.939,Pitch
-0.026,-0.465,0.556,286.685,49.901,77.691,Pitch
0.150,-0.215,1.080,34.107,1.435,97.842,Pitch
0.117,-0.455,0.985,-272.309,78.522,67.165,Pitch
-0.018,-0.574,0.804,-286.685,73.894,64.960,Pitch
-0.025,-0.547,0.921,-286.685,64.558,-12.600,Pitch
0.343,-0.497,0.745,-286.685,0.656,-53.830,Pitch
0.624,-0.898,0.647,-286.685,-94.465,29.374,Pitch
0.579,-0.910,0.020,-256.323,-46.428,60.594,Pitch
0.249,-1.001,-0.070,-120.076,-27.081,26.075,Pitch
0.182,-1.042,0.103,-74.165,20.545,8.199,Pitch
0.179,-1.186,-0.017,-25.349,74.996,-26.460,Pitch
0.208,-1.180,-0.010,74.830,44.284,-11.708,Pitch
-0.030,-0.830,-0.079,135.424,-18.480,-3.535,Pitch
0.372,-0.765,0.110,286.212,-192.447,-58.721,Pitch
0.167,-0.720,0.501,286.685,72.993,-74.804,Pitch
0.177,-0.510,1.052,286.685,24.946,-73.054,Pitch
0.206,-0.354,0.965,286.685,-44.520,-25.147,Pitch
0.191,-0.352,0.648,193.515,-45.684,15.374,Pitch
0.252,-0.410,0.838,4.979,-17.439,50.216,Pitch
0.399,-0.445,0.926,-201.775,17.010,77.184,Pitch
0.268,-0.391,0.839,-284.891,27.405,100.643,Pitch
0.182,-0.538,0.854,-286.685,-13.081,84.735,Pitch
0.650,-0.638,0.647,-286.685,79.677,63.210,Pitch
0.319,-0.724,0.477,-286.685,90.676,66.202,Pitch
-0.226,-1.068,-0.168,-286.685,29.286,26.574,Pitch
0.339,-1.609,-1.267,-36.094,-38.833,-65.030,Pitch
0.461,-1.219,-0.725,286.685,-48.772,-88.419,Pitch
0.576,-0.345,0.467,286.685,72.993,-143.071,Pitch
0.127,-0.031,1.295,286.685,15.925,-92.890,Pitch
0.489,0.473,0.909,285.329,-80.798,-22.733,Pitch
0.107,-0.250,0.746,16.048,-31.089,-11.130,Pitch
-0.176,-0.346,0.720,-173.565,46.305,50.654,Pitch
0.262,-0.521,0.880,-278.854,-7.385,58.975,Pitch
0.280,-0.376,1.287,-286.685,-15.846,85.356,Pitch
0.275,-0.634,1.055,-286.685,6.326,18.375,Pitch
0.224,-0.565,0.594,-286.685,18.603,-60.270,Pitch
0.372,-0.609,0.169,-286.685,60.200,-88.427,Pitch
0.356,-0.988,-0.064,-238.184,91.849,-32.743,Pitch
0.351,-1.029,0.147,87.089,-68.836,27.108,Pitch
0.337,-0.915,0.340,116.935,-5.486,20.650,Pitch
0.482,-1.127,0.149,116.594,47.408,8.225,Pitch
0.245,-0.877,0.257,286.685,110.766,-76.729,Pitch
0.549,-0.607,0.239,286.685,-70.359,1.470,Pitch
0.224,-0.213,0.875,286.685,81.882,-15.663,Pitch
0.291,-0.464,1.197,286.668,37.196,17.981,Pitch
0.264,-0.278,1.082,145.600,38.106,16.100,Pitch
0.218,-0.228,1.094,-115.868,34.055,6.545,Pitch
0.207,-0.380,0.993,-286.685,24.972,38.710,Pitch
0.031,-0.220,0.878,-286.685,16.677,19.206,Pitch
0.097,-0.704,0.750,-286.685,-19.250,3.439,Pitch
0.117,-0.641,0.693,-286.685,-84.691,4.375,Pitch
0.160,-0.678,0.432,-286.685,-21.997,-1.487,Pitch
0.320,-1.102,-0.174,-261.152,110.933,-21.621,Pitch
0.223,-1.229,-0.225,173.381,24.596,-42.569,Pitch
0.429,-1.027,-0.168,286.685,-61.180,-72.397,Pitch
0.412,-0.516,0.765,286.685,31.868,-45.360,Pitch
0.334,-0.392,0.728,286.685,117.696,-38.045,Pitch
0.225,-0.272,1.133,286.685,61.600,2.520,Pitch
0.094,0.049,0.940,110.582,-16.966,-39.533,Pitch
0.098,-0.343,0.826,-184.581,-28.814,-19.653,Pitch
0.225,-0.182,0.889,-283.806,-44.590,-19.329,Pitch
0.109,-0.264,0.823,-286.685,-32.375,-27.326,Pitch
0.083,-0.593,0.782,-286.685,-17.824,33.906,Pitch
0.006,-0.621,0.467,-286.685,-46.541,35.429,Pitch
0.309,-0.661,0.533,-286.685,-115.868,-20.011,Pitch
0.407,-1.214,-0.450,-286.580,-115.456,-16.415,Pitch
0.866,-1.632,-0.695,188.387,-70.647,17.824,Pitch
0.541,-0.780,0.398,286.685,23.161,-22.601,Pitch
0.517,-0.631,0.750,286.685,253.592,-76.641,Pitch
-0.237,-0.458,0.949,286.685,182.613,-32.454,Pitch
0.103,-0.253,0.782,286.685,-21.884,49.105,Pitch
0.246,-0.159,0.990,81.664,-24.719,8.260,Pitch
0.158,-0.384,0.880,-273.884,20.204,23.826,Pitch
0.001,-0.322,0.795,-286.685,10.334,24.771,Pitch
-0.006,-0.503,0.662,-286.685,-32.681,-3.447,Pitch
0.157,-0.872,0.476,-286.685,-102.025,0.341,Pitch
0.628,-0.944,0.273,-286.685,10.062,-5.504,Pitch
0.535,-1.075,0.100,-267.041,39.042,17.448,Pitch
0.324,-1.280,-0.405,-60.261,-11.629,25.716,Pitch
0.485,-1.209,-0.146,264.547,-84.376,15.278,Pitch
0.492,-0.835,0.008,286.685,-24.946,10.395,Pitch
0.226,-0.624,0.660,286.685,96.241,-11.025,Pitch
0.102,-0.484,0.961,286.685,64.846,-2.345,Pitch
0.120,-0.030,0.987,252.473,-53.786,-1.067,Pitch
0.078,-0.192,0.719,-119.210,6.230,-9.249,Pitch
0.030,-0.234,0.815,-283.579,45.412,-6.492,Pitch
-0.053,-0.476,0.727,-286.685,36.452,-25.865,Pitch
-0.026,-0.666,0.550,-286.685,-28.315,-3.622,Pitch
0.143,-0.665,0.503,-286.685,-54.722,22.671,Pitch
0.646,-0.995,0.407,-260.242,135.004,46.349,Pitch
0.231,-1.379,0.051,-64.146,71.846,54.390,Pitch
-0.036,-1.410,0.018,279.676,-95.988,85.382,Pitch
-0.070,-0.555,-0.433,286.685,-277.987,83.878,Pitch
0.394,-0.017,0.849,286.685,-90.598,9.940,Pitch
0.471,-0.211,1.255,285.224,-36.592,-26.101,Pitch
0.242,-0.153,0.977,26.504,-15.137,-33.845,Pitch
0.085,-0.093,1.048,-188.598,22.890,-24.544,Pitch
0.041,-0.282,0.949,-283.133,35.674,-22.461,Pitch
0.036,-0.426,1.013,-286.685,27.956,-3.045,Pitch
0.010,-0.411,0.704,-286.685,14.306,-20.353,Pitch
0.026,-0.425,0.425,-286.685,-26.119,-73.001,Pitch
0.280,-0.746,0.023,-286.685,6.213,-134.584,Pitch
0.220,-1.256,-0.324,-248.325,219.310,-118.554,Pitch
0.480,-1.383,-0.293,194.626,4.226,-94.684,Pitch
0.383,-0.931,-0.151,286.685,-75.311,-37.249,Pitch
0.622,-0.920,0.131,286.685,-88.279,-17.395,Pitch
0.620,-0.227,0.629,286.685,-2.739,6.169,Pitch
0.541,-0.487,0.928,286.685,83.283,-18.191,Pitch
0.207,-0.175,0.864,251.842,62.764,-32.917,Pitch
-0.049,-0.198,0.750,-125.116,28.114,-37.441,Pitch
0.088,-0.195,0.885,-285.189,-20.895,-39.454,Pitch
0.170,-0.497,0.827,-286.685,-39.419,-12.163,Pitch
0.196,-0.608,0.546,-286.685,-94.640,46.708,Pitch
0.306,-0.703,0.452,-286.685,-82.049,51.835,Pitch
0.415,-0.911,0.094,-286.685,108.701,43.960,Pitch
0.517,-1.300,-0.438,-285.941,12.198,27.764,Pitch
0.833,-1.418,-0.626,150.447,-135.818,46.042,Pitch
0.499,-1.083,-0.070,286.685,-45.631,-0.945,Pitch
0.592,-0.673,0.531,286.685,0.551,-59.080,Pitch
0.145,-0.507,0.679,286.685,155.417,-29.024,Pitch
0.158,-0.485,0.832,286.685,27.930,2.441,Pitch
0.208,-0.124,0.887,251.773,-21.735,-19.950,Pitch
0.088,-0.419,0.672,-107.389,-4.742,-10.894,Pitch
0.092,-0.441,0.854,-286.685,15.260,3.868,Pitch
-0.063,-0.159,0.661,-286.685,-10.727,-5.705,Pitch
0.090,-0.685,0.608,-286.685,-30.608,26.565,Pitch
0.118,-0.830,0.387,-286.685,-72.581,43.216,Pitch
0.486,-1.343,-0.059,-286.641,-39.349,-8.321,Pitch
0.795,-1.507,-0.693,112.473,-106.881,-9.555,Pitch
0.593,-1.107,0.180,286.685,9.931,14.621,Pitch
0.520,-1.170,0.376,286.685,122.036,-55.090,Pitch
0.097,-0.463,0.435,286.685,115.902,-9.021,Pitch
0.392,-0.043,0.653,286.685,-64.129,-23.257,Pitch
0.167,-0.247,1.481,283.194,41.650,-121.021,Pitch
0.076,-0.523,0.547,-63.980,123.296,-115.202,Pitch
0.068,-0.272,0.622,-225.137,26.084,-53.611,Pitch
0.081,-0.436,0.952,-286.685,-25.296,-73.780,Pitch
0.113,-0.707,0.882,-286.685,-54.031,-55.974,Pitch
0.022,-0.374,0.668,-284.174,-80.518,-34.309,Pitch
0.399,-0.843,0.388,-285.766,25.970,-84.875,Pitch
0.358,-1.135,0.500,-283.237,-50.566,-56.166,Pitch
0.298,-1.114,0.391,-286.685,-107.546,20.353,Pitch
0.316,-0.900,0.335,-286.685,-121.616,27.991,Pitch
0.490,-1.036,0.035,-286.685,-119.175,33.460,Pitch
0.571,-0.817,-0.042,-266.166,-112.639,117.206,Pitch
0.286,-0.894,-0.466,-92.339,-37.975,135.214,Pitch
0.287,-1.026,-0.315,24.657,1.645,73.027,Pitch
0.347,-1.012,0.064,171.754,28.831,10.448,Pitch
0.340,-1.107,0.539,280.525,-65.879,15.137,Pitch
-0.095,-1.070,-1.108,286.685,65.809,-15.689,Pitch
0.168,-0.487,0.682,286.685,95.646,-42.998,Pitch
0.210,-0.351,0.810,286.685,29.846,45.780,Pitch
0.187,-0.245,1.002,286.685,-49.193,62.965,Pitch
0.346,-0.276,0.862,92.435,-56.577,-19.390,Pitch
0.198,-0.328,0.814,-25.016,2.118,-8.199,Pitch
0.188,-0.460,0.949,-150.456,40.775,-26.556,Pitch
0.167,-0.280,1.281,-286.431,76.300,-55.326,Pitch
-0.118,-0.108,0.704,-286.685,3.237,-70.997,Pitch
0.115,-0.632,0.575,-286.685,-76.536,-63.228,Pitch
-0.005,-0.635,0.125,-286.685,-199.859,-20.011,Pitch
0.358,-1.720,-0.610,-285.617,-212.432,-27.580,Pitch
0.564,-1.238,-0.458,245.919,5.119,-14.271,Pitch
0.532,-1.147,-0.195,286.685,119.114,-79.004,Pitch
0.529,-0.746,-0.001,286.685,224.175,-74.821,Pitch
-0.232,-0.038,0.650,286.685,205.870,-18.812,Pitch
0.247,-0.206,0.746,286.685,16.520,17.167,Pitch
0.102,-0.261,1.018,222.180,-0.516,16.835,Pitch
0.120,-0.297,0.993,35.735,5.932,12.477,Pitch
0.176,-0.330,1.037,-221.025,12.416,-2.835,Pitch
0.034,-0.216,0.934,-286.685,16.188,-11.191,Pitch
0.018,-0.742,0.751,-286.685,-40.224,-4.253,Pitch
-0.044,-0.800,0.740,-286.685,-179.629,-7.674,Pitch
0.341,-0.968,0.147,-286.685,-229.232,-16.415,Pitch
0.591,-1.273,-0.474,-190.304,-87.684,14.385,Pitch
0.694,-1.251,-0.186,236.688,23.695,5.775,Pitch
0.600,-0.810,0.231,286.685,216.414,-92.794,Pitch
-0.164,-0.188,0.816,286.685,265.431,-63.429,Pitch
0.316,-0.423,0.890,286.685,-28.254,46.611,Pitch
0.150,-0.111,0.956,259.919,-52.736,26.679,Pitch
0.178,-0.354,0.894,-91.936,-5.031,10.404,Pitch
0.157,-0.215,0.945,-278.355,17.763,3.447,Pitch
0.132,-0.242,0.880,-286.685,21.236,-37.406,Pitch
0.122,-0.689,0.683,-286.685,-41.029,-74.069,Pitch
0.169,-0.923,0.459,-286.685,-163.074,-47.644,Pitch
0.370,-0.819,0.213,-286.685,-174.099,-17.404,Pitch
0.314,-1.217,0.094,-228.874,-27.694,1.872,Pitch
1.084,-1.015,-0.559,254.161,-77.061,19.705,Pitch
0.763,-1.045,0.225,286.685,161.971,-34.326,Pitch
0.304,-0.457,0.680,286.685,285.871,-17.929,Pitch
0.173,-0.293,0.996,286.685,114.896,-7.262,Pitch
-0.037,-0.085,1.039,275.310,-11.506,21.341,Pitch
0.084,-0.281,0.656,-50.146,13.142,28.796,Pitch
0.097,-0.142,0.770,-201.871,-6.545,-0.044,Pitch
-0.082,-0.135,0.893,-285.924,-25.900,-17.141,Pitch
0.124,-0.524,0.992,-286.685,-18.664,4.847,Pitch
0.025,-0.671,0.796,-286.685,-79.257,24.509,Pitch
0.209,-1.017,0.430,-286.685,-133.893,-17.859,Pitch
0.401,-1.018,0.414,-286.685,-116.217,-27.108,Pitch
0.601,-1.149,-0.348,-266.744,-69.965,14.761,Pitch
0.493,-1.088,-0.282,-8.304,-87.710,112.490,Pitch
0.434,-1.107,-0.094,202.598,31.237,87.378,Pitch
0.329,-0.489,-0.163,286.685,45.255,-19.110,Pitch
0.091,-0.468,0.436,286.685,123.217,-23.529,Pitch
0.184,-0.301,1.110,286.685,47.635,10.124,Pitch
0.159,0.152,1.282,282.896,-58.966,-15.068,Pitch
0.121,-0.232,0.991,-34.064,0.350,-9.109,Pitch
-0.004,-0.209,0.976,-219.686,33.040,14.271,Pitch
0.114,-0.338,0.971,-286.685,10.640,-16.712,Pitch
-0.024,-0.363,0.858,-286.685,-27.886,-32.725,Pitch
0.081,-0.601,0.516,-286.685,-69.808,-19.556,Pitch
0.154,-0.593,0.427,-286.685,-126.709,3.509,Pitch
0.716,-1.035,-0.131,-286.685,49.088,-11.323,Pitch
0.377,-1.338,-0.424,-196.648,15.085,-8.977,Pitch
0.244,-1.203,-0.378,128.319,-56.691,36.899,Pitch
0.391,-1.119,-0.413,281.339,-58.861,4.524,Pitch
0.421,-0.768,0.317,286.685,83.099,-58.450,Pitch
0.112,-0.567,0.782,286.685,140.009,-50.592,Pitch
0.248,-0.381,1.042,286.685,44.161,-5.128,Pitch
0.267,-0.072,1.148,285.801,-23.459,-9.310,Pitch
0.114,-0.208,0.787,-14.788,-26.968,-15.024,Pitch
0.197,-0.280,0.711,-277.559,-65.100,6.843,Pitch
0.114,-0.371,0.968,-286.685,-79.966,-13.991,Pitch
0.239,-0.447,0.807,-286.685,-34.764,-15.453,Pitch
-0.088,-0.639,0.667,-286.685,-46.681,-18.226,Pitch
0.563,-0.989,0.404,-286.685,-130.996,-25.121,Pitch
0.573,-1.193,-0.032,-123.086,-50.855,-52.439,Pitch
0.656,-0.825,-0.049,220.106,-63.971,-38.185,Pitch
0.755,-0.894,0.122,286.685,97.720,-72.249,Pitch
0.675,-0.771,0.680,286.685,183.365,-85.111,Pitch
0.327,-0.362,0.824,286.685,214.970,-87.973,Pitch
0.052,-0.248,0.805,286.685,120.356,-56.936,Pitch
0.055,-0.266,0.752,127.321,14.201,7.035,Pitch
0.161,-0.277,0.798,-39.603,-11.559,16.135,Pitch
0.011,-0.086,0.726,-284.996,-79.853,9.844,Pitch
0.349,-0.519,0.681,-286.685,-104.641,13.816,Pitch
0.235,-0.669,0.551,-286.685,-69.326,24.465,Pitch
0.352,-0.465,0.545,-286.685,-78.234,103.425,Pitch
0.547,-1.196,0.124,-286.685,55.037,116.147,Pitch
0.162,-1.618,-0.136,-250.495,19.233,159.224,Pitch
0.472,-1.461,-0.230,127.619,-64.636,140.105,Pitch
0.049,-1.190,0.037,236.057,-35.665,74.699,Pitch
0.030,-1.022,0.141,277.769,-65.030,-10.474,Pitch
0.103,-0.866,-0.017,269.666,-28.534,-7.508,Pitch
0.058,-0.777,0.042,286.685,45.342,31.439,Pitch
0.265,-0.828,0.701,250.705,38.194,60.541,Pitch
-0.031,-0.498,0.669,25.462,44.748,132.466,Pitch
-0.002,-0.708,0.461,-86.118,-3.124,172.445,Pitch
0.018,-0.723,0.526,-150.640,-89.469,194.303,Pitch
0.547,-0.904,1.199,-165.331,-48.440,197.908,Pitch
-0.230,-1.026,0.335,-283.325,164.701,224.753,Pitch
-0.485,-0.813,-0.224,-286.650,112.105,189.236,Pitch
-0.567,-0.788,-0.407,-165.812,183.304,113.199,Pitch
-1.026,-1.299,-0.689,134.899,259.884,31.395,Pitch
-0.782,-0.688,0.208,286.685,76.650,-171.290,Pitch
-0.173,-0.447,0.641,286.685,-286.685,29.094,Pitch
-0.623,-1.145,0.864,286.685,-286.685,-36.785,Pitch
0.099,-0.173,0.529,286.685,-251.571,-172.655,Pitch
0.333,-0.038,1.045,180.425,-11.165,-97.037,Pitch
0.539,-0.007,1.078,-28.499,138.469,-70.595,Pitch
0.341,0.150,1.262,-282.704,286.606,-48.265,Pitch
0.049,-0.313,0.853,-286.685,286.685,-48.256,Pitch
-0.202,-0.063,0.404,-286.685,286.685,-110.294,Pitch
-0.569,-0.548,-0.064,-286.685,264.128,-144.357,Pitch
-0.279,-1.530,-0.265,-186.576,14.420,-48.746,Pitch
-0.653,-1.665,-0.313,208.556,-112.359,78.461,Pitch
-0.444,-1.078,0.302,286.685,-260.015,30.371,Pitch
-0.496,-0.713,0.488,286.685,-248.447,24.587,Pitch
-0.314,-0.602,0.776,286.685,-286.685,-89.469,Pitch
0.216,-0.186,0.849,286.685,-282.415,-144.568,Pitch
0.343,-0.094,0.896,67.856,-42.289,-60.585,Pitch
0.453,0.030,1.094,-273.700,155.619,-69.755,Pitch
0.328,0.009,1.060,-286.685,260.908,-64.277,Pitch
0.245,-0.267,1.075,-286.685,224.429,-2.625,Pitch
-0.196,-0.503,0.665,-286.685,32.244,57.365,Pitch
-0.418,-1.336,-0.405,-284.979,-55.641,56.525,Pitch
-0.596,-1.731,-0.464,64.811,-225.479,-2.774,Pitch
-0.509,-1.205,-0.513,264.302,-202.239,-10.754,Pitch
-0.225,-0.548,-0.232,286.685,-211.794,-0.971,Pitch
0.228,-0.467,0.754,274.943,-59.299,29.067,Pitch
-0.113,-0.570,0.751,47.556,181.247,48.423,Pitch
-0.368,-0.629,0.470,-168.910,4.392,23.013,Pitch
-0.246,-0.615,0.374,-286.318,-97.029,19.267,Pitch
-0.363,-0.797,0.117,-286.685,-78.908,-3.071,Pitch
-0.443,-1.163,-0.092,-114.616,50.619,-52.045,Pitch
-0.336,-1.265,0.127,24.824,-50.173,-77.787,Pitch
-0.197,-1.290,0.227,155.033,-67.331,-60.944,Pitch
-0.110,-1.140,0.466,195.020,-99.488,-88.121,Pitch
0.065,-0.951,0.334,175.717,-114.774,-100.310,Pitch
0.254,-0.778,0.311,83.895,-74.331,-60.112,Pitch
0.317,-0.609,0.692,-116.305,27.282,28.989,Pitch
0.247,-0.609,0.440,-286.361,-30.118,93.266,Pitch
-0.014,-0.792,-0.056,-286.685,-21.971,149.896,Pitch
-0.192,-1.011,-0.331,-278.101,55.449,130.620,Pitch
-0.382,-1.222,-0.319,-141.251,65.126,50.706,Pitch
-0.491,-1.490,-0.471,38.474,34.370,-33.005,Pitch
-0.288,-1.345,-0.191,225.706,16.266,-135.975,Pitch
0.142,-0.818,0.355,286.685,-110.311,-189.455,Pitch
0.130,-0.839,0.079,286.685,-178.404,-116.646,Pitch
0.103,-0.705,0.238,286.685,-132.300,-80.465,Pitch
0.187,-0.827,0.957,285.723,-63.761,-105.184,Pitch
0.219,-0.444,0.624,50.435,87.964,-53.891,Pitch
-0.070,-0.307,1.251,32.979,64.741,-8.172,Pitch
0.186,-0.596,0.908,-45.062,33.040,-25.218,Pitch
0.310,-0.571,0.988,-108.859,-23.468,-3.832,Pitch
0.187,-0.732,0.991,-254.074,14.403,-26.845,Pitch
0.131,-0.681,0.685,-286.685,30.765,-57.724,Pitch
0.092,-0.643,0.006,-286.685,-19.985,-71.348,Pitch
0.187,-0.867,-0.203,-286.685,-49.604,-126.709,Pitch
0.349,-1.001,-0.383,-278.784,-36.076,-136.413,Pitch
0.478,-1.083,-0.493,-150.885,-57.452,-92.181,Pitch
0.512,-1.004,-0.381,81.996,-72.984,-71.225,Pitch
0.584,-1.070,-0.342,286.685,-40.836,-10.955,Pitch
0.349,-0.748,0.120,286.685,-48.221,67.751,Pitch
0.359,-0.145,0.641,286.685,4.261,87.290,Pitch
0.272,-0.088,1.423,286.685,34.020,2.835,Pitch
0.351,-0.347,0.830,110.268,52.675,-97.562,Pitch
0.205,-0.428,0.927,-131.740,50.487,-23.555,Pitch
0.312,-0.478,0.888,-286.685,26.941,13.956,Pitch
0.172,-0.460,0.770,-286.685,24.981,-5.994,Pitch
0.671,-0.725,0.652,-286.685,30.275,-105.429,Pitch
0.246,-0.538,-0.071,-286.685,-49.079,-8.627,Pitch
0.848,-1.132,-0.294,-286.414,-148.768,69.842,Pitch
0.437,-1.015,-0.699,-36.146,-0.831,51.643,Pitch
0.283,-1.173,-0.624,286.685,-56.053,-13.685,Pitch
0.352,-1.143,0.030,286.685,-26.224,-30.695,Pitch
0.449,-0.356,0.570,286.685,75.644,-18.454,Pitch
0.452,-0.390,1.334,286.685,81.165,-58.940,Pitch
0.153,-0.038,0.661,241.491,39.393,-87.001,Pitch
0.170,-0.303,0.869,-123.086,4.830,-28.228,Pitch
0.104,-0.274,0.891,-286.685,-47.014,-36.006,Pitch
0.112,-0.441,0.818,-286.685,-72.730,-57.619,Pitch
0.250,-0.582,0.533,-286.685,-108.272,-90.466,Pitch
0.483,-0.611,0.343,-286.685,-157.124,-63.936,Pitch
0.443,-0.933,-0.681,-286.685,-50.759,30.292,Pitch
0.983,-1.121,-0.701,-87.684,-62.799,10.736,Pitch
0.428,-0.798,-0.573,252.499,-58.319,83.370,Pitch
0.342,-0.936,-0.194,286.685,-44.625,21.569,Pitch
0.447,-1.062,0.395,286.685,64.934,-27.921,Pitch
0.393,-0.321,0.737,286.685,89.329,-21.236,Pitch
0.604,-0.458,1.183,286.685,80.964,-50.864,Pitch
0.071,-0.120,0.556,44.529,41.834,-47.478,Pitch
0.074,-0.288,1.061,-276.824,-23.126,23.468,Pitch
0.162,-0.404,0.765,-286.685,-94.194,14.551,Pitch
0.263,-0.518,0.713,-286.685,-120.942,-7.000,Pitch
0.458,-0.670,0.424,-286.685,-121.870,35.936,Pitch
0.589,-0.949,-0.121,-286.685,56.875,105.280,Pitch
0.554,-0.816,-0.588,-155.934,-9.380,68.250,Pitch
0.425,-0.715,-0.612,138.705,-96.618,70.560,Pitch
0.212,-0.894,-0.415,286.685,-46.751,64.750,Pitch
0.318,-1.145,0.363,286.685,-16.677,-9.712,Pitch
0.139,-0.846,1.192,286.685,53.445,-59.342,Pitch
0.372,-0.216,0.832,286.685,43.260,-110.521,Pitch
0.375,-0.585,0.944,260.111,58.275,-80.570,Pitch
-0.025,0.127,0.739,-18.751,11.060,-31.465,Pitch
0.204,-0.229,1.054,-212.511,-45.141,-44.459,Pitch
0.276,-0.454,1.049,-286.685,-67.786,-39.016,Pitch
0.364,-0.471,0.634,-286.685,-115.850,-46.445,Pitch
0.535,-0.478,0.603,-286.685,-76.073,10.054,Pitch
0.501,-0.710,0.643,-286.685,1.234,-29.872,Pitch
0.126,-0.806,0.142,-286.676,79.240,-90.711,Pitch
0.771,-1.085,-0.663,-195.510,-78.041,-23.599,Pitch
0.590,-0.938,-0.094,-5.810,-52.701,40.950,Pitch
0.571,-1.097,-0.324,84.131,46.060,11.541,Pitch
0.493,-0.919,-0.100,286.685,22.505,20.939,Pitch
0.461,-0.906,0.060,286.685,35.691,40.232,Pitch
0.114,-0.756,0.510,286.685,15.417,91.866,Pitch
0.236,-0.529,0.939,286.685,-40.075,80.246,Pitch
0.237,-0.161,1.256,284.550,-73.395,57.470,Pitch
0.451,-0.190,0.817,91.175,-43.960,9.310,Pitch
0.213,-0.278,0.838,-130.515,62.493,42.700,Pitch
0.376,-0.514,1.048,-286.685,129.194,115.159,Pitch
0.088,-0.592,0.735,-286.685,116.139,112.796,Pitch
0.095,-0.592,0.540,-286.685,66.832,91.683,Pitch
0.304,-0.748,0.533,-286.685,51.739,23.222,Pitch
0.146,-0.849,-0.183,-286.685,-0.936,44.371,Pitch
-0.014,-1.333,-0.999,-143.587,-49.035,45.745,Pitch
-0.164,-1.130,-0.341,37.459,17.833,-33.591,Pitch
0.009,-0.839,-0.417,270.182,-41.895,-82.478,Pitch
0.139,-1.018,-0.023,286.685,-96.723,-147.411,Pitch
0.438,-0.720,0.495,286.685,-84.026,-138.827,Pitch
0.377,-0.543,0.739,286.685,-5.950,-53.970,Pitch
0.332,-0.538,1.103,284.288,-16.503,-48.519,Pitch
0.359,-0.289,0.472,-6.851,-17.237,-8.767,Pitch
0.225,-0.465,0.913,-118.694,85.260,22.505,Pitch
0.190,-0.589,0.964,-245.508,99.881,37.931,Pitch
0.235,-0.706,1.282,-286.685,79.809,0.998,Pitch
0.223,-0.629,0.752,-286.685,103.049,-51.537,Pitch
0.316,-0.460,0.329,-286.685,72.196,33.022,Pitch
0.057,-0.977,-0.295,-286.685,5.206,81.209,Pitch
-0.075,-1.048,-0.663,-229.075,-53.778,67.909,Pitch
-0.077,-1.256,-0.749,51.476,-96.408,-35.709,Pitch
0.347,-0.818,-0.146,282.013,-133.122,-79.564,Pitch
0.319,-0.855,-0.271,286.685,-148.094,-53.296,Pitch
0.626,-0.863,0.442,286.685,-141.916,-37.039,Pitch
0.309,-0.472,0.783,286.685,-93.529,-10.631,Pitch
0.480,-0.372,0.892,196.682,-60.874,-46.524,Pitch
0.137,-0.276,0.915,-1.969,29.505,21.411,Pitch
0.206,-0.577,1.045,-133.122,13.519,15.382,Pitch
0.159,-0.683,0.960,-158.909,66.719,-3.360,Pitch
0.130,-0.633,1.039,-282.791,47.057,3.911,Pitch
0.390,-0.640,0.586,-286.685,7.219,-24.491,Pitch
0.170,-0.962,0.189,-286.685,46.244,21.026,Pitch
0.086,-0.927,-0.052,-286.685,107.599,-26.600,Pitch
0.361,-0.994,-0.440,-245.744,-12.854,-56.604,Pitch
0.472,-0.827,-0.480,-90.221,-34.002,22.146,Pitch
0.292,-0.892,-0.263,-3.395,-5.355,25.279,Pitch
0.268,-1.237,-0.509,231.586,-33.320,10.587,Pitch
0.166,-1.022,0.113,286.685,28.516,-14.892,Pitch
0.179,-0.874,0.324,286.685,61.031,-97.694,Pitch
0.152,-0.592,0.635,286.685,17.692,-55.344,Pitch
0.242,-0.399,0.851,286.685,-21.639,3.062,Pitch
0.225,-0.197,1.457,278.101,-34.125,-16.030,Pitch
0.158,-0.303,0.561,-89.171,60.498,-11.226,Pitch
0.206,-0.340,1.012,-285.031,-30.459,69.702,Pitch
0.096,-0.417,0.792,-286.685,-2.608,28.184,Pitch
0.024,-0.313,0.613,-286.685,-38.500,6.300,Pitch
0.439,-1.425,-0.446,-286.685,7.140,5.617,Pitch
0.446,-1.399,-1.027,-286.685,-47.583,36.216,Pitch
0.315,-0.860,-0.631,30.888,48.860,-37.153,Pitch
0.306,-0.850,-0.658,258.842,-10.045,-47.722,Pitch
0.476,-0.952,-0.299,286.685,-41.221,-30.958,Pitch
0.263,-0.706,0.393,286.685,-42.271,-30.721,Pitch
0.409,-0.319,0.818,286.685,-5.950,-64.382,Pitch
0.354,-0.480,1.418,286.685,-19.171,-59.684,Pitch
0.159,-0.217,0.548,63.945,4.305,-24.404,Pitch
0.170,-0.399,0.891,-129.973,14.455,47.303,Pitch
0.091,-0.394,0.846,-286.685,63.499,80.964,Pitch
0.103,-0.284,0.755,-286.685,70.481,72.476,Pitch
0.277,-1.032,0.418,-286.685,65.879,35.368,Pitch
0.010,-0.743,0.011,-286.685,0.971,49.131,Pitch
0.990,-1.271,-0.095,-285.408,3.316,-32.620,Pitch
0.243,-1.318,-0.903,-10.990,140.402,-37.546,Pitch
0.394,-1.157,-0.390,286.685,-40.022,14.446,Pitch
0.416,-0.871,0.046,286.685,-84.324,7.438,Pitch
0.146,-0.475,0.797,286.685,-8.391,-5.793,Pitch
0.179,-0.499,1.788,286.685,-30.704,-48.011,Pitch
0.271,-0.270,0.366,23.153,-6.466,-50.689,Pitch
0.001,-0.360,0.796,-143.911,13.877,50.619,Pitch
0.058,-0.281,0.617,-286.685,68.294,36.671,Pitch
0.077,-0.390,0.558,-286.685,33.127,25.349,Pitch
0.188,-0.812,0.547,-286.685,49.682,10.946,Pitch
0.170,-0.612,0.071,-286.685,55.974,-65.835,Pitch
0.551,-1.415,-0.967,-286.685,-32.646,-2.144,Pitch
0.745,-1.499,-0.722,-30.984,52.544,25.165,Pitch
0.163,-1.220,-0.533,286.685,-84.823,6.843,Pitch
0.097,-0.768,0.184,286.685,-118.694,8.566,Pitch
0.066,-0.550,0.555,286.685,-78.592,27.501,Pitch
0.113,-0.534,1.152,286.685,-88.287,8.837,Pitch
0.142,-0.298,0.088,-57.855,11.882,-9.642,Pitch
0.122,-0.425,0.714,-172.217,8.137,31.395,Pitch
-0.047,-0.618,0.667,-286.685,109.366,9.476,Pitch
-0.140,-0.618,0.607,-286.685,45.658,23.039,Pitch
0.241,-1.187,-0.075,-286.685,33.355,28.612,Pitch
0.303,-1.028,-0.455,-286.685,33.889,38.447,Pitch
0.357,-1.569,-0.787,-39.270,253.715,13.773,Pitch
0.284,-1.311,-0.226,261.966,74.410,-39.331,Pitch
-0.043,-1.059,-0.257,286.685,-124.994,-8.444,Pitch
0.207,-0.859,0.299,286.685,-16.354,-48.974,Pitch
-0.053,-1.020,0.332,286.685,80.631,-94.806,Pitch
0.051,-0.760,0.653,286.685,33.967,-139.274,Pitch
0.582,-0.146,1.017,233.861,-4.384,-85.592,Pitch
0.403,-0.184,0.826,-188.116,11.025,38.929,Pitch
0.347,-0.245,0.638,-286.685,-41.799,64.960,Pitch
0.039,-0.287,0.695,-286.685,-230.554,160.947,Pitch
0.101,-1.099,-0.290,-286.685,-75.224,153.746,Pitch
0.068,-1.123,-0.597,-286.589,60.305,29.470,Pitch
0.179,-1.213,-0.663,-81.629,80.386,-54.653,Pitch
0.199,-1.090,-0.672,215.670,72.887,-76.073,Pitch
0.302,-1.089,-0.289,286.685,19.819,8.024,Pitch
0.193,-0.607,0.142,286.685,-110.723,27.921,Pitch
0.396,-0.597,0.620,286.685,-29.286,24.719,Pitch
0.320,-0.453,0.728,286.685,-21.814,41.064,Pitch
0.364,-0.458,1.104,141.137,-3.185,-30.993,Pitch
0.223,-0.624,0.966,-217.822,5.784,-9.047,Pitch
0.300,-0.727,0.739,-286.685,-14.201,-11.594,Pitch
0.700,-0.898,-0.037,-286.685,35.875,-86.109,Pitch
0.271,-0.848,-0.034,-286.685,83.589,-106.978,Pitch
0.318,-0.687,-0.072,-286.685,232.689,-65.695,Pitch
0.034,-1.406,-0.623,-124.460,-24.045,91.936,Pitch
0.173,-1.181,-0.240,83.921,-60.296,-36.382,Pitch
0.507,-0.823,-0.152,108.798,-122.010,9.170,Pitch
0.499,-0.856,-0.208,114.730,-91.018,43.995,Pitch
-0.333,-0.364,0.323,223.536,-67.559,53.165,Pitch
0.418,-0.746,-0.068,286.685,-64.619,21.551,Pitch
0.307,-0.783,0.236,286.685,-51.231,20.195,Pitch
0.205,-0.842,0.720,286.685,-34.825,15.251,Pitch
0.177,-0.968,0.905,278.775,25.532,-50.654,Pitch
0.227,-0.672,0.988,-22.208,73.456,5.477,Pitch
0.169,-0.296,0.662,-286.685,101.106,95.918,Pitch
0.074,-0.499,0.490,-286.685,93.030,59.369,Pitch
0.244,-0.905,0.064,-286.685,27.528,-7.551,Pitch
0.041,-0.979,-0.286,-286.685,-6.912,53.603,Pitch
0.278,-1.365,-0.623,-132.659,-41.151,39.095,Pitch
0.012,-1.081,-0.638,224.656,11.524,10.868,Pitch
-0.202,-1.166,-0.038,286.685,-95.025,-55.143,Pitch
0.153,-1.286,0.112,286.685,-157.421,-34.493,Pitch
0.414,-0.978,0.293,286.685,-95.777,-92.741,Pitch
0.408,-0.594,0.471,286.685,-85.706,-64.820,Pitch
0.351,-0.592,0.615,248.176,33.801,-38.789,Pitch
0.146,-0.127,0.557,-192.946,152.600,57.138,Pitch
0.018,-0.363,0.378,-286.685,200.384,112.551,Pitch
-0.037,-0.705,0.594,-286.685,135.590,-18.489,Pitch
-0.155,-0.934,-0.035,-286.685,155.155,-192.649,Pitch
0.294,-0.964,-0.902,-286.685,30.433,-216.965,Pitch
0.516,-1.521,-0.681,142.012,62.379,-15.776,Pitch
0.426,-1.263,-0.578,286.685,-138.609,-85.164,Pitch
0.419,-0.801,0.103,286.685,-156.555,42.368,Pitch
0.375,-0.493,0.665,286.685,-75.635,28.228,Pitch
0.367,-0.772,0.857,286.685,0.026,-59.194,Pitch
0.215,-0.320,0.541,15.409,63.840,-72.730,Pitch
-0.050,-0.475,0.647,-238.087,86.363,-26.626,Pitch
-0.028,-0.617,0.619,-286.685,15.557,12.373,Pitch
0.233,-0.428,0.430,-286.685,19.302,-39.226,Pitch
0.307,-0.614,0.008,-286.685,13.519,-128.406,Pitch
0.812,-1.324,-0.665,-286.685,-15.164,-111.869,Pitch
1.309,-1.527,-0.037,214.489,131.469,0.779,Pitch
0.559,-1.352,-0.397,286.685,126.245,-31.194,Pitch
0.440,-0.948,-0.197,286.685,51.100,-18.270,Pitch
0.081,-0.384,0.425,286.685,0.262,64.505,Pitch
0.204,-0.415,0.912,285.075,-51.756,72.249,Pitch
0.269,-0.519,0.878,93.371,-76.589,53.436,Pitch
0.234,-0.415,0.651,-272.099,-6.912,71.872,Pitch
0.107,-0.590,0.456,-286.685,-22.190,37.109,Pitch
-0.001,-0.583,0.333,-286.685,-196.324,-74.191,Pitch
0.432,-0.815,0.005,-286.685,-183.496,-87.631,Pitch
1.237,-1.267,-0.470,-280.971,-50.838,1.881,Pitch
0.657,-1.104,-0.715,277.384,133.604,-26.390,Pitch
0.439,-0.742,0.101,286.685,101.526,28.070,Pitch
0.283,-0.405,0.344,286.685,109.874,4.340,Pitch
0.453,-0.538,0.961,286.685,44.511,-12.994,Pitch
0.374,-0.273,1.041,39.025,39.821,-32.716,Pitch
0.182,-0.187,0.487,-286.685,72.747,105.411,Pitch
0.032,-0.541,0.770,-286.685,2.949,115.544,Pitch
0.062,-0.770,0.559,-286.685,-76.598,54.775,Pitch
0.449,-0.833,-0.003,-286.685,-129.089,43.103,Pitch
0.435,-1.110,-0.561,-286.685,130.673,94.666,Pitch
0.325,-1.546,-0.414,73.255,10.430,23.161,Pitch
0.512,-1.166,-0.667,286.685,-151.620,17.929,Pitch
0.210,-0.973,0.381,286.685,-53.314,-13.991,Pitch
0.224,-0.630,1.194,286.685,-69.484,-75.372,Pitch
0.243,-0.112,0.132,65.861,40.224,-95.480,Pitch
0.021,-0.411,0.481,-27.659,45.885,-56.236,Pitch
-0.002,-0.399,0.675,-220.894,42.779,20.484,Pitch
0.034,-0.610,0.752,-286.685,4.620,33.862,Pitch
0.046,-0.650,0.621,-286.685,-24.220,34.405,Pitch
0.493,-1.189,0.623,-286.685,5.425,96.241,Pitch
0.230,-1.264,-0.127,-286.685,98.018,180.119,Pitch
-0.119,-1.313,-0.299,68.250,20.204,51.389,Pitch
0.294,-1.033,0.810,286.685,-82.128,13.711,Pitch
0.381,-0.929,0.059,286.685,-157.701,38.290,Pitch
0.074,-0.595,0.474,286.685,25.515,-40.889,Pitch
0.152,-0.591,0.536,286.685,-16.511,-15.794,Pitch
0.225,-0.534,0.782,66.675,-11.646,-58.048,Pitch
0.073,-0.534,0.948,-110.110,-42.376,-48.449,Pitch
0.083,-0.692,1.094,-280.980,-14.411,-48.597,Pitch
-0.055,-0.569,0.634,-286.685,-10.176,-11.191,Pitch
0.032,-0.774,0.365,-286.685,-42.245,47.486,Pitch
0.285,-0.756,0.057,-286.685,44.144,72.275,Pitch
0.130,-1.148,-0.140,-262.299,125.387,-0.333,Pitch
0.276,-1.389,-0.621,166.057,-24.369,-47.871,Pitch
0.192,-0.812,-0.049,286.685,-28.507,-21.026,Pitch
0.270,-0.801,-0.108,286.685,-44.783,-61.731,Pitch
0.298,-0.542,0.473,286.685,-53.261,-61.416,Pitch
0.204,-0.649,1.155,286.685,-41.528,-34.799,Pitch
0.181,-0.224,0.278,-63.114,-41.064,-27.808,Pitch
0.058,-0.407,0.641,-164.780,-8.759,-4.769,Pitch
0.205,-0.375,0.935,-286.685,-64.400,-10.719,Pitch
0.108,-0.713,0.933,-286.685,-55.396,-30.616,Pitch
0.520,-0.771,0.860,-286.685,-9.153,-26.784,Pitch
0.594,-0.721,0.588,-286.685,171.561,-108.430,Pitch
0.433,-1.143,0.175,-211.951,154.035,-171.115,Pitch
0.577,-1.101,0.137,49.945,5.057,-63.061,Pitch
0.473,-0.778,0.182,178.456,-17.666,30.441,Pitch
0.232,-0.717,0.384,147.630,-12.504,49.394,Pitch
0.260,-0.682,0.465,74.681,-32.856,48.335,Pitch
0.327,-0.755,0.607,-15.356,0.788,38.342,Pitch
0.259,-0.926,0.505,-39.778,37.572,37.931,Pitch
0.366,-0.921,0.254,-47.959,29.041,106.382,Pitch
0.011,-0.922,-0.017,-20.755,24.001,159.775,Pitch
0.035,-0.859,0.334,158.419,46.778,140.438,Pitch
0.147,-0.671,0.875,227.666,-22.899,66.045,Pitch
0.606,-0.552,1.334,146.904,-110.101,51.993,Pitch
0.463,-0.782,0.744,55.029,-43.864,53.051,Pitch
0.188,-0.611,0.571,10.517,13.160,5.784,Pitch
0.155,-0.644,0.804,-88.603,11.121,3.754,Pitch
0.066,-0.772,0.676,-196.849,11.953,-18.077,Pitch
0.094,-0.774,0.564,-221.629,-0.114,-19.609,Pitch
0.305,-0.488,0.743,-246.050,10.868,-34.720,Pitch
0.123,-1.002,0.470,-268.432,-25.515,-24.833,Pitch
0.158,-0.924,0.015,-224.613,-31.001,11.217,Pitch
0.134,-1.413,-0.212,-21.656,-16.284,1.356,Pitch
0.020,-0.882,0.031,286.685,-50.627,14.919,Pitch
0.175,-0.341,0.474,286.685,-42.123,-10.220,Pitch
0.279,-0.302,0.894,286.685,-32.979,-11.917,Pitch
0.296,-0.553,1.171,286.685,-49.061,-16.336,Pitch
0.336,-0.260,0.994,16.091,-19.968,-27.860,Pitch
0.070,-0.353,1.170,-261.065,72.223,5.469,Pitch
0.042,-0.532,1.009,-286.685,51.188,-5.609,Pitch
0.022,-0.417,0.844,-286.685,2.179,-46.734,Pitch
0.037,-0.580,0.305,-286.685,-2.957,-42.770,Pitch
0.131,-0.523,0.300,-286.685,-83.790,-45.596,Pitch
0.794,-1.404,-0.520,-263.646,74.489,-8.943,Pitch
0.232,-1.441,-0.760,64.024,43.269,26.968,Pitch
0.288,-1.186,-0.122,286.685,-66.631,42.420,Pitch
0.215,-0.829,0.377,286.685,-10.981,5.827,Pitch
0.157,-0.675,0.358,286.685,-7.332,2.730,Pitch
0.205,-0.656,0.563,286.685,-16.319,15.873,Pitch
0.198,-0.683,0.925,198.747,17.771,20.615,Pitch
0.214,-0.529,0.908,-112.122,65.599,25.165,Pitch
-0.050,-0.615,0.577,-286.685,74.856,-7.219,Pitch
-0.008,-0.580,0.333,-286.685,-5.950,-16.765,Pitch
0.004,-0.643,0.249,-286.685,-86.039,-3.273,Pitch
0.899,-1.369,-0.460,-280.394,-28.481,14.849,Pitch
0.063,-1.658,-0.616,162.444,27.615,8.102,Pitch
0.111,-1.142,-0.270,286.685,-85.041,16.362,Pitch
0.117,-0.804,0.333,286.685,46.882,-15.802,Pitch
0.049,-0.381,0.634,286.685,1.164,-18.594,Pitch
0.348,-0.411,1.244,276.430,-79.152,-30.179,Pitch
0.237,-0.470,0.705,-42.359,-20.983,-26.198,Pitch
0.062,-0.413,0.751,-282.459,56.175,16.931,Pitch
-0.053,-0.516,0.586,-286.685,40.338,2.721,Pitch
-0.144,-0.787,0.405,-286.685,-25.524,-16.161,Pitch
0.006,-0.830,0.422,-286.685,-95.147,-52.028,Pitch
0.749,-1.648,0.149,-269.290,160.352,-58.354,Pitch
0.270,-1.511,-1.186,204.050,-40.985,11.725,Pitch
0.310,-0.822,0.081,286.685,-97.055,53.664,Pitch
0.155,-0.577,0.488,286.685,25.112,-18.550,Pitch
0.145,-0.415,0.636,286.685,-15.820,-34.956,Pitch
0.258,-0.505,1.283,224.446,-28.201,-24.351,Pitch
0.122,-0.333,0.720,-197.715,37.485,0.131,Pitch
0.083,-0.457,0.652,-286.685,58.704,30.573,Pitch
-0.060,-0.594,0.569,-286.685,13.860,12.653,Pitch
0.047,-0.731,0.414,-286.685,-60.804,-18.191,Pitch
0.577,-1.341,0.250,-238.516,49.945,-30.923,Pitch
0.148,-1.483,-0.185,117.723,-37.118,-23.266,Pitch
0.425,-1.189,0.077,286.685,-128.861,31.754,Pitch
0.211,-0.653,0.442,286.685,34.720,-20.702,Pitch
0.217,-0.414,0.744,286.685,15.304,-15.050,Pitch
0.253,-0.554,1.437,54.976,-19.128,-27.029,Pitch
0.233,-0.369,0.864,-96.250,-15.181,-4.585,Pitch
0.074,-0.428,0.703,-250.180,34.125,20.790,Pitch
0.124,-0.597,0.638,-286.685,28.989,4.524,Pitch
0.014,-0.478,0.479,-286.685,10.955,1.120,Pitch
0.023,-0.692,0.436,-286.685,-9.529,8.400,Pitch
0.597,-1.123,0.253,-286.685,-45.307,-14.586,Pitch
0.196,-1.291,-0.460,-102.445,123.340,-46.463,Pitch
0.212,-1.539,-0.001,247.170,-59.377,29.575,Pitch
0.349,-1.189,0.101,286.685,-121.433,37.476,Pitch
0.150,-0.822,0.397,286.685,12.154,6.466,Pitch
0.153,-0.634,0.581,286.685,-30.126,-13.650,Pitch
0.238,-0.535,0.955,273.429,-61.495,10.404,Pitch
0.324,-0.449,0.779,-57.225,0.989,-15.977,Pitch
-0.035,-0.422,0.548,-286.685,84.324,-11.498,Pitch
-0.131,-0.681,0.444,-286.685,39.944,15.811,Pitch
-0.005,-0.773,0.286,-286.685,-93.739,-42.140,Pitch
0.330,-0.932,-0.051,-286.685,-112.840,-37.607,Pitch
0.263,-1.658,-0.324,-153.781,174.895,-18.410,Pitch
0.350,-1.294,-0.100,269.552,-6.108,-6.781,Pitch
0.305,-0.716,0.062,286.685,-100.573,35.665,Pitch
0.034,-0.564,0.548,286.685,17.763,-15.934,Pitch
0.260,-0.408,0.597,286.685,-46.489,-14.403,Pitch
0.422,-0.301,0.636,1.339,-47.049,-38.736,Pitch
0.010,-0.541,0.724,-239.137,44.074,-21.542,Pitch
-0.070,-0.636,0.722,-286.685,-29.487,14.201,Pitch
0.099,-0.702,0.653,-286.685,-62.090,37.835,Pitch
0.253,-0.691,0.381,-286.685,-38.290,3.447,Pitch
0.445,-1.133,0.425,-286.685,-21.962,-3.964,Pitch
0.607,-1.526,-0.276,-110.530,120.461,-15.514,Pitch
0.441,-1.288,-0.185,286.685,15.164,54.232,Pitch
0.324,-0.715,-0.115,286.685,-72.485,76.107,Pitch
0.299,-0.462,0.522,286.685,-54.530,25.515,Pitch
0.429,-0.306,1.391,275.039,-39.357,-48.632,Pitch
0.099,-0.287,0.549,-148.330,6.492,-56.114,Pitch
-0.042,-0.677,0.847,-275.100,11.191,7.700,Pitch
0.006,-0.506,0.764,-286.685,-35.289,46.489,Pitch
0.311,-0.736,0.529,-286.685,-33.399,1.820,Pitch
0.661,-1.069,0.563,-286.685,186.331,-27.956,Pitch
0.289,-1.278,-0.045,-211.837,73.386,-24.692,Pitch
0.595,-1.271,-0.280,122.658,-38.474,95.909,Pitch
-0.535,-0.300,0.791,-44.809,1.514,-0.254,Roll
-0.481,-0.393,0.745,-35.096,-1.715,-3.789,Roll
-0.464,-0.447,0.643,-24.089,-6.440,8.304,Roll
-0.475,-0.392,0.717,-18.874,-30.590,24.920,Roll
-0.480,-0.317,0.801,-31.710,-43.173,28.114,Roll
-0.415,-0.332,0.818,-54.373,-35.123,16.196,Roll
-0.344,-0.476,0.768,-55.676,-1.549,6.869,Roll
-0.446,-0.444,0.738,-42.228,24.062,26.722,Roll
-0.506,-0.398,0.766,-30.817,45.028,27.519,Roll
-0.540,-0.421,0.749,-12.696,93.196,22.199,Roll
-0.653,-0.371,0.694,-12.845,113.488,18.751,Roll
-0.733,-0.296,0.605,-16.634,117.994,10.194,Roll
-0.618,-0.233,1.261,-20.991,127.243,2.021,Roll
-0.809,-0.183,1.016,-45.430,220.246,-3.517,Roll
-0.793,-0.400,0.251,-20.493,212.555,-49.210,Roll
-0.655,-0.712,0.163,6.825,129.867,-39.568,Roll
-0.701,-0.686,0.389,22.951,69.764,-4.436,Roll
-0.710,-0.715,0.419,22.041,12.337,-2.161,Roll
-0.922,-0.649,0.137,54.880,-80.430,-29.829,Roll
-0.802,-0.275,0.219,90.020,-275.879,-65.048,Roll
-0.605,-0.398,0.396,76.641,-286.685,-95.848,Roll
-0.549,-0.374,0.923,60.935,-286.685,-93.686,Roll
-0.634,-0.133,0.983,69.615,-286.685,-85.199,Roll
0.106,-0.686,1.057,21.997,-286.685,39.331,Roll
0.795,-0.824,0.478,44.905,-254.048,75.101,Roll
1.120,-0.726,0.890,62.702,230.510,121.756,Roll
0.405,0.620,0.762,-56.796,286.685,125.869,Roll
-0.572,-0.336,-0.157,-207.025,286.685,160.913,Roll
-1.574,-0.780,-0.271,58.161,286.659,60.340,Roll
-1.507,-1.136,-0.686,67.839,113.741,-63.744,Roll
-1.428,-0.564,-0.242,97.895,-276.876,-168.184,Roll
-0.880,0.403,0.762,41.230,-286.685,-205.012,Roll
0.368,-0.718,0.921,-47.268,-286.685,-185.115,Roll
1.328,-1.157,0.818,33.443,-248.299,-140.709,Roll
1.221,-0.972,1.131,89.294,48.379,-155.645,Roll
0.765,0.248,0.830,-14.796,286.685,16.441,Roll
0.585,0.474,0.077,-274.680,286.685,193.139,Roll
-0.375,-0.160,-1.550,-286.020,286.685,252.219,Roll
-1.924,-1.099,-0.600,4.532,286.685,152.600,Roll
-1.999,-1.553,0.126,103.827,-102.839,-14.420,Roll
-1.193,-0.408,-0.083,176.076,-286.685,-212.607,Roll
-0.707,0.564,0.209,88.559,-286.685,-245.333,Roll
0.290,-0.397,0.594,63.665,-286.685,-100.887,Roll
1.999,-1.158,1.510,2.721,-286.685,-58.109,Roll
1.996,-0.687,0.686,173.399,-14.061,-19.119,Roll
0.746,-0.210,-0.559,65.809,286.685,59.159,Roll
0.214,1.207,0.451,-159.110,286.685,177.039,Roll
-0.638,0.387,-0.313,-285.696,286.685,286.676,Roll
-1.464,-0.808,-0.367,-36.085,286.685,178.658,Roll
-1.840,-1.110,0.198,61.994,162.663,-108.448,Roll
-1.552,-0.981,-0.070,42.674,-261.975,-254.852,Roll
-1.105,-0.355,-0.095,94.238,-286.685,-276.456,Roll
-0.670,0.288,0.351,129.167,-286.685,-212.039,Roll
0.443,-0.059,0.617,107.940,-286.685,-132.624,Roll
1.955,-1.095,0.762,71.908,-286.685,46.217,Roll
1.815,-1.426,-0.209,143.885,34.344,178.273,Roll
0.949,0.190,-0.150,194.801,286.685,177.450,Roll
0.957,1.256,0.610,16.888,286.685,174.291,Roll
-0.342,-0.554,-0.673,-134.584,286.685,227.833,Roll
-1.999,-0.464,0.082,121.905,286.685,64.067,Roll
-1.999,-0.980,0.181,-7.595,188.239,-41.982,Roll
-1.944,-1.282,-0.437,61.390,-279.055,-85.076,Roll
-0.527,-0.678,0.013,134.899,-286.685,-98.306,Roll
-0.134,0.758,0.533,111.265,-286.685,-110.442,Roll
0.424,-0.071,0.478,-69.449,-286.685,-170.870,Roll
0.961,-0.997,0.692,94.351,-286.685,-123.559,Roll
1.276,-0.980,0.470,186.559,-251.878,-14.149,Roll
0.979,-0.914,0.202,188.274,37.432,79.004,Roll
0.375,0.074,0.430,184.835,286.685,39.856,Roll
0.517,1.145,0.869,-130.314,286.685,62.388,Roll
-0.375,0.198,-0.101,-286.309,286.685,162.934,Roll
-1.328,-0.709,0.233,-129.404,286.685,94.229,Roll
-1.903,-0.961,0.622,10.141,286.685,75.390,Roll
-1.872,-1.009,0.450,111.457,99.802,-23.747,Roll
-1.328,-0.570,-0.027,117.933,-286.685,-119.621,Roll
-0.589,0.416,0.137,156.336,-286.685,-98.035,Roll
-0.071,0.496,0.215,49.945,-286.685,-120.855,Roll
0.551,-0.133,0.657,-89.346,-286.685,-92.391,Roll
1.468,-0.761,0.542,132.143,-286.685,-8.312,Roll
1.817,-0.718,0.489,123.253,-261.117,75.469,Roll
1.095,-0.884,0.210,194.766,33.679,114.931,Roll
0.599,-0.089,0.437,277.865,286.685,4.130,Roll
0.548,0.504,0.806,15.549,286.685,-95.463,Roll
-0.010,0.636,0.340,-163.039,286.685,-74.471,Roll
-0.395,-0.040,0.298,-172.988,286.685,19.233,Roll
-1.799,-0.337,1.003,-44.748,286.685,7.665,Roll
-1.579,-0.671,0.785,29.925,284.891,8.715,Roll
-1.325,-0.728,0.048,66.299,-55.195,-81.174,Roll
-1.294,-0.566,-0.322,64.190,-283.850,-89.294,Roll
-0.662,-0.173,-0.069,83.965,-286.685,-40.110,Roll
0.111,0.526,0.471,69.886,-286.685,-25.987,Roll
0.191,0.410,1.050,-62.580,-286.685,58.083,Roll
1.252,-0.730,0.617,-6.108,-286.685,89.784,Roll
1.458,-0.848,1.178,30.441,-286.440,41.545,Roll
1.120,-0.864,0.356,55.151,58.756,-36.864,Roll
0.788,-0.351,0.426,157.798,286.685,-53.620,Roll
0.670,0.867,0.770,-23.257,286.685,-112.647,Roll
0.247,0.540,0.168,-171.176,286.685,-85.129,Roll
-1.327,-0.323,0.433,-187.119,286.685,28.192,Roll
-1.970,-0.379,0.804,-52.395,284.305,-13.422,Roll
-1.804,-1.149,-0.373,14.280,7.656,-178.115,Roll
-1.632,-0.907,-0.599,102.760,-284.279,-150.867,Roll
-1.189,0.357,-0.461,60.147,-286.685,-90.755,Roll
0.496,0.516,-0.434,80.106,-286.685,-89.548,Roll
1.646,-0.106,0.983,47.976,-286.685,-106.085,Roll
1.831,-0.408,1.766,-19.110,-286.685,-124.058,Roll
1.706,-0.835,1.054,4.918,-233.739,-111.650,Roll
1.260,-0.809,-0.035,18.778,133.516,50.199,Roll
0.802,0.253,0.066,-24.666,286.685,143.754,Roll
0.302,0.255,0.014,-145.092,286.685,227.404,Roll
-0.167,0.350,0.107,-156.914,286.685,285.022,Roll
-0.938,-0.208,0.341,-30.091,286.685,234.780,Roll
-1.390,-0.432,0.453,-48.011,286.685,98.919,Roll
-1.456,-0.742,0.173,74.016,221.646,44.520,Roll
-1.481,-0.933,-0.091,120.173,25.882,-21.184,Roll
-1.355,-0.332,0.263,137.121,-286.501,-103.119,Roll
-0.657,0.602,0.755,121.625,-286.685,-136.701,Roll
0.006,0.266,0.688,14.114,-286.685,-102.839,Roll
0.552,0.165,0.969,-30.336,-286.685,-41.283,Roll
1.109,-0.838,0.412,-36.750,-286.685,-18.620,Roll
1.347,-1.299,0.417,41.169,-249.848,-12.057,Roll
1.168,-0.762,0.199,76.711,208.600,45.456,Roll
0.633,-0.291,0.188,81.515,286.685,50.951,Roll
0.418,1.094,0.903,7.648,286.685,95.655,Roll
-0.308,0.289,0.041,-120.610,286.685,143.185,Roll
-1.283,-0.378,0.915,-92.986,286.685,119.595,Roll
-1.447,-0.636,1.076,-7.044,286.668,-2.905,Roll
-1.418,-0.716,0.012,79.817,94.850,-103.162,Roll
-1.327,-0.694,-0.344,91.298,-281.164,-119.446,Roll
-0.296,0.020,0.055,106.908,-286.685,-42.621,Roll
0.187,0.521,0.648,59.579,-286.685,-45.701,Roll
0.750,-0.000,1.171,14.052,-286.685,-30.266,Roll
1.119,-0.731,1.239,22.942,-286.685,-23.669,Roll
1.458,-0.835,0.713,153.072,-272.274,4.602,Roll
1.291,-0.820,0.460,112.595,172.594,66.404,Roll
0.549,0.050,0.547,206.911,286.685,59.745,Roll
0.538,0.559,0.833,44.485,286.685,-57.356,Roll
0.033,0.693,0.155,-100.765,286.685,-131.941,Roll
-0.763,0.067,0.744,-109.069,286.685,-62.335,Roll
-1.429,-0.702,0.635,-0.455,286.685,-40.967,Roll
-1.323,-0.934,-0.105,57.347,190.557,-82.058,Roll
-1.320,-0.401,0.176,44.004,-281.549,-22.505,Roll
-0.711,0.169,0.474,53.716,-286.685,34.151,Roll
0.063,1.030,0.673,71.496,-286.685,23.275,Roll
0.615,0.061,1.132,-11.279,-286.685,34.886,Roll
1.194,-0.879,1.022,-24.535,-286.685,-57.164,Roll
1.459,-0.905,0.704,95.025,-231.761,-49.787,Roll
1.115,-0.871,0.258,54.311,85.724,11.498,Roll
0.479,-0.226,0.280,8.846,286.685,20.230,Roll
0.387,0.589,0.388,-87.876,286.685,13.606,Roll
-0.076,0.374,0.145,-99.243,286.685,1.138,Roll
-0.859,-0.226,0.447,-161.193,286.685,-20.851,Roll
-1.317,-0.451,0.639,-52.325,286.685,11.672,Roll
-1.396,-0.600,0.240,28.192,233.389,-11.716,Roll
-1.393,-0.568,0.058,106.216,-211.680,-17.894,Roll
-1.198,-0.095,0.288,56.534,-286.685,13.283,Roll
0.856,0.438,-0.132,59.246,-286.685,40.110,Roll
0.725,0.167,1.653,-23.923,-286.685,-67.287,Roll
1.209,-0.821,1.334,-78.496,-286.685,-122.894,Roll
1.162,-0.876,0.865,82.276,-95.331,-18.288,Roll
0.924,-0.627,0.475,55.676,118.886,89.836,Roll
0.732,-0.286,0.168,19.285,286.685,151.515,Roll
0.306,0.131,0.336,30.301,286.685,104.895,Roll
-0.046,0.555,0.326,-48.055,286.685,18.462,Roll
-0.656,0.207,0.339,-112.499,286.685,4.156,Roll
-1.722,-0.828,0.469,-56.770,286.685,54.792,Roll
-1.515,-0.581,0.727,122.054,84.289,27.142,Roll
-1.177,-0.388,0.268,71.960,-275.371,-68.941,Roll
-0.833,-0.116,0.248,51.616,-286.685,-80.316,Roll
-0.141,0.458,0.319,49.744,-286.685,-81.200,Roll
0.557,0.117,0.976,44.616,-286.685,-107.109,Roll
0.955,-0.596,1.212,-44.153,-286.685,-79.809,Roll
1.330,-0.765,1.205,-12.154,-213.010,-45.754,Roll
0.979,-0.737,0.837,60.121,59.509,50.339,Roll
0.683,-0.315,0.199,34.090,271.723,139.344,Roll
0.548,0.068,0.222,-7.621,286.685,104.195,Roll
0.058,0.281,-0.224,4.121,286.685,53.874,Roll
-0.667,0.513,0.328,-44.126,286.685,10.780,Roll
-1.476,-0.655,0.912,-74.874,286.685,43.680,Roll
-1.783,-0.790,0.932,80.832,-23.415,62.265,Roll
-1.195,-0.201,0.372,65.984,-285.688,-3.098,Roll
-0.384,0.864,0.683,139.396,-286.685,-131.985,Roll
0.556,0.250,1.370,65.293,-286.685,-282.074,Roll
1.722,-0.496,0.792,60.778,-286.685,-110.346,Roll
1.571,-0.372,1.151,85.461,-246.356,-107.476,Roll
0.828,-0.460,0.644,48.484,232.995,30.327,Roll
0.440,0.071,0.309,7.508,286.685,128.406,Roll
0.410,0.457,0.133,-171.964,286.685,143.754,Roll
-0.370,0.168,-0.210,-143.929,286.685,139.913,Roll
-1.465,-0.440,1.310,-141.575,286.685,148.225,Roll
-1.531,-0.790,0.581,-38.167,165.139,60.235,Roll
-1.200,-0.405,0.336,-27.650,-280.228,-48.816,Roll
-0.407,0.292,0.506,-46.952,-286.685,-154.595,Roll
-0.220,0.372,0.017,-64.286,-286.685,-238.910,Roll
0.833,-0.307,-0.044,18.051,-286.685,-207.139,Roll
1.451,-0.636,1.425,41.248,-278.723,-105.009,Roll
1.229,-0.417,0.828,40.688,74.891,59.614,Roll
0.816,-0.226,0.227,49.184,286.685,180.005,Roll
0.592,0.165,0.527,15.706,286.685,251.099,Roll
-0.088,0.238,0.077,-33.924,286.685,234.185,Roll
-1.111,0.357,1.369,-91.709,286.685,284.935,Roll
-1.731,-1.105,1.168,-145.731,264.513,281.111,Roll
-1.215,-0.328,0.203,15.496,-124.889,-19.311,Roll
-0.833,0.108,0.111,-52.194,-286.685,-199.281,Roll
-0.296,0.468,0.284,-115.027,-286.685,-286.685,Roll
0.249,-0.027,-0.470,-71.365,-286.685,-282.231,Roll
1.249,-0.462,1.268,-36.803,-286.685,-187.994,Roll
1.223,-1.307,1.815,-12.302,-81.147,-96.206,Roll
1.161,-0.840,0.707,104.939,187.775,3.701,Roll
0.938,-0.179,0.174,138.880,286.685,50.969,Roll
0.204,0.377,0.182,-25.603,286.685,71.654,Roll
-0.811,0.017,0.511,-41.799,286.685,108.535,Roll
-1.048,-0.272,1.069,-95.296,286.685,86.450,Roll
-1.354,-0.557,1.101,-19.565,234.649,11.130,Roll
-1.158,-0.463,0.574,15.977,-66.316,-81.603,Roll
-0.887,-0.224,-0.108,27.939,-286.685,-148.549,Roll
-0.415,0.235,0.095,47.232,-286.685,-153.869,Roll
0.407,0.062,0.328,75.521,-286.685,-85.628,Roll
1.636,-0.577,1.482,20.711,-284.751,-41.667,Roll
0.998,-0.947,1.185,65.774,-50.881,-42.928,Roll
0.800,-0.677,0.292,75.189,186.725,39.436,Roll
0.715,-0.361,0.440,69.239,286.685,52.237,Roll
0.273,0.268,0.623,-5.941,286.685,41.107,Roll
-0.307,0.408,-0.003,-55.947,286.685,101.308,Roll
-1.212,-0.223,0.468,-4.637,286.685,124.119,Roll
-1.695,-0.698,0.868,52.447,286.685,80.202,Roll
-1.366,-0.507,0.463,61.539,68.600,-2.293,Roll
-1.087,-0.124,0.181,54.416,-265.055,-54.075,Roll
-1.003,0.226,0.388,-18.349,-286.685,-47.399,Roll
-0.790,0.558,0.648,-67.918,-286.685,-39.445,Roll
0.033,0.222,0.327,-108.168,-286.685,-50.794,Roll
1.047,-0.773,0.768,-20.948,-286.685,-20.011,Roll
1.248,-1.142,1.149,-30.704,-260.164,-68.915,Roll
1.110,-0.968,0.777,25.821,-117.014,-63.394,Roll
1.063,-0.473,0.198,124.372,132.755,7.070,Roll
0.420,-0.146,0.567,97.265,286.685,22.365,Roll
0.295,0.567,0.499,-63.385,286.685,30.747,Roll
-0.300,0.511,0.222,-144.454,286.685,68.092,Roll
-1.077,0.058,0.563,-121.660,286.685,151.524,Roll
-1.738,-0.979,0.878,0.971,285.915,93.030,Roll
-1.231,-0.504,0.490,68.224,57.522,-34.002,Roll
-0.996,-0.342,0.134,42.376,-150.885,-104.912,Roll
-0.946,-0.286,0.041,-9.266,-286.685,-147.901,Roll
-0.713,0.134,0.370,4.445,-286.685,-126.271,Roll
-0.030,0.490,0.502,46.786,-286.685,-106.199,Roll
1.148,-0.542,1.286,-9.249,-286.685,-26.556,Roll
1.170,-0.953,1.087,-48.248,-264.530,-26.154,Roll
1.238,-0.917,0.837,59.972,-106.855,-43.015,Roll
0.994,-0.511,0.382,132.624,248.509,14.770,Roll
0.389,0.366,0.657,86.354,286.685,13.221,Roll
0.275,0.721,0.688,-45.553,286.685,45.544,Roll
-0.653,0.208,0.057,-177.896,286.685,104.387,Roll
-1.755,-0.921,0.684,-87.640,286.685,101.264,Roll
-1.516,-0.641,0.574,46.270,68.784,17.211,Roll
-1.136,-0.468,0.195,28.149,-171.202,-43.934,Roll
-0.984,-0.119,-0.008,-7.175,-286.685,-136.509,Roll
-0.649,0.253,0.299,-26.250,-286.685,-130.462,Roll
0.097,0.229,0.366,-15.102,-286.685,-75.959,Roll
0.814,-0.657,0.694,-17.894,-286.685,-29.846,Roll
1.400,-1.087,1.263,12.451,-282.949,-30.135,Roll
1.176,-0.922,1.106,20.151,-65.118,-40.390,Roll
0.963,-0.463,0.271,55.107,246.356,25.891,Roll
0.658,0.267,0.403,36.120,286.685,103.941,Roll
0.193,0.335,0.235,-40.040,286.685,145.679,Roll
-0.788,0.458,0.406,-12.057,286.685,160.283,Roll
-1.603,-0.714,0.818,-82.696,286.685,128.695,Roll
-1.790,-0.668,0.624,38.911,194.898,18.427,Roll
-1.142,-0.618,0.120,42.472,-9.415,-50.522,Roll
-1.021,-0.303,-0.038,54.215,-286.256,-160.081,Roll
-0.838,0.187,0.260,10.701,-286.685,-174.326,Roll
-0.200,0.341,0.283,55.204,-286.685,-158.349,Roll
0.714,0.130,-0.093,90.939,-286.685,-99.164,Roll
1.740,-0.865,1.500,95.725,-286.685,-66.098,Roll
1.386,-0.656,1.026,59.938,-121.695,-66.509,Roll
0.880,-0.418,0.266,57.706,266.446,34.283,Roll
0.451,-0.117,0.233,-17.141,286.685,52.938,Roll
0.120,0.442,0.994,-111.921,286.685,96.626,Roll
-0.599,0.054,1.020,-213.316,286.685,164.876,Roll
-1.016,-0.648,0.547,-107.380,286.685,130.445,Roll
-1.226,-0.632,0.206,23.511,180.644,-9.380,Roll
-1.400,-0.547,-0.072,46.077,-79.100,-79.677,Roll
-1.143,-0.053,0.208,31.500,-286.685,-164.649,Roll
-0.292,0.501,0.250,112.402,-286.685,-202.195,Roll
0.625,0.110,0.479,39.690,-286.685,-149.398,Roll
1.270,-0.380,0.626,45.185,-286.685,-62.195,Roll
1.604,-0.947,1.069,71.785,-248.439,-27.125,Roll
1.296,-0.917,0.419,27.493,84.796,-2.004,Roll
0.944,-0.231,0.232,-36.715,286.685,38.981,Roll
0.307,0.211,0.749,-38.850,286.685,142.529,Roll
-0.110,0.275,0.911,-109.471,286.685,203.997,Roll
-0.775,-0.162,0.716,-120.129,286.685,169.636,Roll
-1.431,-0.622,0.267,-89.521,275.853,73.185,Roll
-1.399,-0.490,0.219,10.351,-36.111,-38.946,Roll
-1.004,-0.353,0.099,32.673,-260.461,-130.568,Roll
-0.748,0.058,0.241,48.711,-286.685,-247.984,Roll
-0.080,0.233,0.662,69.134,-286.685,-267.111,Roll
0.983,-0.304,0.825,64.050,-286.685,-144.804,Roll
1.350,-0.915,0.748,40.906,-286.685,-90.247,Roll
1.322,-1.149,0.795,73.806,-165.445,-60.882,Roll
1.070,-0.401,0.308,21.691,169.269,43.103,Roll
0.600,0.265,0.713,23.791,286.685,193.664,Roll
0.555,0.260,0.957,-49.201,286.685,255.238,Roll
0.196,-0.068,0.556,-64.251,286.685,272.283,Roll
-0.916,-0.004,0.152,-26.968,286.685,232.619,Roll
-1.724,-0.979,0.639,21.875,280.350,128.923,Roll
-1.619,-0.652,0.953,86.791,81.471,35.849,Roll
-1.178,-0.129,0.477,34.632,-258.956,-127.365,Roll
-0.718,0.323,0.331,-8.531,-286.685,-262.360,Roll
0.311,0.296,0.303,39.673,-286.685,-275.765,Roll
0.647,-0.229,0.574,98.315,-286.685,-145.372,Roll
1.268,-0.856,0.958,100.004,-286.064,-83.860,Roll
1.196,-0.607,0.763,38.115,-12.863,-5.915,Roll
0.823,-0.435,0.388,8.461,278.092,69.370,Roll
0.516,-0.318,0.591,45.316,286.685,118.860,Roll
0.374,0.153,1.346,-2.398,286.685,134.592,Roll
-0.049,0.224,1.309,-131.521,286.685,160.458,Roll
-0.631,-0.369,0.622,-143.518,286.685,163.012,Roll
-1.060,-0.542,0.256,-19.311,278.495,61.443,Roll
-1.183,-0.485,0.019,2.984,145.460,-21.683,Roll
-1.370,-0.446,-0.042,-19.854,-155.496,-127.855,Roll
-1.118,0.100,0.135,29.776,-286.685,-233.406,Roll
-0.137,0.496,0.418,60.261,-286.685,-268.861,Roll
0.490,0.064,0.296,56.717,-286.685,-142.004,Roll
1.709,-0.852,0.375,120.094,-286.685,-67.165,Roll
1.779,-0.936,1.158,97.291,-102.174,-75.469,Roll
1.252,-0.691,0.349,18.532,267.321,-33.171,Roll
0.915,-0.157,0.512,50.452,286.685,26.311,Roll
0.287,0.397,0.757,-24.544,286.685,52.675,Roll
-0.388,0.435,0.411,-147.026,286.685,105.954,Roll
-1.344,-0.565,0.522,-129.211,286.685,129.587,Roll
-1.210,-0.596,0.586,48.449,286.676,70.753,Roll
-1.012,-0.466,0.282,129.894,216.143,-3.168,Roll
-0.950,-0.482,-0.073,72.065,-128.686,-74.305,Roll
-0.828,-0.089,0.401,29.671,-286.685,-79.573,Roll
-0.472,0.132,0.830,58.546,-286.685,-70.376,Roll
-0.110,0.296,1.295,59.964,-286.685,-46.156,Roll
0.762,-0.365,1.032,31.649,-286.685,2.467,Roll
0.956,-0.778,0.758,25.209,-282.494,-18.419,Roll
0.984,-0.700,0.487,37.949,-7.814,7.245,Roll
0.819,-0.446,0.320,10.745,250.285,23.616,Roll
0.353,-0.042,0.665,-36.549,286.685,43.164,Roll
0.009,0.378,1.360,-121.747,286.685,131.285,Roll
-0.705,-0.115,0.572,-174.029,286.685,139.991,Roll
-1.366,-0.622,0.306,-30.739,276.185,112.910,Roll
-1.384,-0.483,0.576,8.706,90.204,66.168,Roll
-1.214,-0.262,0.154,14.875,-205.870,-62.423,Roll
-1.124,-0.016,0.188,-12.583,-286.685,-181.387,Roll
-0.139,0.341,0.018,24.421,-286.685,-204.225,Roll
0.772,0.124,0.141,22.059,-286.685,-171.159,Roll
1.507,-0.788,1.054,9.984,-286.685,-118.143,Roll
1.329,-0.721,0.874,15.024,-58.432,-58.537,Roll
0.892,-0.544,0.472,22.409,263.865,39.699,Roll
0.750,-0.124,0.589,27.685,286.685,90.265,Roll
0.451,0.006,0.925,-41.510,286.685,173.600,Roll
-0.245,0.060,0.321,-61.110,286.685,214.261,Roll
-1.192,-0.462,0.885,-39.121,286.685,200.690,Roll
-1.347,-0.734,0.804,-9.432,260.680,132.921,Roll
-1.381,-0.374,0.383,42.114,-1.837,6.134,Roll
-1.177,-0.106,0.445,-28.368,-286.580,-127.838,Roll
-0.492,0.020,0.473,-68.136,-286.685,-239.330,Roll
0.405,0.077,0.464,-20.501,-286.685,-228.331,Roll
0.972,-0.347,0.514,9.940,-286.685,-164.404,Roll
1.337,-0.822,0.732,38.929,-281.041,-70.061,Roll
1.235,-0.807,0.340,70.035,-58.555,-3.325,Roll
1.105,-0.381,0.522,37.188,255.404,16.984,Roll
0.765,-0.282,0.666,38.929,286.685,47.985,Roll
0.195,0.389,0.830,11.646,286.685,90.370,Roll
-0.300,0.362,0.476,-111.764,286.685,151.462,Roll
-1.195,-0.736,0.726,-10.640,286.685,125.930,Roll
-1.079,-0.560,0.686,105.061,286.685,78.094,Roll
-1.168,-0.413,-0.202,131.329,206.378,-19.049,Roll
-1.009,-0.547,0.446,41.711,-228.217,-18.480,Roll
-0.681,0.074,0.479,43.068,-286.685,-84.052,Roll
-0.414,0.396,0.875,23.249,-286.685,-83.230,Roll
0.242,0.219,0.535,-50.697,-286.685,-63.201,Roll
1.109,-0.739,0.415,28.096,-286.685,-2.476,Roll
1.708,-1.204,1.115,97.912,-245.000,6.423,Roll
1.281,-0.966,0.833,44.301,105.761,-35.306,Roll
0.730,-0.074,0.561,57.138,286.685,-65.152,Roll
0.205,0.847,0.702,-60.034,286.685,-40.679,Roll
-0.367,0.386,0.396,-192.202,286.685,44.485,Roll
-1.321,-0.726,0.336,-196.227,286.685,79.511,Roll
-1.250,-0.615,0.681,11.891,239.173,91.980,Roll
-1.295,-0.552,0.441,17.439,42.770,4.673,Roll
-1.267,-0.248,0.321,-17.071,-278.740,-67.043,Roll
-0.919,-0.006,0.171,-20.571,-286.685,-128.940,Roll
-0.258,0.242,0.243,2.914,-286.685,-144.113,Roll
0.690,-0.012,1.058,29.330,-286.685,-123.130,Roll
0.904,-0.764,0.710,-15.811,-286.685,-103.810,Roll
1.009,-0.844,0.629,81.734,-182.630,-56.341,Roll
0.961,-0.683,0.346,50.951,187.521,23.336,Roll
0.298,-0.307,0.392,4.471,286.685,50.645,Roll
0.479,0.388,1.255,-57.785,286.685,98.122,Roll
-0.178,0.475,0.784,-148.033,286.685,154.455,Roll
-0.939,-0.229,0.533,-108.185,286.685,141.024,Roll
-1.268,-0.712,0.480,-15.916,273.236,103.425,Roll
-1.283,-0.607,0.071,53.139,-11.217,34.046,Roll
-1.098,-0.238,0.104,25.366,-286.685,-53.585,Roll
-0.396,0.110,0.322,47.303,-286.685,-127.584,Roll
0.275,0.269,0.769,69.519,-286.685,-137.629,Roll
0.504,-0.192,0.844,30.415,-286.685,-113.137,Roll
1.119,-0.533,1.364,-32.498,-270.979,-70.516,Roll
0.809,-0.652,1.077,-42.884,23.573,-29.286,Roll
0.495,-0.495,0.807,-16.397,129.316,10.727,Roll
0.309,-0.217,0.820,-15.339,186.191,76.309,Roll
0.177,-0.116,0.938,-30.809,196.114,71.610,Roll
0.064,-0.286,0.759,-48.685,138.574,60.025,Roll
-0.069,-0.332,0.939,-5.233,119.315,53.515,Roll
-0.094,-0.467,1.101,6.816,42.857,-5.040,Roll
-0.113,-0.449,0.972,13.221,-15.592,-1.601,Roll
-0.088,-0.332,0.874,31.369,-41.283,-5.906,Roll
0.062,-0.343,0.998,36.295,-63.271,-15.137,Roll
0.062,-0.380,0.962,3.176,-34.230,5.390,Roll
0.047,-0.232,1.129,-16.397,-74.524,22.619,Roll
-0.009,-0.195,1.254,-47.688,-50.960,8.925,Roll
-0.076,-0.193,1.053,-69.755,-50.645,-6.239,Roll
0.197,-0.610,0.618,-51.030,-126.026,-4.620,Roll
0.292,-0.382,1.076,-54.548,-164.273,11.804,Roll
0.261,-0.526,0.966,-65.546,-47.644,13.458,Roll
0.035,-0.163,0.733,-42.455,-2.424,-1.768,Roll
0.239,-0.454,0.575,-14.971,-34.545,-76.143,Roll
0.144,-0.352,0.904,-24.955,33.250,-83.414,Roll
0.377,-0.627,0.831,0.385,65.144,-94.360,Roll
0.533,-0.752,0.586,18.961,60.498,-52.316,Roll
0.240,-0.394,0.815,36.916,1.383,-1.286,Roll
0.318,-0.410,1.011,18.935,-6.204,-8.549,Roll
0.316,-0.407,0.912,15.663,36.269,-12.784,Roll
0.292,-0.376,0.855,12.390,52.439,-13.711,Roll
0.275,-0.434,0.960,17.579,77.490,-0.945,Roll
0.170,-0.424,0.865,26.653,64.076,11.672,Roll
0.265,-0.346,0.802,20.090,61.696,17.876,Roll
0.022,-0.425,0.840,7.927,32.191,15.873,Roll
0.108,-0.580,1.189,28.368,18.786,26.355,Roll
-0.051,-0.333,0.590,63.866,43.855,-19.941,Roll
0.051,-0.088,0.941,27.772,69.615,-1.636,Roll
-0.101,-0.285,1.141,-22.916,65.739,14.245,Roll
0.116,-0.355,1.201,-13.414,-8.908,16.835,Roll
0.380,-0.144,1.062,-41.965,113.146,19.810,Roll
0.001,-0.502,0.828,-82.005,286.685,36.741,Roll
-0.279,-0.276,0.881,-60.340,286.685,44.327,Roll
-0.726,-0.409,0.996,-8.557,286.685,69.475,Roll
-0.754,-0.505,0.590,-72.957,285.688,43.890,Roll
-0.821,-0.597,0.139,-61.259,65.896,6.204,Roll
-0.941,-0.533,0.278,-26.294,-144.331,-27.790,Roll
-1.003,-0.223,0.344,10.544,-286.685,-129.771,Roll
-0.427,0.129,0.686,136.727,-286.685,-241.614,Roll
0.124,-0.084,0.634,184.616,-286.685,-210.420,Roll
0.863,-0.355,0.247,187.399,-285.198,-112.298,Roll
1.244,-0.225,1.353,134.645,35.018,-27.458,Roll
1.119,0.117,0.918,-10.325,240.861,23.433,Roll
-0.053,-1.158,1.278,-79.249,286.685,153.702,Roll
0.099,0.486,1.019,-243.976,286.685,169.636,Roll
-0.872,-1.531,1.523,-286.641,286.685,195.720,Roll
-0.592,-0.338,0.825,-233.765,286.536,65.389,Roll
-1.275,-0.766,0.213,-2.809,163.520,97.562,Roll
-0.779,-0.214,0.472,71.540,-56.096,12.023,Roll
-0.752,-0.434,0.014,76.037,-285.801,-47.626,Roll
-0.862,-0.278,0.441,69.991,-286.685,-143.036,Roll
-0.373,0.009,0.057,-57.050,-286.685,-221.926,Roll
0.526,0.071,0.215,17.570,-286.685,-201.617,Roll
1.074,-0.618,0.585,97.755,-286.615,-65.537,Roll
1.093,-1.162,1.050,95.104,-57.400,37.546,Roll
1.157,-0.836,1.073,38.001,142.170,37.109,Roll
0.752,-0.306,0.369,49.682,286.685,51.809,Roll
-0.180,0.075,0.521,91.997,286.685,75.128,Roll
-0.955,0.225,1.221,60.331,286.685,4.611,Roll
-1.162,-0.457,1.257,-110.994,286.685,-0.411,Roll
-1.168,-0.518,0.279,-95.830,197.864,14.070,Roll
-1.113,-0.359,0.195,-7.306,-153.309,15.837,Roll
-0.847,-0.090,0.707,71.129,-286.685,-13.519,Roll
-0.785,-0.100,0.986,72.765,-286.685,-49.263,Roll
0.087,-0.051,0.698,-55.702,-286.685,-109.655,Roll
0.254,-0.290,0.401,-58.161,-286.685,-141.566,Roll
0.656,-0.599,0.591,38.115,-244.965,-67.480,Roll
0.786,-0.699,0.747,23.940,-26.862,-16.485,Roll
0.664,-0.595,0.713,16.599,117.863,3.255,Roll
0.597,-0.424,0.644,6.755,286.554,56.840,Roll
-0.246,-0.026,0.544,-22.286,286.685,87.071,Roll
-0.981,0.067,0.798,-154.018,286.685,106.006,Roll
-0.946,-0.115,0.832,-244.729,286.685,186.410,Roll
-0.902,-0.539,0.454,-87.238,286.685,120.277,Roll
-1.554,-0.384,0.297,88.165,-76.738,-17.176,Roll
-1.159,-0.174,0.566,154.044,-286.685,-13.274,Roll
-0.863,0.046,0.890,49.928,-286.685,-102.909,Roll
-0.690,-0.294,1.104,50.969,-286.685,-114.669,Roll
0.003,-0.227,0.081,63.604,-286.685,-41.667,Roll
0.824,-0.276,0.735,98.569,-286.624,53.585,Roll
0.671,-0.729,1.190,-1.575,-127.085,62.781,Roll
0.562,-0.662,1.002,-19.145,-17.868,42.446,Roll
0.474,-0.360,0.531,15.776,64.321,67.147,Roll
0.141,-0.476,0.571,60.996,266.263,100.039,Roll
-0.064,-0.068,0.442,20.282,286.685,-1.321,Roll
-0.112,0.505,0.414,-74.952,286.685,-13.204,Roll
-1.034,-0.434,1.058,-125.720,286.685,26.565,Roll
-1.222,-0.232,0.824,6.300,285.329,74.664,Roll
-0.838,-0.225,0.013,52.990,54.819,5.381,Roll
-0.905,-0.141,0.170,16.905,-141.890,-28.962,Roll
-0.860,-0.147,0.722,-14.087,-286.685,-64.426,Roll
-0.580,-0.141,0.990,-27.659,-286.685,-120.094,Roll
-0.302,-0.186,1.165,-18.935,-286.685,-133.726,Roll
0.224,-0.306,0.369,-15.041,-286.685,-93.643,Roll
0.580,-0.693,0.455,4.086,-286.685,-43.829,Roll
0.889,-0.824,1.085,-23.651,-197.137,-1.523,Roll
0.651,-0.728,0.773,-27.554,57.838,21.884,Roll
0.426,-0.434,0.286,81.655,273.324,66.710,Roll
0.143,-0.089,0.290,97.029,286.685,83.256,Roll
-0.349,0.173,1.034,-21.481,286.685,93.817,Roll
-0.627,-0.325,1.201,-127.750,286.685,126.665,Roll
-0.708,-0.563,0.345,-85.662,286.685,78.794,Roll
-1.255,-0.494,0.103,28.901,121.503,-7.332,Roll
-1.069,-0.238,0.410,23.529,-161.770,-26.460,Roll
-0.821,-0.019,0.928,-22.120,-286.685,-114.607,Roll
-0.808,-0.251,1.191,-98.122,-286.685,-232.768,Roll
0.280,-0.032,0.031,-24.990,-286.685,-195.633,Roll
0.757,-0.731,0.259,73.299,-286.527,-89.460,Roll
0.896,-0.962,0.782,59.684,-143.981,-41.213,Roll
0.519,-0.854,0.672,46.812,156.476,39.025,Roll
0.426,-0.300,0.359,86.870,286.685,106.540,Roll
-0.094,0.136,1.022,-45.745,286.685,155.549,Roll
-0.445,-0.052,1.315,-130.524,286.685,201.154,Roll
-0.911,-0.670,0.914,-144.812,286.685,185.867,Roll
-1.274,-0.507,0.174,-50.076,273.840,78.277,Roll
-1.143,-0.293,-0.101,83.808,27.589,8.960,Roll
-0.727,-0.217,0.447,99.050,-275.196,-87.675,Roll
-0.630,-0.055,0.748,37.529,-286.685,-152.303,Roll
-0.750,-0.244,1.042,-22.295,-286.685,-227.684,Roll
0.029,-0.284,0.432,-34.484,-286.685,-193.550,Roll
0.783,-0.680,0.213,-6.396,-286.353,-98.464,Roll
0.706,-1.010,0.649,33.057,-33.303,-37.739,Roll
0.561,-0.816,0.629,20.169,159.941,2.179,Roll
0.445,-0.278,0.511,38.491,286.527,97.186,Roll
0.153,-0.147,0.916,-23.275,286.685,198.441,Roll
-0.540,-0.522,1.629,-79.546,286.466,232.295,Roll
-0.264,-0.797,1.140,-34.230,211.803,176.120,Roll
-0.839,-0.433,0.954,54.040,83.904,68.530,Roll
-0.775,-0.365,0.886,-40.705,-126.875,10.316,Roll
-0.316,-0.388,0.635,-83.562,-169.584,-61.259,Roll
-0.287,-0.310,0.477,-43.899,-132.991,-93.109,Roll
-0.248,-0.391,0.762,-52.167,-96.512,-78.277,Roll
-0.218,-0.473,0.808,-57.444,-29.041,-43.584,Roll
-0.257,-0.453,0.833,-28.446,-34.195,-21.875,Roll
-0.302,-0.543,0.965,-28.840,-101.465,-33.119,Roll
-0.304,-0.552,0.918,-37.616,-221.926,-87.159,Roll
-0.249,-0.379,0.669,-57.803,-286.685,-146.711,Roll
0.143,-0.424,0.446,-28.315,-286.685,-190.584,Roll
0.615,-0.450,-0.158,41.528,-286.388,-178.649,Roll
0.826,-0.907,0.475,97.904,-65.704,-106.820,Roll
0.852,-0.714,0.737,85.050,263.209,-2.940,Roll
0.609,-0.531,0.805,82.766,286.685,82.110,Roll
0.006,-0.122,1.283,0.507,286.685,221.288,Roll
-0.563,-0.493,1.201,-118.003,286.685,286.685,Roll
-1.285,-0.716,0.694,-87.491,286.685,238.980,Roll
-1.112,-0.456,0.120,120.942,143.526,131.556,Roll
-0.893,-0.196,0.095,186.769,-45.911,44.564,Roll
-0.360,-0.006,0.548,129.273,-284.305,-44.660,Roll
-0.311,-0.067,1.098,-45.272,-286.685,-110.512,Roll
-0.338,-0.557,0.812,-87.132,-286.685,-206.211,Roll
0.129,-0.380,0.683,38.456,-286.685,-115.378,Roll
0.249,-0.413,0.262,50.461,-286.685,-60.060,Roll
0.790,-0.276,0.638,56.341,-203.359,-12.084,Roll
0.500,-0.670,1.079,-36.216,161.333,-21.779,Roll
0.351,-0.283,1.117,-99.689,286.685,-16.870,Roll
0.092,-0.209,1.154,-133.866,286.685,34.186,Roll
-0.263,0.030,0.958,-283.098,286.685,205.214,Roll
-0.836,-0.760,0.812,-275.931,286.685,260.321,Roll
-0.973,-0.547,-0.074,-26.880,216.580,86.721,Roll
-1.019,-0.269,-0.062,38.176,24.736,-34.466,Roll
-0.621,-0.209,0.313,66.964,-268.196,-146.667,Roll
-0.546,-0.210,0.719,115.692,-286.685,-227.736,Roll
-0.752,-0.836,0.830,157.579,-286.685,-245.735,Roll
0.129,-0.229,0.338,207.550,-286.685,-156.844,Roll
1.011,-0.256,0.394,155.479,-286.685,-24.211,Roll
1.023,-0.478,0.831,85.654,-164.447,-2.144,Roll
0.566,-0.689,1.112,-51.257,68.259,-23.608,Roll
0.577,-0.352,1.092,-46.541,158.401,12.233,Roll
0.501,-0.208,1.138,-103.635,286.685,75.565,Roll
0.222,-0.322,1.331,-176.383,286.685,150.710,Roll
-0.250,-0.485,0.903,-245.402,286.685,271.198,Roll
-0.305,-0.443,0.447,-144.121,286.685,285.084,Roll
-0.543,-0.279,0.071,-38.001,286.685,284.008,Roll
-0.823,-0.459,-0.398,99.741,224.306,131.241,Roll
-0.827,-0.133,-0.513,179.428,50.995,25.917,Roll
-0.536,0.116,0.295,194.355,-270.664,-42.105,Roll
-0.738,-0.004,1.401,54.827,-286.685,-100.327,Roll
-0.923,-0.416,1.386,-42.446,-286.685,-231.367,Roll
0.019,-0.285,0.204,93.030,-286.685,-120.251,Roll
0.722,-0.698,0.027,84.289,-286.685,-71.277,Roll
1.042,-0.722,0.900,49.831,-70.639,-90.230,Roll
0.586,-0.351,1.070,38.307,273.910,-179.690,Roll
0.608,-0.054,0.996,31.089,286.685,-59.876,Roll
-0.007,0.495,0.746,-67.585,286.685,50.890,Roll
-1.599,-0.530,0.918,-174.204,286.685,132.982,Roll
-0.864,-0.145,0.350,-231.814,281.890,148.628,Roll
-1.214,-0.227,-0.019,-45.369,-38.684,104.939,Roll
-1.113,-0.124,0.251,-14.017,-188.178,25.244,Roll
-0.966,-0.184,0.386,-21.201,-249.016,-34.178,Roll
-0.679,-0.367,0.412,4.970,-286.685,-124.110,Roll
-0.413,-0.260,0.615,14.989,-286.685,-171.964,Roll
-0.306,-0.208,0.725,38.675,-286.685,-142.083,Roll
0.050,-0.298,1.103,33.066,-286.685,-77.954,Roll
0.501,-0.179,1.013,0.324,-286.685,-44.301,Roll
0.582,-0.220,0.099,-15.216,-286.685,2.826,Roll
1.067,-0.612,0.579,39.489,-286.685,11.235,Roll
1.114,-0.846,0.926,-22.654,-140.394,-10.509,Roll
0.940,-0.911,0.770,-20.974,49.998,-26.066,Roll
0.848,-0.465,0.616,-1.960,286.685,-10.010,Roll
0.639,0.193,0.710,-42.542,286.685,69.956,Roll
-0.211,0.018,0.840,-102.777,286.685,258.169,Roll
-0.366,-0.277,1.055,-76.982,286.685,275.599,Roll
-0.481,-0.813,0.726,131.635,251.116,121.957,Roll
-0.590,-0.566,0.244,185.474,140.298,23.100,Roll
-0.952,0.202,0.832,112.166,-107.949,-3.911,Roll
-0.819,0.117,0.988,-16.485,-160.545,-54.241,Roll
-0.705,0.159,0.760,-50.041,-87.272,-126.332,Roll
-0.653,-0.205,0.735,-2.634,-83.204,-106.243,Roll
-0.426,-0.403,0.571,-24.290,-118.493,-36.409,Roll
-0.400,-0.315,0.652,-28.805,-100.048,-15.190,Roll
-0.280,-0.296,0.711,-15.899,-52.351,-7.648,Roll
-0.244,-0.330,0.896,25.375,28.394,12.495,Roll
-0.455,-0.162,0.934,31.360,136.124,7.367,Roll
-0.407,-0.400,0.526,35.971,157.474,-1.041,Roll
-0.547,-0.243,0.780,50.120,128.678,-9.354,Roll
-1.041,-0.360,1.459,12.784,72.949,-35.936,Roll
-1.202,-0.185,1.202,-69.274,-249.856,-16.721,Roll
-0.843,0.217,0.741,-175.402,-286.685,-97.589,Roll
-0.096,-0.206,-0.126,-125.466,-286.685,-172.034,Roll
1.024,-0.782,-0.066,-39.384,-286.685,-164.684,Roll
0.847,-1.012,0.699,49.595,-125.265,-125.921,Roll
0.617,-0.605,0.323,82.941,184.966,9.914,Roll
0.470,-0.306,0.605,73.518,286.685,76.772,Roll
0.071,-0.100,0.879,42.105,286.685,108.430,Roll
-0.330,0.131,0.714,-16.940,286.685,109.856,Roll
-1.365,-0.513,0.885,-77.306,286.685,98.000,Roll
-1.003,-0.144,1.235,-70.096,261.030,75.031,Roll
-1.148,-0.244,0.355,64.934,20.632,-7.227,Roll
-1.146,-0.280,0.654,83.370,-227.027,-52.929,Roll
-0.977,-0.076,0.504,-7.534,-286.685,-120.067,Roll
-0.508,-0.105,0.316,-34.248,-286.685,-161.455,Roll
0.434,-0.252,0.604,-103.512,-286.685,-145.512,Roll
1.026,-0.611,1.104,-62.685,-286.685,-122.054,Roll
1.024,-0.723,0.919,-20.458,-223.458,-77.105,Roll
1.057,-0.612,0.118,-15.321,-36.820,-8.243,Roll
0.839,-0.489,0.198,64.111,244.536,104.904,Roll
-0.048,-0.261,0.288,94.990,286.685,147.709,Roll
-0.262,-0.128,0.400,105.473,286.685,125.904,Roll
-1.116,0.462,0.444,111.869,286.685,71.452,Roll
-1.227,-0.556,0.996,-43.330,286.510,56.263,Roll
-1.077,-0.404,0.746,-66.071,-70.473,23.765,Roll
-1.163,-0.200,0.946,-36.391,-278.364,13.309,Roll
-1.325,0.020,0.682,-43.033,-286.685,-87.885,Roll
-0.568,0.049,0.628,-94.902,-286.685,-186.288,Roll
0.111,-0.307,0.014,-75.749,-286.685,-189.324,Roll
1.324,-0.717,0.040,-26.521,-286.685,-159.477,Roll
1.551,-1.070,0.950,64.838,-16.634,-65.240,Roll
0.931,-0.795,0.670,42.630,210.367,-18.655,Roll
0.446,-0.225,0.284,61.259,286.685,96.338,Roll
-0.209,-0.012,0.481,64.374,286.685,121.082,Roll
-0.531,-0.043,0.743,37.188,286.685,93.520,Roll
-0.885,0.266,0.866,-23.765,286.685,72.555,Roll
-1.399,-0.575,0.922,-114.975,286.685,62.554,Roll
-1.384,-0.492,0.501,-27.737,115.299,12.355,Roll
-1.356,-0.348,0.394,-47.197,-263.445,-38.281,Roll
-1.178,-0.200,0.590,-88.436,-286.685,-100.853,Roll
-1.003,-0.118,0.738,-22.059,-286.685,-182.131,Roll
-0.207,-0.031,0.445,-17.938,-286.685,-195.169,Roll
0.667,-0.405,0.448,-33.950,-286.685,-187.600,Roll
1.174,-0.760,0.281,12.084,-286.685,-102.637,Roll
1.249,-0.913,0.617,33.057,-61.792,3.115,Roll
0.904,-0.630,0.682,12.828,122.062,48.694,Roll
0.617,-0.325,0.299,-17.299,286.633,144.130,Roll
-0.034,-0.063,-0.027,13.204,286.685,196.866,Roll
-0.510,-0.145,0.093,75.101,286.685,152.434,Roll
-1.084,-0.045,0.599,54.031,286.685,132.116,Roll
-1.056,-0.281,0.518,-4.778,286.685,71.479,Roll
-1.488,-0.466,0.610,74.279,151.366,24.815,Roll
-1.653,-0.474,0.818,-15.094,-283.728,23.835,Roll
-1.351,0.091,0.979,-58.249,-286.685,-45.981,Roll
-0.995,0.003,0.825,-70.945,-286.685,-161.026,Roll
0.375,-0.201,0.218,-92.059,-286.685,-156.984,Roll
0.706,-0.648,-0.242,2.091,-286.685,-104.151,Roll
1.246,-0.807,0.226,66.649,-225.864,-29.365,Roll
1.191,-0.993,0.757,93.861,27.650,16.546,Roll
0.772,-0.392,0.438,107.275,286.685,55.536,Roll
-0.236,0.050,0.180,151.445,286.685,101.605,Roll
-0.858,0.167,0.214,113.470,286.685,14.193,Roll
-1.358,0.200,0.769,-17.334,286.685,-5.162,Roll
-1.321,-0.352,0.927,-50.811,286.685,39.095,Roll
-1.118,-0.351,0.319,62.930,190.837,9.922,Roll
-1.264,-0.364,0.384,-0.543,-205.441,30.362,Roll
-1.369,-0.106,0.578,-76.283,-286.685,13.510,Roll
-0.993,0.301,0.839,-27.020,-286.685,-74.077,Roll
-0.272,0.221,0.534,-47.609,-286.685,-146.790,Roll
0.607,-0.498,0.436,-109.086,-286.685,-238.796,Roll
0.919,-0.668,0.140,-35.963,-286.685,-165.559,Roll
1.366,-0.964,0.398,36.181,-200.996,-114.433,Roll
0.854,-0.565,0.560,98.184,133.306,-16.013,Roll
0.415,-0.133,0.891,58.292,286.685,104.309,Roll
0.216,0.083,0.577,63.070,286.685,104.615,Roll
-0.496,0.348,0.341,101.080,286.685,41.160,Roll
-0.814,0.027,0.838,-61.775,286.685,-6.492,Roll
-1.222,-0.230,0.754,-213.789,276.281,46.436,Roll
-1.246,-0.267,0.408,-120.934,85.382,88.961,Roll
-1.540,-0.365,0.603,-89.145,-114.039,101.780,Roll
-1.296,-0.231,0.536,-148.592,-286.685,-10.561,Roll
-0.741,0.115,0.553,-55.519,-286.685,-224.525,Roll
-0.150,0.243,0.296,-19.661,-286.685,-286.685,Roll
0.887,-0.451,0.606,27.256,-286.685,-286.685,Roll
1.331,-0.655,1.081,106.173,-263.707,-170.914,Roll
1.128,-0.679,0.760,80.868,-171.194,-115.955,Roll
1.123,-0.381,0.239,-3.141,15.033,29.330,Roll
0.760,-0.156,0.858,-32.804,277.716,142.992,Roll
0.463,0.102,0.610,-103.416,286.685,190.969,Roll
-0.116,0.492,0.172,-124.652,286.685,175.753,Roll
-0.856,0.064,-0.228,-97.842,286.685,135.975,Roll
-1.022,-0.501,0.297,-29.304,286.685,150.334,Roll
-1.340,-0.721,0.518,8.925,106.164,151.506,Roll
-1.196,-0.722,0.700,7.840,-136.045,132.414,Roll
-1.489,-0.217,0.507,-13.589,-286.685,-15.295,Roll
-0.941,0.214,0.778,-46.830,-286.685,-214.051,Roll
0.386,-0.034,0.172,-21.052,-286.685,-278.241,Roll
1.201,-0.439,0.671,83.808,-286.685,-194.635,Roll
1.319,-0.711,1.005,78.461,-282.100,-154.682,Roll
1.358,-0.529,0.629,50.251,-42.963,-75.504,Roll
0.984,-0.076,0.946,-48.414,267.181,86.433,Roll
0.500,0.230,0.555,-139.869,286.685,221.340,Roll
-0.090,0.279,-0.053,-124.302,286.685,258.484,Roll
-1.002,0.034,0.022,-71.356,286.685,233.529,Roll
-1.354,-0.422,0.364,14.752,286.685,197.286,Roll
-1.151,-0.402,0.516,73.815,286.685,134.995,Roll
-1.148,-0.409,0.392,67.541,36.076,78.558,Roll
-1.425,-0.178,0.588,24.596,-214.366,52.964,Roll
-1.517,0.152,1.113,53.865,-286.685,-13.930,Roll
-0.771,0.459,0.739,-122.036,-286.685,-126.525,Roll
0.051,0.003,0.059,-203.630,-286.685,-205.196,Roll
-0.009,-0.606,-0.210,-30.240,-286.685,-102.410,Roll
1.410,-0.545,0.943,233.275,-286.659,-4.515,Roll
0.861,-0.404,0.894,77.761,123.567,-9.686,Roll
0.740,-0.283,0.321,49.516,286.685,-1.514,Roll
0.475,-0.105,0.511,107.249,286.685,-19.583,Roll
0.096,0.164,0.614,83.974,286.685,-66.946,Roll
-0.881,0.253,0.947,-75.215,286.685,-27.930,Roll
-1.526,-0.128,0.849,-202.589,286.685,25.112,Roll
-1.495,-0.312,0.472,-140.096,279.038,51.730,Roll
-1.498,-0.365,0.756,-57.916,71.689,40.880,Roll
-1.496,-0.279,0.290,-50.881,-278.679,-57.732,Roll
-0.969,-0.081,0.243,-49.779,-286.685,-174.650,Roll
-0.390,0.050,0.027,-66.194,-286.685,-255.141,Roll
0.832,0.157,-0.185,-84.411,-286.685,-286.685,Roll
1.739,-0.339,0.449,92.942,-285.915,-186.760,Roll
1.353,-0.834,1.214,113.820,-133.709,-58.669,Roll
1.086,-0.561,0.698,-4.287,92.181,24.570,Roll
0.890,-0.316,0.346,-60.077,286.195,166.967,Roll
0.712,-0.074,0.102,-7.963,286.685,224.866,Roll
0.204,-0.041,-0.004,48.939,286.685,194.932,Roll
-0.589,0.255,0.017,72.993,286.685,139.738,Roll
-1.461,-0.095,0.503,28.499,286.685,141.654,Roll
-1.828,-0.147,0.815,39.217,51.354,187.434,Roll
-1.672,-0.065,1.020,-6.641,-213.553,172.462,Roll
-1.528,0.060,0.803,-85.190,-286.685,7.035,Roll
-0.760,0.207,0.574,-198.432,-286.685,-169.015,Roll
0.625,0.129,0.141,-189.289,-286.685,-267.400,Roll
1.010,-0.662,-0.018,-73.640,-286.685,-156.538,Roll
1.043,-0.885,0.835,59.964,-87.570,-86.791,Roll
0.692,-0.660,0.375,23.450,281.802,9.975,Roll
0.293,-0.231,-0.032,122.806,286.685,105.052,Roll
-0.065,-0.039,0.332,168.910,286.685,60.891,Roll
-0.548,0.493,0.638,182.648,286.685,7.823,Roll
-1.644,0.361,1.554,-5.530,286.685,21.586,Roll
-1.709,-0.123,0.608,-176.837,204.444,91.823,Roll
-1.595,-0.203,0.652,-20.650,77.228,118.842,Roll
-1.511,-0.088,0.545,19.609,-23.100,50.627,Roll
-1.331,-0.041,0.552,-74.340,-286.676,-62.939,Roll
-0.999,0.156,0.211,-145.408,-286.685,-185.727,Roll
-0.050,0.046,-0.054,-74.121,-286.685,-202.440,Roll
0.504,0.237,0.789,-108.614,-286.685,-243.477,Roll
0.778,-0.394,0.606,-128.083,-286.685,-137.095,Roll
1.000,-0.835,0.856,22.015,-224.245,-65.266,Roll
1.172,-0.729,0.996,-0.726,-125.081,13.764,Roll
1.304,-0.402,0.393,-21.368,238.595,109.454,Roll
0.999,0.080,0.043,-13.265,286.685,207.865,Roll
0.098,0.110,-0.485,-6.834,286.685,219.643,Roll
-1.061,0.252,-0.483,82.863,286.685,177.432,Roll
-1.754,-0.053,0.612,65.074,286.685,127.768,Roll
-1.831,-0.355,0.477,29.601,243.189,124.460,Roll
-1.335,-0.481,-0.088,18.909,65.109,118.177,Roll
-1.324,-0.096,0.007,59.728,-268.091,41.344,Roll
-1.325,0.021,0.807,-11.970,-286.685,-88.900,Roll
-0.824,0.361,0.493,-152.784,-286.685,-224.717,Roll
-0.092,0.191,0.064,-166.259,-286.685,-282.599,Roll
0.997,-0.225,0.482,-45.010,-286.685,-238.656,Roll
1.420,-0.731,1.269,34.571,-280.709,-130.235,Roll
1.322,-0.756,1.095,13.939,-117.757,-50.024,Roll
1.146,-0.285,0.681,-53.734,144.620,102.760,Roll
0.911,-0.165,0.607,-85.978,286.221,202.038,Roll
0.346,0.068,-0.134,-52.115,286.685,262.806,Roll
-0.557,0.172,-0.421,13.055,286.685,217.201,Roll
-1.185,0.185,0.096,124.014,286.685,110.189,Roll
-1.327,-0.159,0.444,114.669,286.685,48.545,Roll
-1.266,-0.471,0.058,47.705,277.961,33.845,Roll
-1.107,-0.441,-0.229,57.549,4.891,79.625,Roll
-1.341,-0.160,0.507,51.310,-286.615,109.305,Roll
-1.251,0.383,1.586,24.229,-286.685,43.347,Roll
-0.960,0.332,1.194,-164.360,-286.685,-167.055,Roll
-0.128,-0.064,0.472,-183.225,-286.685,-286.685,Roll
0.696,-0.505,0.232,-37.319,-286.685,-191.861,Roll
1.725,-0.840,1.087,49.717,-286.353,-38.474,Roll
1.500,-0.877,1.019,19.644,-58.949,70.569,Roll
0.837,-0.314,0.268,-12.084,286.685,237.939,Roll
0.090,0.119,-0.190,-7.927,286.685,262.736,Roll
-0.907,0.196,-0.464,87.378,286.685,145.705,Roll
-1.182,0.106,0.143,131.285,286.685,79.957,Roll
-1.604,-0.359,1.026,-31.421,253.977,51.284,Roll
-1.434,-0.521,0.015,-87.080,-43.943,76.029,Roll
-1.349,-0.295,0.199,16.739,-259.892,47.346,Roll
-1.150,-0.164,0.368,9.949,-286.685,-33.486,Roll
-0.865,0.214,1.073,-56.359,-286.685,-184.021,Roll
-0.358,0.306,0.656,-122.911,-286.685,-286.641,Roll
0.462,-0.086,0.086,-110.486,-286.685,-286.685,Roll
1.576,-0.667,0.216,106.085,-286.685,-222.040,Roll
1.735,-0.901,0.504,49.717,-153.274,-53.016,Roll
1.375,-0.647,0.507,7.726,106.846,57.208,Roll
0.761,-0.309,0.576,-29.024,286.685,202.169,Roll
0.058,0.168,1.021,-42.779,286.685,255.885,Roll
-0.160,0.224,0.271,-136.474,286.685,153.501,Roll
-0.290,-0.052,-0.338,-120.855,286.685,130.357,Roll
-1.155,-0.487,0.757,-35.464,279.221,105.402,Roll
-1.004,-0.686,0.722,-42.324,248.973,139.519,Roll
-1.096,-0.538,0.069,59.798,279.991,138.600,Roll
-1.457,-0.478,0.157,65.861,38.763,139.598,Roll
-1.548,-0.033,0.803,51.949,-286.685,70.262,Roll
-1.079,0.198,1.119,-21.481,-286.685,-119.569,Roll
-0.284,0.167,0.633,-141.199,-286.685,-284.366,Roll
0.894,-0.574,0.456,-34.729,-286.685,-257.994,Roll
1.359,-0.755,0.904,36.278,-231.674,-108.719,Roll
1.213,-0.797,0.777,-32.217,-2.196,-18.970,Roll
0.860,-0.424,0.467,-67.077,273.280,128.905,Roll
0.425,-0.141,0.316,-109.918,286.685,193.988,Roll
0.088,0.034,0.067,-137.716,286.685,229.346,Roll
-0.616,0.049,-0.338,-61.644,286.685,239.234,Roll
-1.323,-0.213,0.524,54.259,286.685,188.781,Roll
-1.463,-0.509,0.570,29.733,270.392,145.425,Roll
-1.453,-0.475,0.222,62.921,43.601,102.655,Roll
-1.428,-0.262,0.121,61.906,-179.576,34.554,Roll
-1.361,-0.165,0.657,26.049,-286.685,-89.101,Roll
-0.729,0.194,0.770,-64.234,-286.685,-232.908,Roll
-0.026,0.087,0.234,-94.360,-286.685,-286.685,Roll
0.597,-0.319,0.175,-60.463,-286.685,-254.800,Roll
1.352,-0.615,0.595,34.081,-286.685,-141.864,Roll
1.474,-0.842,0.965,33.241,-146.939,-48.781,Roll
1.132,-0.670,0.771,-56.263,123.611,79.686,Roll
0.883,-0.150,0.199,-99.601,286.685,264.556,Roll
0.402,0.067,-0.206,-59.544,286.685,286.685,Roll
-0.702,0.036,-0.634,72.030,286.685,285.443,Roll
-1.661,0.048,0.256,272.186,286.685,193.025,Roll
-1.684,-0.122,1.067,260.986,286.685,109.436,Roll
-1.314,-0.271,0.949,152.626,191.870,64.452,Roll
-0.931,-0.318,0.521,-6.142,-252.227,55.107,Roll
-1.265,-0.084,0.929,-7.184,-286.685,-12.215,Roll
-0.600,0.429,0.922,-142.686,-286.685,-121.931,Roll
-0.364,0.405,0.617,-245.324,-286.685,-229.425,Roll
0.752,-0.335,-0.046,-163.231,-286.685,-282.721,Roll
1.427,-0.870,0.719,70.963,-279.659,-137.331,Roll
1.272,-0.840,1.145,-7.324,29.400,0.324,Roll
0.851,-0.433,0.606,-107.686,283.973,136.614,Roll
0.609,-0.220,0.262,-115.334,286.685,210.674,Roll
0.362,-0.098,0.157,-71.094,286.685,229.469,Roll
-0.107,-0.033,-0.065,16.765,286.685,207.769,Roll
-1.224,0.098,0.227,123.279,286.685,159.092,Roll
-1.612,-0.254,0.729,64.418,286.685,121.467,Roll
-1.795,-0.415,0.825,33.049,267.557,124.075,Roll
-1.539,-0.434,0.234,-43.435,-152.268,74.095,Roll
-1.522,-0.027,0.502,-47.583,-286.685,-112.997,Roll
-1.183,0.122,0.482,-100.021,-286.685,-286.300,Roll
0.029,0.222,-0.062,-116.139,-286.685,-286.685,Roll
1.149,-0.633,0.423,13.781,-286.685,-269.710,Roll
1.570,-0.956,1.134,71.234,-213.701,-92.951,Roll
1.477,-0.710,0.856,-71.356,50.575,23.704,Roll
1.373,-0.238,0.376,-138.014,277.987,173.477,Roll
0.674,0.383,-0.287,-120.802,286.685,286.685,Roll
-0.701,0.259,-0.767,-25.987,286.685,286.685,Roll
-1.476,0.111,-0.024,164.010,286.685,238.516,Roll
-1.931,-0.350,0.610,136.220,286.685,150.964,Roll
-1.484,-0.675,0.189,28.814,65.039,127.418,Roll
-1.274,-0.082,0.306,152.171,-245.271,69.764,Roll
-1.142,0.009,0.999,82.224,-286.685,-50.138,Roll
-0.743,0.275,1.261,-25.349,-286.685,-130.848,Roll
-0.086,0.115,0.484,-111.116,-286.685,-214.462,Roll
0.832,-0.447,0.499,-26.565,-286.685,-158.751,Roll
1.128,-0.604,1.365,24.754,-233.503,-50.146,Roll
1.039,-0.740,1.103,-103.504,-50.164,30.800,Roll
1.090,-0.516,0.596,-144.331,160.326,156.783,Roll
0.831,-0.165,-0.114,-105.884,286.685,253.645,Roll
-0.282,-0.001,-0.508,-10.369,286.685,286.668,Roll
-1.201,0.095,0.003,86.450,286.685,217.709,Roll
-1.668,-0.060,0.864,154.298,286.685,103.889,Roll
-1.700,-0.336,0.981,104.247,286.685,61.215,Roll
-1.280,-0.437,0.074,27.921,49.280,70.009,Roll
-1.200,-0.068,0.119,51.511,-240.240,49.954,Roll
-1.179,-0.136,1.010,44.048,-286.685,-41.239,Roll
-1.089,0.055,1.263,-84.411,-286.685,-136.036,Roll
-0.552,0.194,0.660,-194.661,-286.685,-221.917,Roll
0.221,-0.282,0.517,-145.171,-286.685,-265.090,Roll
1.128,-0.816,0.719,-75.766,-286.685,-115.150,Roll
1.276,-0.802,0.673,-75.302,-133.035,-12.792,Roll
0.977,-0.651,0.427,-97.213,132.361,106.251,Roll
0.725,-0.485,0.013,-125.571,281.321,223.134,Roll
0.013,-0.142,-0.742,-5.950,286.685,286.283,Roll
-0.878,-0.046,-0.324,198.581,286.685,217.061,Roll
-1.649,0.260,0.184,206.395,286.685,120.076,Roll
-1.846,-0.359,0.573,166.425,286.685,91.927,Roll
-1.649,-0.626,0.796,119.866,200.515,113.872,Roll
-1.266,-0.473,0.103,-73.159,-225.251,136.553,Roll
-1.203,0.216,0.678,-45.334,-286.685,64.164,Roll
-0.971,0.173,0.852,-79.467,-286.685,-140.210,Roll
-0.511,0.105,0.777,-135.826,-286.685,-237.974,Roll
0.187,-0.266,0.269,-77.901,-286.685,-259.429,Roll
0.600,-0.613,0.189,63.595,-286.685,-165.191,Roll
0.997,-0.620,0.806,110.189,-271.714,-87.150,Roll
0.940,-0.498,1.163,84.114,-71.225,-27.624,Roll
0.691,-0.531,1.391,37.564,37.537,11.970,Roll
0.666,-0.389,0.951,-81.104,211.610,94.859,Roll
0.515,-0.107,0.230,-46.305,286.685,176.986,Roll
-0.006,-0.064,0.127,1.278,286.685,180.845,Roll
-0.604,0.072,0.093,15.304,286.685,189.473,Roll
-1.191,-0.052,0.306,-35.875,286.685,159.679,Roll
-1.417,-0.408,0.292,-20.458,286.685,133.516,Roll
-1.474,-0.526,0.260,-4.086,95.209,93.607,Roll
-1.500,-0.471,0.242,-37.502,-217.656,44.301,Roll
-1.313,0.041,0.639,-32.147,-286.685,-101.762,Roll
-0.743,0.150,0.359,-144.926,-286.685,-227.824,Roll
0.087,0.067,0.414,-189.542,-286.685,-286.685,Roll
0.997,-0.734,0.542,-19.740,-286.685,-213.202,Roll
1.324,-0.804,1.111,-20.965,-245.893,-64.234,Roll
1.206,-0.807,0.909,-73.762,-54.591,43.662,Roll
0.898,-0.371,0.250,-93.380,279.589,245.910,Roll
-0.139,0.031,-0.688,-7.726,286.685,286.685,Roll
-0.994,0.316,-0.511,159.023,286.685,286.449,Roll
-1.255,0.274,0.625,197.260,286.685,224.691,Roll
-1.610,-0.517,1.131,72.371,281.461,140.262,Roll
-1.490,-0.517,0.453,5.504,63.604,166.967,Roll
-1.707,-0.060,0.430,63.971,-104.125,67.471,Roll
-1.615,-0.081,0.608,13.055,-280.026,-70.481,Roll
-0.811,0.276,0.248,-117.399,-286.685,-252.770,Roll
0.158,0.074,-0.168,-85.330,-286.685,-286.685,Roll
0.803,-0.720,0.251,8.496,-286.685,-273.674,Roll
1.101,-0.689,0.900,194.023,-81.454,-101.054,Roll
0.767,-0.499,1.091,150.054,184.126,-32.191,Roll
0.560,-0.391,0.380,67.296,286.685,64.540,Roll
-0.246,-0.063,0.305,151.428,286.685,65.109,Roll
-0.767,0.241,1.047,110.180,286.685,-10.693,Roll
-0.968,0.368,1.210,-49.814,286.685,-38.990,Roll
-1.322,-0.080,0.408,-92.890,286.589,-48.440,Roll
-1.646,-0.543,0.019,-80.544,189.840,-14.569,Roll
-1.419,-0.416,0.265,-46.874,-75.985,27.317,Roll
-1.191,-0.239,0.264,-85.461,-278.880,-15.610,Roll
-1.360,0.053,0.489,-98.919,-286.685,-108.246,Roll
-0.803,0.201,0.324,-94.132,-286.685,-227.246,Roll
-0.361,-0.186,0.187,-94.491,-286.685,-286.633,Roll
0.920,-0.418,0.225,-23.712,-286.685,-193.690,Roll
1.237,-0.591,0.675,87.631,-153.020,-90.536,Roll
1.067,-0.681,0.813,58.826,16.292,-25.786,Roll
0.921,-0.582,0.464,11.515,237.913,46.156,Roll
0.572,-0.267,0.136,29.155,286.685,107.914,Roll
0.043,-0.096,0.087,57.496,286.685,107.363,Roll
-0.813,0.112,0.654,76.545,286.685,110.504,Roll
-1.188,-0.074,0.964,-12.364,286.685,84.035,Roll
-1.310,-0.256,0.272,-33.644,286.685,50.120,Roll
-1.347,-0.449,0.018,-14.779,80.106,105.613,Roll
-1.316,-0.408,0.155,-31.360,-186.944,116.139,Roll
-1.287,-0.077,0.663,-74.777,-286.685,33.854,Roll
-1.078,0.237,0.736,-134.881,-286.685,-156.791,Roll
-0.138,-0.109,0.639,-88.086,-286.685,-237.151,Roll
0.964,-0.510,0.705,-27.589,-286.685,-145.661,Roll
1.241,-0.733,0.823,-22.855,-247.923,-42.289,Roll
1.324,-0.754,0.535,-56.665,21.044,37.555,Roll
0.757,-0.296,-0.143,-49.499,286.685,193.480,Roll
-0.503,0.089,-0.588,58.861,286.685,248.920,Roll
-1.332,0.349,-0.099,163.476,286.685,175.315,Roll
-1.809,-0.153,0.816,45.176,286.685,123.174,Roll
-1.774,-0.391,0.411,-36.216,260.522,36.671,Roll
-1.335,-0.335,-0.057,46.769,123.830,100.861,Roll
-1.211,-0.305,0.062,71.452,-35.018,77.026,Roll
-1.420,-0.056,0.359,-23.511,-286.685,30.354,Roll
-1.283,0.366,0.750,-108.456,-286.685,-100.397,Roll
-0.769,0.310,0.558,-157.876,-286.685,-233.021,Roll
0.231,-0.101,0.240,-142.634,-286.685,-255.133,Roll
0.750,-0.655,0.324,18.218,-286.685,-109.384,Roll
1.099,-1.006,0.653,72.905,-280.009,-27.073,Roll
1.418,-0.551,0.153,50.173,79.082,40.600,Roll
0.021,-0.397,-0.139,76.939,286.685,134.995,Roll
-0.461,0.131,0.003,120.855,286.685,107.214,Roll
-1.317,0.695,0.117,129.273,286.685,54.565,Roll
-1.999,-0.267,1.060,-40.399,286.685,36.094,Roll
-1.289,-0.325,0.111,-40.469,251.676,30.056,Roll
-1.217,-0.405,-0.183,21.315,-5.565,63.481,Roll
-1.122,-0.276,0.177,-11.471,-193.629,42.866,Roll
-1.071,-0.003,0.585,-20.142,-286.685,-21.411,Roll
-1.094,0.067,0.988,-63.884,-286.685,-84.866,Roll
-0.837,0.276,0.901,-139.580,-286.685,-211.260,Roll
-0.534,0.087,0.718,-180.898,-286.685,-286.685,Roll
1.016,-0.502,-0.068,-124.311,-286.685,-237.178,Roll
1.476,-0.771,1.011,-4.323,-284.454,-133.866,Roll
1.123,-0.848,0.652,-33.259,-48.466,30.695,Roll
0.786,-0.480,0.086,-69.274,276.115,222.075,Roll
0.489,-0.229,0.107,-41.458,286.685,283.054,Roll
-0.068,0.024,-0.408,54.014,286.685,277.034,Roll
-0.845,0.006,0.217,167.694,286.685,183.199,Roll
-1.599,-0.148,1.141,-15.461,286.685,152.110,Roll
-1.508,-0.452,0.739,-48.475,286.685,154.481,Roll
-1.371,-0.264,-0.004,65.949,285.504,146.492,Roll
-1.371,-0.282,-0.075,91.262,41.046,72.783,Roll
-1.322,-0.097,0.202,7.735,-286.668,16.275,Roll
-0.649,0.016,0.587,-48.344,-286.685,-73.001,Roll
-0.579,0.183,1.149,-118.046,-286.685,-267.995,Roll
-0.192,-0.313,0.652,-174.860,-286.685,-286.685,Roll
1.106,-0.558,0.639,-87.832,-286.685,-182.499,Roll
1.460,-0.808,0.309,-37.800,-239.636,-52.412,Roll
1.495,-0.706,0.224,-24.850,169.024,147.709,Roll
0.735,-0.373,0.094,-8.006,286.685,250.294,Roll
-0.141,-0.033,-0.177,57.479,286.685,286.685,Roll
-1.153,0.436,-0.021,154.884,286.685,210.709,Roll
-1.665,-0.069,0.986,67.427,286.685,136.019,Roll
-1.583,-0.510,0.457,25.812,165.769,93.441,Roll
-1.311,-0.414,0.358,49.201,-129.727,45.570,Roll
-1.094,-0.249,0.392,-36.120,-286.685,-46.515,Roll
-0.685,-0.019,0.769,-65.940,-286.685,-151.366,Roll
-0.181,0.115,0.815,-108.272,-286.685,-241.990,Roll
0.480,-0.376,1.030,-101.728,-286.685,-241.745,Roll
1.030,-0.632,0.678,-80.509,-286.685,-119.402,Roll
1.315,-0.731,0.730,-61.731,-161.044,-2.179,Roll
0.969,-0.765,0.296,-99.715,111.632,168.682,Roll
0.775,-0.437,-0.301,-23.135,286.685,284.865,Roll
-0.001,-0.089,-0.942,81.060,286.685,286.685,Roll
-1.149,0.437,-0.366,224.840,286.685,245.604,Roll
-1.963,-0.056,1.329,155.986,286.685,122.789,Roll
-1.999,-0.384,1.081,-26.801,46.786,114.537,Roll
-1.535,-0.607,0.570,-27.834,-113.173,132.134,Roll
-1.510,-0.114,0.372,-2.345,-282.634,-37.791,Roll
-1.035,0.204,0.629,-159.836,-286.685,-209.186,Roll
-0.218,0.098,0.324,-200.637,-286.685,-286.685,Roll
0.634,-0.513,0.017,-131.320,-286.685,-283.999,Roll
1.287,-0.711,0.126,-56.647,-286.685,-144.156,Roll
1.497,-1.042,0.661,3.710,-146.527,-42.840,Roll
1.261,-0.782,0.191,-56.070,185.780,162.610,Roll
0.847,-0.134,-1.016,15.645,286.685,286.685,Roll
-0.339,0.087,-0.502,236.250,286.685,283.194,Roll
-1.410,0.273,0.463,286.527,286.685,211.269,Roll
-1.935,0.018,1.368,185.693,286.685,99.076,Roll
-1.615,-0.323,0.381,13.790,248.054,53.051,Roll
-1.420,-0.392,0.108,39.847,-100.957,40.985,Roll
-1.072,-0.299,0.291,32.393,-281.400,0.490,Roll
-1.062,-0.012,0.717,-39.051,-286.685,-66.596,Roll
-0.496,0.261,0.974,-151.576,-286.685,-202.212,Roll
-0.073,-0.252,0.509,-212.231,-286.685,-286.466,Roll
1.216,-0.707,0.168,-144.725,-286.685,-179.322,Roll
1.823,-1.042,0.594,-43.339,-136.290,-12.653,Roll
1.508,-0.849,0.679,-73.080,109.961,113.872,Roll
1.119,-0.423,-0.106,-132.029,286.685,282.301,Roll
0.799,-0.065,-0.294,-104.912,286.685,286.685,Roll
-0.446,0.116,-1.120,19.740,286.685,286.685,Roll
-1.425,0.234,-0.808,212.538,286.685,281.059,Roll
-1.999,-0.446,0.891,186.742,286.685,130.034,Roll
-1.695,-0.556,-0.099,104.405,210.919,150.518,Roll
-1.208,-0.144,-0.702,174.860,-68.302,81.506,Roll
-1.198,-0.016,0.284,112.262,-286.685,0.499,Roll
-1.159,0.487,1.536,61.836,-286.685,-97.659,Roll
-0.427,0.408,0.702,-46.060,-286.685,-275.940,Roll
0.774,-0.284,0.297,-67.060,-286.685,-263.314,Roll
1.579,-0.906,0.646,80.281,-283.054,-144.874,Roll
1.534,-0.876,0.936,39.182,-78.444,-80.719,Roll
1.378,-0.634,0.619,-24.876,163.048,15.382,Roll
0.483,-0.163,0.274,-29.514,286.685,155.102,Roll
-0.207,0.244,-0.021,62.029,286.685,152.836,Roll
-0.940,0.494,0.237,100.940,286.685,75.241,Roll
-1.412,0.196,1.013,4.069,286.685,28.761,Roll
-1.566,-0.317,0.125,-141.452,283.237,46.987,Roll
-1.349,-0.525,-0.672,-61.434,54.206,95.970,Roll
-1.483,-0.379,-0.165,31.448,-245.464,38.369,Roll
-1.325,-0.335,0.218,31.806,-286.685,-43.636,Roll
-0.927,0.095,0.653,-54.565,-286.685,-129.710,Roll
-0.127,0.097,0.330,-96.933,-286.685,-195.440,Roll
0.626,-0.333,0.598,-69.772,-286.685,-186.253,Roll
1.205,-0.532,1.281,39.279,-272.142,-104.466,Roll
1.251,-0.495,1.130,24.517,-50.365,-49.420,Roll
1.181,-0.382,0.163,-46.314,271.915,51.397,Roll
0.502,-0.196,-0.496,44.739,286.685,142.992,Roll
-0.562,-0.080,-0.003,131.311,286.685,109.611,Roll
-1.041,0.086,0.496,130.349,286.685,69.746,Roll
-1.416,-0.114,0.366,71.654,286.685,95.051,Roll
-1.459,-0.089,0.463,58.870,284.147,143.334,Roll
-1.991,-0.104,0.258,-123.830,-108.045,164.736,Roll
-1.993,0.006,0.052,-173.092,-286.685,78.488,Roll
-1.523,0.533,0.505,-82.941,-286.685,-38.938,Roll
-0.662,0.297,0.675,-167.396,-286.685,-158.856,Roll
-0.125,0.101,0.454,-270.795,-286.685,-250.101,Roll
0.420,-0.317,0.076,-215.749,-286.685,-249.996,Roll
1.462,-0.719,0.286,-103.661,-286.685,-151.812,Roll
1.722,-0.709,0.699,-41.781,-42.779,-20.510,Roll
1.089,-0.625,0.705,-81.524,173.040,111.177,Roll
0.853,-0.330,-0.038,-29.759,286.685,271.810,Roll
-0.279,0.121,-0.347,157.194,286.685,272.247,Roll
-1.039,-0.109,0.291,165.646,286.685,174.816,Roll
-1.240,-0.195,0.601,111.842,286.685,159.836,Roll
-1.373,-0.015,0.518,100.984,286.685,144.585,Roll
-1.912,-0.029,0.421,108.946,114.380,111.860,Roll
-1.853,-0.161,0.162,61.469,-214.288,47.766,Roll
-1.241,0.259,0.224,100.021,-285.749,11.611,Roll
-0.788,0.228,1.059,24.824,-286.685,-56.507,Roll
-0.219,0.110,0.843,-97.239,-286.685,-132.221,Roll
0.443,-0.263,0.675,-62.466,-286.685,-132.510,Roll
0.897,-0.444,0.727,-25.270,-286.685,-103.933,Roll
1.391,-0.572,1.216,-31.763,-261.984,-73.430,Roll
1.553,-0.609,0.548,-88.848,50.645,-22.566,Roll
1.124,-0.305,0.073,-33.679,286.676,58.109,Roll
0.198,-0.162,0.038,-5.267,286.685,108.290,Roll
-0.575,0.118,-0.011,-6.423,286.685,114.747,Roll
-1.375,0.055,0.661,-36.627,286.685,156.546,Roll
-1.763,-0.118,0.515,-34.694,286.685,172.261,Roll
-1.805,-0.141,0.221,3.684,231.446,143.010,Roll
-1.627,-0.063,0.151,-4.918,39.734,108.334,Roll
-1.476,-0.165,0.223,3.211,-275.397,-16.625,Roll
-1.142,0.212,0.909,-105.630,-286.685,-140.875,Roll
-0.546,0.430,0.523,-272.073,-286.685,-269.701,Roll
0.726,-0.019,-0.251,-279.869,-286.685,-286.685,Roll
1.553,-0.746,-0.438,-150.719,-286.685,-240.826,Roll
1.972,-1.227,0.803,95.699,-207.296,-71.838,Roll
1.391,-0.448,-0.229,17.894,281.138,241.710,Roll
0.026,0.136,-1.015,67.043,286.685,286.685,Roll
-1.315,0.338,-0.654,147.744,286.685,267.759,Roll
-1.781,0.617,-0.070,173.512,286.685,185.771,Roll
-1.999,-0.217,1.329,143.325,286.685,94.920,Roll
-1.903,-0.581,0.819,-21.814,115.036,77.464,Roll
-1.415,-0.649,0.580,-64.689,-286.685,-9.730,Roll
-1.336,-0.003,0.331,-91.639,-286.685,-154.665,Roll
-0.253,0.582,0.366,-138.871,-286.685,-284.681,Roll
0.065,-0.128,0.117,-157.885,-286.685,-286.685,Roll
1.230,-0.313,0.188,-41.466,-286.685,-189.306,Roll
1.668,-1.172,1.327,59.421,-263.996,-89.976,Roll
1.701,-0.624,0.488,-30.083,37.275,134.969,Roll
0.758,-0.049,-0.766,4.375,286.685,286.589,Roll
-0.597,0.154,-0.806,106.426,286.685,286.685,Roll
-1.349,0.679,0.047,285.355,286.685,198.914,Roll
-1.892,0.542,1.511,278.959,286.685,47.154,Roll
-1.999,-0.494,1.342,8.181,278.084,0.184,Roll
-1.438,-0.497,0.190,7.595,63.779,20.580,Roll
-0.776,-0.252,0.118,95.419,-235.060,-10.316,Roll
-0.950,-0.007,0.491,102.043,-286.685,-53.471,Roll
-0.869,0.326,0.848,-41.239,-286.685,-82.609,Roll
-0.523,0.328,0.764,-139.151,-286.685,-195.134,Roll
0.144,-0.190,0.618,-115.115,-286.685,-243.994,Roll
0.881,-0.450,0.426,-86.240,-286.685,-187.688,Roll
1.480,-0.890,0.905,-91.429,-162.111,-78.592,Roll
1.555,-0.692,0.632,-85.925,49.639,26.897,Roll
1.286,-0.273,-0.176,-39.603,286.598,178.999,Roll
0.482,0.087,-0.204,68.014,286.685,225.977,Roll
-0.756,0.269,-0.172,96.635,286.685,163.774,Roll
-1.529,0.169,0.309,56.674,286.685,137.288,Roll
-1.991,-0.461,0.946,-57.208,285.880,145.854,Roll
-1.604,-0.506,0.284,-55.772,168.770,161.271,Roll
-1.294,-0.396,0.322,10.211,-49.053,73.973,Roll
-1.191,-0.291,0.613,-49.333,-266.954,-12.302,Roll
-1.091,-0.173,0.727,-108.509,-286.685,-166.530,Roll
-0.507,0.075,0.668,-94.518,-286.685,-248.684,Roll
-0.040,-0.095,0.293,-121.126,-286.685,-283.413,Roll
0.711,-0.372,0.374,-40.959,-286.685,-231.884,Roll
1.167,-0.609,0.749,-0.341,-248.570,-122.745,Roll
1.118,-0.699,0.552,5.259,-42.735,-39.882,Roll
0.837,-0.544,0.176,-2.931,249.296,116.637,Roll
0.087,-0.303,0.271,23.397,286.685,183.768,Roll
-0.386,-0.297,0.544,58.432,217.009,149.144,Roll
-0.349,-0.286,0.989,53.139,-15.426,109.165,Roll
0.005,-0.392,1.147,15.986,-277.979,28.621,Roll
0.645,-0.628,1.265,81.427,-120.872,18.261,Roll
0.511,-0.364,0.943,68.206,285.154,65.109,Roll
0.083,-0.355,0.026,8.453,286.685,92.400,Roll
-1.441,0.070,0.204,163.476,286.685,85.199,Roll
-1.752,-0.296,1.307,53.384,286.685,25.725,Roll
-1.616,-0.638,0.010,-32.935,95.673,43.557,Roll
-1.074,-0.506,0.035,21.149,-218.251,86.651,Roll
-1.027,-0.077,0.586,20.545,-286.685,25.489,Roll
-0.250,0.401,0.530,-11.865,-286.685,-109.865,Roll
1.243,0.018,0.378,70.569,-286.685,-80.990,Roll
1.313,-0.458,1.092,121.800,-148.225,-11.585,Roll
1.257,-0.595,0.425,-52.071,181.738,-28.647,Roll
0.052,-0.325,-0.172,-30.354,286.685,67.821,Roll
-0.810,0.275,0.296,43.654,286.685,56.315,Roll
-1.598,0.403,1.295,39.900,286.685,57.129,Roll
-1.819,-0.079,1.041,-64.549,286.598,57.986,Roll
-1.461,-0.318,0.260,-11.314,84.639,19.906,Roll
-1.203,-0.354,-0.020,-31.369,-281.663,-0.140,Roll
-0.804,-0.041,0.446,-73.412,-286.685,-44.222,Roll
-0.528,0.103,0.461,-102.690,-286.685,-89.066,Roll
0.194,-0.002,0.576,-42.376,-286.685,-127.960,Roll
0.915,-0.259,1.195,3.246,-286.685,-82.565,Roll
1.143,-0.646,0.937,-46.007,-169.374,-9.222,Roll
1.238,-0.672,0.416,-56.674,87.876,27.230,Roll
0.920,-0.415,0.106,-35.140,285.031,58.415,Roll
-0.417,-0.173,-0.120,-8.724,286.685,113.732,Roll
-1.221,0.225,0.392,84.945,286.685,99.251,Roll
-1.577,0.015,0.923,35.446,286.685,61.399,Roll
-1.455,-0.153,0.609,40.049,286.685,21.044,Roll
-1.234,-0.406,0.062,48.510,134.102,-2.118,Roll
-1.029,-0.261,0.146,15.864,-217.481,29.750,Roll
-0.933,0.116,0.586,-22.243,-286.685,13.396,Roll
-0.778,0.230,0.906,-3.981,-286.685,-39.191,Roll
-0.478,0.334,0.920,-117.941,-286.685,-132.781,Roll
0.293,0.022,0.612,-178.080,-286.685,-224.980,Roll
1.356,-0.504,0.524,-97.939,-286.685,-190.085,Roll
1.568,-0.948,0.523,-9.257,-95.436,-76.116,Roll
1.195,-0.646,0.080,-15.523,147.630,107.940,Roll
0.080,-0.334,-0.478,-3.045,286.685,215.915,Roll
-0.513,-0.124,0.252,23.406,286.685,231.193,Roll
-1.348,0.481,0.773,76.134,286.685,176.374,Roll
-1.787,-0.091,1.141,39.603,286.685,86.441,Roll
-1.693,-0.689,0.655,-19.224,281.111,54.792,Roll
-1.249,-0.499,-0.102,-11.436,35.630,48.816,Roll
-0.898,-0.180,0.051,-15.873,-282.004,-3.220,Roll
-0.575,-0.097,0.447,17.325,-286.685,-86.520,Roll
-0.560,-0.084,0.708,34.877,-286.685,-116.725,Roll
-0.290,0.125,1.158,-22.024,-286.685,-132.947,Roll
0.047,0.015,0.703,-145.364,-286.685,-192.867,Roll
1.095,-0.569,0.660,-40.014,-286.685,-92.558,Roll
1.279,-0.769,0.892,-0.018,-217.114,6.247,Roll
1.125,-0.878,0.792,0.446,-93.397,42.201,Roll
1.002,-0.665,0.415,48.072,164.675,97.081,Roll
0.487,-0.247,-0.225,78.304,286.685,177.363,Roll
-0.124,0.091,-0.125,137.533,286.685,146.598,Roll
-0.602,0.075,0.163,105.061,286.685,71.628,Roll
-1.138,-0.076,0.629,22.356,286.685,33.224,Roll
-1.420,-0.416,0.690,-61.688,286.685,-1.181,Roll
-1.409,-0.476,0.209,-83.274,184.144,8.811,Roll
-1.307,-0.402,-0.011,-36.522,13.422,28.499,Roll
-0.720,-0.461,0.224,-63.490,-286.274,-12.591,Roll
-0.697,-0.040,0.571,18.095,-286.685,-87.412,Roll
-0.246,0.069,1.108,43.969,-286.685,-157.885,Roll
-0.107,-0.115,1.311,-12.932,-286.685,-195.064,Roll
0.568,-0.627,1.017,-74.515,-286.685,-143.745,Roll
0.721,-0.635,0.652,-72.520,-113.260,-3.806,Roll
0.498,-0.541,0.377,-25.524,137.253,112.936,Roll
0.187,-0.469,0.267,27.948,285.967,169.426,Roll
0.118,-0.337,0.424,77.298,286.685,171.404,Roll
-0.321,-0.304,0.380,106.715,286.685,120.855,Roll
-0.926,0.016,0.322,181.913,286.685,18.865,Roll
-1.941,-0.268,1.201,94.150,286.659,-17.754,Roll
-1.613,-0.409,1.163,-31.640,219.371,1.715,Roll
-1.191,-0.488,0.048,-67.104,84.936,34.842,Roll
-0.959,-0.336,-0.050,-74.707,-130.042,19.897,Roll
-0.968,-0.011,0.435,0.306,-286.554,10.614,Roll
-0.981,-0.009,0.794,-13.519,-286.685,-29.444,Roll
-0.642,0.105,0.815,-35.577,-286.685,-92.120,Roll
0.077,-0.106,0.787,-93.380,-286.685,-157.719,Roll
0.621,-0.495,0.805,-119.219,-286.685,-156.546,Roll
0.928,-0.777,0.806,-74.183,-149.223,-78.706,Roll
0.904,-0.712,0.456,26.696,200.708,20.510,Roll
0.640,-0.499,0.320,75.478,286.685,76.335,Roll
0.259,-0.204,0.173,102.183,286.685,111.457,Roll
-0.709,-0.002,-0.160,151.497,286.685,62.011,Roll
-1.767,0.104,0.636,104.571,286.685,35.814,Roll
-1.697,-0.255,1.271,-50.382,232.216,37.161,Roll
-1.306,-0.399,0.536,-121.861,69.309,65.739,Roll
-1.148,-0.453,0.004,-48.309,8.951,75.915,Roll
-1.188,-0.357,0.162,-93.135,-283.255,15.190,Roll
-0.949,0.082,0.407,-57.829,-286.685,-82.215,Roll
-0.452,0.132,0.536,-54.014,-286.685,-233.634,Roll
0.004,0.067,0.483,-103.495,-286.685,-286.685,Roll
1.088,-0.374,0.428,-102.384,-286.685,-272.457,Roll
1.512,-0.942,0.867,-2.328,-159.792,-129.167,Roll
1.508,-0.943,0.675,-0.446,72.581,19.049,Roll
1.373,-0.116,-0.314,-23.599,286.685,268.179,Roll
-0.104,-0.055,-0.180,23.503,286.685,286.685,Roll
-1.146,0.139,-0.251,81.725,286.685,237.501,Roll
-1.520,0.022,-0.032,139.178,286.685,175.184,Roll
-1.999,-0.133,0.655,107.126,229.644,123.550,Roll
-1.709,-0.356,0.527,53.987,100.721,19.731,Roll
-1.318,-0.233,0.364,59.360,-102.935,-32.200,Roll
-1.061,-0.315,0.385,20.781,-280.367,-38.465,Roll
-0.987,0.136,0.465,-121.747,-286.685,-89.364,Roll
-0.509,0.190,0.422,-144.515,-286.685,-228.113,Roll
0.126,0.038,0.243,-105.315,-286.685,-285.906,Roll
0.643,-0.482,0.269,-44.520,-286.685,-211.041,Roll
1.795,-0.719,0.397,-36.409,-260.872,-44.004,Roll
1.490,-0.680,0.309,43.916,-32.393,39.716,Roll
1.009,-0.420,0.388,58.126,269.946,133.735,Roll
0.974,-0.365,0.388,99.654,286.685,217.980,Roll
0.437,0.057,0.350,142.599,286.685,162.391,Roll
-0.134,0.157,0.452,71.190,286.685,70.149,Roll
-0.712,-0.125,0.283,-6.431,286.685,18.375,Roll
-1.769,-0.415,0.160,-111.685,285.451,74.427,Roll
-1.863,-0.460,0.156,-115.745,132.204,116.795,Roll
-1.901,-0.655,0.182,-61.950,46.489,99.785,Roll
-1.591,-0.262,0.160,-90.361,-261.922,15.181,Roll
-1.139,0.091,0.117,-71.689,-286.685,-138.749,Roll
0.179,-0.057,0.218,-114.223,-286.685,-286.318,Roll
0.543,0.103,0.692,-58.739,-286.685,-286.685,Roll
0.828,-0.667,0.571,-54.985,-286.685,-248.920,Roll
1.598,-0.783,0.545,40.031,-264.224,-30.013,Roll
1.484,-0.719,0.194,79.747,16.118,38.798,Roll
1.384,-0.499,-0.037,76.405,286.685,128.336,Roll
0.519,0.016,0.136,114.415,286.685,181.431,Roll
-0.622,0.012,0.563,78.479,286.685,149.599,Roll
-0.900,-0.004,0.657,78.715,286.685,95.253,Roll
-1.032,-0.113,0.558,22.111,286.685,67.323,Roll
-1.196,-0.036,0.547,5.294,285.346,65.616,Roll
-1.275,-0.229,0.534,2.196,228.891,29.995,Roll
-1.037,-0.348,0.398,41.396,87.220,12.294,Roll
-0.982,-0.282,0.367,16.485,-52.666,-22.969,Roll
-1.139,-0.247,0.476,39.699,-176.391,-7.648,Roll
-0.937,-0.043,0.702,-24.211,-286.685,12.932,Roll
-0.530,0.185,0.690,-164.824,-286.685,-64.199,Roll
-0.068,-0.218,0.155,-228.428,-286.685,-127.592,Roll
0.905,-0.357,0.443,-158.209,-286.685,-109.637,Roll
1.535,-0.884,0.692,-67.139,-226.669,-45.596,Roll
1.538,-1.125,0.412,11.427,100.275,12.425,Roll
0.875,-0.466,-0.215,169.321,286.685,137.069,Roll
-0.677,0.158,0.004,201.530,286.685,133.262,Roll
-0.804,0.333,0.466,156.398,286.685,77.997,Roll
-1.835,0.005,1.018,64.120,286.685,58.564,Roll
-1.627,-0.123,0.596,30.817,207.568,58.730,Roll
-1.277,-0.341,0.558,17.745,-135.686,23.100,Roll
-1.206,-0.291,0.682,-97.738,-286.685,-8.068,Roll
-0.735,0.173,0.840,-252.131,-286.685,-84.446,Roll
0.195,0.124,-0.124,-286.685,-286.685,-251.650,Roll
0.935,-0.470,0.487,-205.214,-286.685,-282.625,Roll
1.602,-1.245,0.714,-75.005,-258.414,-124.189,Roll
1.249,-0.729,-0.341,8.068,172.655,76.860,Roll
0.988,-0.406,-0.326,78.855,286.685,196.166,Roll
-0.164,0.131,-0.229,161.630,286.685,286.685,Roll
-0.874,0.362,0.163,229.889,286.685,253.059,Roll
-1.543,0.072,0.978,209.825,286.685,149.835,Roll
-1.768,-0.133,1.307,89.863,279.300,108.342,Roll
-1.706,-0.231,0.805,-19.110,8.330,46.935,Roll
-0.888,-0.308,0.285,-14.394,-282.555,-5.959,Roll
-0.453,-0.224,0.315,-25.051,-286.685,-78.382,Roll
-0.281,-0.089,0.360,-121.651,-286.685,-132.816,Roll
0.547,0.063,0.802,-34.072,-286.685,-184.643,Roll
0.798,-0.385,1.790,24.710,-174.361,-161.402,Roll
0.389,-0.465,1.595,-80.535,-58.494,-69.694,Roll
0.428,-0.481,0.955,-142.538,-174.947,14.149,Roll
0.585,-0.473,0.752,-142.765,-216.624,75.145,Roll
0.853,-0.422,0.627,-119.551,-180.408,113.435,Roll
0.842,-0.606,0.302,-62.676,-6.948,129.938,Roll
0.529,-0.549,0.158,35.096,285.163,192.710,Roll
0.009,-0.420,-0.048,143.684,286.685,198.249,Roll
-0.129,0.088,-0.170,232.995,286.685,122.412,Roll
-0.592,0.226,0.509,280.980,286.685,-29.260,Roll
-1.870,-0.566,0.713,-30.196,286.685,-21.263,Roll
-1.543,-0.678,0.543,-57.479,150.561,47.486,Roll
-1.486,-0.503,0.272,-52.911,-78.610,53.673,Roll
-1.074,-0.445,-0.256,-70.175,-286.685,16.459,Roll
-0.574,0.266,0.349,-96.967,-286.685,-100.905,Roll
-0.039,0.131,0.732,-139.956,-286.685,-280.385,Roll
1.056,-0.587,0.451,-128.564,-286.685,-241.981,Roll
1.329,-0.804,0.225,-42.709,-281.706,-146.431,Roll
1.168,-0.948,0.525,32.847,-0.735,-31.159,Roll
0.543,-0.451,0.013,95.244,274.584,142.730,Roll
0.385,-0.104,1.015,163.485,286.685,220.229,Roll
0.329,-0.140,0.862,159.215,286.685,159.399,Roll
-0.296,-0.022,0.852,186.428,286.685,118.151,Roll
-1.013,0.074,0.903,114.424,286.685,2.931,Roll
-1.238,-0.194,0.855,26.250,286.685,-51.432,Roll
-1.126,-0.397,0.189,5.057,286.685,-58.494,Roll
-1.086,-0.537,0.005,23.389,283.684,-30.791,Roll
-1.385,-0.529,0.140,-5.162,34.335,8.627,Roll
-1.079,-0.374,0.315,6.020,-281.767,45.290,Roll
-0.956,-0.121,0.701,11.786,-286.685,41.807,Roll
-0.727,0.546,1.179,-134.094,-286.685,-37.030,Roll
0.011,0.421,0.848,-286.519,-286.685,-261.109,Roll
1.521,-0.926,0.432,-155.024,-286.685,-181.702,Roll
1.816,-0.948,0.085,-61.618,-171.929,-66.771,Roll
1.163,-0.672,-0.186,8.251,176.006,111.029,Roll
0.789,-0.404,-0.023,15.024,286.685,245.551,Roll
0.229,-0.106,0.125,82.793,286.685,286.186,Roll
-0.614,0.104,0.009,181.116,286.685,195.178,Roll
-1.329,0.113,0.286,240.695,286.685,102.856,Roll
-1.524,0.047,0.786,160.449,286.685,41.676,Roll
-1.416,-0.481,-0.070,-5.066,286.457,8.750,Roll
-1.537,-0.477,-0.119,2.231,-2.546,77.787,Roll
-0.966,-0.447,0.595,-47.127,-286.685,70.184,Roll
-1.010,0.103,0.666,-5.512,-286.685,-0.569,Roll
-0.494,0.528,1.097,-105.192,-286.685,-155.409,Roll
0.102,-0.021,0.894,-222.005,-286.685,-286.685,Roll
1.298,-0.631,0.557,-65.616,-286.685,-202.764,Roll
1.398,-0.803,0.963,-10.789,-244.134,-96.582,Roll
1.377,-0.830,0.648,-79.887,-116.384,-24.938,Roll
1.126,-0.481,-0.064,-45.482,230.755,187.705,Roll
0.581,0.070,-0.239,10.824,286.685,286.685,Roll
-0.394,0.230,-0.260,22.846,286.685,286.641,Roll
-0.866,0.092,-0.968,193.235,286.685,196.630,Roll
-1.740,0.384,0.406,276.115,286.685,126.018,Roll
-1.999,-0.378,0.867,93.293,286.685,46.541,Roll
-1.647,-0.730,-0.083,10.631,171.841,96.749,Roll
-1.484,-0.374,0.029,48.842,-260.269,60.646,Roll
-1.347,0.045,0.631,27.020,-286.685,19.259,Roll
-0.669,0.553,1.037,-130.042,-286.685,-127.820,Roll
-0.391,0.463,0.671,-281.094,-286.685,-283.517,Roll
1.272,-0.500,-0.193,-188.440,-286.685,-242.681,Roll
1.739,-0.979,0.867,24.080,-259.114,-68.005,Roll
1.144,-1.067,0.942,-6.221,-20.939,1.041,Roll
0.776,-0.640,-0.231,-59.666,251.930,227.587,Roll
0.459,-0.126,-0.422,116.077,286.685,286.685,Roll
-0.504,0.229,-0.333,160.956,286.685,249.209,Roll
-1.078,0.090,-0.750,233.660,286.685,142.301,Roll
-1.820,0.509,0.593,286.685,286.685,61.162,Roll
-1.999,-0.289,1.343,128.511,286.685,-12.828,Roll
-1.159,-0.700,-0.164,31.045,155.102,59.833,Roll
-1.036,-0.400,0.040,78.724,-87.202,109.331,Roll
-1.277,0.426,0.893,35.368,-286.685,97.659,Roll
-0.959,0.475,1.177,-140.367,-286.685,1.216,Roll
-0.863,0.696,0.771,-252.149,-286.685,-178.920,Roll
-0.515,0.203,0.333,-243.241,-286.685,-255.771,Roll
0.542,-0.448,0.010,-65.634,-286.685,-167.116,Roll
1.441,-0.861,0.473,-40.749,-286.685,-91.219,Roll
1.046,-1.034,0.438,43.050,33.425,-11.585,Roll
0.632,-0.635,0.538,144.034,260.724,89.933,Roll
0.616,-0.279,0.599,164.833,264.924,137.034,Roll
0.626,0.028,1.303,114.240,277.130,184.319,Roll
0.613,0.182,1.267,41.807,286.685,87.815,Roll
0.044,-0.015,0.335,-27.930,286.685,12.101,Roll
-0.656,0.051,-0.244,-35.770,286.685,10.342,Roll
-0.755,-0.256,-0.114,17.448,286.685,24.894,Roll
-1.515,-0.552,0.005,-64.864,286.685,-11.594,Roll
-0.987,-0.413,0.137,23.249,280.499,-71.269,Roll
-1.374,-0.213,0.183,135.966,179.629,-91.893,Roll
-1.417,-0.311,0.175,67.970,-129.220,-87.281,Roll
-1.444,-0.212,0.596,29.522,-286.685,-93.485,Roll
-0.791,-0.072,0.602,29.978,-286.685,-109.279,Roll
-0.230,0.238,1.066,-11.270,-286.685,-183.715,Roll
0.299,0.061,0.874,-117.609,-286.685,-231.219,Roll
1.218,-0.744,0.217,-73.544,-286.685,-194.110,Roll
1.079,-0.764,0.722,7.271,-221.524,-45.010,Roll
0.831,-0.573,0.475,-30.345,-74.165,83.589,Roll
0.940,-0.325,0.126,-38.579,79.660,160.466,Roll
0.953,-0.401,0.093,13.449,251.352,193.384,Roll
0.520,-0.337,-0.048,80.640,286.685,225.610,Roll
-0.637,-0.037,-0.272,165.051,286.685,191.852,Roll
-0.965,0.108,0.108,192.482,286.685,136.631,Roll
-1.586,-0.042,0.720,121.966,286.685,98.604,Roll
-1.951,-0.323,0.585,-13.851,246.654,71.452,Roll
-1.459,-0.548,0.164,-10.089,75.548,94.430,Roll
-1.241,-0.361,0.139,-35.341,-255.719,89.757,Roll
-1.209,-0.009,0.180,29.575,-286.685,6.851,Roll
-0.814,0.265,1.204,24.736,-286.685,-65.301,Roll
-0.586,0.256,0.833,-127.776,-286.685,-187.154,Roll
0.207,-0.131,0.363,-143.273,-286.685,-202.773,Roll
1.130,-0.395,0.590,-86.380,-286.685,-97.939,Roll
1.357,-0.548,1.044,-82.110,-280.962,-55.134,Roll
1.127,-0.864,0.833,-68.145,-104.764,33.950,Roll
1.141,-0.512,-0.290,38.623,248.010,197.654,Roll
0.693,-0.129,-0.140,99.409,286.685,238.009,Roll
0.086,0.058,-0.372,102.716,286.685,176.374,Roll
-1.072,0.258,-0.079,114.616,286.685,44.625,Roll
-1.742,-0.334,0.376,-19.075,286.685,55.011,Roll
-1.994,-0.467,0.356,10.150,218.846,89.294,Roll
-1.625,-0.568,0.237,0.665,143.273,85.680,Roll
-1.074,-0.412,-0.017,-0.744,-186.357,52.421,Roll
-1.133,-0.003,0.560,44.537,-286.685,-5.469,Roll
-0.870,0.194,0.838,5.836,-286.685,-113.181,Roll
-0.577,0.333,1.114,-56.490,-286.685,-206.815,Roll
0.196,0.026,0.520,-164.238,-286.685,-286.685,Roll
1.046,-0.574,0.330,-105.595,-286.685,-206.736,Roll
1.419,-0.688,0.688,-34.702,-188.361,-52.859,Roll
1.459,-0.588,0.590,-42.796,59.544,92.531,Roll
1.349,-0.351,0.314,-18.288,286.633,229.696,Roll
0.811,-0.008,-0.087,8.767,286.685,280.402,Roll
-0.474,0.225,-0.539,-5.644,286.685,236.268,Roll
-1.428,0.011,-0.581,87.062,286.685,137.734,Roll
-1.670,-0.419,-0.367,141.750,286.685,105.753,Roll
-1.723,-0.379,0.114,155.864,285.180,75.162,Roll
-1.139,-0.629,-0.102,90.055,152.040,63.674,Roll
-1.612,-0.278,0.187,38.264,-177.809,132.431,Roll
-1.687,0.144,0.766,-128.012,-286.685,75.775,Roll
-1.000,0.151,0.822,-107.424,-286.685,-12.408,Roll
-0.777,0.446,0.899,-153.352,-286.685,-154.149,Roll
0.144,0.063,0.378,-213.036,-286.685,-285.302,Roll
1.528,-0.779,0.044,-136.089,-286.685,-197.934,Roll
1.299,-0.871,0.773,-34.213,-123.209,29.811,Roll
1.053,-0.718,0.053,-49.324,256.384,193.471,Roll
0.763,-0.394,-0.140,-22.715,286.685,265.344,Roll
0.430,0.038,-0.171,56.376,286.685,278.425,Roll
-0.558,0.193,-0.349,93.651,286.685,166.268,Roll
-1.377,0.137,0.013,63.254,286.685,128.363,Roll
-1.999,-0.288,0.180,49.166,268.432,117.495,Roll
-1.995,-0.571,0.505,59.071,205.004,104.939,Roll
-1.799,-0.366,0.277,0.245,-22.067,138.031,Roll
-1.302,-0.323,0.549,-18.743,-286.685,52.211,Roll
-1.125,0.239,0.586,-124.863,-286.685,-79.363,Roll
-0.447,0.419,0.314,-185.378,-286.685,-283.211,Roll
0.505,0.001,0.448,-181.895,-286.685,-286.685,Roll
1.389,-0.657,0.579,-56.105,-286.142,-236.548,Roll
1.407,-0.868,0.757,-39.681,-99.435,-44.844,Roll
1.232,-0.667,0.523,-78.531,96.985,122.946,Roll
1.191,-0.317,-0.517,-63.368,262.334,235.366,Roll
0.706,0.023,-0.189,30.249,286.685,286.685,Roll
-0.486,0.250,-0.178,37.030,286.685,286.685,Roll
-1.153,0.160,-0.256,46.699,286.685,280.438,Roll
-1.856,-0.148,0.017,97.685,286.685,230.431,Roll
-1.796,-0.390,0.232,131.364,243.408,103.836,Roll
-1.502,-0.395,0.229,119.989,138.355,62.300,Roll
-1.498,-0.295,0.261,83.895,-107.896,66.500,Roll
-1.988,-0.025,1.007,52.491,-279.379,36.899,Roll
-1.131,0.341,0.814,-71.015,-286.685,-122.946,Roll
-0.672,0.441,0.246,-166.784,-286.685,-286.370,Roll
0.505,-0.305,0.017,-133.613,-286.685,-286.685,Roll
1.023,-0.419,0.394,-16.931,-286.685,-180.381,Roll
1.236,-0.669,0.976,-2.922,-224.639,-110.950,Roll
1.144,-0.751,0.825,-33.040,-23.327,13.458,Roll
1.293,-0.259,-0.291,-39.812,254.887,183.908,Roll
0.734,0.014,-0.155,9.852,286.685,282.249,Roll
-0.269,0.183,-0.242,-20.186,286.685,256.497,Roll
-0.802,0.071,-0.933,50.838,286.685,212.546,Roll
-1.928,0.013,0.077,219.791,286.685,154.193,Roll
-1.999,-0.386,0.536,38.465,270.489,79.266,Roll
-1.836,-0.796,0.348,-2.634,123.323,117.749,Roll
-1.471,-0.389,0.099,17.876,-93.039,115.981,Roll
-1.385,0.262,0.577,-0.779,-286.685,11.629,Roll
-0.947,0.306,0.592,-89.294,-286.685,-158.182,Roll
-0.530,0.326,0.280,-139.667,-286.685,-281.260,Roll
0.085,-0.062,0.152,-96.871,-286.685,-286.685,Roll
0.818,-0.466,0.644,-14.394,-286.685,-191.879,Roll
0.857,-0.639,1.222,-80.255,-194.758,-60.209,Roll
0.936,-0.638,0.755,-78.418,29.864,47.364,Roll
0.774,-0.342,-0.120,-45.036,285.889,193.821,Roll
0.734,-0.182,0.028,9.249,286.685,245.306,Roll
0.076,0.216,0.276,30.966,286.685,259.026,Roll
-0.566,0.204,0.217,-41.037,286.685,216.746,Roll
-1.311,-0.128,-0.145,-48.842,286.685,179.533,Roll
-1.746,-0.348,-0.007,9.074,286.685,127.391,Roll
-1.996,-0.658,-0.320,-31.841,251.527,156.012,Roll
-1.841,-0.442,-0.620,-0.236,-65.721,132.440,Roll
-1.967,0.226,0.133,98.866,-286.370,-7.341,Roll
-1.212,0.156,0.615,49.061,-286.685,-137.716,Roll
-0.987,0.445,1.096,-26.425,-286.685,-211.697,Roll
-0.524,0.134,0.593,-149.914,-286.685,-286.685,Roll
0.741,-0.330,-0.098,-99.181,-286.685,-284.953,Roll
1.133,-0.617,0.722,-6.142,-286.685,-151.961,Roll
1.319,-0.776,0.614,-4.463,-71.243,39.524,Roll
1.307,-0.460,0.006,-16.809,225.855,178.876,Roll
1.164,-0.009,-0.426,-0.472,286.685,284.401,Roll
-0.245,0.260,-0.492,14.333,286.685,258.799,Roll
-1.385,0.071,-0.283,134.628,286.685,182.928,Roll
-1.999,-0.032,0.775,147.919,286.449,141.295,Roll
-1.999,-0.520,0.789,19.031,178.640,76.711,Roll
-1.373,-0.480,0.098,8.251,30.118,61.355,Roll
-1.104,-0.203,0.112,38.754,-248.727,-14.578,Roll
-1.201,0.065,0.538,29.181,-286.685,-43.181,Roll
-0.993,0.104,0.864,-79.118,-286.685,-141.164,Roll
-0.646,0.202,0.818,-119.254,-286.685,-262.325,Roll
0.118,-0.099,0.073,-144.270,-286.685,-286.685,Roll
1.188,-0.561,0.375,-56.612,-286.685,-233.966,Roll
1.546,-0.783,0.680,-6.912,-198.791,-71.995,Roll
1.657,-0.661,0.397,-28.927,91.516,66.272,Roll
1.441,-0.246,-0.437,-17.754,286.685,269.360,Roll
0.049,0.155,-0.271,44.083,286.685,286.685,Roll
-1.181,0.084,-0.314,55.116,286.685,213.273,Roll
-1.673,-0.149,-0.016,79.223,286.685,167.895,Roll
-1.999,-0.286,0.586,60.209,275.214,103.084,Roll
-1.878,-0.754,0.436,-20.265,234.386,94.946,Roll
-1.453,-0.531,0.028,-12.180,-0.849,110.031,Roll
-1.336,-0.406,0.071,-13.948,-264.539,63.814,Roll
-1.285,0.249,0.203,-78.505,-286.685,-110.145,Roll
-0.742,0.399,0.337,-124.259,-286.685,-263.445,Roll
0.177,0.022,0.291,-131.303,-286.685,-286.685,Roll
1.062,-0.593,0.229,-37.319,-285.267,-192.710,Roll
1.165,-0.804,0.718,58.783,-67.594,-25.358,Roll
1.287,-0.534,0.152,54.381,227.684,92.750,Roll
0.957,-0.117,-0.049,26.390,286.685,199.281,Roll
-0.426,0.321,-0.522,32.699,286.685,171.745,Roll
-1.496,0.032,-0.247,-26.075,286.685,177.476,Roll
-1.999,-0.088,0.194,8.995,286.685,175.997,Roll
-1.988,-0.655,0.399,18.673,230.536,118.475,Roll
-1.488,-0.560,-0.149,-38.447,-33.241,109.734,Roll
-1.487,0.040,0.168,-17.657,-286.685,15.461,Roll
-1.217,0.264,0.747,-17.150,-286.685,-96.740,Roll
-0.788,0.373,0.565,-143.255,-286.685,-253.216,Roll
-0.170,0.123,0.685,-151.769,-286.685,-286.685,Roll
0.597,-0.567,0.671,-152.154,-286.685,-274.444,Roll
0.969,-0.683,0.558,-87.132,-217.542,-122.421,Roll
0.965,-0.807,0.916,-82.582,-71.680,61.399,Roll
1.131,-0.400,0.364,-104.825,120.251,160.589,Roll
0.876,0.062,-0.427,-82.478,286.685,286.685,Roll
-0.196,0.211,-0.691,-22.391,286.685,286.685,Roll
-1.068,0.187,-0.032,54.346,286.685,286.388,Roll
-1.999,-0.295,0.499,61.845,286.685,204.540,Roll
-1.927,-0.933,0.400,41.702,215.460,126.901,Roll
-1.539,-0.543,-0.123,6.624,35.481,116.463,Roll
-1.078,-0.475,-0.284,23.048,-276.124,9.012,Roll
-0.916,0.040,-0.303,69.291,-286.685,-87.754,Roll
-0.595,0.103,0.344,-2.826,-286.685,-222.976,Roll
-0.530,-0.011,0.963,30.196,-286.685,-247.643,Roll
-0.212,-0.145,1.198,-33.022,-286.685,-286.676,Roll
0.217,-0.213,1.001,-118.781,-286.685,-286.685,Roll
1.198,-0.523,0.555,-150.544,-286.685,-269.386,Roll
1.669,-0.916,0.890,-37.835,-234.701,-75.469,Roll
1.844,-0.414,-0.049,-57.619,89.985,176.225,Roll
1.243,0.160,-0.687,38.631,286.685,286.685,Roll
0.128,0.175,-0.844,81.121,286.685,286.685,Roll
-1.192,0.191,-1.014,219.607,286.685,268.888,Roll
-1.999,-0.181,0.593,213.202,286.685,159.171,Roll
-1.958,-0.373,1.196,131.329,130.839,48.930,Roll
-1.665,-0.518,0.653,62.685,117.101,16.931,Roll
-1.481,-0.351,0.349,19.154,29.549,46.051,Roll
-1.164,-0.232,0.489,-6.921,-285.329,47.399,Roll
-1.082,0.093,0.540,-81.497,-286.685,-64.715,Roll
-0.829,0.263,0.806,-88.060,-286.685,-131.959,Roll
-0.330,0.150,0.449,-183.908,-286.685,-259.052,Roll
1.035,-0.633,0.197,-125.230,-286.685,-247.240,Roll
1.446,-0.830,0.442,6.580,-15.540,-12.171,Roll
1.543,-0.432,0.172,1.286,286.685,197.908,Roll
0.977,-0.006,-0.270,3.412,286.685,238.298,Roll
0.088,0.352,-0.394,34.440,286.685,175.131,Roll
-1.693,-0.099,0.130,37.380,286.685,121.415,Roll
-1.999,-0.496,0.120,-77.035,222.994,129.150,Roll
-1.986,-0.708,0.226,-40.469,176.794,119.175,Roll
-1.297,-0.585,0.014,-22.470,162.549,120.575,Roll
-1.096,-0.338,-0.349,-8.409,-71.216,100.179,Roll
-1.569,-0.067,0.095,-43.838,-286.685,20.589,Roll
-1.458,0.128,0.397,-21.114,-286.685,-105.376,Roll
-1.169,0.255,0.749,-63.604,-286.685,-216.020,Roll
-0.793,0.250,0.610,-156.371,-286.685,-286.685,Roll
0.100,-0.247,0.142,-155.986,-286.685,-286.685,Roll
1.238,-0.663,0.036,-29.619,-286.676,-235.410,Roll
1.490,-0.601,0.736,100.039,-77.560,6.755,Roll
1.481,-0.352,0.822,19.626,275.966,146.020,Roll
1.179,0.001,0.143,-67.007,286.685,228.812,Roll
0.239,0.426,-0.232,-75.512,286.685,286.668,Roll
-1.192,0.223,-0.919,3.001,286.685,239.208,Roll
-1.948,-0.027,-0.140,68.469,286.685,182.997,Roll
-1.999,-0.674,0.845,-12.259,276.054,123.375,Roll
-1.490,-0.845,-0.174,-74.384,220.561,138.005,Roll
-1.118,-0.489,-0.391,-4.996,66.544,122.771,Roll
-1.438,0.131,0.014,79.371,-132.300,6.309,Roll
-1.588,0.202,0.263,24.439,-257.897,-78.356,Roll
-1.429,0.034,0.522,13.519,-286.685,-164.666,Roll
-0.960,0.156,0.664,-73.089,-286.685,-266.823,Roll
-0.380,-0.002,0.608,-106.312,-286.685,-286.685,Roll
0.519,-0.524,0.761,-155.663,-286.685,-283.902,Roll
1.212,-0.800,0.774,-160.195,-286.685,-195.606,Roll
1.560,-0.554,0.678,-81.217,-96.119,3.132,Roll
1.419,-0.181,0.065,-147.805,273.919,262.089,Roll
0.615,-0.108,-1.030,-141.059,286.685,286.685,Roll
-0.490,0.220,-1.997,115.019,286.685,286.685,Roll
-1.413,0.249,-1.070,280.499,286.685,286.466,Roll
-1.999,-0.234,0.692,208.810,286.685,195.178,Roll
-1.615,-0.739,0.234,-62.274,260.575,125.046,Roll
-1.312,-0.632,-0.412,-42.787,131.163,163.931,Roll
-1.461,-0.325,-0.488,-37.564,-243.224,123.611,Roll
-1.890,0.146,0.090,-39.935,-286.685,22.540,Roll
-1.362,0.263,0.209,-107.100,-286.685,-208.329,Roll
-0.970,0.220,0.119,-86.713,-286.685,-286.685,Roll
0.072,-0.250,0.516,-56.831,-286.685,-286.685,Roll
0.374,-0.677,0.101,-31.885,-286.685,-203.394,Roll
0.525,-0.559,-0.047,37.643,-286.685,-36.269,Roll
1.731,-0.682,0.604,31.710,-265.099,57.050,Roll
0.621,-0.624,0.961,38.596,94.124,132.143,Roll
-0.032,-0.273,0.053,50.208,227.465,167.492,Roll
0.339,-0.362,1.015,66.509,206.806,117.355,Roll
0.422,-0.474,1.279,7.796,191.275,86.686,Roll
0.392,-0.429,0.335,101.378,75.556,41.458,Roll
-0.051,-0.425,0.693,72.870,240.327,29.155,Roll
-0.210,-0.392,1.306,0.131,286.685,45.202,Roll
-0.598,-0.186,0.222,-47.495,286.685,5.801,Roll
-0.744,-0.173,-0.275,-23.083,286.685,-49.140,Roll
-1.421,-0.789,0.455,103.110,286.685,27.562,Roll
-1.435,-0.849,0.488,24.868,39.200,63.245,Roll
-1.247,-0.336,0.267,67.882,-69.825,106.566,Roll
-1.299,-0.350,0.585,63.919,-286.466,83.265,Roll
-1.367,0.147,0.902,-95.874,-286.685,21.245,Roll
-0.528,0.186,0.144,-131.801,-286.685,-189.114,Roll
0.548,-0.276,0.191,-92.234,-286.685,-164.833,Roll
1.221,-0.600,0.789,-41.020,-286.685,-97.379,Roll
0.790,-0.789,0.354,-30.853,-185.080,7.770,Roll
0.996,-0.748,-0.118,-8.706,-30.450,135.607,Roll
0.759,-0.406,-0.082,112.717,286.519,178.176,Roll
0.242,-0.273,0.178,127.706,286.685,125.589,Roll
-0.649,-0.080,0.216,116.489,286.685,51.415,Roll
-1.261,0.055,0.699,88.051,286.685,-4.139,Roll
-1.546,0.079,1.618,61.206,286.685,-31.806,Roll
-1.395,-0.535,0.702,-233.572,286.685,-84.464,Roll
-1.122,-0.739,-0.504,-181.974,171.981,3.045,Roll
-0.972,-0.316,-0.231,41.772,-133.997,-4.270,Roll
-1.406,-0.440,0.104,67.848,-286.685,-68.827,Roll
-1.337,-0.186,0.543,65.205,-286.685,-127.619,Roll
-1.277,0.125,0.831,0.000,-286.685,-264.337,Roll
0.387,-0.215,-0.045,20.125,-286.685,-240.030,Roll
1.327,-0.415,0.596,-52.763,-286.685,-150.080,Roll
1.444,-0.670,0.462,1.969,-211.768,-39.034,Roll
1.413,-0.667,0.285,9.336,-95.725,63.053,Roll
1.257,-0.597,-0.164,23.056,99.706,144.891,Roll
0.536,-0.339,-0.246,70.656,286.685,207.839,Roll
-0.411,-0.254,-0.057,76.283,286.685,175.621,Roll
-0.715,0.044,-0.146,70.647,286.685,139.746,Roll
-1.257,0.232,0.235,78.558,286.685,108.386,Roll
-1.875,-0.464,1.265,46.471,286.685,37.634,Roll
-1.120,-0.892,-0.184,-100.957,284.533,14.315,Roll
-1.365,-0.695,-0.597,-7.884,-99.575,61.092,Roll
-1.243,-0.673,-0.209,12.530,-286.659,56.228,Roll
-1.406,-0.065,0.615,79.651,-286.685,-82.250,Roll
-1.421,0.147,0.672,30.039,-286.685,-183.488,Roll
-0.142,0.165,0.735,37.721,-286.685,-173.066,Roll
0.632,-0.257,0.695,-91.753,-286.685,-165.804,Roll
1.717,-0.689,0.201,-111.965,-286.685,-66.859,Roll
1.609,-0.859,0.425,-29.628,-118.510,44.301,Roll
1.276,-0.540,-0.499,30.441,185.045,149.643,Roll
0.829,-0.293,-0.132,54.241,286.685,211.435,Roll
-0.214,-0.173,0.056,19.976,286.685,184.432,Roll
-1.018,-0.068,-0.060,58.616,286.685,137.935,Roll
-1.486,0.146,0.642,-29.391,286.685,90.842,Roll
-1.569,-0.324,0.728,-11.856,286.685,84.184,Roll
-1.418,-0.761,0.242,-26.688,285.793,63.131,Roll
-1.023,-0.654,-0.331,-11.235,33.871,57.785,Roll
-1.172,-0.433,0.039,31.517,-280.604,34.956,Roll
-1.374,0.028,0.439,66.019,-286.685,-52.491,Roll
-1.351,0.010,0.887,77.709,-286.685,-120.776,Roll
-1.175,0.047,0.747,-23.660,-286.685,-238.140,Roll
0.336,-0.146,0.418,-53.454,-286.685,-178.124,Roll
1.551,-0.604,0.311,-90.545,-286.685,-71.776,Roll
1.785,-0.770,0.422,-4.077,-143.780,8.523,Roll
1.466,-0.634,0.051,10.903,89.652,75.136,Roll
0.596,-0.381,-0.016,-9.363,286.685,174.816,Roll
-0.027,-0.341,-0.409,7.753,286.685,168.175,Roll
-0.524,-0.277,-0.178,109.699,286.685,149.056,Roll
-1.579,0.049,0.659,134.295,286.685,137.253,Roll
-1.753,-0.164,1.200,45.491,286.685,135.783,Roll
-1.179,-0.435,0.497,-42.577,286.685,30.914,Roll
-0.778,-0.544,-0.652,-14.175,46.533,-41.405,Roll
-1.117,-0.437,-0.592,67.095,-195.169,-29.663,Roll
-0.821,-0.379,0.082,80.316,-286.685,-15.085,Roll
-1.174,-0.033,1.119,143.911,-286.685,-32.708,Roll
-0.684,-0.073,0.844,36.347,-286.685,-73.124,Roll
0.093,-0.370,0.539,-60.130,-286.685,-27.825,Roll
1.195,-0.477,0.241,-70.963,-286.685,-1.479,Roll
1.986,-0.941,0.912,-10.491,-190.864,-22.190,Roll
1.310,-0.348,0.240,15.899,262.133,34.781,Roll
0.488,-0.286,0.178,-51.966,286.685,109.944,Roll
-0.508,-0.164,0.102,-66.841,286.685,113.505,Roll
-1.206,0.112,0.584,-50.776,286.685,89.836,Roll
-1.438,-0.221,0.654,-85.295,286.685,125.886,Roll
-1.277,-0.522,0.124,-36.890,286.300,53.463,Roll
-1.231,-0.587,-0.130,4.454,142.188,-1.523,Roll
-1.423,-0.565,-0.375,11.384,-237.878,-34.904,Roll
-1.201,-0.127,0.434,80.701,-286.685,-120.339,Roll
-0.843,-0.064,0.286,141.697,-286.685,-202.029,Roll
0.002,0.247,0.659,115.518,-286.685,-183.208,Roll
0.542,-0.210,0.642,29.461,-286.685,-134.645,Roll
1.420,-0.564,0.562,-41.781,-286.685,-74.603,Roll
1.451,-0.615,0.888,-53.830,-137.235,-6.519,Roll
1.053,-0.578,-0.059,-104.632,142.712,107.993,Roll
0.515,-0.398,-0.519,-47.241,286.685,223.239,Roll
-0.245,-0.281,-0.028,-6.860,286.685,203.254,Roll
-0.968,-0.123,0.443,-16.625,286.685,192.876,Roll
-1.541,-0.283,0.881,-2.949,286.685,226.783,Roll
-1.522,-0.312,1.026,27.904,286.685,136.955,Roll
-1.354,-0.333,0.280,29.654,286.099,48.344,Roll
-1.250,-0.448,0.081,102.497,55.615,-31.421,Roll
-1.445,-0.405,0.893,80.920,-281.094,-58.389,Roll
-1.075,-0.182,0.769,19.136,-286.685,-145.898,Roll
-0.917,-0.085,0.358,43.776,-286.685,-166.408,Roll
0.134,0.009,0.465,28.411,-286.685,-125.589,Roll
1.073,-0.614,0.363,-98.376,-286.685,-41.099,Roll
1.539,-0.864,0.442,-7.674,-186.690,-40.495,Roll
1.384,-0.732,0.285,18.804,45.518,4.358,Roll
0.655,-0.434,-0.184,41.309,286.685,115.745,Roll
-0.201,-0.269,0.080,49.464,286.685,138.486,Roll
-1.083,0.053,0.347,71.558,286.685,105.525,Roll
-1.436,0.284,1.205,-0.262,286.685,125.099,Roll
-1.426,-0.333,1.064,-61.618,286.685,161.298,Roll
-1.234,-0.429,0.047,15.811,273.429,34.685,Roll
-1.590,-0.491,-0.050,2.380,11.217,-22.942,Roll
-1.534,-0.341,-0.003,-11.533,-231.674,-13.204,Roll
-1.065,-0.022,0.090,-31.054,-286.685,-125.073,Roll
-0.969,-0.111,0.647,103.206,-286.685,-188.781,Roll
-0.199,0.173,0.719,41.685,-286.685,-178.036,Roll
0.684,-0.426,0.578,-65.257,-286.685,-137.988,Roll
1.436,-0.696,0.434,-24.237,-286.676,-39.270,Roll
1.407,-0.702,0.615,26.241,-190.636,26.618,Roll
1.057,-0.634,0.367,9.608,76.772,112.122,Roll
0.530,-0.386,-0.196,-11.471,286.685,188.860,Roll
-0.312,-0.160,-0.232,46.839,286.685,163.695,Roll
-1.081,0.083,0.101,95.174,286.685,121.669,Roll
-1.562,0.125,1.334,-35.228,286.685,129.342,Roll
-1.562,-0.435,0.679,-86.529,279.851,110.863,Roll
-1.578,-0.530,-0.216,11.340,93.564,53.261,Roll
-1.635,-0.437,0.011,24.701,-141.803,21.236,Roll
-1.384,-0.098,0.940,10.885,-286.685,-95.567,Roll
-0.749,0.133,0.047,-63.245,-286.685,-240.931,Roll
-0.017,0.087,0.552,88.585,-286.685,-233.809,Roll
0.558,-0.128,0.340,-46.069,-286.685,-225.444,Roll
1.585,-0.716,0.063,-74.559,-286.685,-94.622,Roll
1.519,-0.794,0.662,29.059,-111.405,-2.660,Roll
0.949,-0.546,-0.438,19.968,229.688,130.235,Roll
0.355,-0.413,-0.405,92.872,286.685,182.306,Roll
-0.619,-0.149,0.271,121.293,286.685,155.715,Roll
-1.210,0.038,0.913,102.611,286.685,97.387,Roll
-1.266,-0.027,0.994,-22.173,286.685,117.145,Roll
-1.521,-0.370,1.206,-55.571,286.685,102.769,Roll
-1.319,-0.444,0.220,-63.394,275.686,67.865,Roll
-1.365,-0.315,-0.148,-29.234,24.325,22.610,Roll
-1.267,-0.205,0.281,-29.391,-275.004,-79.118,Roll
-1.145,-0.070,0.476,-4.559,-286.685,-227.211,Roll
-0.545,0.227,0.397,18.655,-286.685,-286.685,Roll
-0.077,-0.193,0.106,62.510,-286.685,-285.171,Roll
1.064,-0.329,0.535,42.814,-286.685,-178.745,Roll
1.583,-0.688,0.543,19.670,-275.835,-45.640,Roll
1.349,-0.681,0.567,62.545,1.138,37.083,Roll
0.851,-0.475,0.237,30.161,238.333,125.037,Roll
-0.203,-0.289,0.018,22.837,286.685,198.546,Roll
-0.829,-0.006,0.281,61.425,286.685,152.591,Roll
-1.226,0.422,1.220,-14.525,286.685,135.424,Roll
-1.704,-0.339,1.311,-53.182,286.685,185.124,Roll
-1.291,-0.459,0.471,-43.881,268.520,71.645,Roll
-1.332,-0.368,-0.104,39.200,41.116,-28.901,Roll
-1.231,-0.258,0.120,17.483,-277.253,-92.137,Roll
-1.173,-0.082,0.799,33.294,-286.685,-147.997,Roll
-0.563,0.035,-0.110,-19.565,-286.685,-229.967,Roll
0.226,0.127,0.619,191.485,-286.685,-127.942,Roll
0.831,-0.339,0.650,-20.493,-286.685,-66.631,Roll
1.382,-0.632,0.871,-17.719,-278.241,-33.399,Roll
1.632,-0.763,0.898,6.860,-64.050,2.144,Roll
0.647,-0.582,0.015,-19.320,284.804,104.738,Roll
-0.273,-0.341,0.170,19.897,286.685,147.989,Roll
-0.585,-0.088,0.696,-24.728,286.685,115.448,Roll
-0.784,0.173,1.048,-64.680,286.685,136.544,Roll
-1.283,-0.344,1.238,-52.377,286.685,161.298,Roll
-1.145,-0.458,0.322,-38.640,193.174,31.106,Roll
-1.227,-0.408,-0.045,24.692,-138.749,-85.067,Roll
-1.251,-0.200,0.078,48.816,-286.685,-118.991,Roll
-0.953,-0.019,0.458,22.050,-286.685,-200.401,Roll
-0.060,0.099,0.570,160.895,-286.685,-176.960,Roll
0.796,-0.393,0.566,9.538,-286.685,-96.442,Roll
1.431,-0.592,0.709,-26.407,-275.730,-68.442,Roll
1.407,-0.714,0.889,7.140,-138.539,2.852,Roll
1.177,-0.545,0.217,-12.705,151.533,58.362,Roll
0.373,-0.223,-0.165,58.730,286.685,144.708,Roll
-0.563,-0.175,0.303,56.193,286.685,128.223,Roll
-1.002,0.037,0.470,62.344,286.685,74.191,Roll
-1.309,0.204,1.531,-11.296,286.685,74.786,Roll
-1.384,-0.313,1.197,-98.726,285.819,34.895,Roll
-1.266,-0.474,-0.281,-38.693,157.439,7.262,Roll
-1.066,-0.401,-0.473,21.892,-39.751,-14.000,Roll
-1.106,-0.253,0.490,68.933,-284.305,-82.075,Roll
-1.018,-0.061,0.834,92.295,-286.685,-127.995,Roll
-0.510,0.393,0.336,54.066,-286.685,-199.500,Roll
0.101,0.088,0.234,3.902,-286.685,-98.079,Roll
1.329,-0.310,0.129,-42.411,-286.685,-53.979,Roll
1.770,-0.529,0.883,12.836,-206.596,-35.201,Roll
1.160,-0.585,0.473,-41.912,91.411,63.403,Roll
0.727,-0.504,-0.237,-12.898,286.685,175.140,Roll
0.024,-0.408,-0.006,22.584,286.685,161.761,Roll
-0.633,-0.212,0.213,40.320,286.685,114.363,Roll
-1.284,0.198,1.217,-24.876,286.685,110.775,Roll
-1.329,0.002,1.323,2.231,286.685,132.869,Roll
-1.292,-0.381,0.414,-18.839,286.685,56.647,Roll
-1.347,-0.519,0.003,41.895,157.614,-13.904,Roll
-1.236,-0.199,0.465,53.042,-195.667,-32.847,Roll
-1.256,-0.080,0.565,51.721,-286.685,-117.014,Roll
-1.157,-0.036,0.677,59.736,-286.685,-128.354,Roll
-0.580,0.123,0.204,48.667,-286.685,-97.493,Roll
0.626,-0.038,0.280,-9.494,-286.685,-52.001,Roll
1.327,-0.512,0.962,-94.264,-286.685,-48.335,Roll
1.321,-0.631,1.050,-76.624,-217.140,-35.893,Roll
1.157,-0.560,0.180,-67.848,-109.043,-10.605,Roll
1.156,-0.615,-0.427,41.737,37.713,48.939,Roll
0.535,-0.241,0.193,58.529,286.685,137.419,Roll
-0.158,-0.278,0.294,26.390,286.685,134.400,Roll
-0.856,-0.170,-0.064,48.764,286.685,91.630,Roll
-1.190,0.467,0.482,16.170,286.685,83.160,Roll
-1.361,0.013,1.235,-34.921,286.685,115.474,Roll
-1.490,-0.721,0.679,-77.831,286.685,42.735,Roll
-1.356,-0.657,0.070,10.167,189.193,41.685,Roll
-1.202,-0.402,-0.217,16.214,-157.229,13.248,Roll
-1.198,-0.033,0.460,124.618,-286.685,-88.603,Roll
-1.051,-0.019,0.559,66.351,-286.685,-181.606,Roll
-0.676,0.165,0.551,56.744,-286.685,-238.875,Roll
0.125,-0.267,0.196,178.238,-286.685,-175.831,Roll
0.630,-0.246,1.214,53.366,-286.685,-101.246,Roll
0.746,-0.276,1.549,-13.326,-286.221,-29.155,Roll
0.374,-0.500,0.523,-49.455,-101.106,67.594,Roll
0.659,-0.402,0.705,5.198,-48.072,110.171,Roll
0.848,-0.267,1.066,-48.239,-95.340,96.154,Roll
0.976,-0.386,0.980,1.076,-24.789,109.226,Roll
0.881,-0.355,0.777,-25.191,268.818,147.508,Roll
0.134,-0.295,0.612,-54.792,286.685,163.791,Roll
-0.636,-0.286,-0.426,-72.957,286.685,136.238,Roll
-0.965,0.118,-0.613,-35.770,286.685,57.505,Roll
-1.100,0.046,0.775,41.002,286.685,64.689,Roll
-1.215,-0.741,0.842,-16.415,264.801,63.901,Roll
-1.159,-0.509,-0.489,30.993,-118.598,112.735,Roll
-1.334,0.061,0.633,106.698,-286.685,15.733,Roll
-1.217,-0.058,1.073,27.177,-286.685,-129.045,Roll
-0.164,0.193,1.087,45.754,-286.685,-164.430,Roll
0.108,-0.127,0.931,31.255,-286.685,-157.509,Roll
0.544,-0.348,-0.085,-57.269,-286.685,-108.281,Roll
1.913,-0.535,0.552,59.938,-286.685,-56.945,Roll
1.410,-0.483,1.377,57.890,-134.295,33.521,Roll
0.827,-0.501,1.013,-82.005,73.640,148.671,Roll
0.455,-0.545,-0.190,-138.434,286.685,180.399,Roll
0.177,-0.283,-0.414,57.549,286.685,155.225,Roll
-0.423,-0.208,0.604,128.205,286.685,99.942,Roll
-0.862,-0.020,1.095,23.940,286.685,45.307,Roll
-1.176,-0.298,1.273,-35.919,286.685,60.655,Roll
-1.063,-0.367,0.610,-28.201,285.180,37.467,Roll
-1.291,-0.453,0.124,40.959,-142.651,-0.525,Roll
-1.388,-0.379,0.372,31.019,-286.685,-49.053,Roll
-0.493,0.062,0.420,76.440,-286.685,-120.759,Roll
-0.097,0.042,0.867,71.085,-286.685,-128.074,Roll
0.387,-0.154,0.936,-51.424,-286.685,-86.345,Roll
0.759,-0.362,0.165,-81.918,-286.685,-64.304,Roll
1.314,-0.670,0.233,-18.209,-284.436,-20.667,Roll
1.446,-0.700,0.708,-2.940,-33.722,49.569,Roll
0.867,-0.583,0.453,-84.052,265.274,135.791,Roll
0.418,-0.606,-0.194,-8.908,286.685,170.310,Roll
-0.026,-0.231,0.222,91.560,286.685,153.895,Roll
-0.537,-0.075,0.744,75.749,286.685,131.539,Roll
-0.869,-0.033,1.511,-14.184,286.685,112.901,Roll
-0.752,-0.167,0.555,-123.795,286.685,95.270,Roll
-0.777,-0.309,-0.436,-57.654,286.685,72.363,Roll
-1.432,-0.375,0.115,147.577,177.870,34.064,Roll
-1.508,-0.365,0.697,98.490,-184.984,-23.835,Roll
-1.786,-0.253,0.928,25.358,-286.685,-139.834,Roll
-1.324,0.237,0.465,-25.620,-286.685,-234.474,Roll
0.118,0.385,0.325,0.228,-286.685,-286.685,Roll
0.839,-0.232,-0.631,-112.963,-286.685,-286.204,Roll
1.999,-0.646,-0.398,72.651,-283.596,-205.476,Roll
1.200,-0.714,0.754,104.878,39.436,-11.961,Roll
0.770,-0.495,0.467,-8.566,202.781,143.133,Roll
0.468,-0.302,0.562,-20.011,286.685,208.801,Roll
-0.027,-0.121,0.754,26.915,286.685,213.211,Roll
-0.242,-0.292,0.542,100.293,286.685,146.536,Roll
-0.733,-0.372,1.502,53.156,194.031,212.599,Roll
-0.945,0.076,1.743,-18.532,23.608,109.060,Roll
-0.490,-0.378,0.775,-77.175,72.293,-29.986,Roll
-0.335,-0.342,0.144,-46.025,-55.431,-35.333,Roll
-0.198,-0.268,0.590,-13.571,-73.719,3.902,Roll
-0.049,-0.397,0.493,3.588,91.971,18.174,Roll
-0.070,-0.281,0.821,82.066,89.460,87.736,Roll
-0.222,-0.510,0.944,11.664,68.670,139.029,Roll
-0.882,-0.084,0.565,-44.546,35.088,217.910,Roll
-0.546,-0.182,0.869,-45.570,154.717,87.448,Roll
-0.365,-0.345,0.385,21.017,273.473,111.764,Roll
-0.891,-0.199,0.768,75.845,259.936,124.582,Roll
-1.096,-0.275,1.128,72.730,118.711,76.694,Roll
-1.255,-0.260,1.273,48.134,-115.255,-46.751,Roll
-1.113,-0.137,1.514,-40.897,-286.685,-186.777,Roll
-0.196,-0.084,0.587,-221.620,-286.685,-286.685,Roll
0.122,0.089,-0.648,-256.209,-286.685,-286.685,Roll
0.029,-0.151,-0.372,-174.195,-286.685,-284.480,Roll
1.829,-0.788,0.423,-29.855,-153.134,-188.834,Roll
1.164,-0.630,1.087,75.723,183.452,104.702,Roll
0.966,-0.193,0.639,-3.719,286.685,284.165,Roll
0.285,-0.063,0.353,20.274,286.685,286.685,Roll
-0.765,0.107,-0.176,68.609,286.685,272.921,Roll
-1.441,-0.379,0.657,132.134,286.685,178.876,Roll
-0.746,-0.626,0.382,146.606,286.685,112.289,Roll
-0.788,-0.325,0.421,187.092,180.792,62.834,Roll
-1.280,-0.056,1.108,119.052,-124.679,16.564,Roll
-1.496,0.088,0.934,-56.901,-285.845,-69.195,Roll
-0.901,-0.102,0.248,-172.034,-286.685,-136.867,Roll
-0.191,-0.099,0.265,-197.864,-286.685,-171.850,Roll
0.558,-0.195,0.591,-154.613,-286.685,-199.500,Roll
1.003,-0.646,0.709,-208.556,-286.685,-84.980,Roll
1.248,-0.543,-0.156,-205.572,-203.613,-39.830,Roll
1.347,-0.878,-0.387,25.821,65.205,74.183,Roll
0.808,-0.453,0.543,174.011,284.576,228.708,Roll
0.276,-0.348,0.499,148.584,286.685,286.685,Roll
-0.330,-0.231,0.666,111.335,286.685,260.619,Roll
-0.774,-0.314,0.858,95.926,286.685,201.372,Roll
-1.195,-0.423,1.185,58.879,248.964,123.909,Roll
-1.082,-0.417,0.824,-2.196,-2.826,30.940,Roll
-0.897,-0.264,0.483,-0.350,-157.526,-67.060,Roll
-0.658,-0.275,0.568,9.345,-189.682,-104.956,Roll
-0.384,-0.251,0.791,15.479,-180.880,-141.286,Roll
-0.457,-0.159,0.610,51.336,-259.717,-151.471,Roll
-0.121,-0.221,0.976,59.929,-286.685,-127.129,Roll
0.253,-0.243,0.953,-48.519,-286.685,-76.379,Roll
0.728,-0.367,1.085,-167.913,-286.685,-52.675,Roll
1.134,-0.678,0.214,-239.934,-286.659,-15.724,Roll
1.323,-0.802,-0.346,-108.754,-111.965,56.954,Roll
1.133,-0.904,-0.419,87.465,137.148,115.062,Roll
0.647,-1.049,-0.495,271.539,286.685,110.154,Roll
-0.442,-0.210,0.372,286.685,286.685,112.166,Roll
-1.092,0.344,1.117,286.685,286.685,11.629,Roll
-1.078,0.389,1.999,264.215,286.685,-76.020,Roll
-1.102,0.011,0.805,48.370,286.685,-47.556,Roll
-0.968,-0.147,-0.072,38.246,286.685,-10.762,Roll
-1.343,-0.019,0.173,-0.630,202.527,61.530,Roll
-1.919,0.504,0.814,-43.838,-153.606,35.805,Roll
-0.775,-0.041,0.510,-199.902,-286.685,-155.208,Roll
0.058,-0.424,-0.365,-286.598,-286.685,-153.300,Roll
0.028,-0.108,0.545,-277.112,-286.685,-200.786,Roll
0.095,-0.398,1.050,-225.837,-286.685,-119.569,Roll
0.321,-0.449,0.137,-171.806,-161.630,-43.094,Roll
0.747,-0.745,0.084,-10.097,-13.711,38.876,Roll
0.462,-0.731,0.682,49.411,112.744,67.944,Roll
0.228,-0.630,0.402,55.265,196.735,50.452,Roll
0.582,-0.704,0.625,125.982,286.536,59.377,Roll
-0.021,-0.377,1.299,126.849,286.685,47.101,Roll
-0.435,-0.334,1.086,25.541,205.660,-10.264,Roll
-0.440,-0.418,0.750,24.220,102.340,-14.306,Roll
-0.706,-0.382,1.276,69.107,-3.010,-11.113,Roll
-0.898,-0.387,1.520,-54.215,-117.049,-30.853,Roll
-0.621,-0.436,0.977,-70.158,-232.409,-42.061,Roll
-0.518,-0.248,1.271,-106.978,-286.519,-50.575,Roll
-0.397,-0.211,0.942,-213.413,-286.685,-52.010,Roll
-0.233,-0.287,-0.155,-238.324,-286.685,-47.346,Roll
0.378,-0.443,-0.681,-153.274,-285.451,-50.243,Roll
1.480,-0.914,-0.909,0.228,19.372,30.800,Roll
1.363,-0.846,-0.548,201.644,286.685,191.730,Roll
0.449,-0.383,-0.443,286.685,286.685,211.732,Roll
-1.116,0.242,0.868,286.685,286.685,177.625,Roll
-1.583,-0.157,1.994,92.855,286.685,99.444,Roll
-1.466,-0.454,0.149,70.989,266.315,100.310,Roll
-1.475,-0.295,0.459,110.092,36.724,68.845,Roll
-1.505,-0.042,1.301,11.244,-175.490,33.880,Roll
-1.235,0.010,0.599,-169.969,-286.685,-87.001,Roll
-0.078,-0.260,0.225,-213.255,-286.685,-194.617,Roll
0.303,-0.343,-0.181,-140.604,-286.685,-183.732,Roll
0.467,-0.553,0.084,-53.673,-260.829,-108.535,Roll
0.716,-0.730,-0.185,14.333,-93.879,-50.662,Roll
0.694,-0.621,0.325,103.250,93.310,37.555,Roll
0.195,-0.351,0.935,161.866,286.344,45.229,Roll
-0.129,-0.270,1.183,213.307,286.685,-16.993,Roll
-0.090,-0.251,1.449,200.366,286.685,-35.481,Roll
-0.563,-0.126,1.331,59.141,286.685,-17.596,Roll
-0.866,-0.170,0.778,-24.885,283.404,43.216,Roll
-0.897,-0.209,0.774,40.670,273.158,42.963,Roll
-0.753,-0.171,0.641,63.061,286.685,23.319,Roll
-1.026,-0.280,0.617,46.174,279.256,17.692,Roll
-1.593,-0.025,0.838,21.788,76.615,59.001,Roll
-1.413,0.019,0.988,-80.684,-247.581,3.036,Roll
-1.226,-0.013,1.053,-181.589,-286.685,-16.817,Roll
-0.797,-0.016,0.517,-260.689,-286.685,-109.436,Roll
-0.173,-0.016,0.190,-280.271,-286.685,-191.065,Roll
0.440,-0.522,-0.347,-193.760,-286.685,-174.641,Roll
1.072,-0.607,-0.542,54.110,-198.004,-47.049,Roll
0.701,-0.626,1.414,116.559,110.539,15.540,Roll
0.208,-0.461,1.583,43.173,285.145,22.698,Roll
-0.190,-0.144,1.037,60.839,286.685,-17.833,Roll
0.079,-0.550,0.871,85.015,280.429,-84.438,Roll
0.102,-0.774,0.667,3.412,62.842,-8.566,Roll
-0.227,-0.486,0.830,7.490,-63.070,44.905,Roll
-0.491,-0.295,1.179,14.796,-47.381,17.841,Roll
-0.115,-0.479,0.734,21.779,58.853,-21.569,Roll
-0.075,-0.392,0.650,-9.791,10.526,46.699,Roll
-0.306,-0.335,1.045,6.606,29.776,49.507,Roll
-0.352,-0.371,0.874,1.452,81.121,43.199,Roll
-0.226,-0.539,0.975,-32.454,16.118,37.345,Roll
-0.721,-0.372,1.272,-58.686,-102.743,34.659,Roll
-0.880,-0.319,1.246,-76.379,-217.394,-0.577,Roll
-0.603,-0.227,0.759,-98.219,-286.685,-91.000,Roll
0.123,-0.172,0.486,-75.049,-286.685,-186.165,Roll
0.665,-0.427,-0.274,-5.959,-286.685,-166.469,Roll
1.061,-0.535,-0.403,94.168,-231.805,-84.709,Roll
1.355,-0.743,-0.036,136.369,-53.533,-30.931,Roll
1.018,-0.623,0.835,126.936,284.200,85.601,Roll
0.275,-0.229,0.531,94.238,286.685,125.037,Roll
-0.602,0.275,0.837,61.670,286.685,57.514,Roll
-0.901,0.075,1.533,22.610,286.685,15.977,Roll
-1.402,-0.507,1.501,-66.456,87.868,46.086,Roll
-1.327,-0.411,1.142,-100.327,-206.089,40.696,Roll
-0.773,-0.161,0.388,-47.101,-286.685,-30.844,Roll
-0.478,-0.051,0.199,29.549,-286.685,-97.545,Roll
-0.029,0.048,0.354,-14.569,-286.685,-132.527,Roll
0.237,-0.225,0.295,-79.695,-286.685,-121.476,Roll
0.963,-0.353,0.144,-38.920,-286.685,-106.400,Roll
1.689,-0.725,0.883,45.763,-167.038,-55.466,Roll
1.245,-0.777,0.695,41.807,152.512,77.166,Roll
1.059,-0.570,0.104,29.531,286.685,174.029,Roll
0.230,-0.286,-0.201,78.339,286.685,140.560,Roll
-0.686,-0.124,0.667,138.163,286.685,44.870,Roll
-1.176,0.017,1.990,-24.946,286.685,1.365,Roll
-1.177,-0.353,1.608,-133.726,286.685,4.629,Roll
-1.296,-0.350,1.069,-72.677,217.087,0.761,Roll
-1.298,-0.345,0.189,-38.124,-222.023,-68.268,Roll
-1.023,-0.122,-0.003,26.495,-286.685,-99.120,Roll
0.177,0.226,-0.470,128.931,-286.685,-148.286,Roll
1.335,-0.186,0.284,32.769,-286.685,-110.469,Roll
1.414,-0.550,0.696,36.768,-236.189,-95.515,Roll
1.141,-0.616,0.563,32.463,59.124,-44.625,Roll
0.817,-0.349,0.158,-42.429,283.771,116.882,Roll
0.518,-0.267,0.388,-67.454,286.685,130.104,Roll
-0.413,-0.168,0.742,-30.153,286.685,121.371,Roll
-1.093,-0.077,1.338,-48.746,286.685,129.054,Roll
-1.256,-0.475,1.375,-62.877,284.497,82.757,Roll
-1.146,-0.494,0.529,-26.749,78.951,5.889,Roll
-0.916,-0.398,0.342,9.791,-110.469,-35.315,Roll
-0.858,-0.330,0.261,85.155,-285.626,-64.610,Roll
-0.539,-0.244,0.514,165.883,-286.685,-56.245,Roll
-0.023,0.174,0.822,123.743,-286.685,-13.212,Roll
0.278,-0.444,0.437,46.296,-286.685,41.195,Roll
1.239,-0.312,0.389,32.331,-286.685,18.638,Roll
1.434,-0.562,1.143,31.115,-96.565,5.075,Roll
1.178,-0.427,0.677,-7.927,239.461,-10.824,Roll
0.888,-0.249,0.388,-0.157,286.685,0.630,Roll
-0.219,-0.345,-0.279,-86.800,286.685,25.909,Roll
-1.172,0.255,0.467,53.935,286.685,-12.066,Roll
-1.717,-0.005,1.641,-98.131,286.685,22.103,Roll
-1.351,-0.314,1.221,-112.219,286.685,23.240,Roll
-0.733,-0.469,-0.153,-12.381,159.906,-75.014,Roll
-0.920,-0.511,0.094,94.666,-130.839,-51.914,Roll
-1.046,-0.364,0.586,142.170,-286.685,-11.296,Roll
-0.859,-0.094,0.811,193.349,-286.685,5.014,Roll
-0.189,0.301,0.768,178.570,-286.685,40.451,Roll
0.732,-0.087,0.459,61.145,-286.685,61.092,Roll
1.139,-0.330,1.321,32.716,-286.650,-7.936,Roll
1.188,-0.251,1.227,-33.005,-106.908,-24.237,Roll
0.913,-0.266,0.761,-87.351,16.362,14.350,Roll
0.467,-0.420,0.300,-94.561,175.000,129.710,Roll
0.040,-0.290,0.292,-24.763,286.685,105.980,Roll
-0.507,-0.216,0.267,9.153,286.685,41.764,Roll
-0.956,0.102,0.302,-64.908,286.685,12.819,Roll
-1.169,-0.003,0.879,-27.659,286.685,69.064,Roll
-1.288,-0.545,0.777,18.121,259.306,16.975,Roll
-1.347,-0.623,0.415,67.436,-130.288,16.380,Roll
-0.973,-0.144,0.526,71.925,-285.250,-21.875,Roll
-0.880,-0.015,0.767,80.185,-286.685,-63.945,Roll
-0.264,0.316,0.715,84.481,-286.685,-35.866,Roll
0.070,-0.127,0.592,56.254,-286.685,32.051,Roll
0.799,-0.451,0.817,0.639,-286.685,22.435,Roll
1.238,-0.443,1.132,-17.946,-252.753,10.500,Roll
1.139,-0.479,0.580,-28.700,-92.636,11.515,Roll
1.048,-0.392,0.899,31.946,144.165,22.391,Roll
0.546,-0.222,0.428,-34.632,286.519,27.046,Roll
-0.364,-0.342,-0.370,-78.304,286.685,24.001,Roll
-1.034,0.089,0.367,-46.095,286.685,-37.756,Roll
-1.215,-0.108,1.707,-64.864,286.685,47.127,Roll
-0.862,-0.422,0.660,-113.260,286.685,19.460,Roll
-0.710,-0.457,-0.272,-10.517,92.645,6.431,Roll
-1.316,-0.331,0.619,38.771,-283.517,11.550,Roll
-1.264,-0.032,0.684,84.989,-286.685,-85.908,Roll
-0.766,0.169,0.722,151.681,-286.685,-60.244,Roll
0.034,0.072,0.670,160.676,-286.685,39.751,Roll
1.110,-0.489,0.363,22.129,-286.685,22.085,Roll
1.572,-0.324,1.430,91.070,-275.835,-4.804,Roll
1.538,-0.336,1.926,22.286,-99.951,-19.215,Roll
0.871,-0.159,0.293,-39.042,269.001,14.315,Roll
-0.258,-0.336,-0.043,-57.592,286.685,9.520,Roll
-0.782,-0.061,0.004,-67.331,286.685,-41.099,Roll
-1.027,0.107,0.636,-136.806,286.685,-33.443,Roll
-1.181,-0.151,1.235,-93.397,286.685,71.391,Roll
-0.638,-0.371,-0.050,-16.039,273.971,9.852,Roll
-0.817,-0.424,0.336,25.165,-58.380,-14.219,Roll
-0.966,-0.323,0.670,44.607,-282.266,-10.780,Roll
-0.892,0.089,0.715,96.845,-286.685,-20.755,Roll
-0.372,0.374,0.774,98.044,-286.685,55.055,Roll
-0.075,-0.314,0.678,5.740,-286.685,73.762,Roll
0.916,-0.407,0.465,-12.233,-286.685,30.004,Roll
1.429,-0.462,1.469,32.086,-247.354,-10.500,Roll
1.248,-0.386,1.158,-60.471,49.438,4.305,Roll
0.647,-0.535,-0.049,-1.977,286.685,25.611,Roll
-0.193,-0.299,0.188,14.578,286.685,-11.620,Roll
-0.644,0.298,0.572,-71.479,286.685,-18.462,Roll
-0.985,0.216,1.250,-134.925,286.685,67.147,Roll
-1.093,-0.373,0.752,-93.179,285.828,53.812,Roll
-0.883,-0.334,0.173,-43.995,192.500,-5.093,Roll
-1.114,-0.448,0.184,-2.100,-131.443,-41.869,Roll
-0.905,-0.157,0.447,32.935,-286.685,-111.991,Roll
-0.513,0.074,0.361,93.949,-286.685,-96.548,Roll
-0.079,0.125,0.514,92.514,-286.685,-63.901,Roll
0.327,-0.333,0.630,42.936,-286.685,-25.244,Roll
1.183,-0.233,1.040,28.831,-286.685,-58.739,Roll
1.276,-0.467,1.577,-39.804,-122.640,-60.769,Roll
1.204,-0.523,1.146,-64.365,43.732,-0.481,Roll
0.473,-0.430,-0.142,-30.712,286.685,82.346,Roll
-0.578,-0.107,0.405,-39.375,286.685,89.302,Roll
-1.050,0.198,1.271,-68.302,286.685,153.326,Roll
-1.052,-0.069,1.040,-88.463,286.685,155.680,Roll
-1.112,-0.440,0.407,-5.915,286.685,79.747,Roll
-1.072,-0.473,0.205,22.645,75.119,-17.001,Roll
-0.853,-0.283,0.534,40.618,-254.485,-74.034,Roll
-0.810,-0.163,0.358,52.430,-286.685,-111.527,Roll
-0.557,0.108,0.827,124.136,-286.685,-87.579,Roll
0.003,0.056,0.419,80.299,-286.685,-38.246,Roll
0.774,-0.589,0.828,115.071,-286.685,39.498,Roll
1.216,-0.464,1.447,60.279,-158.095,-32.874,Roll
1.256,-0.273,1.571,-13.869,55.011,-30.257,Roll
0.371,-0.288,0.214,-96.661,286.685,-23.984,Roll
-0.591,0.044,0.225,-4.043,286.685,-37.222,Roll
-1.027,0.423,1.224,-114.634,286.685,45.246,Roll
-1.086,-0.283,1.137,-174.458,286.685,73.001,Roll
-1.000,-0.446,0.327,-69.869,202.641,2.013,Roll
-0.839,-0.477,0.126,-18.497,-36.846,-34.125,Roll
-0.703,-0.284,0.126,18.358,-283.955,-74.217,Roll
-0.559,-0.120,0.455,20.282,-286.685,-87.378,Roll
-0.214,0.018,0.481,122.745,-286.685,-75.950,Roll
-0.091,-0.056,1.121,107.354,-286.685,-39.541,Roll
0.388,-0.431,0.981,42.236,-286.685,-2.546,Roll
0.667,-0.461,1.033,14.140,-286.020,22.601,Roll
0.949,-0.493,0.817,-11.804,-71.995,29.050,Roll
0.629,-0.465,0.178,-12.512,269.544,38.911,Roll
-0.303,-0.492,0.192,24.360,286.685,19.154,Roll
-0.610,0.193,0.925,49.665,286.685,28.971,Roll
-1.031,0.272,1.525,-119.262,286.685,54.478,Roll
-1.459,-0.477,1.095,-119.061,286.685,87.675,Roll
-1.273,-0.530,0.493,-55.195,169.619,26.688,Roll
-1.023,-0.349,-0.017,4.253,7.052,-21.726,Roll
-0.542,-0.198,0.191,59.544,-277.804,-74.244,Roll
-0.398,-0.054,0.385,112.175,-286.685,-57.785,Roll
-0.173,0.126,0.825,155.260,-286.685,14.455,Roll
-0.083,-0.146,0.689,77.254,-286.685,75.372,Roll
0.387,-0.247,1.040,61.399,-286.685,86.634,Roll
0.760,-0.284,1.187,58.135,-282.293,66.570,Roll
0.859,-0.301,1.060,84.306,-106.426,71.391,Roll
0.754,-0.240,0.978,96.871,61.197,81.646,Roll
0.278,-0.384,0.717,82.740,231.429,38.351,Roll
-0.268,-0.275,0.378,50.522,286.685,-114.809,Roll
-0.472,0.375,0.608,27.860,286.685,-179.506,Roll
-0.504,0.685,1.356,-58.914,286.685,-63.026,Roll
-1.267,-0.265,1.191,-157.482,286.685,-22.400,Roll
-0.807,-0.163,0.207,-21.236,286.685,-67.244,Roll
-0.903,-0.323,0.073,55.939,177.083,-75.827,Roll
-0.843,-0.307,0.233,31.220,-123.139,-38.675,Roll
-0.903,-0.172,0.621,32.769,-285.521,-32.104,Roll
-0.959,0.124,0.889,17.080,-286.685,-13.212,Roll
-0.477,0.406,0.353,1.120,-286.685,23.371,Roll
-0.098,-0.504,0.458,-17.701,-286.685,-17.631,Roll
0.986,-0.727,0.494,9.170,-286.685,-56.507,Roll
1.081,-0.115,1.996,27.737,-149.958,-135.809,Roll
0.779,-0.290,1.296,-69.720,-5.836,-24.728,Roll
0.365,-0.446,0.167,-16.021,275.511,66.509,Roll
0.069,-0.221,0.566,15.960,286.685,57.645,Roll
-0.245,0.251,0.664,-56.525,286.685,26.985,Roll
-0.668,0.101,0.795,-132.169,286.685,72.371,Roll
-0.712,-0.204,0.310,-140.735,286.685,62.291,Roll
-0.845,-0.488,0.078,-48.256,286.685,-6.624,Roll
-0.820,-0.622,-0.243,5.407,153.352,-36.417,Roll
-0.799,-0.449,-0.111,131.583,-230.545,-4.323,Roll
-0.801,0.063,1.134,116.856,-286.685,-1.487,Roll
-0.679,0.347,1.085,67.882,-286.685,-72.415,Roll
-0.308,-0.161,1.011,46.042,-286.685,-54.084,Roll
0.831,-0.476,1.350,-7.472,-286.685,-41.318,Roll
0.932,-0.317,1.752,-1.286,-144.979,-68.425,Roll
0.735,-0.439,0.979,-43.129,90.746,26.049,Roll
0.414,-0.358,0.597,-42.114,264.828,80.019,Roll
-0.024,-0.015,0.321,-45.491,286.685,115.745,Roll
-0.321,0.144,0.325,-90.974,286.685,105.744,Roll
-0.842,-0.035,0.724,-165.996,286.685,117.206,Roll
-1.181,-0.432,0.586,-144.970,286.685,142.258,Roll
-1.015,-0.473,0.298,-47.434,189.044,53.498,Roll
-0.796,-0.488,-0.197,20.020,-34.002,-37.984,Roll
-0.956,-0.201,0.765,84.289,-284.410,-98.044,Roll
-0.962,-0.169,0.568,105.245,-286.685,-153.221,Roll
-0.423,0.101,0.748,142.564,-286.685,-103.775,Roll
-0.001,-0.012,0.903,85.050,-286.685,-26.469,Roll
0.685,-0.443,0.666,41.221,-286.685,-4.926,Roll
0.932,-0.600,1.365,41.484,-218.995,-59.141,Roll
0.976,-0.278,1.310,-4.655,17.202,-38.623,Roll
0.557,-0.246,1.255,-34.702,137.357,18.069,Roll
0.343,-0.223,0.636,-17.789,270.139,92.654,Roll
-0.068,-0.192,0.430,-32.751,286.685,54.215,Roll
-0.170,-0.042,0.311,-89.338,286.685,20.449,Roll
-0.471,-0.021,0.435,-98.289,286.685,55.982,Roll
-0.687,-0.158,0.777,-118.405,286.685,67.419,Roll
-0.878,-0.528,0.250,-88.261,280.674,-0.306,Roll
-1.090,-0.507,0.298,46.322,52.596,-52.062,Roll
-1.195,-0.482,0.503,63.166,-170.380,-72.118,Roll
-1.024,-0.272,0.638,66.255,-286.685,-106.715,Roll
-0.409,0.031,0.263,100.625,-286.685,-77.096,Roll
0.176,-0.188,0.873,123.419,-286.685,17.054,Roll
0.543,-0.540,1.054,50.059,-286.685,13.379,Roll
0.985,-0.540,1.490,21.770,-194.688,-17.202,Roll
0.953,-0.407,1.068,-4.585,45.097,31.885,Roll
0.184,-0.556,0.165,-21.612,286.685,67.016,Roll
-0.041,-0.096,0.053,-6.073,286.685,71.768,Roll
-0.637,0.210,0.757,-57.199,286.685,116.095,Roll
-0.740,-0.121,0.662,-114.021,286.685,110.119,Roll
-1.221,-0.345,0.296,-15.514,284.690,13.501,Roll
-1.244,-0.463,0.015,-15.111,216.379,7.236,Roll
-1.211,-0.406,0.165,70.595,-98.455,-3.605,Roll
-1.010,-0.272,0.670,82.128,-286.685,-66.990,Roll
-0.575,0.056,0.659,64.680,-286.685,-87.334,Roll
-0.121,0.175,0.638,64.041,-286.685,-57.811,Roll
0.396,-0.393,0.889,22.181,-286.685,-41.318,Roll
1.042,-0.781,0.776,60.261,-285.941,-20.878,Roll
1.072,-0.454,1.388,117.644,-45.658,-64.207,Roll
0.744,-0.205,1.604,50.094,185.334,-15.269,Roll
0.388,0.026,0.758,-78.312,286.685,31.535,Roll
-0.253,0.155,0.447,-102.375,286.685,78.312,Roll
-0.695,-0.188,0.770,-133.438,286.685,110.399,Roll
-0.899,-0.388,0.501,-127.908,279.326,53.445,Roll
-0.850,-0.373,0.333,-54.276,168.210,6.615,Roll
-1.112,-0.453,0.419,27.624,16.083,-79.774,Roll
-0.920,-0.218,0.157,55.204,-274.365,-155.837,Roll
-0.779,0.172,0.222,68.661,-286.685,-144.497,Roll
-0.506,0.272,0.386,56.770,-286.685,-110.539,Roll
0.196,-0.215,0.385,-10.176,-286.685,-66.946,Roll
1.350,-0.707,0.893,-55.816,-286.685,-119.359,Roll
1.704,-0.861,1.823,-18.454,-200.821,-85.925,Roll
1.660,-0.769,0.457,-90.256,90.029,30.809,Roll
0.943,-0.590,-0.233,-27.764,284.664,122.281,Roll
0.097,-0.264,0.316,96.915,286.685,178.526,Roll
-0.173,0.022,0.320,45.693,286.685,96.268,Roll
-0.647,0.087,0.670,-45.631,286.685,98.122,Roll
-0.998,-0.202,0.702,-103.924,286.685,143.649,Roll
-1.327,-0.692,0.684,-57.916,242.812,73.771,Roll
-1.287,-0.275,0.093,46.480,45.281,-27.519,Roll
-0.822,-0.114,0.575,72.380,-284.069,-83.230,Roll
-0.577,0.042,0.290,9.231,-286.685,-108.378,Roll
-0.027,0.085,0.110,-4.244,-286.685,-136.964,Roll
0.584,-0.332,1.032,37.888,-286.685,-138.101,Roll
0.953,-0.619,0.936,-26.714,-286.685,-126.613,Roll
1.260,-0.822,1.267,40.338,-286.685,-19.565,Roll
1.346,-0.994,0.911,67.795,-168.604,58.748,Roll
0.848,-0.628,0.383,35.385,237.003,126.770,Roll
0.292,-0.338,0.306,42.525,286.685,181.379,Roll
-0.079,0.090,0.586,26.276,286.685,136.238,Roll
-0.364,0.016,0.727,-44.354,286.685,99.689,Roll
-0.885,-0.536,0.401,-49.368,286.685,57.776,Roll
-1.093,-0.319,0.471,6.466,274.277,2.170,Roll
-1.185,-0.306,0.731,14.333,14.980,-30.310,Roll
-1.005,-0.240,0.545,70.306,-203.648,-70.770,Roll
-0.499,-0.058,0.269,92.942,-286.685,-56.472,Roll
-0.078,-0.030,0.497,57.120,-286.685,-29.802,Roll
0.363,-0.255,0.144,42.928,-286.685,4.541,Roll
1.109,-0.585,0.912,75.609,-286.685,-40.784,Roll
1.465,-0.419,1.999,12.154,-180.364,-73.885,Roll
0.870,-0.683,0.915,-59.841,78.321,14.656,Roll
0.694,-0.579,0.197,-23.905,286.510,50.496,Roll
0.375,-0.369,0.468,17.299,286.685,66.719,Roll
0.089,-0.217,0.589,9.424,286.685,52.876,Roll
-0.177,0.038,0.685,-23.494,286.685,32.007,Roll
-0.629,-0.068,0.988,-87.902,286.685,32.069,Roll
-0.903,-0.350,0.515,-85.277,286.685,23.231,Roll
-0.976,-0.452,-0.077,30.704,286.536,-37.135,Roll
-0.877,-0.482,-0.061,85.382,83.291,-59.964,Roll
-0.878,-0.431,0.258,73.334,-251.274,-37.914,Roll
-0.768,-0.140,0.634,109.261,-286.685,-54.897,Roll
-0.633,0.174,0.967,99.496,-286.685,-42.884,Roll
-0.257,0.143,0.911,54.206,-286.685,17.325,Roll
0.706,-0.792,0.545,56.061,-286.685,66.658,Roll
0.947,-0.667,0.990,87.491,-251.300,22.584,Roll
0.842,-0.517,1.548,16.669,21.210,-32.874,Roll
0.409,-0.583,0.501,-37.109,268.319,-13.405,Roll
0.013,-0.263,0.401,6.239,286.685,-24.684,Roll
-0.230,0.054,0.795,-27.282,286.685,-29.724,Roll
-0.740,0.051,1.020,-173.066,286.685,11.007,Roll
-1.137,-0.428,0.653,-192.482,286.685,76.956,Roll
-0.985,-0.443,0.260,-91.945,276.509,14.114,Roll
-0.988,-0.495,0.089,-14.420,199.990,-13.545,Roll
-0.758,-0.512,-0.158,24.211,-4.095,-37.537,Roll
-0.996,-0.394,0.396,83.956,-277.489,-39.314,Roll
-1.017,-0.157,0.591,35.936,-286.685,-104.939,Roll
-0.796,0.065,0.538,84.971,-286.685,-105.473,Roll
0.062,0.104,0.282,101.955,-286.685,-55.694,Roll
0.871,-0.833,0.948,74.007,-286.685,19.145,Roll
1.113,-0.739,1.312,31.167,-99.549,-23.301,Roll
0.941,-0.662,1.211,-2.835,132.667,-6.904,Roll
0.486,-0.569,0.451,-25.830,282.774,27.344,Roll
-0.017,-0.274,0.262,-9.485,286.685,58.170,Roll
-0.416,0.171,0.784,-56.735,286.685,90.729,Roll
-0.670,0.117,0.929,-153.571,286.685,162.321,Roll
-1.086,-0.390,0.625,-152.626,286.685,155.321,Roll
-1.229,-0.454,0.231,-54.329,263.392,93.870,Roll
-1.138,-0.483,-0.137,33.845,41.921,32.314,Roll
-0.850,-0.317,0.118,64.820,-264.250,-49.577,Roll
-0.938,-0.203,0.489,79.993,-286.685,-97.186,Roll
-0.841,0.058,0.920,36.881,-286.685,-133.262,Roll
-0.218,0.075,0.568,-43.584,-286.685,-142.564,Roll
0.418,-0.688,0.482,-80.631,-286.685,-102.856,Roll
0.792,-0.925,0.925,28.236,-236.792,-87.692,Roll
0.944,-0.726,1.323,59.316,-104.291,-57.181,Roll
0.707,-0.544,0.790,8.006,156.450,10.517,Roll
0.200,-0.440,0.096,11.165,286.685,68.994,Roll
-0.157,-0.054,0.534,27.484,286.685,79.966,Roll
-0.439,0.156,0.673,2.572,286.685,92.444,Roll
-0.908,-0.084,0.684,-47.092,286.685,100.118,Roll
-1.216,-0.552,0.593,-38.167,286.685,30.074,Roll
-1.241,-0.533,0.377,17.097,153.387,-33.276,Roll
-1.001,-0.473,0.153,15.523,-14.245,-57.015,Roll
-0.698,-0.347,0.185,82.101,-273.560,-72.126,Roll
-0.662,-0.144,0.659,128.432,-286.685,-69.230,Roll
-0.377,0.115,0.792,81.961,-286.685,-48.195,Roll
-0.128,0.004,0.679,49.035,-286.685,-38.999,Roll
0.571,-0.603,0.988,41.939,-286.685,3.062,Roll
0.971,-0.572,1.251,6.912,-202.755,-15.837,Roll
0.886,-0.468,1.566,-18.743,23.345,4.463,Roll
0.685,-0.470,0.926,-62.361,200.786,45.185,Roll
0.343,-0.458,0.034,-24.395,286.685,92.759,Roll
-0.072,-0.101,0.268,7.761,286.685,71.374,Roll
-0.409,0.078,0.264,-33.924,286.685,77.122,Roll
-0.874,-0.054,0.337,-40.959,286.685,108.001,Roll
-1.550,-0.498,0.763,-74.463,284.410,71.820,Roll
-1.536,-0.442,0.594,17.185,80.955,23.923,Roll
-1.042,-0.283,0.300,25.270,-212.660,-40.784,Roll
-0.856,-0.155,0.300,25.042,-286.685,-87.019,Roll
-0.541,-0.078,0.391,39.655,-286.685,-93.082,Roll
0.122,0.033,0.443,65.704,-286.685,-67.821,Roll
0.319,-0.711,0.928,51.896,-286.685,-14.849,Roll
0.755,-0.460,1.202,37.783,-222.303,-38.115,Roll
0.656,-0.598,1.291,-0.639,2.870,-10.097,Roll
0.478,-0.474,0.580,-16.476,271.250,17.692,Roll
0.197,-0.065,0.243,-25.331,286.685,36.269,Roll
-0.190,0.254,0.455,-31.448,286.685,76.256,Roll
-1.155,-0.059,0.828,-88.743,286.685,131.294,Roll
-1.556,-0.447,0.681,-93.957,286.116,64.680,Roll
-1.585,-0.573,0.536,-33.906,109.323,1.654,Roll
-1.246,-0.413,0.285,12.171,-73.106,-55.632,Roll
-0.799,-0.199,0.104,27.125,-286.685,-148.251,Roll
-0.456,-0.019,0.116,56.271,-286.685,-142.048,Roll
0.079,0.020,0.283,83.134,-286.685,-84.831,Roll
0.316,-0.607,0.620,22.619,-286.685,-29.899,Roll
0.619,-0.658,0.946,42.735,-286.685,-24.684,Roll
1.062,-0.419,1.287,52.964,-161.717,-41.816,Roll
0.893,-0.525,1.308,-1.260,5.749,0.149,Roll
0.578,-0.384,0.558,-10.841,281.453,15.724,Roll
0.241,-0.114,0.402,-9.590,286.685,37.546,Roll
-0.389,0.094,0.383,-35.910,286.685,73.474,Roll
-0.911,0.000,0.804,-67.261,286.685,118.676,Roll
-1.124,-0.349,0.972,-110.793,286.685,60.498,Roll
-1.153,-0.660,0.234,-55.615,284.279,12.775,Roll
-1.168,-0.627,0.033,50.584,17.272,-64.680,Roll
-0.879,-0.498,-0.259,76.921,-281.470,-147.446,Roll
-0.556,0.015,0.428,179.786,-286.685,-140.822,Roll
-0.154,0.240,0.895,180.197,-286.685,-40.618,Roll
0.215,0.207,1.221,129.010,-286.685,31.089,Roll
0.758,-0.598,1.153,48.659,-284.270,28.560,Roll
0.938,-0.536,1.274,15.488,-54.373,-55.440,Roll
0.639,-0.378,1.239,-76.177,175.893,-28.070,Roll
0.468,-0.214,0.941,-120.689,281.698,17.736,Roll
0.080,-0.035,0.350,-141.216,286.685,104.878,Roll
-0.310,0.113,0.411,-152.180,286.685,170.459,Roll
-0.834,-0.272,0.450,-175.411,286.685,209.667,Roll
-0.789,-0.347,0.356,-143.299,276.474,111.466,Roll
-1.011,-0.628,0.169,-56.884,184.739,67.751,Roll
-1.288,-0.863,-0.218,23.817,-27.230,-20.449,Roll
-1.196,-0.389,0.105,144.445,-272.825,-185.693,Roll
-0.669,0.262,0.771,142.949,-286.685,-231.394,Roll
-0.481,0.137,0.641,100.730,-286.685,-137.742,Roll
0.056,-0.021,1.314,96.460,-286.685,-53.944,Roll
0.628,-0.791,0.563,-29.855,-286.685,18.576,Roll
0.915,-1.033,0.573,21.245,-240.861,-38.719,Roll
1.052,-0.521,0.992,85.348,-4.532,-77.341,Roll
0.857,-0.352,1.121,59.220,166.688,-24.334,Roll
0.425,-0.189,0.922,-24.054,286.685,42.096,Roll
0.139,0.029,0.381,-86.975,286.685,91.910,Roll
-0.441,0.031,0.611,-98.044,286.685,171.089,Roll
-0.880,-0.266,0.988,-120.505,286.685,177.660,Roll
-1.025,-0.589,0.138,-140.831,285.302,110.819,Roll
-1.002,-0.399,-0.008,31.185,159.950,-21.271,Roll
-0.873,-0.342,0.009,93.494,-136.894,-67.996,Roll
-0.795,-0.224,0.298,102.095,-286.685,-97.151,Roll
-0.652,-0.118,0.478,94.071,-286.685,-80.150,Roll
-0.298,0.042,0.581,66.001,-286.685,-55.694,Roll
0.361,-0.399,0.473,1.864,-286.685,-33.915,Roll
1.130,-0.796,0.983,56.534,-275.669,5.311,Roll
1.249,-0.820,1.331,75.845,-36.295,-33.792,Roll
1.180,-0.429,1.400,42.464,144.375,-30.608,Roll
0.722,-0.309,1.019,-8.146,286.685,-7.149,Roll
0.193,-0.098,0.973,-20.921,286.685,37.765,Roll
-0.203,-0.072,1.014,-57.251,286.685,67.664,Roll
-0.598,-0.093,1.012,-75.066,286.685,68.110,Roll
-0.796,-0.250,0.647,-89.548,286.685,48.475,Roll
-0.817,-0.364,0.149,-35.604,264.460,-9.887,Roll
-0.728,-0.389,-0.037,4.445,43.776,-65.257,Roll
-0.552,-0.380,-0.210,6.177,-136.798,-83.641,Roll
-0.492,-0.253,0.069,31.167,-286.685,-80.955,Roll
-0.552,-0.115,0.349,4.690,-286.685,-79.546,Roll
-0.278,0.035,0.364,-38.272,-286.685,-88.244,Roll
0.402,-0.551,0.236,-10.631,-286.685,-86.345,Roll
1.460,-0.769,0.932,145.583,-284.839,-33.346,Roll
1.426,-0.654,1.999,153.361,-73.264,-68.924,Roll
1.143,-0.690,1.975,7.779,76.055,-59.841,Roll
1.217,-0.423,0.671,9.748,194.119,-4.996,Roll
0.490,-0.294,0.558,23.179,286.685,54.127,Roll
-0.030,0.056,0.361,-69.948,286.685,50.943,Roll
-0.471,0.168,0.326,-73.412,286.685,139.536,Roll
-1.356,-0.382,0.478,-25.060,286.685,141.277,Roll
-1.334,-0.335,0.546,11.812,261.371,21.175,Roll
-1.187,-0.310,0.322,48.624,77.857,-33.836,Roll
-0.899,-0.269,0.253,50.094,-238.376,-66.990,Roll
-0.598,-0.107,0.184,25.226,-286.685,-61.101,Roll
-0.273,0.065,0.360,52.815,-286.685,3.255,Roll
-0.037,-0.008,0.505,31.868,-286.685,59.701,Roll
0.278,-0.361,0.878,-12.145,-286.685,24.159,Roll
0.903,-0.568,1.062,-18.314,-275.284,10.972,Roll
0.908,-0.794,0.890,17.850,-45.159,-16.923,Roll
0.743,-0.581,0.697,37.643,249.148,-29.286,Roll
0.519,-0.324,0.749,37.450,286.685,-1.374,Roll
0.136,0.051,0.841,38.264,286.685,23.441,Roll
-0.256,0.159,0.614,29.076,286.685,41.081,Roll
-1.046,-0.007,0.699,-21.630,286.685,19.714,Roll
-1.542,-0.122,0.778,-87.255,286.685,39.191,Roll
-1.895,-0.647,0.793,-90.860,242.620,0.770,Roll
-1.499,-0.239,0.519,-8.566,49.026,-120.540,Roll
-1.015,-0.243,0.243,-55.493,-277.182,-171.334,Roll
-0.310,-0.052,-0.351,-37.494,-286.685,-191.275,Roll
0.383,-0.156,-0.803,88.760,-286.685,-127.015,Roll
0.455,-0.195,0.801,104.676,-286.685,-77.402,Roll
0.399,-0.635,1.265,-49.481,-207.961,-83.816,Roll
0.540,-0.635,1.073,-23.336,-117.635,-80.736,Roll
0.729,-0.466,0.383,-9.310,97.668,14.569,Roll
0.789,-0.327,0.114,48.772,285.014,65.844,Roll
-0.208,0.005,0.273,60.305,286.685,42.866,Roll
-0.955,0.100,0.396,26.145,286.685,76.046,Roll
-1.084,-0.252,0.700,18.970,286.685,45.728,Roll
-1.400,-0.389,0.653,-22.593,281.575,12.775,Roll
-1.929,-0.923,0.885,-75.985,48.072,-17.981,Roll
-1.214,-0.453,0.014,-58.634,-275.494,34.414,Roll
-0.780,-0.172,0.450,2.380,-286.685,4.226,Roll
-0.728,0.271,0.575,-8.356,-286.685,-77.219,Roll
-0.076,0.264,1.298,22.855,-286.685,-142.056,Roll
0.049,-0.239,1.335,-112.735,-286.685,-215.066,Roll
0.758,-0.741,0.213,-49.910,-226.503,-140.709,Roll
0.878,-0.697,0.322,83.536,-88.751,5.924,Roll
0.838,-0.655,0.484,123.077,92.942,58.914,Roll
0.341,-0.651,0.603,96.556,286.685,95.891,Roll
-0.353,0.071,0.639,59.841,286.685,87.211,Roll
-0.766,0.300,0.974,-67.891,286.685,-5.880,Roll
-0.799,-0.101,0.957,-168.586,286.685,2.503,Roll
-1.014,-0.435,0.793,-146.738,200.515,13.318,Roll
-1.094,-0.668,0.498,-58.634,57.610,-0.455,Roll
-0.897,-0.561,0.296,-24.911,-236.075,-37.284,Roll
-0.898,-0.323,-0.035,2.791,-286.685,-86.179,Roll
-0.555,-0.103,0.486,132.396,-286.685,-62.842,Roll
-0.036,-0.021,0.729,128.765,-286.685,-11.060,Roll
0.598,-0.415,0.535,83.948,-286.685,7.044,Roll
1.070,-0.458,1.001,44.249,-250.495,17.728,Roll
1.088,-0.582,0.920,36.382,-119.787,35.298,Roll
0.885,-0.612,0.533,70.717,162.960,59.675,Roll
0.365,-0.417,0.362,43.304,286.685,13.422,Roll
-0.359,-0.117,0.509,8.689,286.685,-25.917,Roll
-0.723,0.158,1.311,-33.408,286.685,-5.066,Roll
-0.913,-0.005,1.941,-149.599,286.685,34.037,Roll
-0.935,-0.281,0.595,-156.048,286.685,3.894,Roll
-1.050,-0.311,0.188,-14.245,206.386,-45.456,Roll
-0.975,-0.348,0.101,-12.267,48.151,-95.952,Roll
-0.887,-0.378,-0.019,27.116,-229.967,-112.131,Roll
-0.749,-0.251,0.357,70.026,-286.685,-90.554,Roll
-0.494,-0.094,0.387,99.601,-286.685,-35.026,Roll
-0.238,-0.058,0.356,103.810,-286.685,23.004,Roll
0.422,-0.651,0.285,100.625,-286.685,85.120,Roll
1.345,-0.362,1.240,105.551,-261.021,-11.182,Roll
0.910,-0.441,1.547,38.728,-1.409,1.041,Roll
0.839,-0.515,1.135,-0.919,118.510,-14.245,Roll
0.454,-0.497,0.266,-54.827,285.495,-18.646,Roll
0.089,-0.254,0.434,-91.000,286.685,1.374,Roll
-0.421,-0.037,0.861,-75.801,286.685,61.022,Roll
-0.636,-0.103,1.088,-106.225,286.685,97.317,Roll
-0.658,-0.219,0.617,-125.029,286.685,136.045,Roll
-1.109,-0.451,0.359,-44.065,286.685,97.230,Roll
-1.199,-0.442,0.132,-4.489,146.764,8.794,Roll
-1.172,-0.433,0.165,22.522,-119.875,-48.370,Roll
-1.088,-0.366,0.347,39.830,-282.686,-88.620,Roll
-0.988,-0.068,0.801,55.781,-286.685,-153.624,Roll
-0.297,0.225,0.658,12.950,-286.685,-139.274,Roll
0.527,-0.286,0.500,-36.540,-286.685,-113.820,Roll
0.677,-0.954,0.740,5.372,-225.759,-64.041,Roll
0.729,-0.968,0.850,15.750,-61.644,-73.290,Roll
0.729,-0.607,0.467,22.636,187.320,-40.810,Roll
0.483,-0.396,-0.012,39.200,286.685,33.224,Roll
0.079,-0.083,0.181,14.149,286.685,102.147,Roll
-0.704,0.168,0.781,-10.605,286.685,150.316,Roll
-1.599,-0.339,1.362,-35.298,286.685,152.775,Roll
-1.394,-0.412,0.831,-76.046,262.780,84.394,Roll
-1.318,-0.367,0.420,-8.627,138.915,1.951,Roll
-1.084,-0.340,0.183,-18.436,7.035,-58.021,Roll
-0.918,-0.263,0.348,17.955,-217.928,-110.521,Roll
-0.807,-0.186,0.361,5.355,-286.685,-133.508,Roll
-0.613,0.065,0.625,3.780,-286.685,-142.747,Roll
-0.537,0.183,0.658,-15.610,-286.685,-113.628,Roll
0.328,-0.500,-0.166,-37.590,-286.685,-29.558,Roll
1.273,-1.064,0.366,88.104,-285.565,-2.564,Roll
1.232,-0.711,1.404,68.014,-11.760,-44.144,Roll
0.783,-0.666,0.777,-7.376,277.944,-36.190,Roll
0.674,-0.451,0.246,-29.199,286.685,-10.693,Roll
0.271,-0.033,0.396,-45.789,286.685,45.693,Roll
-0.496,-0.139,0.655,-103.259,286.685,119.656,Roll
-1.045,-0.406,0.704,-106.120,286.685,123.637,Roll
-0.804,-0.267,0.158,-62.309,286.685,70.368,Roll
-0.870,-0.340,0.053,18.926,277.025,68.110,Roll
-1.296,-0.528,0.350,36.741,175.035,43.208,Roll
-1.234,-0.568,0.131,79.503,-61.005,-10.430,Roll
-1.112,-0.348,0.337,101.141,-286.685,-71.671,Roll
-1.108,-0.244,0.450,96.066,-286.685,-96.652,Roll
-0.325,0.207,0.691,85.540,-286.685,-93.091,Roll
0.420,-0.303,0.759,42.840,-286.685,-24.710,Roll
0.824,-0.717,1.335,28.481,-203.989,-7.052,Roll
0.607,-0.783,1.415,14.114,-21.691,-12.302,Roll
0.483,-0.517,0.781,-21.280,224.857,11.602,Roll
0.376,-0.306,-0.102,-49.070,286.685,76.457,Roll
-0.174,0.058,0.465,-28.683,286.685,116.751,Roll
-0.737,-0.073,0.839,-52.754,286.685,136.553,Roll
-1.330,-0.291,0.577,-54.679,286.685,87.561,Roll
-1.590,-0.383,0.641,-21.718,205.100,16.817,Roll
-1.398,-0.402,0.180,-25.104,-32.165,-59.833,Roll
-1.066,-0.297,0.052,6.912,-232.934,-94.080,Roll
-0.676,-0.065,0.143,40.127,-286.685,-102.156,Roll
-0.237,-0.055,0.484,65.039,-286.685,-48.737,Roll
0.099,-0.203,0.829,33.075,-286.685,-4.174,Roll
0.276,-0.492,1.169,-52.141,-270.830,-17.596,Roll
0.573,-0.717,0.906,-44.004,-172.541,-8.627,Roll
0.604,-0.764,0.797,14.752,20.160,-7.884,Roll
0.403,-0.549,0.580,20.930,284.296,-0.656,Roll
0.291,-0.341,0.441,4.392,286.685,28.289,Roll
-0.071,-0.021,0.532,-2.109,286.685,62.764,Roll
-0.736,-0.044,0.666,-28.096,286.685,111.842,Roll
-1.586,-0.463,0.772,-39.069,286.440,54.303,Roll
-1.844,-0.659,0.946,-61.784,114.546,-50.286,Roll
-1.463,-0.451,0.477,-4.506,-12.836,-75.058,Roll
-0.925,-0.372,-0.004,36.741,-276.946,-116.069,Roll
-0.512,-0.173,0.090,44.888,-286.685,-114.826,Roll
0.160,0.041,0.147,65.039,-286.685,-51.441,Roll
0.315,-0.142,0.610,60.480,-286.685,12.705,Roll
0.417,-0.587,1.215,0.884,-261.905,19.276,Roll
0.618,-0.832,0.885,29.969,-134.251,34.921,Roll
0.579,-0.779,0.612,68.250,127.942,22.260,Roll
0.333,-0.535,0.752,79.319,286.685,-8.733,Roll
0.084,-0.100,0.386,19.224,286.685,20.326,Roll
-0.294,0.136,0.432,6.869,286.685,81.007,Roll
-1.347,-0.316,0.823,-21.901,286.685,105.945,Roll
-1.714,-0.383,0.943,0.586,191.599,7.280,Roll
-1.489,-0.304,0.610,1.505,107.214,-21.560,Roll
-0.910,-0.377,0.101,33.206,-105.385,-52.386,Roll
-0.672,-0.261,0.006,47.364,-286.685,-41.755,Roll
-0.444,-0.038,0.353,88.471,-286.685,0.954,Roll
-0.060,0.006,0.585,71.225,-286.685,20.081,Roll
-0.023,-0.096,1.286,20.282,-286.685,14.858,Roll
0.279,-0.417,1.215,-34.107,-218.199,12.512,Roll
0.474,-0.539,0.920,-25.524,-125.073,39.725,Roll
0.419,-0.559,1.172,10.150,-4.865,26.206,Roll
0.316,-0.379,1.098,-3.027,260.312,-18.795,Roll
0.112,-0.242,0.297,-28.744,286.685,-38.167,Roll
-0.260,-0.089,-0.080,-25.253,286.685,-13.519,Roll
-0.997,0.114,0.547,-13.405,286.685,48.790,Roll
-1.556,-0.599,1.185,11.069,285.022,81.795,Roll
-1.314,-0.399,0.586,66.124,43.006,-10.684,Roll
-0.867,-0.212,0.330,49.420,-282.091,-33.644,Roll
-0.696,0.000,0.397,26.635,-286.685,-29.733,Roll
-0.184,0.113,0.404,51.975,-286.685,12.031,Roll
0.145,-0.308,0.777,41.125,-286.685,90.256,Roll
0.581,-0.180,1.500,28.052,-219.905,23.424,Roll
0.495,-0.354,1.350,-5.959,-26.136,25.611,Roll
0.328,-0.604,0.473,-40.722,255.579,12.171,Roll
0.028,-0.189,0.475,-22.986,286.685,-18.462,Roll
-0.342,0.325,0.718,-26.478,286.685,11.559,Roll
-0.759,0.299,0.993,-48.081,286.685,81.357,Roll
-1.635,-0.424,0.709,-43.916,286.685,67.961,Roll
-1.647,-0.298,0.628,28.228,188.921,-44.467,Roll
-1.072,-0.288,0.014,10.552,-62.606,-97.825,Roll
-0.848,-0.193,0.145,0.569,-264.897,-105.122,Roll
-0.633,-0.124,0.392,-5.338,-286.685,-98.210,Roll
-0.196,-0.067,0.255,4.699,-286.685,-60.690,Roll
0.089,-0.196,0.410,11.716,-286.685,-18.384,Roll
0.355,-0.566,1.089,8.085,-286.685,-30.327,Roll
0.739,-0.697,1.355,7.315,-180.731,-34.344,Roll
0.625,-0.617,0.800,18.384,185.246,-13.816,Roll
0.136,-0.254,0.330,-15.960,286.685,-9.783,Roll
-0.208,-0.002,0.284,-53.252,286.685,29.741,Roll
-0.842,0.203,0.991,-59.386,286.685,120.190,Roll
-1.178,-0.289,0.665,-88.331,286.685,107.441,Roll
-1.227,-0.418,0.005,4.305,279.571,30.415,Roll
-1.239,-0.475,-0.033,34.956,142.039,5.950,Roll
-0.834,-0.405,0.122,48.877,-159.311,8.951,Roll
-0.657,-0.215,0.501,61.057,-286.685,-22.619,Roll
-0.679,-0.089,0.843,31.141,-286.685,-24.675,Roll
-0.524,0.195,0.694,6.239,-286.685,-28.052,Roll
-0.006,-0.127,0.804,22.312,-286.685,26.189,Roll
0.591,-0.578,1.223,-8.137,-286.685,22.041,Roll
0.716,-0.563,1.472,-7.332,-111.353,3.955,Roll
0.469,-0.633,1.263,-21.219,48.528,18.288,Roll
0.274,-0.592,0.475,-14.289,274.260,31.692,Roll
0.146,-0.193,0.392,11.078,286.685,44.984,Roll
-0.091,0.050,0.814,-17.097,286.685,43.505,Roll
-0.667,-0.039,0.824,-48.484,286.685,53.366,Roll
-1.397,-0.333,0.824,-68.154,286.685,48.974,Roll
-1.543,-0.347,0.590,-15.610,192.054,-17.876,Roll
-1.170,-0.275,0.370,5.582,-108.658,-89.757,Roll
-0.974,-0.167,0.217,-16.397,-285.364,-126.726,Roll
-0.495,0.096,0.015,-42.263,-286.685,-139.842,Roll
0.196,0.105,-0.006,-48.379,-286.685,-121.537,Roll
0.873,-0.358,1.306,-60.025,-286.685,-120.698,Roll
1.438,-0.999,0.860,-93.363,-201.049,-31.386,Roll
0.875,-1.678,0.733,-15.102,85.706,-52.693,Roll
0.999,-0.618,0.398,-30.135,273.087,-65.581,Roll
0.102,-0.311,-0.096,-53.935,286.685,94.045,Roll
-0.458,0.203,0.130,-45.789,286.685,157.421,Roll
-0.945,-0.044,0.273,-67.804,286.685,205.844,Roll
-1.391,-0.634,0.536,-13.029,261.608,145.276,Roll
-1.473,-0.566,0.637,101.325,-9.844,18.515,Roll
-1.137,-0.455,0.247,122.378,-219.406,8.146,Roll
-0.759,-0.273,0.259,140.201,-286.685,18.209,Roll
-0.238,-0.004,0.595,103.372,-286.685,40.889,Roll
0.193,-0.235,0.389,51.704,-286.685,81.550,Roll
0.801,-0.282,1.025,22.234,-286.685,36.041,Roll
1.049,-0.356,1.636,-26.276,-132.974,-1.138,Roll
0.825,-0.704,1.227,-21.534,38.903,-6.151,Roll
0.593,-0.650,0.520,-8.374,285.267,7.901,Roll
0.332,-0.276,0.689,25.121,286.685,24.386,Roll
0.171,-0.018,0.852,-10.351,286.685,24.736,Roll
-0.332,-0.112,0.602,-31.833,286.685,28.674,Roll
-1.067,-0.172,0.434,-15.216,286.685,20.685,Roll
-1.823,-0.359,0.843,-6.125,232.732,17.089,Roll
-1.628,-0.325,0.654,23.459,0.236,-14.499,Roll
-0.953,-0.209,0.251,41.676,-205.284,-51.502,Roll
-0.267,-0.002,-0.144,41.842,-286.685,-45.736,Roll
0.179,0.072,-0.002,75.731,-286.685,31.237,Roll
0.193,-0.506,0.449,92.986,-286.685,68.880,Roll
0.401,-0.462,1.038,74.253,-279.589,18.016,Roll
0.514,-0.320,1.484,56.849,-81.944,-38.509,Roll
0.380,-0.335,1.211,18.077,174.580,-56.717,Roll
0.240,-0.150,0.979,-28.149,286.685,-75.084,Roll
0.032,0.077,0.844,-29.636,286.685,-52.325,Roll
-0.583,0.105,1.033,-27.720,286.685,-6.510,Roll
-1.262,-0.186,0.929,-79.695,286.685,17.097,Roll
-1.774,-0.336,0.681,-49.228,279.125,-7.551,Roll
-1.500,-0.309,0.485,-1.951,198.503,-31.657,Roll
-0.989,-0.318,0.088,-1.365,-70.639,-85.908,Roll
-0.682,-0.186,0.194,-16.205,-286.685,-100.783,Roll
-0.064,-0.084,-0.179,-24.736,-286.685,-80.518,Roll
0.286,0.151,0.331,92.418,-286.685,-23.599,Roll
0.201,-0.304,1.293,51.660,-286.685,-6.536,Roll
0.598,-0.547,1.457,-34.195,-230.011,-23.791,Roll
0.659,-0.621,1.054,-34.877,43.890,-1.925,Roll
0.405,-0.608,0.106,-47.862,286.685,12.267,Roll
0.075,-0.324,0.097,-26.145,286.685,7.184,Roll
-0.431,0.144,0.252,-31.561,286.685,27.221,Roll
-1.230,-0.197,0.779,-64.050,286.685,106.724,Roll
-1.495,-0.463,0.651,-45.325,243.486,69.003,Roll
-1.527,-0.520,0.519,-3.649,105.079,38.045,Roll
-1.128,-0.475,0.115,29.942,-176.120,7.017,Roll
-0.783,-0.194,0.264,52.185,-286.685,-24.728,Roll
-0.168,0.178,0.373,95.393,-286.685,-33.276,Roll
0.071,0.304,0.583,85.050,-286.685,-18.349,Roll
0.223,-0.516,1.133,15.286,-286.685,11.620,Roll
0.653,-0.563,0.935,33.556,-214.034,29.094,Roll
0.528,-0.524,1.253,20.632,32.515,22.452,Roll
0.302,-0.596,0.919,-16.826,230.081,9.432,Roll
0.037,-0.318,0.434,-14.017,286.685,19.390,Roll
-0.212,0.175,0.762,-6.466,286.685,28.927,Roll
-1.111,0.089,1.387,-55.020,286.685,90.956,Roll
-1.399,-0.357,1.050,-54.460,286.685,73.404,Roll
-1.432,-0.299,0.663,9.739,198.669,1.680,Roll
-0.992,-0.268,0.322,34.046,-22.050,-50.260,Roll
-0.600,-0.271,0.368,-3.981,-284.375,-83.379,Roll
-0.489,-0.122,0.316,-25.900,-286.685,-91.088,Roll
-0.083,0.100,0.315,1.260,-286.685,-82.600,Roll
0.018,-0.126,0.455,-12.679,-286.685,-46.917,Roll
0.352,-0.671,0.823,-12.346,-286.685,-2.765,Roll
0.621,-0.745,0.941,4.524,-196.324,35.709,Roll
0.607,-0.605,1.111,21.753,117.539,14.578,Roll
0.149,-0.404,0.572,2.957,286.685,9.467,Roll
-0.249,0.038,0.471,12.267,286.685,49.000,Roll
-0.584,0.258,0.970,9.371,286.685,81.296,Roll
-1.364,-0.297,1.196,-19.250,286.685,99.522,Roll
-1.607,-0.519,0.981,9.083,258.869,9.581,Roll
-1.114,-0.246,0.325,46.769,34.667,-51.441,Roll
-0.804,-0.210,0.217,38.570,-182.577,-73.089,Roll
-0.523,-0.082,0.401,30.695,-286.685,-83.746,Roll
-0.256,0.020,0.199,21.534,-286.685,-71.978,Roll
0.061,-0.248,0.127,85.207,-286.685,-1.855,Roll
0.443,-0.440,1.041,100.266,-286.685,15.540,Roll
0.747,-0.432,1.356,47.792,-170.065,11.078,Roll
0.592,-0.595,1.212,10.255,10.089,23.546,Roll
0.388,-0.450,0.716,-9.861,273.438,4.926,Roll
0.149,-0.156,0.659,-10.430,286.685,-17.465,Roll
-0.128,0.204,0.819,-22.864,286.685,27.493,Roll
-0.734,0.076,1.177,-61.390,286.685,94.640,Roll
-1.160,-0.437,0.392,-77.131,286.685,39.734,Roll
-1.200,-0.300,0.340,18.191,284.926,-24.255,Roll
-1.104,-0.357,0.031,69.510,126.630,-34.116,Roll
-0.956,-0.391,0.222,51.074,-205.467,-22.698,Roll
-0.889,-0.018,0.824,7.035,-286.685,-47.171,Roll
-0.715,0.195,0.682,-21.122,-286.685,-64.566,Roll
-0.097,0.339,0.353,-21.866,-286.685,-43.278,Roll
0.430,-0.773,0.584,-22.514,-286.685,-6.624,Roll
0.910,-0.762,1.249,8.610,-177.643,-2.844,Roll
0.806,-0.679,1.502,22.094,-12.171,-8.733,Roll
0.452,-0.541,0.668,-14.595,272.729,24.745,Roll
0.027,-0.178,0.161,-7.429,286.685,53.340,Roll
-0.343,0.196,0.652,-2.949,286.685,97.641,Roll
-0.884,-0.065,1.013,-24.167,286.685,102.725,Roll
-1.179,-0.300,0.724,-18.218,286.685,53.716,Roll
-1.239,-0.180,0.514,62.632,241.964,20.808,Roll
-1.059,-0.270,0.318,83.659,-8.243,-23.520,Roll
-0.821,-0.272,0.342,49.446,-221.716,-44.467,Roll
-0.414,-0.076,0.303,41.606,-286.685,-57.951,Roll
-0.384,-0.006,0.668,52.001,-286.685,-26.941,Roll
-0.154,-0.015,1.040,10.141,-286.685,-11.025,Roll
0.166,-0.246,1.010,-26.968,-286.685,-11.996,Roll
0.630,-0.561,1.186,-10.727,-275.949,10.850,Roll
0.769,-0.604,1.185,25.734,-93.257,49.481,Roll
0.559,-0.556,1.050,-0.254,195.309,23.406,Roll
0.288,-0.375,0.792,-23.879,286.685,4.419,Roll
-0.090,-0.080,0.673,-16.923,286.685,7.009,Roll
-0.345,0.095,0.853,-41.440,286.685,16.275,Roll
-0.948,-0.146,0.970,-85.759,286.685,17.097,Roll
-1.098,-0.351,0.515,-85.505,286.685,0.079,Roll
-1.034,-0.334,0.175,9.581,267.374,-61.250,Roll
-0.895,-0.464,0.113,32.139,26.670,-91.026,Roll
-0.698,-0.434,0.206,36.776,-274.164,-73.412,Roll
-0.748,-0.275,0.499,65.441,-286.685,-59.124,Roll
-0.604,0.024,0.629,67.585,-286.685,-45.745,Roll
-0.005,-0.020,0.595,70.717,-286.685,6.440,Roll
0.808,-0.823,0.889,38.054,-286.685,49.193,Roll
0.974,-0.750,1.514,65.249,-205.266,49.149,Roll
0.923,-0.583,1.377,37.240,29.916,26.058,Roll
0.464,-0.385,0.655,-52.868,286.685,7.315,Roll
-0.037,-0.173,0.036,-51.993,286.685,14.525,Roll
-0.379,0.112,0.273,-23.800,286.685,52.054,Roll
-0.932,-0.017,0.752,-71.269,286.685,121.293,Roll
-1.346,-0.568,0.422,-43.566,286.685,70.954,Roll
-1.280,-0.539,0.300,46.463,201.092,-12.512,Roll
-1.135,-0.539,0.477,89.478,-41.991,-59.938,Roll
-0.931,-0.173,0.242,42.499,-286.685,-117.451,Roll
-0.575,0.064,0.375,106.531,-286.685,-84.254,Roll
0.232,0.102,0.425,108.902,-286.685,17.806,Roll
0.457,-0.502,0.715,75.976,-286.685,73.229,Roll
0.774,-0.716,1.429,70.262,-185.430,49.919,Roll
0.612,-0.496,1.559,12.373,108.841,-37.511,Roll
0.295,-0.217,0.477,-82.215,286.685,-59.089,Roll
0.126,-0.097,0.034,-40.320,286.685,-13.169,Roll
-0.576,0.430,0.657,-32.034,286.685,40.197,Roll
-1.497,-0.482,0.860,-82.049,286.685,63.061,Roll
-1.352,-0.470,0.236,5.285,250.600,-9.546,Roll
-1.134,-0.568,-0.063,46.410,-71.899,-17.946,Roll
-0.747,-0.369,0.222,30.669,-282.082,-6.685,Roll
-0.546,0.013,0.397,67.830,-286.685,-22.601,Roll
-0.177,0.191,0.606,72.284,-286.685,39.751,Roll
-0.047,0.065,0.686,63.805,-286.685,74.226,Roll
0.402,-0.488,0.946,44.581,-286.685,81.244,Roll
0.635,-0.602,1.221,59.728,-253.619,61.364,Roll
0.660,-0.425,1.318,23.844,-39.655,0.000,Roll
0.496,-0.401,1.140,-47.486,267.802,-15.811,Roll
0.226,-0.143,0.814,-64.724,286.685,-35.647,Roll
-0.058,0.062,0.406,-84.289,286.685,-5.924,Roll
-0.573,0.206,0.884,-74.882,286.685,80.220,Roll
-1.298,-0.226,0.766,-95.323,286.685,86.459,Roll
-1.482,-0.436,0.425,-8.050,279.703,32.480,Roll
-1.171,-0.225,0.132,80.955,75.819,4.095,Roll
-0.849,-0.167,0.229,51.013,-254.476,-38.561,Roll
-0.767,-0.036,0.520,-7.140,-286.685,-67.016,Roll
-0.293,0.121,0.406,-11.270,-286.685,-86.590,Roll
0.283,-0.017,0.516,35.752,-286.685,-79.573,Roll
0.453,-0.668,1.591,-20.204,-281.671,-76.912,Roll
0.510,-0.576,1.383,-57.978,-122.141,-65.791,Roll
0.547,-0.560,0.966,-54.749,-39.524,-11.611,Roll
0.498,-0.483,0.557,-44.861,124.040,74.979,Roll
0.180,-0.314,0.267,15.619,286.685,105.262,Roll
-0.133,-0.068,0.193,53.139,286.685,92.794,Roll
-0.712,0.271,0.607,45.124,286.685,88.497,Roll
-1.298,-0.197,0.801,-58.196,286.685,111.335,Roll
-1.413,-0.440,0.400,-29.619,222.040,79.783,Roll
-1.267,-0.401,0.278,42.866,16.739,54.670,Roll
-1.184,-0.305,0.616,36.645,-201.477,9.231,Roll
-1.131,0.080,0.911,-20.335,-286.685,-111.151,Roll
-0.542,0.421,0.192,-42.009,-286.685,-172.025,Roll
0.308,-0.110,0.385,63.341,-286.685,-93.144,Roll
0.537,-0.683,0.798,60.296,-284.419,-5.355,Roll
0.721,-0.620,1.147,30.389,-165.113,-7.499,Roll
0.540,-0.482,1.024,35.507,88.567,11.812,Roll
0.032,-0.424,0.284,43.960,286.685,12.950,Roll
-0.315,-0.197,-0.015,48.624,286.685,-32.769,Roll
-0.885,0.611,0.752,62.318,286.685,-17.465,Roll
-1.547,-0.072,1.340,18.130,286.685,51.966,Roll
-1.372,-0.188,0.366,-6.265,281.750,-10.833,Roll
-1.100,-0.331,-0.035,14.297,178.579,-16.712,Roll
-0.964,-0.314,0.084,21.761,-96.836,-20.790,Roll
-0.802,-0.115,0.442,39.147,-286.685,-15.461,Roll
-0.712,0.172,0.766,8.470,-286.685,12.959,Roll
-0.519,0.227,0.483,-7.446,-286.685,88.471,Roll
0.111,-0.168,0.463,51.004,-286.685,146.860,Roll
0.664,-0.373,1.342,60.917,-286.685,92.391,Roll
0.710,-0.227,1.461,7.604,-63.403,20.353,Roll
0.418,-0.485,0.810,-28.971,208.950,-26.215,Roll
-0.082,-0.583,0.251,38.824,286.685,-74.480,Roll
-0.250,0.339,0.831,-3.850,286.685,-123.043,Roll
-0.751,0.277,1.264,-75.329,286.685,-66.649,Roll
-0.878,-0.046,0.758,-93.196,286.685,-10.981,Roll
-1.056,-0.178,0.224,-26.066,286.685,-11.498,Roll
-1.034,-0.331,0.010,-25.935,162.234,-50.934,Roll
-1.072,-0.290,0.263,29.050,-93.634,-23.284,Roll
-0.993,-0.204,0.374,14.648,-273.324,-10.150,Roll
-0.978,0.066,0.681,5.521,-286.685,-25.786,Roll
-0.565,0.253,0.575,-7.096,-286.685,-48.869,Roll
-0.152,0.146,0.923,-35.822,-286.685,-102.253,Roll
0.403,-0.749,0.907,-39.261,-286.685,-61.845,Roll
0.828,-0.786,0.935,-6.160,-227.500,-23.940,Roll
0.734,-0.493,1.278,19.941,-53.016,-15.365,Roll
0.640,-0.461,0.413,3.859,204.356,20.519,Roll
0.301,-0.275,0.284,20.519,286.685,11.839,Roll
-0.356,0.041,0.369,-13.291,286.685,-21.796,Roll
-0.972,0.101,0.973,-61.539,286.685,41.151,Roll
-1.174,-0.206,0.883,-102.795,286.685,82.189,Roll
-1.064,-0.269,0.528,-19.267,283.684,13.746,Roll
-1.515,-0.419,0.519,19.189,177.966,-27.886,Roll
-1.172,-0.379,0.130,55.064,-178.815,-44.529,Roll
-0.508,-0.147,0.013,63.507,-286.685,-0.796,Roll
-0.173,-0.047,0.217,50.759,-286.685,81.515,Roll
0.090,0.270,0.855,89.495,-286.685,53.664,Roll
0.351,-0.206,1.558,-12.801,-286.685,-17.666,Roll
0.641,-0.491,1.432,-19.679,-168.525,11.602,Roll
0.661,-0.646,0.749,-18.603,105.236,36.960,Roll
0.471,-0.490,0.509,-5.600,278.854,35.429,Roll
-0.036,-0.284,0.258,20.536,286.685,20.676,Roll
-0.452,0.128,0.547,37.931,286.685,-3.815,Roll
-0.799,0.064,0.873,-9.896,286.685,-3.281,Roll
-1.261,-0.230,0.717,-32.182,286.685,-7.455,Roll
-1.420,-0.329,0.605,-0.735,118.974,-23.958,Roll
-1.232,-0.188,0.373,18.471,-173.539,-63.429,Roll
-0.745,-0.156,0.323,34.029,-286.685,-52.972,Roll
-0.383,-0.042,0.433,22.549,-286.685,-27.046,Roll
0.086,0.142,0.698,-37.564,-286.685,-61.005,Roll
0.253,-0.367,1.176,30.896,-286.685,-107.144,Roll
0.479,-0.413,1.128,-30.826,-281.855,-115.115,Roll
0.786,-0.542,0.883,-36.916,-210.122,-51.074,Roll
0.708,-0.523,0.582,-33.119,11.445,41.501,Roll
0.474,-0.463,0.538,11.069,234.579,123.104,Roll
0.275,-0.154,0.979,26.880,286.685,140.849,Roll
0.044,-0.127,0.630,-26.635,286.685,123.909,Roll
-0.594,0.063,0.768,-65.660,286.685,76.571,Roll
-0.908,-0.299,0.995,-120.619,286.685,52.054,Roll
-0.909,-0.368,0.357,-165.891,286.685,45.859,Roll
-1.018,-0.505,0.345,-73.281,286.685,22.330,Roll
-1.327,-0.588,0.300,80.150,130.410,-51.818,Roll
-1.131,-0.421,0.281,41.632,-262.736,-120.400,Roll
-0.529,0.001,0.030,47.705,-286.685,-139.624,Roll
-0.274,0.188,0.323,128.730,-286.685,-104.186,Roll
0.220,-0.320,0.689,89.381,-286.685,-65.205,Roll
0.895,-0.711,0.923,26.819,-286.685,-47.136,Roll
1.093,-0.671,1.095,69.510,-122.973,-16.503,Roll
0.849,-0.630,0.585,23.100,170.931,32.585,Roll
0.538,-0.514,0.198,-12.259,286.685,55.195,Roll
-0.100,-0.248,0.303,-19.136,286.685,66.308,Roll
-0.556,-0.029,0.859,-39.506,286.685,57.514,Roll
-0.894,-0.244,1.014,-107.231,286.685,50.417,Roll
-1.053,-0.422,0.719,-120.811,286.685,34.046,Roll
-1.181,-0.535,0.357,-55.895,240.984,-39.235,Roll
-1.093,-0.486,-0.041,-23.292,-36.890,-128.634,Roll
-0.963,-0.435,0.059,77.035,-284.253,-135.135,Roll
-0.888,-0.364,0.355,140.236,-286.685,-89.793,Roll
-0.482,-0.197,0.473,175.411,-286.685,-50.426,Roll
0.353,-0.142,0.666,179.288,-286.685,27.808,Roll
0.905,-0.563,1.075,65.564,-286.685,-4.585,Roll
1.062,-0.642,1.279,42.901,-145.171,-5.233,Roll
0.849,-0.686,1.003,13.641,115.859,13.239,Roll
0.705,-0.649,0.153,-31.343,279.562,12.390,Roll
0.124,-0.433,0.225,-85.216,286.685,-5.565,Roll
-0.446,-0.073,0.322,-123.839,286.685,10.167,Roll
-0.850,-0.026,0.759,-134.689,286.685,107.214,Roll
-1.286,-0.440,1.144,-106.908,286.685,101.780,Roll
-1.127,-0.623,0.442,-71.260,171.876,-13.781,Roll
-0.885,-0.381,0.204,70.298,-180.635,-87.946,Roll
-1.104,-0.539,0.094,136.587,-286.685,-135.135,Roll
-0.457,-0.193,0.269,228.349,-286.685,-96.539,Roll
-0.053,-0.131,0.300,234.325,-286.685,-13.335,Roll
0.392,-0.310,0.915,218.251,-286.685,81.839,Roll
0.851,-0.268,1.442,112.105,-279.807,112.595,Roll
0.965,-0.631,1.073,24.736,-156.643,102.007,Roll
1.025,-0.504,1.299,10.071,65.310,6.843,Roll
0.817,-0.295,1.093,-60.909,275.144,-72.319,Roll
0.511,-0.137,0.175,-173.469,286.685,-85.295,Roll
-0.421,-0.164,-0.210,-197.068,286.685,38.754,Roll
-1.219,0.047,0.966,-73.719,286.685,138.215,Roll
-1.331,-0.345,1.176,-39.174,286.685,103.092,Roll
-1.168,-0.490,0.753,4.751,203.639,-46.620,Roll
-1.141,-0.526,0.218,34.519,-146.230,-128.354,Roll
-0.783,-0.363,0.074,116.279,-286.685,-144.270,Roll
-0.140,0.090,0.312,231.053,-286.685,-31.859,Roll
-0.021,-0.016,0.629,246.557,-286.685,85.881,Roll
0.649,-0.298,0.996,123.183,-286.685,179.576,Roll
0.898,-0.683,1.227,69.615,-219.485,89.539,Roll
0.924,-0.581,0.989,25.200,49.682,1.540,Roll
0.756,-0.425,0.833,-39.428,251.536,-52.482,Roll
0.104,-0.378,0.157,-56.254,286.685,-104.081,Roll
-0.499,0.171,0.276,-69.554,286.685,-95.926,Roll
-1.191,0.178,1.172,-124.101,286.685,29.059,Roll
-1.340,-0.353,1.161,-81.891,286.685,93.975,Roll
-1.025,-0.516,0.442,-25.532,198.712,-25.305,Roll
-1.095,-0.435,0.464,74.401,-168.997,-40.556,Roll
-0.850,-0.155,0.418,47.854,-286.685,-62.632,Roll
-0.412,0.001,-0.006,95.270,-286.685,-6.571,Roll
-0.264,-0.013,0.571,122.824,-286.685,94.666,Roll
0.331,-0.488,0.603,9.144,-286.685,115.964,Roll
0.880,-0.536,1.058,19.749,-270.734,47.355,Roll
0.876,-0.685,1.149,50.164,-105.726,27.624,Roll
1.060,-0.402,0.645,-25.323,264.976,-31.824,Roll
0.188,-0.397,0.305,-8.391,286.685,-83.081,Roll
-0.621,0.100,0.445,-36.916,286.685,-69.291,Roll
-1.021,0.190,0.943,-71.173,286.685,-8.286,Roll
-1.266,-0.094,1.079,-145.486,286.685,89.950,Roll
-1.381,-0.433,0.625,-21.630,286.685,39.812,Roll
-1.025,-0.424,0.156,66.465,139.598,12.092,Roll
-0.921,-0.304,0.147,62.799,-140.525,9.345,Roll
-0.910,0.026,0.552,73.719,-286.685,-17.089,Roll
-0.607,0.195,0.438,106.181,-286.685,19.110,Roll
-0.251,0.127,0.592,66.990,-286.685,81.699,Roll
0.080,-0.179,0.947,19.775,-286.685,65.231,Roll
0.914,-0.381,1.038,11.148,-286.641,56.149,Roll
0.947,-0.492,1.300,10.325,-143.553,41.020,Roll
0.745,-0.389,0.851,-28.735,146.615,7.892,Roll
0.500,-0.499,0.252,-56.857,286.685,-37.660,Roll
-0.383,-0.165,0.153,-64.103,286.685,-109.611,Roll
-1.029,0.086,0.484,-101.666,286.685,-108.692,Roll
-1.220,0.110,1.162,-111.554,286.685,18.288,Roll
-1.155,-0.374,1.049,-87.902,286.685,-1.216,Roll
-0.739,-0.462,0.011,-8.733,278.897,-45.894,Roll
-0.619,-0.574,-0.188,56.919,41.256,-16.345,Roll
-0.568,-0.334,-0.119,108.780,-278.320,24.001,Roll
-0.920,-0.039,0.829,119.770,-286.685,60.436,Roll
-1.086,0.188,1.353,125.353,-286.685,57.557,Roll
-0.451,0.419,1.141,88.200,-286.685,40.915,Roll
0.032,0.009,1.013,-0.683,-1.199,0.324,Yaw
0.029,0.008,1.016,1.312,-2.993,0.262,Yaw
0.030,0.009,1.028,1.207,-3.159,0.376,Yaw
0.032,0.011,1.006,1.916,-4.681,0.403,Yaw
0.037,0.014,1.007,-0.192,-3.929,0.359,Yaw
0.012,0.039,0.960,-1.418,-4.034,0.236,Yaw
0.051,0.029,0.990,-5.854,-2.266,0.289,Yaw
0.024,-0.004,1.015,-3.841,1.102,0.271,Yaw
0.137,-0.103,1.021,-0.289,-1.321,5.267,Yaw
0.488,-0.113,1.033,-2.625,-9.065,131.005,Yaw
0.331,-0.126,1.109,-11.839,-11.725,280.604,Yaw
-0.217,0.137,0.963,-32.366,-5.215,286.685,Yaw
-0.652,0.490,0.836,-3.911,-9.826,134.601,Yaw
-0.514,0.450,0.957,9.380,-1.855,-131.652,Yaw
-0.189,0.545,1.104,37.765,-9.712,-286.685,Yaw
0.160,0.229,1.072,42.236,5.390,-286.685,Yaw
0.749,0.010,1.001,86.170,5.136,-286.685,Yaw
1.207,-0.065,1.063,-8.208,-8.216,-74.620,Yaw
0.624,-0.292,1.148,-19.014,-0.709,78.435,Yaw
0.841,0.463,1.068,-30.397,-10.124,284.480,Yaw
-0.120,1.037,1.085,-46.182,-15.190,286.685,Yaw
-1.121,0.056,0.886,-3.850,-17.404,207.104,Yaw
-0.081,-0.061,1.043,6.939,-4.961,10.045,Yaw
-0.620,0.861,0.949,7.184,-6.484,-89.268,Yaw
-0.438,0.519,0.927,40.014,15.068,-286.685,Yaw
1.501,-0.650,0.969,87.316,-1.435,-286.685,Yaw
0.668,-0.584,1.201,1.242,-23.135,-212.625,Yaw
0.614,-0.273,1.134,-24.308,-4.410,154.770,Yaw
0.289,0.767,0.894,-29.986,2.380,286.685,Yaw
-0.418,0.656,0.801,-72.940,-16.581,286.685,Yaw
-0.501,-0.282,1.159,-7.892,6.484,203.411,Yaw
0.038,0.053,1.021,0.446,-7.009,0.157,Yaw
-1.008,1.000,0.939,8.050,2.503,-208.443,Yaw
0.209,0.636,1.057,68.512,29.776,-286.685,Yaw
1.754,-0.774,1.093,97.869,-3.307,-286.685,Yaw
0.620,-0.312,1.076,-9.721,-15.068,-62.729,Yaw
0.194,0.071,1.135,-10.806,5.057,250.670,Yaw
-0.302,0.770,0.683,-58.301,-26.968,286.685,Yaw
0.408,0.021,0.976,10.071,24.920,247.004,Yaw
0.456,-0.203,1.107,-36.584,-9.485,286.685,Yaw
-0.400,0.903,0.984,-30.004,-17.299,286.685,Yaw
-0.306,0.014,1.061,7.429,-12.994,120.234,Yaw
-0.195,0.052,0.979,-0.018,-2.730,-2.380,Yaw
-0.521,0.520,0.967,4.086,14.700,-259.350,Yaw
0.109,0.638,1.084,79.004,26.250,-286.685,Yaw
1.735,-0.467,1.090,146.606,-38.649,-286.685,Yaw
0.427,-0.440,1.057,11.602,-38.754,-255.447,Yaw
0.401,-0.145,1.152,-34.414,-6.265,89.338,Yaw
0.207,0.135,1.017,-84.534,-45.745,277.541,Yaw
0.425,0.599,0.836,-33.451,-18.830,286.685,Yaw
0.465,0.542,0.961,17.351,4.051,286.685,Yaw
-0.432,0.435,1.181,-1.523,-11.288,286.685,Yaw
-0.621,0.249,1.091,-13.807,2.118,286.685,Yaw
-0.013,-0.254,1.116,23.853,-19.101,57.995,Yaw
-0.223,0.206,1.030,-5.320,-4.629,-10.587,Yaw
-0.950,0.892,0.955,-4.620,31.605,-278.495,Yaw
0.640,0.193,0.843,75.696,24.701,-286.685,Yaw
1.854,-0.642,1.156,68.793,-42.245,-286.685,Yaw
0.333,-0.096,1.062,-17.692,-19.241,-102.261,Yaw
0.033,0.089,1.156,-21.665,1.794,234.447,Yaw
0.329,0.734,0.802,-35.525,-4.253,286.685,Yaw
0.456,-0.215,1.205,9.520,13.965,286.685,Yaw
0.044,0.049,0.981,-59.439,-30.730,286.685,Yaw
-0.782,0.517,1.045,-25.585,-4.751,285.740,Yaw
-0.356,0.314,1.163,19.241,-1.680,-52.929,Yaw
-0.326,0.248,1.047,18.462,20.090,-284.349,Yaw
-0.088,0.160,1.037,39.611,14.105,-286.685,Yaw
0.541,-0.077,1.108,95.935,4.104,-286.685,Yaw
0.666,-0.222,1.059,1.908,-26.521,-238.018,Yaw
0.247,0.074,1.047,-4.427,-4.419,-17.876,Yaw
0.432,-0.200,1.088,-18.244,-6.983,85.732,Yaw
0.204,0.270,0.943,-16.599,-4.961,235.664,Yaw
0.357,0.175,1.110,9.914,13.825,286.685,Yaw
-0.048,0.286,0.926,-38.920,-14.578,286.685,Yaw
-0.627,0.430,0.928,-67.646,-20.081,286.685,Yaw
-0.228,0.180,0.958,-6.055,7.114,196.569,Yaw
0.020,0.124,1.028,1.225,-8.470,-1.304,Yaw
-0.878,0.923,0.923,-2.214,17.666,-253.242,Yaw
-0.485,1.192,1.219,51.083,32.401,-286.685,Yaw
1.879,-0.171,0.894,162.181,12.775,-286.685,Yaw
-0.073,-0.635,1.055,-54.031,-33.390,-157.798,Yaw
0.549,-0.379,1.096,-11.970,-1.689,175.306,Yaw
0.224,0.257,1.278,-97.825,-46.524,286.685,Yaw
0.121,0.879,0.827,-16.564,-2.888,286.685,Yaw
0.276,-0.087,1.143,3.727,9.599,286.685,Yaw
-0.381,0.476,0.995,-33.276,-13.956,286.685,Yaw
-0.508,0.581,0.983,-6.318,1.330,211.312,Yaw
-0.081,0.092,1.016,25.034,-27.720,72.301,Yaw
-0.136,0.023,0.914,-8.102,-1.269,-1.942,Yaw
-0.594,0.735,0.956,-10.404,27.991,-278.539,Yaw
-0.067,0.641,1.084,109.261,29.671,-286.685,Yaw
1.518,-0.189,0.936,125.895,-23.817,-286.685,Yaw
0.193,-0.569,1.157,-29.015,-33.451,-206.999,Yaw
0.389,-0.060,1.297,-29.916,-10.159,202.414,Yaw
0.082,0.105,0.931,-142.301,-105.796,286.685,Yaw
0.329,0.762,0.835,10.054,-0.665,286.685,Yaw
0.460,0.028,1.052,47.049,5.093,286.685,Yaw
-0.388,0.668,1.076,2.730,-20.790,286.685,Yaw
-0.905,0.511,1.166,-32.086,13.422,263.970,Yaw
-0.313,0.121,1.192,38.903,-27.204,21.516,Yaw
-0.362,0.221,0.950,-10.054,20.667,-184.109,Yaw
-0.213,0.401,1.017,-1.216,24.640,-286.685,Yaw
0.483,-0.005,1.050,102.095,36.199,-286.685,Yaw
0.812,-0.253,0.951,100.669,-6.773,-286.685,Yaw
0.118,0.223,1.141,-6.160,-13.440,-138.644,Yaw
0.125,0.268,1.237,-66.771,-44.616,77.726,Yaw
0.207,-0.144,0.855,-96.924,-70.359,209.283,Yaw
0.470,0.363,0.847,17.929,3.342,277.279,Yaw
0.437,0.495,1.060,87.990,40.644,286.685,Yaw
-0.191,-0.004,0.986,-14.648,-28.525,286.685,Yaw
-0.843,0.098,1.032,-12.119,6.291,286.685,Yaw
-0.305,0.025,0.734,-5.005,9.800,184.144,Yaw
-0.352,0.175,1.110,-16.126,12.110,-78.330,Yaw
-0.507,0.854,0.843,-20.029,40.005,-286.685,Yaw
0.132,0.729,1.162,59.342,-0.831,-286.685,Yaw
1.096,0.096,1.278,152.941,47.031,-286.685,Yaw
0.736,-0.475,1.178,1.234,-23.809,-238.665,Yaw
0.317,-0.104,1.068,-2.949,-7.936,53.366,Yaw
0.298,-0.040,0.913,-107.677,-61.871,260.190,Yaw
0.448,0.275,1.014,-10.614,-5.355,286.685,Yaw
0.348,0.570,0.964,12.906,-1.487,286.685,Yaw
0.009,0.372,1.063,-38.404,-44.415,286.685,Yaw
-0.751,0.577,0.900,-68.338,23.170,286.685,Yaw
-0.521,0.226,0.947,17.255,-16.144,129.701,Yaw
-0.115,0.194,0.963,7.193,-6.641,-13.711,Yaw
-0.372,0.535,0.971,19.040,0.350,-273.122,Yaw
-0.285,0.672,0.982,32.463,7.971,-286.685,Yaw
0.400,0.325,0.977,132.702,33.915,-286.685,Yaw
1.589,-0.479,1.156,41.965,-33.749,-286.589,Yaw
0.513,-0.293,1.162,-29.706,-6.589,64.111,Yaw
0.546,-0.059,0.995,-132.554,-71.566,285.014,Yaw
0.501,0.922,0.693,-73.649,-49.236,286.685,Yaw
0.171,0.647,0.956,25.856,-19.609,286.685,Yaw
-0.768,0.196,1.324,-8.269,-6.825,286.685,Yaw
-0.991,0.182,0.676,-26.442,8.295,53.970,Yaw
-0.613,0.757,1.063,27.335,-8.654,-102.323,Yaw
-0.177,0.500,1.101,44.179,7.009,-286.685,Yaw
0.658,-0.096,1.065,79.371,43.654,-286.685,Yaw
1.062,-0.404,1.007,68.189,-7.927,-286.685,Yaw
0.214,0.091,1.058,2.485,-12.031,-146.869,Yaw
0.139,0.139,1.125,-28.569,-13.134,63.761,Yaw
0.496,0.160,0.946,-84.464,-48.081,213.264,Yaw
0.663,0.516,0.856,27.528,10.106,286.685,Yaw
0.252,0.085,1.276,35.088,6.965,286.685,Yaw
-0.390,0.449,1.053,-16.826,-22.006,286.685,Yaw
-0.901,0.216,0.584,-34.851,12.512,231.621,Yaw
-0.277,0.477,1.009,9.406,-0.788,-67.629,Yaw
-0.510,0.497,0.951,12.924,14.472,-241.447,Yaw
0.040,0.537,1.111,37.870,12.976,-286.685,Yaw
0.882,0.124,1.079,114.870,13.834,-286.685,Yaw
0.967,-0.577,1.164,17.824,-20.011,-244.755,Yaw
0.342,-0.179,1.122,-9.459,-4.751,34.615,Yaw
0.481,0.176,1.080,-50.059,-10.841,254.572,Yaw
0.491,0.741,0.861,-8.627,4.568,286.685,Yaw
0.049,-0.169,1.026,-62.213,-42.438,286.685,Yaw
-0.558,0.344,1.084,-26.093,-16.161,286.685,Yaw
-0.589,0.462,0.730,-20.239,9.222,173.005,Yaw
-0.406,0.348,1.089,29.549,-10.990,-66.526,Yaw
-0.520,0.671,1.092,25.130,18.594,-286.598,Yaw
0.026,0.552,0.949,49.542,43.400,-286.685,Yaw
1.483,-0.118,0.943,87.631,6.125,-286.685,Yaw
0.242,-0.137,1.089,-5.582,-17.868,-131.128,Yaw
0.282,-0.093,1.129,-10.675,-5.434,105.446,Yaw
-0.084,0.403,1.077,-61.679,-33.792,235.655,Yaw
0.214,0.171,0.936,-19.442,-9.922,258.440,Yaw
0.315,-0.334,1.079,-26.792,-9.748,286.668,Yaw
-0.462,0.608,0.911,-13.160,3.378,286.685,Yaw
-0.566,0.171,0.865,-23.669,28.656,277.655,Yaw
0.136,-0.181,1.069,6.475,-0.928,72.826,Yaw
0.028,-0.002,1.006,-5.093,2.914,124.556,Yaw
0.059,0.318,1.030,6.738,-6.834,53.559,Yaw
-0.326,0.262,0.928,-8.006,11.174,-52.876,Yaw
-0.283,0.363,1.030,20.580,14.954,-285.723,Yaw
0.274,0.063,1.146,28.499,-13.204,-286.685,Yaw
0.716,0.301,0.411,25.856,-23.494,-286.685,Yaw
0.112,-0.196,1.461,98.927,52.404,-226.791,Yaw
-0.002,-0.077,1.109,-7.805,-7.648,10.894,Yaw
0.458,-0.372,1.033,-59.833,-42.577,96.836,Yaw
0.702,-0.111,0.880,-29.969,-16.861,271.233,Yaw
0.570,0.294,0.960,12.460,2.914,286.685,Yaw
0.178,0.621,0.836,-13.125,11.209,286.685,Yaw
-0.664,0.155,1.064,-3.203,-16.030,270.174,Yaw
-0.386,0.115,0.928,-9.153,-7.936,62.230,Yaw
-0.892,0.760,0.868,0.910,3.246,-74.095,Yaw
-0.244,0.599,0.988,47.967,28.595,-286.685,Yaw
0.803,-0.225,1.041,33.731,9.047,-286.685,Yaw
1.422,-0.702,0.989,42.070,-15.908,-285.652,Yaw
0.569,-0.437,1.069,23.310,-12.171,-28.122,Yaw
0.048,0.124,1.290,-29.164,-23.599,262.587,Yaw
0.142,0.486,0.742,-78.173,-51.048,279.142,Yaw
0.680,0.205,0.915,10.036,17.938,286.685,Yaw
0.527,-0.148,1.220,13.142,18.576,286.685,Yaw
-0.273,0.596,1.143,-42.009,-21.079,286.685,Yaw
-0.915,0.507,0.811,-25.524,-12.460,281.960,Yaw
-0.186,0.055,1.054,21.368,-10.999,-1.601,Yaw
-0.378,0.535,0.996,18.419,-1.356,-111.860,Yaw
-0.253,0.945,0.890,38.360,14.682,-286.685,Yaw
0.566,0.245,1.296,84.717,17.001,-286.685,Yaw
1.738,-0.562,0.954,81.716,-23.371,-286.685,Yaw
0.385,-0.565,1.112,17.343,-21.184,-178.255,Yaw
0.118,0.111,1.186,-37.188,-12.390,145.443,Yaw
0.397,0.374,0.900,-126.613,-80.010,285.617,Yaw
0.729,-0.001,0.942,22.759,13.318,286.685,Yaw
0.546,0.087,1.072,19.093,27.991,286.685,Yaw
-0.617,0.476,1.168,-64.610,2.835,286.685,Yaw
-0.800,0.364,0.976,30.222,-39.769,211.426,Yaw
-0.608,0.546,1.064,26.792,-5.705,-76.326,Yaw
-0.273,0.684,0.949,-1.951,28.236,-282.354,Yaw
0.188,0.842,0.948,41.221,32.681,-286.685,Yaw
1.250,-0.307,1.129,70.665,4.935,-286.685,Yaw
0.671,-0.840,1.147,37.669,-16.546,-219.004,Yaw
0.412,-0.536,1.131,1.339,-8.461,95.427,Yaw
0.470,0.116,1.182,-89.232,-63.438,286.440,Yaw
0.384,0.965,1.191,-49.928,3.369,286.685,Yaw
0.296,0.240,0.860,16.774,-33.486,286.685,Yaw
-0.360,0.429,1.291,9.818,-18.454,286.685,Yaw
-0.765,0.448,0.918,-6.186,-15.619,198.301,Yaw
0.023,-0.083,1.011,40.451,-30.634,27.388,Yaw
0.044,-0.249,1.171,67.909,-48.580,36.662,Yaw
0.170,-0.432,1.002,18.804,-11.988,78.820,Yaw
0.284,-0.025,1.194,-23.100,11.734,198.861,Yaw
-0.249,0.404,0.968,-8.199,-12.084,157.894,Yaw
-0.182,-0.069,0.993,-24.456,9.467,-32.489,Yaw
-0.138,-0.079,1.071,-12.320,-0.315,-76.493,Yaw
-0.169,0.247,0.949,-4.568,2.257,-128.599,Yaw
0.008,0.241,1.017,-9.931,14.324,-284.358,Yaw
-0.495,0.900,1.005,57.697,1.523,-286.685,Yaw
-0.591,0.629,1.121,22.059,30.441,-286.685,Yaw
0.832,0.733,0.933,86.223,66.832,-286.685,Yaw
1.880,-0.287,1.065,43.312,-13.711,-286.685,Yaw
0.269,-0.621,1.070,-1.321,-13.265,-80.456,Yaw
0.790,-0.371,1.216,-33.197,-15.094,213.518,Yaw
0.592,0.766,0.973,-32.655,-11.498,286.685,Yaw
0.267,0.728,0.882,-27.667,0.446,286.685,Yaw
-0.458,0.342,0.698,-108.246,23.590,286.685,Yaw
-1.148,0.736,0.818,-14.158,-9.179,184.914,Yaw
-0.591,0.967,0.915,17.395,6.186,-167.729,Yaw
0.308,0.725,1.220,117.416,-31.211,-286.685,Yaw
1.139,-0.639,1.093,83.466,4.620,-286.685,Yaw
1.273,-0.932,0.995,44.590,-27.781,-286.685,Yaw
-0.254,0.082,1.028,-5.294,-11.646,-61.416,Yaw
0.359,-0.207,1.249,-38.728,-23.371,130.148,Yaw
0.842,-0.084,0.911,-75.749,-52.789,286.685,Yaw
0.740,0.542,1.125,-22.505,-1.628,286.685,Yaw
-0.004,0.690,0.915,16.835,-10.658,286.685,Yaw
-0.688,-0.192,0.933,-17.570,-8.111,284.060,Yaw
-0.251,0.150,0.926,5.346,-14.245,164.815,Yaw
-0.126,0.147,0.982,25.567,-19.180,97.624,Yaw
-0.550,0.219,1.134,26.556,-17.272,-30.292,Yaw
-0.275,0.420,0.835,-19.994,31.491,-286.571,Yaw
0.293,0.490,1.060,52.106,8.015,-286.685,Yaw
0.464,0.118,1.035,65.747,21.910,-286.685,Yaw
0.750,-0.052,0.839,74.891,-22.409,-286.685,Yaw
0.397,-0.080,1.142,-31.080,-21.420,-157.238,Yaw
0.615,-0.558,1.043,-149.975,-97.974,113.461,Yaw
0.926,0.141,0.826,-33.644,-47.338,286.685,Yaw
0.783,0.513,0.837,35.595,-13.344,286.685,Yaw
-0.574,0.890,1.489,20.003,6.615,286.685,Yaw
-0.866,0.089,0.793,-43.452,4.410,263.909,Yaw
-0.373,-0.032,0.981,26.565,-25.804,25.480,Yaw
-0.631,0.403,1.014,12.618,-6.195,-46.454,Yaw
-0.552,0.648,0.953,11.305,31.561,-286.685,Yaw
0.531,0.254,1.017,44.327,29.698,-286.685,Yaw
1.185,-0.194,1.313,80.491,37.739,-286.685,Yaw
0.835,-0.491,1.094,38.815,-4.699,-235.497,Yaw
0.356,-0.039,1.264,-24.159,-22.435,130.533,Yaw
0.622,0.434,0.858,-85.811,-74.979,286.676,Yaw
0.715,0.530,0.775,12.119,-2.861,286.685,Yaw
-0.178,0.658,1.228,31.964,17.054,286.685,Yaw
-0.634,-0.030,0.972,-40.722,9.196,286.685,Yaw
-0.211,0.017,1.044,26.478,-22.899,140.096,Yaw
-0.064,-0.025,1.017,17.290,-16.949,70.429,Yaw
-0.285,0.194,1.080,17.080,-14.254,-4.366,Yaw
-0.672,0.458,0.811,-34.265,40.075,-284.139,Yaw
0.480,0.395,0.817,22.286,56.096,-286.685,Yaw
0.598,0.293,1.492,74.287,6.501,-286.685,Yaw
0.710,-0.230,1.087,37.870,-10.981,-286.685,Yaw
0.306,-0.138,0.972,26.145,-15.120,-136.141,Yaw
0.672,-0.168,1.039,-35.989,-35.193,129.850,Yaw
0.870,-0.186,0.960,-2.747,-14.446,286.685,Yaw
0.626,0.814,1.010,-13.869,5.617,286.685,Yaw
-0.544,0.593,0.928,-48.221,-11.725,286.685,Yaw
-0.955,0.070,0.943,4.541,-11.489,135.406,Yaw
-0.153,0.107,1.069,19.128,-9.765,-55.615,Yaw
-0.663,0.648,0.950,18.821,3.973,-247.170,Yaw
-0.002,0.643,1.000,52.447,9.564,-286.685,Yaw
0.808,0.024,1.134,75.644,17.789,-286.685,Yaw
1.184,-0.267,0.910,71.715,-7.035,-286.151,Yaw
0.372,-0.109,1.075,-15.365,-13.326,-81.874,Yaw
0.608,-0.165,1.261,-71.321,-47.679,255.684,Yaw
0.493,0.853,0.732,-19.031,-44.634,286.685,Yaw
0.348,0.696,0.818,18.743,17.570,286.685,Yaw
-0.675,0.210,1.159,-35.814,15.225,286.685,Yaw
-0.750,0.165,0.737,-14.420,0.831,160.921,Yaw
-0.059,0.101,0.996,19.101,-14.123,-9.109,Yaw
-0.500,0.341,1.060,15.033,5.040,-216.746,Yaw
-0.264,0.564,0.937,22.855,13.930,-286.685,Yaw
0.349,0.301,1.042,57.059,16.660,-286.685,Yaw
1.089,-0.313,0.999,77.989,-4.253,-286.685,Yaw
0.767,-0.535,1.108,-0.018,-12.889,-112.945,Yaw
0.502,-0.258,1.194,-37.030,-17.561,99.916,Yaw
0.551,0.203,0.981,-118.309,-75.714,286.685,Yaw
0.734,0.625,0.851,9.161,-4.270,286.685,Yaw
-0.025,0.874,1.178,3.631,-0.543,286.685,Yaw
-0.722,0.127,0.868,-70.569,18.620,286.685,Yaw
-0.075,0.083,1.073,36.662,-22.916,14.779,Yaw
-0.074,0.092,1.040,14.455,-4.707,-41.869,Yaw
-0.424,0.316,0.952,10.194,11.296,-275.231,Yaw
-0.189,0.685,0.964,33.320,14.000,-286.685,Yaw
0.468,0.206,0.998,63.385,18.778,-286.685,Yaw
0.985,0.017,0.973,103.670,-4.445,-286.685,Yaw
0.797,-0.401,1.069,-0.507,-10.517,-62.519,Yaw
0.633,-0.219,1.210,-36.417,-7.096,118.256,Yaw
0.745,0.009,0.900,-90.860,-58.555,286.685,Yaw
0.413,0.655,0.798,-7.070,-14.551,286.685,Yaw
-0.056,0.666,0.982,10.561,9.398,286.685,Yaw
-0.511,0.064,0.998,-53.673,16.144,286.685,Yaw
-0.467,0.407,0.950,11.690,-10.736,151.900,Yaw
-0.232,0.146,0.972,22.295,-2.231,-9.529,Yaw
-0.436,0.335,1.035,16.712,13.624,-269.710,Yaw
-0.055,0.434,0.998,14.201,28.079,-286.685,Yaw
0.496,0.124,1.200,45.307,-0.350,-286.685,Yaw
0.483,0.074,1.028,71.304,-2.739,-286.685,Yaw
0.821,-0.278,0.927,-2.266,-22.540,-219.844,Yaw
0.488,-0.393,1.108,-13.335,-10.430,90.396,Yaw
0.305,0.053,1.043,-87.054,-42.700,286.615,Yaw
0.476,0.541,0.864,-10.273,8.995,286.685,Yaw
0.304,0.609,1.366,-13.090,8.129,286.685,Yaw
-0.243,0.010,0.919,-44.940,-6.615,286.685,Yaw
-0.500,0.241,0.884,-6.869,-20.808,286.676,Yaw
-0.157,0.067,0.987,49.525,-35.438,210.079,Yaw
-0.024,0.203,1.014,16.791,-8.951,50.382,Yaw
-0.573,0.693,1.262,-10.754,8.015,-155.916,Yaw
0.061,0.671,0.676,-2.783,44.284,-286.685,Yaw
0.236,0.242,1.155,54.381,-5.285,-286.685,Yaw
0.751,-0.032,1.091,70.131,1.654,-286.685,Yaw
0.793,-0.523,1.060,18.882,-18.130,-275.258,Yaw
0.023,0.122,1.048,-15.155,-11.427,-6.921,Yaw
0.369,-0.207,1.078,-65.170,-43.838,17.474,Yaw
0.805,-0.306,0.962,-36.846,-22.706,198.783,Yaw
0.674,-0.218,0.935,-12.399,-16.476,286.116,Yaw
0.194,0.722,0.807,12.040,-16.380,286.685,Yaw
-0.848,0.528,1.381,-1.523,-1.129,286.685,Yaw
-0.614,0.052,1.043,-4.051,-9.459,187.827,Yaw
-0.050,0.266,1.011,6.764,-9.756,9.494,Yaw
-0.637,0.818,0.961,27.212,-1.400,-216.633,Yaw
-0.207,0.662,1.082,56.919,20.361,-286.685,Yaw
0.476,-0.065,1.070,65.590,24.483,-286.685,Yaw
1.446,-0.442,1.200,59.255,-14.639,-286.685,Yaw
0.429,-0.584,1.073,23.083,-25.112,-180.460,Yaw
0.411,-0.067,1.341,-60.349,-19.845,189.665,Yaw
0.418,0.639,0.795,-71.216,-56.070,286.685,Yaw
0.626,0.986,0.841,14.761,-27.160,286.685,Yaw
0.372,0.178,1.010,21.166,1.339,286.685,Yaw
-0.693,0.400,1.050,-121.214,3.990,286.685,Yaw
-1.011,0.791,1.035,45.640,-45.754,152.014,Yaw
-0.300,0.194,1.089,34.685,-13.755,-22.129,Yaw
-0.757,0.983,0.940,47.696,-9.835,-278.828,Yaw
0.358,0.358,1.086,18.156,34.055,-286.685,Yaw
0.666,-0.007,0.943,45.089,16.573,-286.685,Yaw
0.967,-0.332,1.091,55.484,1.890,-286.685,Yaw
0.682,-0.370,1.047,22.916,-17.237,-217.744,Yaw
0.522,-0.261,1.322,-40.827,-16.362,217.333,Yaw
0.640,0.719,0.723,-100.406,-95.629,286.685,Yaw
0.636,0.827,0.964,33.346,-14.954,286.685,Yaw
-0.600,0.239,1.474,-4.918,-11.314,286.685,Yaw
-1.001,0.368,0.393,-72.424,15.461,286.685,Yaw
-0.576,0.099,1.113,38.841,-27.869,35.228,Yaw
-0.162,-0.080,0.995,31.710,-19.224,24.815,Yaw
-0.229,0.250,1.135,24.544,-11.637,-85.225,Yaw
-0.016,0.733,0.936,-47.276,45.360,-286.685,Yaw
0.383,0.357,1.070,49.744,-1.732,-286.685,Yaw
0.338,0.155,1.080,49.665,14.376,-286.685,Yaw
0.385,0.263,1.047,104.956,-6.519,-286.685,Yaw
0.893,-0.381,1.107,26.862,-26.801,-284.979,Yaw
0.341,-0.207,1.273,-84.175,-47.801,29.111,Yaw
0.356,-0.104,1.106,-72.205,-50.934,112.647,Yaw
0.398,0.155,0.895,-79.065,-65.249,274.610,Yaw
0.756,0.206,0.846,18.655,-14.945,286.685,Yaw
0.204,0.617,1.098,70.035,-11.611,286.685,Yaw
-0.125,0.296,1.065,21.586,-15.741,286.685,Yaw
-1.105,0.138,0.777,-13.335,14.665,286.685,Yaw
-0.239,0.286,1.062,7.621,-3.745,-6.939,Yaw
-0.059,0.240,0.977,3.281,7.892,-166.416,Yaw
-0.103,0.233,0.904,15.715,7.543,-274.557,Yaw
0.011,0.280,0.981,-3.027,21.779,-286.685,Yaw
0.507,0.142,0.994,42.105,32.891,-286.685,Yaw
0.425,0.087,1.064,51.319,7.796,-286.685,Yaw
0.745,-0.166,0.997,14.936,-12.670,-266.306,Yaw
0.588,-0.381,1.102,-22.225,-12.512,56.569,Yaw
0.314,0.301,0.893,-98.805,-55.580,284.235,Yaw
0.128,0.270,1.047,27.204,8.216,286.685,Yaw
-0.024,0.075,1.058,-37.432,-28.639,286.685,Yaw
-0.397,0.222,0.645,-64.067,37.118,286.685,Yaw
-0.065,0.341,0.985,32.270,-19.819,132.799,Yaw
-0.675,0.528,1.055,-1.671,7.210,-93.056,Yaw
-0.377,0.776,0.907,-6.851,25.174,-285.233,Yaw
0.424,0.188,0.948,12.915,34.676,-286.685,Yaw
0.636,-0.139,1.112,33.705,14.052,-286.685,Yaw
0.588,-0.192,1.042,44.529,-3.176,-286.685,Yaw
0.380,-0.212,1.076,13.580,-9.012,-127.286,Yaw
0.040,0.100,1.046,-70.210,-51.537,47.670,Yaw
-0.006,0.158,1.011,-74.935,-61.451,8.041,Yaw
-0.123,-0.146,0.921,-7.166,-20.913,-5.224,Yaw
0.130,-0.013,0.917,2.476,-6.151,12.880,Yaw
0.642,-0.113,0.991,21.516,7.341,160.361,Yaw
0.941,-0.158,0.841,17.640,3.316,286.685,Yaw
-0.041,0.553,1.331,-2.721,9.170,286.685,Yaw
-0.011,0.058,0.850,-43.619,3.106,286.685,Yaw
-0.191,-0.146,0.904,-19.871,-5.653,286.685,Yaw
-0.023,0.022,1.038,-12.416,-10.089,286.685,Yaw
-0.041,0.058,1.004,-6.300,-19.722,286.685,Yaw
-0.111,0.203,1.003,-6.860,-16.511,285.390,Yaw
0.396,0.131,1.016,13.956,-12.023,246.190,Yaw
0.251,-0.085,1.066,13.265,-14.131,190.741,Yaw
0.075,0.002,0.948,54.792,-46.051,237.072,Yaw
-0.269,0.125,1.104,57.890,-38.237,215.600,Yaw
-0.411,0.034,1.021,-34.554,24.097,16.739,Yaw
-1.296,0.225,1.372,-62.834,43.636,-225.102,Yaw
-0.137,0.493,0.942,-48.388,64.969,-286.685,Yaw
0.005,0.960,0.681,5.836,64.339,-286.685,Yaw
-0.002,0.776,0.991,132.974,30.538,-286.685,Yaw
0.852,0.618,1.246,47.075,16.704,-286.685,Yaw
1.997,-0.714,1.113,5.093,-3.378,-189.245,Yaw
1.552,-0.230,1.038,-20.545,-6.142,234.342,Yaw
0.797,0.396,1.067,-19.407,-16.468,286.685,Yaw
-0.099,0.806,0.930,-70.394,-12.163,286.685,Yaw
-0.296,0.257,0.844,-7.193,-59.561,286.685,Yaw
-1.089,0.279,1.095,14.044,-31.763,274.348,Yaw
-1.012,-0.214,1.043,-29.811,14.227,-75.819,Yaw
-0.461,1.720,0.596,-6.886,37.179,-286.685,Yaw
1.539,0.769,1.536,146.562,-50.540,-286.685,Yaw
1.233,-0.812,1.072,59.553,14.823,-286.685,Yaw
-0.034,-0.132,0.999,-31.517,-3.815,0.236,Yaw
0.392,-0.036,1.080,-17.833,18.769,86.503,Yaw
1.018,-0.509,1.247,-29.041,4.419,285.364,Yaw
0.964,-0.412,1.098,-72.363,1.601,286.685,Yaw
0.414,0.842,0.980,-76.011,-33.862,286.685,Yaw
-0.491,0.227,1.100,-19.827,-59.605,286.685,Yaw
-0.856,0.336,0.859,17.631,-36.409,286.431,Yaw
-0.449,0.378,1.109,29.435,-19.644,108.684,Yaw
-1.558,0.332,1.237,-56.245,31.911,-242.200,Yaw
-0.034,1.656,0.644,24.097,64.724,-286.685,Yaw
1.759,0.615,1.244,127.908,-5.941,-286.685,Yaw
1.423,-1.082,1.192,20.624,23.310,-285.941,Yaw
0.135,-0.099,0.940,-5.355,-0.849,-76.116,Yaw
0.283,-0.080,1.075,-10.946,6.519,-11.988,Yaw
1.465,-0.390,1.230,-23.196,2.966,236.898,Yaw
1.224,-0.404,1.109,-74.051,-1.444,286.685,Yaw
0.233,0.955,0.659,-26.889,-67.786,286.685,Yaw
-0.946,0.496,0.993,85.426,-97.869,286.685,Yaw
-1.067,0.242,1.143,18.664,4.716,245.744,Yaw
-0.152,0.190,1.097,21.604,-6.694,64.549,Yaw
-0.970,0.536,1.144,-65.616,33.285,-234.867,Yaw
0.117,1.477,0.754,-33.031,62.335,-286.685,Yaw
0.758,1.755,0.911,63.989,12.924,-286.685,Yaw
0.996,0.656,1.082,73.229,35.779,-286.685,Yaw
1.426,-0.558,1.160,52.771,2.266,-286.685,Yaw
0.668,-0.657,1.241,-23.485,-8.295,-47.215,Yaw
0.573,-0.222,1.510,-68.670,-42.175,205.660,Yaw
0.796,0.612,1.013,-116.655,-100.984,286.685,Yaw
0.442,-0.060,1.339,-152.346,-33.443,286.685,Yaw
0.452,-0.073,0.440,-172.620,-111.143,286.685,Yaw
0.255,1.272,0.626,72.537,-130.760,286.685,Yaw
-0.211,1.237,0.538,182.070,-46.279,286.685,Yaw
-1.260,0.217,1.680,162.208,-106.925,283.964,Yaw
-0.090,-0.177,1.009,-28.709,13.816,9.100,Yaw
-1.741,0.544,1.213,-31.833,6.239,-151.760,Yaw
-0.876,1.547,0.716,-7.070,76.134,-286.685,Yaw
0.760,1.998,0.966,95.524,55.536,-286.685,Yaw
1.287,0.410,1.528,148.995,14.140,-286.685,Yaw
1.658,-0.748,1.120,63.499,-17.657,-286.685,Yaw
1.505,-0.721,1.218,-15.960,-20.571,-170.940,Yaw
0.232,0.130,1.115,-37.056,-21.884,-111.834,Yaw
1.043,0.225,0.961,-234.413,-144.970,200.086,Yaw
1.334,0.864,0.417,-55.781,-55.965,286.685,Yaw
0.066,0.667,0.856,83.921,-69.510,286.685,Yaw
-1.608,0.221,0.980,22.951,3.098,286.685,Yaw
-0.833,-0.209,1.032,27.519,-18.305,229.705,Yaw
0.005,-0.238,1.078,23.782,-21.753,163.188,Yaw
-0.963,0.184,1.116,-13.974,4.060,13.038,Yaw
-0.753,1.003,0.712,-13.387,31.167,-278.250,Yaw
0.915,1.392,1.235,72.310,25.077,-286.685,Yaw
0.757,-0.023,1.107,49.989,27.965,-286.685,Yaw
0.507,0.066,1.026,70.927,-6.528,-286.685,Yaw
1.303,-0.368,1.028,34.834,-19.198,-286.221,Yaw
1.148,-0.539,1.342,-52.185,-19.626,94.491,Yaw
1.692,0.980,0.779,-127.234,-111.125,286.685,Yaw
0.134,1.777,0.990,-85.759,-46.007,286.685,Yaw
-0.767,0.618,0.947,-27.843,-72.082,286.685,Yaw
-0.869,-0.251,0.676,26.163,-45.255,286.685,Yaw
-1.117,0.568,1.670,93.993,-16.433,162.610,Yaw
-0.660,-0.216,1.431,-5.416,-2.826,-94.570,Yaw
-1.563,0.918,0.901,-25.690,9.284,-282.293,Yaw
0.724,1.681,0.631,92.811,-5.189,-286.685,Yaw
1.504,-0.202,1.074,55.947,51.555,-286.685,Yaw
0.659,-0.380,1.075,74.139,-1.155,-286.081,Yaw
0.395,0.067,0.967,33.224,-6.685,-249.077,Yaw
0.211,-0.082,0.992,-59.290,-2.494,-25.524,Yaw
0.846,-0.409,1.397,-102.130,-54.574,201.941,Yaw
1.230,0.407,1.136,-71.706,-32.375,286.685,Yaw
0.500,0.886,0.513,-47.154,-36.426,286.685,Yaw
-0.459,0.733,0.880,95.637,-41.895,286.685,Yaw
-1.321,-0.346,1.350,79.170,-21.219,284.375,Yaw
-0.728,-0.283,1.077,-6.528,-0.551,42.140,Yaw
-0.340,-0.074,1.079,-9.940,-2.205,-47.005,Yaw
-0.706,0.014,1.087,-40.845,3.474,-179.900,Yaw
-0.738,0.897,0.769,-21.166,25.532,-286.685,Yaw
-0.086,1.385,1.316,42.779,30.905,-286.685,Yaw
1.166,0.602,1.035,69.011,84.254,-286.685,Yaw
0.885,0.434,1.094,28.840,4.970,-286.685,Yaw
0.582,-0.032,1.054,-54.801,-46.611,-257.897,Yaw
0.688,-0.598,0.902,-115.229,-67.550,39.629,Yaw
0.953,0.375,0.990,25.804,-36.295,269.876,Yaw
0.308,0.454,1.153,45.115,-35.963,286.685,Yaw
-0.143,0.653,0.877,48.370,-32.690,286.685,Yaw
-0.762,0.325,0.872,23.573,-4.253,286.685,Yaw
-0.780,-0.338,1.102,34.877,-7.105,286.685,Yaw
0.252,-0.279,1.012,-8.076,12.355,270.069,Yaw
-0.231,0.175,0.978,5.338,-2.170,285.504,Yaw
-0.208,0.195,1.031,-3.824,-5.469,58.940,Yaw
-1.223,0.197,1.077,-79.293,46.226,-256.279,Yaw
-0.478,0.872,0.835,-5.276,45.631,-286.685,Yaw
0.444,1.303,1.111,114.126,24.763,-286.685,Yaw
0.861,0.683,1.025,38.728,11.856,-286.685,Yaw
1.019,0.704,0.963,41.930,-0.438,-286.685,Yaw
0.555,-0.175,1.145,30.695,-12.329,-278.206,Yaw
0.614,-0.178,1.232,-20.869,-23.695,-50.382,Yaw
0.853,-0.193,1.081,51.940,12.740,274.418,Yaw
0.625,0.065,1.051,12.591,1.610,286.685,Yaw
-0.457,-0.166,1.051,-97.020,-60.594,286.685,Yaw
-0.333,0.199,0.540,-66.973,20.597,286.685,Yaw
-0.268,0.512,1.149,52.456,-10.474,84.534,Yaw
0.060,0.001,1.292,37.021,-17.430,10.596,Yaw
-0.069,0.069,0.973,12.828,-14.639,18.576,Yaw
-0.008,0.181,0.972,3.920,0.543,58.083,Yaw
0.194,0.003,0.990,-7.455,14.079,72.747,Yaw
0.175,-0.032,1.009,20.108,-6.659,49.464,Yaw
-0.012,0.023,1.057,0.989,-3.876,29.689,Yaw
0.033,-0.004,1.046,-6.711,-2.870,11.296,Yaw
0.018,-0.153,0.959,-6.746,2.957,13.055,Yaw
0.119,-0.111,0.913,-44.572,25.603,1.619,Yaw
0.082,-0.015,1.061,-4.996,11.585,-37.555,Yaw
0.080,-0.274,1.121,-9.573,3.412,27.519,Yaw
0.826,-0.067,1.033,-24.080,-0.998,285.731,Yaw
0.168,0.071,0.922,-15.015,-15.986,286.685,Yaw
-0.320,0.217,1.017,-13.921,-18.218,281.330,Yaw
-0.122,-0.045,0.960,-21.079,2.214,9.047,Yaw
-1.038,0.149,0.946,-16.004,21.122,-268.992,Yaw
-0.393,0.975,0.931,26.679,31.990,-286.685,Yaw
0.322,0.969,0.977,128.196,5.285,-286.685,Yaw
0.900,0.045,1.056,45.859,14.359,-286.685,Yaw
0.885,-0.378,0.988,32.244,-3.526,-281.531,Yaw
0.452,-0.062,1.081,-3.168,-8.514,-66.176,Yaw
0.933,0.247,1.358,-71.680,-40.950,181.134,Yaw
0.865,0.623,1.119,-36.015,-34.116,286.685,Yaw
0.013,0.856,0.990,-48.002,-35.954,286.685,Yaw
-0.955,0.143,1.008,-89.355,-32.357,286.685,Yaw
-0.979,-0.143,0.643,-7.516,-21.779,195.729,Yaw
-0.271,0.215,1.424,89.005,7.315,-34.151,Yaw
-0.371,0.320,1.026,5.688,14.604,-172.375,Yaw
-0.460,0.468,0.871,32.498,20.309,-286.685,Yaw
0.218,0.273,1.093,96.985,-13.825,-286.685,Yaw
0.845,-0.336,1.154,70.639,20.090,-286.685,Yaw
0.894,-0.336,1.031,40.714,-8.041,-220.027,Yaw
0.191,-0.023,0.998,18.200,-7.385,-92.698,Yaw
0.701,0.372,1.086,-89.994,-11.664,231.026,Yaw
0.901,0.751,1.055,-58.266,-5.154,286.685,Yaw
0.048,0.255,1.091,-66.430,-30.896,286.685,Yaw
-0.665,0.117,0.900,-75.880,-40.792,286.685,Yaw
-0.525,0.108,0.696,-2.432,-20.125,262.719,Yaw
-0.020,0.054,1.084,61.653,-17.413,25.288,Yaw
-0.471,0.184,1.170,23.214,-9.844,-135.529,Yaw
-0.521,0.553,0.976,4.550,11.778,-286.283,Yaw
0.037,0.448,0.848,74.769,5.591,-286.685,Yaw
0.898,-0.053,1.199,82.355,19.688,-286.685,Yaw
0.648,-0.146,1.054,41.037,-11.331,-283.430,Yaw
0.032,-0.033,1.021,12.740,-9.791,-108.614,Yaw
0.440,-0.135,1.064,-24.561,-8.006,111.702,Yaw
0.592,0.381,0.984,-86.564,-21.612,286.685,Yaw
0.120,0.821,1.214,-16.249,-4.191,286.685,Yaw
-0.215,0.208,1.017,-65.196,-1.059,286.685,Yaw
-0.771,-0.078,0.868,-18.314,-19.565,274.986,Yaw
-0.169,0.008,1.018,-2.161,-3.649,57.409,Yaw
-0.564,0.378,1.025,4.515,8.453,-103.408,Yaw
-0.752,0.467,0.876,14.254,34.064,-282.196,Yaw
-0.046,0.347,0.901,104.982,18.847,-286.685,Yaw
1.392,-0.190,1.143,44.109,21.499,-286.685,Yaw
0.168,0.080,1.057,13.921,-6.939,-142.065,Yaw
-0.031,0.219,0.979,12.591,-5.329,-102.104,Yaw
0.180,-0.022,1.028,-18.917,-15.339,-22.067,Yaw
0.498,0.047,0.797,-51.599,-18.130,28.840,Yaw
0.503,-0.076,1.019,4.218,-10.841,171.535,Yaw
0.329,0.079,0.969,-0.989,-7.613,285.513,Yaw
-0.036,0.358,1.143,-12.469,2.021,286.685,Yaw
-0.201,-0.069,0.919,-46.751,-2.756,286.685,Yaw
-0.515,0.026,1.003,-8.199,-16.958,284.462,Yaw
-0.498,0.282,0.925,-3.509,-5.101,130.270,Yaw
-0.440,0.407,0.906,3.938,20.816,-223.851,Yaw
-0.077,0.572,1.128,36.382,18.506,-286.685,Yaw
0.615,-0.199,1.126,60.235,-6.011,-286.685,Yaw
0.836,-0.104,1.097,35.341,-6.869,-286.685,Yaw
0.055,0.029,1.040,-13.711,-32.357,-207.209,Yaw
0.063,0.007,1.052,-13.781,-7.779,-64.111,Yaw
0.208,0.105,0.998,-11.095,-9.284,3.290,Yaw
0.381,-0.178,0.990,-20.615,1.689,67.287,Yaw
0.558,-0.068,1.000,8.995,-7.061,213.281,Yaw
0.198,0.265,1.062,-1.400,-1.067,286.685,Yaw
-0.563,-0.286,1.065,-42.096,1.531,286.685,Yaw
-0.694,-0.307,0.914,-38.150,-10.868,285.609,Yaw
-0.308,0.298,0.977,-11.664,2.721,109.051,Yaw
-0.265,0.381,0.958,18.620,16.476,-174.003,Yaw
-0.316,0.483,0.996,52.745,7.411,-286.685,Yaw
-0.021,0.195,1.141,67.541,-16.406,-286.685,Yaw
0.610,-0.041,1.126,90.073,-10.316,-286.685,Yaw
0.599,0.139,0.983,-1.155,-28.604,-238.814,Yaw
0.189,0.133,1.053,-17.220,-8.033,22.024,Yaw
0.549,0.232,1.125,-12.898,-5.836,208.670,Yaw
0.595,-0.007,0.996,-64.041,-34.737,286.685,Yaw
-0.017,0.360,0.912,-43.050,3.780,286.685,Yaw
-0.531,0.133,0.742,-29.951,1.671,286.685,Yaw
-0.835,-0.200,1.090,13.493,-12.591,244.038,Yaw
-0.058,-0.067,1.078,4.060,-8.689,43.094,Yaw
-0.630,0.191,0.963,-3.920,7.718,-87.255,Yaw
-0.442,0.584,0.925,52.666,23.573,-286.685,Yaw
-0.019,0.375,1.017,60.217,3.447,-286.685,Yaw
0.853,-0.160,1.235,79.546,2.914,-286.685,Yaw
0.428,0.165,1.037,72.861,-29.549,-286.685,Yaw
-0.046,0.348,0.913,-17.605,-14.324,-98.910,Yaw
0.208,0.155,1.035,-62.072,-4.008,95.594,Yaw
0.659,0.354,1.161,-24.736,-0.752,279.020,Yaw
0.700,0.477,1.007,-50.374,-25.559,286.685,Yaw
-0.629,0.406,1.282,-61.906,-1.496,286.685,Yaw
-1.260,-0.105,0.485,-63.735,-16.608,286.685,Yaw
-0.478,0.066,0.995,24.308,-1.129,90.274,Yaw
-0.283,0.151,1.086,8.146,12.810,-48.099,Yaw
-0.570,0.568,0.932,24.587,32.524,-285.854,Yaw
-0.074,0.301,1.074,43.724,32.384,-286.685,Yaw
0.556,0.198,1.078,72.310,2.284,-286.685,Yaw
0.878,0.186,1.031,34.318,-16.021,-286.685,Yaw
0.285,0.078,0.995,-14.770,-11.935,-76.256,Yaw
0.441,-0.005,1.110,-12.311,-15.619,92.592,Yaw
0.683,0.446,1.042,-44.362,-29.689,286.440,Yaw
0.287,0.741,0.942,8.531,-24.351,286.685,Yaw
-0.688,0.125,1.302,-49.298,0.998,286.685,Yaw
-0.847,-0.420,0.734,-56.149,-9.363,286.685,Yaw
-0.719,-0.232,0.888,-0.271,-10.535,137.340,Yaw
-0.409,-0.121,1.025,-3.115,12.311,60.664,Yaw
-0.490,0.325,1.086,-3.168,21.359,-168.613,Yaw
-0.223,0.692,1.152,-20.151,32.296,-286.685,Yaw
0.265,0.585,0.976,9.739,33.688,-286.685,Yaw
0.704,0.313,0.852,57.908,15.566,-286.685,Yaw
0.076,0.589,1.129,108.229,5.898,-286.685,Yaw
0.590,0.041,0.964,67.034,-9.231,-286.685,Yaw
0.434,-0.026,0.991,51.546,-13.449,-212.747,Yaw
0.161,-0.188,1.068,-18.401,-11.690,-59.972,Yaw
0.333,0.073,1.022,-1.085,-3.553,102.287,Yaw
0.585,0.129,1.053,8.610,9.704,281.549,Yaw
0.371,0.184,1.096,-54.425,-11.200,286.685,Yaw
-0.460,0.477,1.250,-72.371,-10.141,286.685,Yaw
-0.858,-0.094,0.851,-7.341,-23.179,286.685,Yaw
-0.461,0.249,0.979,-3.080,-1.636,211.934,Yaw
-0.420,0.251,1.014,-8.015,26.810,-52.990,Yaw
0.045,0.341,0.974,19.058,31.692,-284.830,Yaw
0.348,0.062,0.986,26.897,13.396,-286.685,Yaw
0.218,-0.152,1.057,37.083,-3.098,-286.685,Yaw
0.128,-0.033,1.015,29.225,-10.141,-286.685,Yaw
0.348,0.075,1.058,15.409,-12.819,-188.878,Yaw
0.091,0.137,1.024,3.649,-7.639,-14.403,Yaw
-0.164,0.113,0.996,3.071,-4.681,-11.427,Yaw
0.129,-0.102,0.843,-30.966,2.905,-34.160,Yaw
0.053,0.025,1.034,13.615,-5.591,5.626,Yaw
0.022,0.006,1.008,-6.081,-1.216,10.307,Yaw
0.020,0.006,1.018,0.131,-2.354,9.835,Yaw
0.060,-0.054,1.017,-1.496,-3.325,20.781,Yaw
0.174,-0.095,1.026,-4.707,-2.905,46.629,Yaw
0.527,0.036,1.066,-9.319,-0.149,196.473,Yaw
0.735,0.056,1.037,-22.663,2.861,286.685,Yaw
0.248,0.343,1.011,-36.479,-6.230,286.685,Yaw
-0.825,0.280,0.991,-17.587,-24.001,286.685,Yaw
-0.195,0.283,0.958,-3.938,-9.100,67.821,Yaw
-0.199,0.036,1.160,-4.839,-3.290,-24.815,Yaw
-0.348,0.610,0.969,-6.318,9.432,-274.663,Yaw
-0.164,0.667,0.960,33.574,21.577,-286.685,Yaw
0.248,0.355,0.983,78.321,-2.293,-286.685,Yaw
0.638,0.152,1.261,53.673,2.783,-286.685,Yaw
0.741,-0.282,1.047,31.824,27.134,-286.685,Yaw
0.301,-0.296,0.716,19.889,-4.926,-71.382,Yaw
0.180,-0.115,1.359,-67.043,-67.786,156.765,Yaw
0.496,-0.057,1.069,-23.564,-8.724,160.755,Yaw
0.574,0.403,1.028,-35.612,-30.896,286.685,Yaw
-0.137,0.647,1.052,-21.254,-9.511,286.685,Yaw
-0.489,0.202,0.708,8.216,-7.096,286.685,Yaw
-0.583,-0.078,1.143,39.944,-12.740,284.777,Yaw
-0.231,-0.341,1.082,3.868,-3.465,159.749,Yaw
-0.426,0.034,1.009,-28.096,21.315,75.198,Yaw
-0.286,0.307,0.898,-5.521,27.475,-221.594,Yaw
-0.055,0.334,0.970,25.847,20.326,-286.685,Yaw
0.012,0.213,1.063,56.647,4.384,-286.685,Yaw
0.400,0.168,1.028,65.450,-23.817,-286.685,Yaw
0.801,0.175,0.841,39.401,-24.903,-286.064,Yaw
0.106,-0.039,0.996,-20.458,-28.901,71.207,Yaw
0.310,0.099,1.072,-42.796,-0.131,215.548,Yaw
0.719,0.442,0.933,7.849,-0.350,286.685,Yaw
0.088,0.441,1.193,-23.616,-15.706,286.685,Yaw
-0.291,0.416,0.978,-18.839,-35.805,286.685,Yaw
-1.063,-0.137,0.781,2.800,-20.116,286.562,Yaw
-0.510,-0.122,1.116,7.088,-1.374,58.599,Yaw
-0.587,0.211,1.114,-60.366,51.083,-111.694,Yaw
-0.475,0.810,0.859,-40.609,59.071,-286.685,Yaw
0.363,0.611,1.134,27.632,53.147,-286.685,Yaw
0.412,0.039,0.838,85.452,37.730,-286.685,Yaw
0.699,-0.072,0.835,118.790,-51.004,-286.685,Yaw
1.089,-0.229,1.261,104.606,-48.781,-65.616,Yaw
0.204,0.057,1.130,-55.081,-13.781,153.510,Yaw
-0.009,0.270,0.976,-14.429,-12.985,245.682,Yaw
0.562,0.396,1.015,-8.453,7.963,286.685,Yaw
0.627,0.457,1.118,-8.111,1.872,286.685,Yaw
-0.177,0.342,1.101,-39.086,-12.224,286.685,Yaw
-0.942,-0.042,0.845,7.035,-34.842,284.900,Yaw
-0.330,-0.221,1.055,17.395,-10.762,52.535,Yaw
-0.321,-0.222,1.106,-14.236,27.528,-18.506,Yaw
-0.565,0.229,0.913,-35.639,29.951,-138.583,Yaw
-0.175,0.793,1.010,-23.354,40.443,-286.685,Yaw
0.278,0.231,0.773,74.743,30.529,-286.685,Yaw
0.644,0.130,1.243,117.434,-55.318,-286.685,Yaw
0.995,-0.247,1.173,39.664,-42.604,-273.184,Yaw
0.012,0.069,1.076,-28.866,-7.227,79.450,Yaw
0.261,0.121,1.033,12.023,-14.936,169.803,Yaw
0.430,0.139,0.989,6.702,3.404,286.685,Yaw
0.458,0.109,1.072,-16.354,1.409,286.685,Yaw
-0.270,0.231,1.108,-59.946,-6.300,286.685,Yaw
-0.721,-0.038,0.925,-23.686,-15.225,286.685,Yaw
-0.441,-0.340,0.983,-16.538,-4.804,206.693,Yaw
-0.135,-0.230,1.098,-24.097,-7.166,186.734,Yaw
-0.174,0.760,0.859,-26.635,-5.346,10.824,Yaw
-0.382,0.603,1.147,5.582,14.403,-237.589,Yaw
-0.329,0.060,1.056,14.481,26.320,-286.685,Yaw
0.065,0.536,0.691,60.646,27.676,-286.685,Yaw
0.856,-0.117,1.672,85.234,-26.705,-286.685,Yaw
-0.002,0.015,1.043,0.140,-9.529,-217.840,Yaw
0.221,0.432,0.987,-13.414,-3.439,-84.849,Yaw
0.913,0.530,1.011,-24.894,14.630,66.841,Yaw
1.047,-0.178,0.988,-2.844,-12.670,282.082,Yaw
0.143,0.324,1.349,-10.579,-8.330,286.685,Yaw
-0.218,0.041,1.033,-84.061,-25.147,286.685,Yaw
-0.648,0.465,0.800,-61.950,-38.474,286.685,Yaw
-0.780,0.419,0.806,4.778,-25.200,270.497,Yaw
-1.000,0.071,1.155,36.522,0.079,-79.188,Yaw
-1.186,0.554,1.017,31.990,22.173,-286.685,Yaw
0.597,1.674,1.039,105.779,1.146,-286.685,Yaw
1.548,-0.418,1.080,51.415,3.019,-286.685,Yaw
0.577,-0.475,1.054,-28.376,-1.523,-82.066,Yaw
0.410,0.066,1.057,-28.577,0.245,181.283,Yaw
1.239,0.176,1.142,-21.411,-4.139,286.361,Yaw
0.625,0.190,1.299,-77.026,-13.352,286.685,Yaw
-0.710,0.643,0.910,-155.759,-50.584,286.685,Yaw
-1.201,0.524,0.479,18.987,-71.942,232.330,Yaw
-1.999,-0.085,0.980,27.825,-16.573,-52.246,Yaw
-0.737,0.804,0.956,43.111,63.901,-286.685,Yaw
0.235,1.981,1.611,158.226,-7.560,-286.685,Yaw
1.336,0.821,1.075,45.054,19.504,-286.685,Yaw
1.321,-0.593,1.075,-36.269,-10.850,-187.644,Yaw
0.454,0.380,0.860,-29.076,-3.483,60.357,Yaw
1.237,-0.072,1.131,-0.989,-7.149,282.651,Yaw
1.311,0.420,1.608,-45.518,-24.710,286.685,Yaw
-0.310,0.628,0.954,-86.170,-62.737,286.685,Yaw
-1.418,0.300,0.692,10.299,-84.647,286.685,Yaw
-1.247,0.244,0.927,19.705,-4.778,146.055,Yaw
-0.759,-0.001,1.116,-21.446,42.140,-240.327,Yaw
-0.435,1.411,0.867,21.201,29.374,-286.685,Yaw
1.609,1.524,1.416,108.378,-14.052,-286.685,Yaw
1.106,-0.015,1.085,122.159,-15.540,-286.685,Yaw
0.508,-0.294,0.963,28.079,-36.243,-286.685,Yaw
0.769,-0.906,1.053,-35.236,-19.346,-230.667,Yaw
0.788,-0.604,1.212,-59.071,-1.890,112.595,Yaw
0.640,0.299,1.156,-91.385,-63.403,286.685,Yaw
0.613,0.510,1.080,-45.535,-40.250,286.685,Yaw
-0.178,0.627,0.854,-68.355,-16.109,286.685,Yaw
-0.413,0.507,0.255,46.979,-19.031,286.685,Yaw
-0.463,-0.211,1.311,61.591,-25.427,246.033,Yaw
0.355,0.341,1.050,-5.749,-1.549,43.496,Yaw
-0.697,0.265,1.175,-36.645,21.753,-69.720,Yaw
-0.064,0.901,0.695,0.656,37.240,-286.685,Yaw
0.485,0.542,1.177,91.306,-13.755,-286.685,Yaw
1.365,-0.939,1.046,32.042,13.186,-286.685,Yaw
0.245,-0.664,1.062,-20.562,-1.146,-77.647,Yaw
0.619,-0.159,1.137,-32.743,-18.086,188.370,Yaw
0.444,0.081,1.111,-43.409,-9.091,286.685,Yaw
-0.104,0.388,0.955,-75.416,-16.931,286.685,Yaw
-0.477,0.577,0.669,-86.993,4.524,261.415,Yaw
-0.688,0.751,1.071,78.181,-10.666,-263.883,Yaw
0.310,0.432,1.138,147.875,-71.033,-286.685,Yaw
0.897,-0.958,1.041,95.541,-6.501,-286.685,Yaw
0.407,-1.145,1.040,-32.673,-24.246,-193.366,Yaw
0.762,0.306,0.966,-108.054,17.841,176.776,Yaw
0.630,0.180,1.345,-96.950,5.302,286.685,Yaw
0.758,0.447,0.527,-85.706,-61.556,286.685,Yaw
0.167,1.035,0.693,60.077,-114.607,286.685,Yaw
-1.534,0.298,1.425,104.107,-58.756,286.685,Yaw
-0.262,-0.142,1.126,0.499,-0.691,7.639,Yaw
-0.702,0.440,1.073,-15.199,10.474,-198.914,Yaw
-0.295,0.967,1.000,1.601,6.213,-286.685,Yaw
0.333,0.878,0.828,42.735,-36.050,-286.685,Yaw
0.765,0.162,0.813,4.069,25.288,-286.685,Yaw
1.169,-0.621,1.007,-17.981,14.227,-286.685,Yaw
0.801,-0.066,1.140,-67.489,-8.356,-85.890,Yaw
1.120,-0.060,1.061,-34.694,-35.298,206.062,Yaw
0.658,0.377,1.257,1.934,-21.849,286.685,Yaw
-0.250,0.457,0.451,-56.936,-38.202,286.685,Yaw
-0.719,0.802,0.701,28.157,-32.252,286.685,Yaw
-0.344,-0.073,1.246,18.847,2.091,122.876,Yaw
-0.986,0.233,1.157,6.974,-4.148,-115.631,Yaw
-0.068,1.143,0.861,29.059,-6.650,-286.685,Yaw
0.198,0.921,0.735,89.504,-40.854,-286.685,Yaw
1.174,0.102,0.995,65.494,40.784,-286.685,Yaw
0.809,-0.552,0.967,-19.154,-1.330,-285.696,Yaw
0.248,-0.089,1.116,-40.994,7.052,-10.579,Yaw
1.014,-0.712,1.253,-82.688,-33.443,135.266,Yaw
1.083,0.818,1.507,-59.946,-37.292,286.685,Yaw
-0.536,1.289,1.022,-132.598,-49.910,286.685,Yaw
-1.147,0.522,0.197,134.234,-47.679,286.685,Yaw
-0.370,-0.361,1.992,146.230,-81.401,171.141,Yaw
0.110,-0.224,1.040,29.505,-26.539,80.448,Yaw
-0.221,0.412,1.063,21.368,-21.814,-7.210,Yaw
0.032,0.821,0.937,16.555,-12.451,-286.545,Yaw
0.153,0.505,1.324,28.779,-23.914,-286.685,Yaw
0.563,0.092,0.863,25.961,1.566,-286.685,Yaw
0.538,-0.127,0.964,46.882,7.936,-286.685,Yaw
0.240,-0.440,1.106,-11.812,1.321,-286.685,Yaw
0.369,-0.324,1.068,-34.396,-10.342,-240.844,Yaw
0.351,0.275,1.044,-40.679,-3.561,56.070,Yaw
0.456,0.129,1.229,-48.606,-10.754,286.414,Yaw
-0.066,-0.158,1.183,-52.535,-24.789,286.685,Yaw
-0.279,0.134,0.852,-81.226,35.604,286.685,Yaw
-0.339,0.295,0.882,-4.812,-6.912,286.685,Yaw
0.179,0.160,1.138,27.860,-17.413,174.387,Yaw
-0.012,0.223,1.004,-10.238,5.521,-43.986,Yaw
-0.251,0.241,0.956,-15.566,16.765,-218.006,Yaw
-0.033,0.512,0.872,28.849,6.169,-286.685,Yaw
0.305,0.050,1.239,67.069,-15.837,-286.685,Yaw
0.567,-0.268,1.074,47.197,11.427,-286.685,Yaw
0.435,-0.431,1.057,29.269,-7.586,-282.940,Yaw
0.612,-0.447,1.047,-24.483,-7.639,17.929,Yaw
0.831,-0.332,1.032,-62.099,-41.904,281.400,Yaw
0.223,0.865,1.318,-28.341,-11.279,286.685,Yaw
-0.111,0.450,0.489,-55.107,-4.191,286.685,Yaw
-0.407,0.000,0.946,5.591,-14.271,286.685,Yaw
-0.157,0.122,0.937,10.421,-15.584,218.899,Yaw
-0.047,0.035,1.049,46.743,-37.118,98.674,Yaw
0.024,0.092,1.001,43.540,-36.356,53.856,Yaw
-0.512,-0.020,1.183,-9.083,0.971,-55.344,Yaw
-0.206,0.717,0.976,-69.790,52.553,-282.039,Yaw
0.351,0.377,0.803,-18.935,69.073,-286.685,Yaw
0.136,0.498,1.131,46.769,26.854,-286.685,Yaw
0.095,0.480,1.346,66.027,0.796,-286.685,Yaw
0.729,0.139,1.005,3.439,-8.549,-286.685,Yaw
0.793,-0.694,0.850,36.173,16.284,-213.325,Yaw
0.352,-0.214,1.299,40.066,18.497,72.433,Yaw
0.897,-0.658,1.051,-6.720,-7.236,286.685,Yaw
0.255,-0.006,1.359,-78.785,-12.311,286.685,Yaw
-0.177,1.194,0.764,-52.815,-3.797,286.685,Yaw
-0.248,0.723,0.780,7.455,-2.835,283.439,Yaw
0.090,0.100,1.117,13.458,-14.805,-36.960,Yaw
-0.413,0.339,1.105,-0.201,-3.185,-170.651,Yaw
-0.344,0.879,0.771,32.296,6.886,-286.685,Yaw
0.205,0.736,1.179,102.830,-18.699,-286.685,Yaw
1.775,-1.219,1.066,51.362,14.796,-286.685,Yaw
0.841,-0.762,1.143,-49.131,-6.134,71.838,Yaw
0.828,0.282,1.176,-54.338,-36.732,286.685,Yaw
0.651,0.084,0.956,-96.609,-9.730,286.685,Yaw
0.335,0.878,1.268,-86.345,-43.514,286.685,Yaw
-0.289,0.634,0.473,24.972,-33.906,253.689,Yaw
-0.947,0.339,1.160,33.994,-18.506,26.425,Yaw
-0.293,-0.236,1.099,21.341,-17.272,-27.685,Yaw
-1.058,1.171,1.006,30.441,-18.673,-278.399,Yaw
0.244,0.761,0.949,44.083,-0.647,-286.685,Yaw
0.733,0.223,0.924,9.502,35.201,-286.685,Yaw
0.972,0.055,0.990,34.589,46.882,-286.685,Yaw
0.904,-0.519,1.170,-18.331,11.979,-213.334,Yaw
0.219,-0.131,1.154,-51.083,-22.942,28.534,Yaw
0.951,-0.141,1.132,-66.552,-24.272,171.080,Yaw
1.128,0.116,1.116,-73.246,-38.106,286.685,Yaw
0.484,0.779,0.769,1.365,-85.899,286.685,Yaw
-1.170,0.476,1.109,15.269,-52.167,286.685,Yaw
-0.699,0.197,1.056,7.385,-11.366,177.774,Yaw
-0.080,0.118,1.154,19.810,-12.766,27.851,Yaw
-1.292,0.742,1.009,-3.237,12.609,-210.245,Yaw
-0.129,1.753,0.906,85.190,19.871,-286.685,Yaw
1.405,0.599,1.115,73.745,36.015,-286.685,Yaw
1.995,-0.726,1.024,29.295,30.747,-286.685,Yaw
0.572,-0.722,1.059,-11.506,-8.645,-104.020,Yaw
1.218,-0.160,1.213,-60.716,-27.948,259.551,Yaw
0.990,0.769,1.245,-77.831,-17.999,286.685,Yaw
-0.152,0.835,0.975,-113.418,-53.533,286.685,Yaw
-1.058,0.762,0.467,-35.560,-82.863,286.685,Yaw
-0.708,-0.122,1.253,58.695,-14.000,126.306,Yaw
-0.069,-0.451,1.091,11.358,-13.904,75.294,Yaw
-0.648,0.219,1.015,2.336,-20.212,142.292,Yaw
-0.598,0.510,0.983,5.784,20.685,-121.433,Yaw
0.011,1.193,0.955,65.065,36.339,-286.685,Yaw
0.851,1.014,1.136,88.533,17.456,-286.685,Yaw
1.467,0.412,1.121,78.173,22.146,-286.685,Yaw
1.119,-0.275,1.123,67.156,-6.090,-286.685,Yaw
0.295,-0.350,1.013,63.928,-27.116,-286.659,Yaw
0.649,-0.552,1.150,-50.890,-33.180,-58.406,Yaw
1.105,-0.258,1.000,-132.458,-88.909,259.595,Yaw
0.336,0.593,0.950,8.488,-47.381,286.685,Yaw
-0.618,0.188,1.085,-87.071,21.298,286.685,Yaw
-0.534,0.145,0.286,-92.059,-18.235,286.685,Yaw
-0.350,0.433,0.980,66.080,-30.188,286.685,Yaw
-0.180,0.104,1.127,32.900,-19.915,108.482,Yaw
-0.735,0.761,0.898,19.530,6.029,-180.688,Yaw
0.473,0.802,0.953,95.909,-13.256,-286.685,Yaw
1.194,0.159,1.628,93.091,-35.586,-286.685,Yaw
1.027,-0.873,0.971,0.717,3.658,-284.821,Yaw
0.086,-0.101,1.088,-29.173,24.281,25.366,Yaw
0.951,-0.275,1.226,-39.314,1.024,200.883,Yaw
0.723,-0.295,1.117,-64.881,-20.440,286.685,Yaw
-0.083,0.727,0.940,-58.389,-49.096,286.685,Yaw
-1.084,0.558,0.583,59.237,-38.894,198.109,Yaw
-0.029,-0.398,1.347,29.479,3.806,38.054,Yaw
-0.035,-0.359,0.894,-32.874,10.500,151.839,Yaw
0.004,0.338,1.119,6.676,-13.020,109.200,Yaw
-0.410,0.783,1.028,-24.237,31.264,-255.693,Yaw
-0.162,1.068,0.968,49.053,35.814,-286.685,Yaw
0.263,1.268,0.931,98.332,15.190,-286.685,Yaw
1.652,-0.121,1.390,90.011,7.289,-286.685,Yaw
0.939,-1.155,1.054,28.350,-6.046,-276.955,Yaw
0.353,-0.588,1.106,-26.539,-10.150,61.941,Yaw
0.861,-0.529,1.153,-41.344,-26.442,285.294,Yaw
0.596,0.028,1.238,-50.619,-9.389,286.685,Yaw
0.244,0.871,0.755,-49.158,-22.321,286.685,Yaw
-0.584,0.671,0.901,-5.381,-52.001,275.625,Yaw
-0.820,0.625,0.902,3.220,-16.433,-78.846,Yaw
-0.363,0.566,0.992,53.690,-18.681,-252.079,Yaw
0.472,0.513,1.210,66.596,-24.465,-286.685,Yaw
0.950,-0.320,1.038,54.792,0.595,-286.685,Yaw
0.715,-0.507,1.025,8.557,-16.362,-265.737,Yaw
-0.068,-0.599,0.992,-81.323,-11.104,-104.011,Yaw
0.927,-0.446,1.183,-54.373,9.249,148.146,Yaw
1.126,-0.109,1.216,-79.030,-23.144,286.685,Yaw
-0.018,1.000,1.249,-104.878,-55.528,286.685,Yaw
-0.539,0.671,0.174,-9.555,-41.816,286.685,Yaw
-0.365,-0.042,1.902,112.219,-72.223,283.990,Yaw
0.209,-0.098,0.924,7.481,-15.234,189.464,Yaw
-0.170,0.100,1.108,44.004,-43.846,149.634,Yaw
0.146,0.219,1.164,37.678,-41.895,54.127,Yaw
-0.769,0.238,1.179,-3.412,-12.757,-138.512,Yaw
0.256,0.420,0.913,-49.787,38.693,-286.685,Yaw
0.139,0.349,0.953,-11.392,26.145,-286.685,Yaw
0.263,0.481,0.697,20.484,16.336,-286.685,Yaw
0.329,0.612,1.537,102.147,-50.260,-286.685,Yaw
0.725,0.102,0.955,22.802,30.966,-286.685,Yaw
1.060,-0.653,1.017,-15.899,5.189,-260.190,Yaw
0.035,-0.656,1.090,-47.609,1.566,-38.167,Yaw
1.139,-0.491,1.180,-37.424,-20.414,235.086,Yaw
0.803,-0.031,0.684,-96.408,-3.255,286.685,Yaw
-0.334,0.891,0.934,-6.108,-52.596,286.685,Yaw
-0.995,0.700,0.958,-6.965,-36.015,286.685,Yaw
-0.092,-0.086,1.133,5.469,0.044,18.970,Yaw
-0.740,0.222,1.108,4.104,-2.616,-106.908,Yaw
-0.644,1.668,0.791,27.991,25.147,-286.685,Yaw
0.242,1.203,0.911,76.291,29.444,-286.685,Yaw
1.808,-0.451,1.024,33.040,57.041,-286.685,Yaw
0.507,-0.590,1.163,-9.677,11.926,-49.219,Yaw
0.447,-0.350,1.142,-16.774,-17.544,93.389,Yaw
0.876,-0.080,1.291,-36.190,-36.759,221.217,Yaw
0.752,0.063,1.101,-136.045,-31.824,286.685,Yaw
-0.096,0.741,0.283,-149.345,-77.691,286.685,Yaw
-0.799,0.372,0.689,57.934,-65.249,286.685,Yaw
-0.563,-0.105,0.830,97.650,2.791,274.514,Yaw
-0.039,-0.224,1.277,25.007,-12.294,99.146,Yaw
-0.825,0.254,1.132,-9.756,-2.004,-38.299,Yaw
-0.312,0.918,0.780,21.534,44.126,-286.685,Yaw
0.635,0.895,1.033,84.219,31.220,-286.685,Yaw
1.104,0.102,1.147,112.857,-35.674,-286.685,Yaw
0.603,-0.522,1.077,35.516,-16.712,-286.685,Yaw
0.196,-0.555,0.981,2.765,-7.919,-261.940,Yaw
0.213,-0.376,1.001,-46.182,-0.875,-82.670,Yaw
0.734,-0.386,1.458,-53.270,5.758,192.001,Yaw
0.931,0.450,0.828,-115.491,-38.518,286.685,Yaw
-0.231,0.429,0.393,-61.994,-55.072,286.685,Yaw
-0.434,0.253,0.751,86.039,-91.262,286.685,Yaw
-1.018,-0.045,1.106,-3.973,3.920,270.253,Yaw
-0.215,0.340,1.140,14.455,-12.346,63.840,Yaw
-1.158,0.648,0.987,5.906,2.389,-208.434,Yaw
-0.177,1.034,0.769,51.083,-0.359,-286.685,Yaw
0.930,0.405,1.505,96.582,-32.410,-286.685,Yaw
1.047,-0.358,0.977,2.362,21.429,-286.685,Yaw
0.529,-0.448,1.039,-22.846,11.655,-247.896,Yaw
0.307,-0.145,1.077,-24.369,9.791,-80.929,Yaw
1.022,-0.418,1.415,-45.211,-3.500,194.714,Yaw
1.028,0.585,0.945,-71.251,-35.560,286.685,Yaw
-0.570,0.891,0.459,-36.461,-46.769,286.685,Yaw
-1.069,0.472,1.267,64.120,-103.933,286.685,Yaw
-0.320,-0.048,1.042,7.997,-2.214,111.387,Yaw
-0.304,-0.007,1.117,12.653,-8.619,-24.255,Yaw
-0.629,0.909,0.928,-8.776,17.036,-271.565,Yaw
-0.032,1.101,0.810,47.836,11.139,-286.685,Yaw
1.016,0.102,1.507,68.005,-15.172,-286.685,Yaw
0.991,-0.360,0.896,-10.920,17.448,-286.685,Yaw
0.494,-0.485,1.062,-7.866,10.762,-192.789,Yaw
0.228,0.006,1.072,-13.562,2.896,-22.138,Yaw
0.928,-0.313,1.163,-28.962,-20.702,167.834,Yaw
0.850,0.388,1.162,-66.351,-19.653,286.685,Yaw
-0.138,0.549,0.677,-63.131,-55.291,286.685,Yaw
-0.461,0.443,0.675,17.202,-65.100,286.685,Yaw
-1.077,-0.086,0.990,-4.961,-5.390,256.217,Yaw
-0.211,0.045,1.090,10.071,-7.770,22.916,Yaw
-0.933,0.472,1.008,8.523,0.709,-149.695,Yaw
-0.507,1.000,0.827,36.768,9.380,-286.685,Yaw
0.389,0.689,0.980,89.521,-3.290,-286.685,Yaw
1.145,-0.091,0.947,-0.726,42.604,-286.685,Yaw
0.780,-0.313,1.127,3.168,22.479,-246.260,Yaw
0.293,-0.285,1.081,-7.823,3.045,-65.555,Yaw
0.302,-0.172,1.047,-6.694,-6.851,15.444,Yaw
1.171,-0.106,1.112,-27.142,-25.104,247.852,Yaw
0.532,0.437,0.967,-108.614,6.685,286.685,Yaw
0.037,0.621,0.861,-54.653,-57.479,286.685,Yaw
-0.729,0.372,0.763,-36.085,-39.410,286.685,Yaw
-0.702,-0.035,1.015,7.516,-14.866,254.126,Yaw
-0.336,0.104,1.108,7.315,-10.342,73.684,Yaw
-1.079,0.249,1.109,-9.599,9.555,-87.089,Yaw
-0.651,1.068,0.783,19.618,52.386,-286.685,Yaw
0.486,1.508,1.024,120.330,32.970,-286.685,Yaw
1.641,-0.008,1.224,73.482,23.511,-286.685,Yaw
1.455,-0.641,1.132,33.259,6.186,-284.830,Yaw
0.252,-0.163,1.024,-2.284,-6.912,-103.591,Yaw
0.267,-0.063,1.031,-24.946,-7.787,-0.604,Yaw
1.041,-0.242,1.128,-34.545,-20.772,227.176,Yaw
0.841,0.224,1.439,-92.732,-7.122,286.685,Yaw
0.317,0.769,1.062,-81.926,-75.854,286.685,Yaw
-0.737,0.649,0.784,-48.545,-65.415,286.685,Yaw
-0.759,0.105,1.122,40.653,-38.588,286.685,Yaw
-0.403,-0.162,1.145,27.536,-20.344,181.143,Yaw
-0.276,0.247,1.067,3.815,-18.288,90.037,Yaw
-1.444,0.564,1.080,-29.802,25.130,-232.715,Yaw
0.236,1.877,0.773,55.904,63.394,-286.685,Yaw
0.942,1.742,0.788,141.085,32.751,-286.685,Yaw
1.792,-0.597,1.180,90.589,25.340,-286.685,Yaw
0.399,-0.672,1.028,-1.768,-13.326,-194.915,Yaw
0.150,0.002,1.015,-57.304,9.065,14.542,Yaw
0.559,-0.251,1.195,-42.061,5.653,145.197,Yaw
1.080,-0.388,1.651,-91.236,-10.194,286.431,Yaw
0.301,0.567,0.635,-251.878,-72.975,286.685,Yaw
-0.427,1.030,0.653,11.568,-162.636,286.685,Yaw
-0.840,0.439,0.638,65.634,-81.393,286.685,Yaw
-0.658,-0.249,1.670,118.493,21.219,242.795,Yaw
-0.113,0.036,1.165,4.244,-9.257,43.978,Yaw
-1.305,0.373,1.089,-22.321,7.306,-130.856,Yaw
-0.700,1.224,0.704,9.214,42.350,-286.685,Yaw
0.822,1.363,1.081,121.555,24.894,-286.685,Yaw
1.415,-0.403,1.568,108.465,-10.316,-286.685,Yaw
0.796,-0.826,1.041,24.194,-6.807,-258.860,Yaw
0.082,-0.688,0.967,-20.116,-7.936,-42.236,Yaw
0.682,-0.095,1.059,-42.472,11.244,78.173,Yaw
0.976,-0.110,1.414,-113.155,-0.691,278.154,Yaw
0.245,0.666,1.076,-180.469,-65.590,286.685,Yaw
0.056,0.628,0.403,-47.801,-123.961,286.685,Yaw
-0.607,0.370,0.710,62.484,-61.320,286.685,Yaw
-0.862,-0.128,1.448,59.868,-12.959,261.004,Yaw
-0.292,0.164,1.128,-3.727,-10.675,59.220,Yaw
-1.041,0.114,1.080,-15.312,15.820,-185.010,Yaw
-0.295,1.098,0.811,22.899,41.484,-286.685,Yaw
0.991,1.392,0.876,132.738,-6.396,-286.685,Yaw
1.366,-0.928,1.173,60.226,9.179,-286.685,Yaw
0.583,-1.113,1.070,67.637,-17.404,-192.570,Yaw
-0.241,-0.080,0.911,-66.071,-13.895,-83.335,Yaw
0.523,0.390,1.134,-28.219,31.019,-15.759,Yaw
0.031,0.018,1.078,-15.488,-7.604,0.394,Yaw
0.455,-0.312,1.079,-29.960,-4.594,65.056,Yaw
1.103,-0.549,0.676,-122.115,15.488,217.140,Yaw
0.166,0.695,1.064,21.341,-40.232,286.685,Yaw
-0.749,0.120,0.895,-21.411,-34.029,286.685,Yaw
-0.534,0.147,0.938,11.392,-28.892,286.685,Yaw
-0.310,0.230,1.023,26.136,-18.253,244.633,Yaw
-0.681,0.274,1.156,-12.066,18.323,-61.425,Yaw
-0.482,1.266,0.833,12.967,33.084,-286.685,Yaw
0.163,1.611,0.850,119.088,-3.386,-286.685,Yaw
1.561,-0.456,1.192,71.155,12.215,-286.685,Yaw
0.779,-0.819,1.065,3.071,-9.660,-161.236,Yaw
0.124,-0.003,1.024,-39.252,3.185,32.305,Yaw
0.570,-0.285,1.103,-32.812,1.890,131.066,Yaw
1.163,-0.485,1.337,-76.081,-7.560,285.591,Yaw
0.497,0.917,1.354,-141.488,-59.850,286.685,Yaw
-0.189,0.787,0.566,-5.355,-100.730,286.685,Yaw
-0.576,0.299,0.880,44.888,-34.475,286.685,Yaw
-0.482,-0.145,1.088,20.493,-26.294,271.372,Yaw
-0.458,0.295,1.029,-0.989,-22.138,147.630,Yaw
-1.006,0.228,1.169,-20.904,9.441,-97.484,Yaw
-1.181,0.832,0.884,-9.669,63.534,-286.685,Yaw
0.298,1.588,0.710,76.624,71.978,-286.685,Yaw
1.426,0.263,1.220,136.106,17.570,-286.685,Yaw
1.247,-0.926,1.200,34.370,-0.157,-272.781,Yaw
0.427,-0.574,0.985,-7.210,-3.666,-41.326,Yaw
0.124,-0.095,1.018,-21.490,1.837,23.083,Yaw
0.774,-0.515,1.397,-49.980,9.695,139.396,Yaw
0.933,0.391,1.309,-167.562,-36.505,286.685,Yaw
0.608,0.739,0.352,-22.155,-105.000,286.685,Yaw
-0.481,0.609,0.840,75.924,-83.939,286.685,Yaw
-0.989,-0.286,1.033,-11.191,-11.252,273.840,Yaw
-0.298,0.024,1.064,2.152,-16.144,118.361,Yaw
-0.152,0.249,1.070,-4.392,-5.066,-1.225,Yaw
-1.283,0.460,1.069,-12.434,15.969,-155.041,Yaw
-0.126,1.020,0.802,46.463,52.491,-286.685,Yaw
0.893,0.529,1.044,94.859,33.294,-286.685,Yaw
1.560,-0.492,1.225,51.555,5.198,-279.239,Yaw
0.222,-0.678,1.114,1.260,-1.234,-80.815,Yaw
0.565,-0.289,1.111,-41.011,3.456,53.270,Yaw
1.170,-0.073,1.342,-124.915,-17.526,285.198,Yaw
1.201,0.776,0.609,-79.371,-72.677,286.685,Yaw
-0.338,0.854,0.559,36.671,-91.262,286.685,Yaw
-1.285,-0.362,1.116,1.164,-27.414,268.432,Yaw
-0.140,-0.037,1.004,2.590,-22.286,160.764,Yaw
-0.471,0.095,1.084,-8.916,-6.764,67.620,Yaw
-1.187,0.064,1.139,-22.365,12.828,-94.745,Yaw
-0.558,1.073,0.906,6.090,61.285,-286.685,Yaw
0.568,1.235,0.854,108.798,36.033,-286.685,Yaw
0.792,0.801,1.232,145.364,-12.696,-286.685,Yaw
1.145,-0.068,1.116,52.456,37.958,-286.685,Yaw
0.982,-0.600,1.087,8.172,2.774,-261.503,Yaw
0.045,-0.380,1.042,-18.725,-2.188,-69.501,Yaw
0.451,-0.324,1.202,-41.239,-7.017,86.293,Yaw
0.959,-0.390,1.566,-69.361,-15.733,249.952,Yaw
0.757,0.445,0.600,-138.460,-60.778,286.685,Yaw
-0.393,0.890,0.765,-7.674,-77.096,286.685,Yaw
-0.907,0.355,1.303,64.969,-25.751,277.462,Yaw
-0.107,-0.247,0.934,6.300,-3.789,60.734,Yaw
0.065,-0.062,1.042,-4.655,-3.736,61.950,Yaw
-0.185,-0.058,1.098,-16.958,2.695,-1.426,Yaw
-1.027,0.214,0.811,-0.980,21.429,-221.060,Yaw
-0.263,0.634,0.815,44.686,43.234,-286.685,Yaw
0.386,0.175,1.164,97.641,22.855,-286.685,Yaw
1.352,-0.441,1.211,39.244,10.115,-248.553,Yaw
0.259,-0.122,1.100,-12.101,9.240,20.029,Yaw
0.169,-0.127,1.099,-20.309,-7.455,85.706,Yaw
-0.067,0.232,1.115,-33.670,-14.131,104.151,Yaw
0.184,-0.173,0.997,-0.490,-12.539,52.710,Yaw
0.571,-0.373,1.200,-60.217,-10.080,175.971,Yaw
0.819,0.348,0.739,-61.994,-27.247,286.318,Yaw
-0.312,0.239,1.037,-23.634,-44.564,286.685,Yaw
-0.356,-0.050,0.872,-16.345,-39.926,286.685,Yaw
-0.273,-0.053,1.019,5.189,-28.927,230.449,Yaw
-0.556,0.074,1.040,5.749,-21.647,129.001,Yaw
-1.176,-0.066,1.055,-5.574,3.614,-41.291,Yaw
-1.034,0.649,0.855,3.045,46.970,-286.431,Yaw
-0.136,1.238,0.897,111.466,42.726,-286.685,Yaw
0.950,0.923,1.162,130.428,13.913,-286.685,Yaw
1.394,-0.234,1.107,41.493,8.417,-286.685,Yaw
0.503,-0.295,1.030,5.688,-9.301,-168.761,Yaw
0.371,-0.551,1.043,-35.000,5.775,3.176,Yaw
0.421,-0.448,1.111,-36.435,4.130,101.299,Yaw
0.838,-0.275,0.734,-96.198,-7.910,270.288,Yaw
-0.384,0.888,1.370,-7.577,-51.529,286.685,Yaw
-0.985,0.216,0.874,-23.616,-22.374,274.592,Yaw
-0.072,0.015,0.868,13.116,-16.546,45.946,Yaw
0.081,-0.099,1.085,3.964,0.534,-1.452,Yaw
-0.012,-0.047,1.013,-8.969,0.455,11.462,Yaw
-0.077,-0.063,1.032,-17.955,1.199,-17.526,Yaw
-0.925,0.508,0.812,-1.645,9.188,-139.072,Yaw
-0.493,0.519,0.964,70.306,30.179,-286.685,Yaw
0.177,0.612,1.164,72.616,11.401,-286.685,Yaw
0.701,0.338,1.152,42.324,-9.222,-286.685,Yaw
1.449,0.082,1.022,26.119,-19.066,-286.685,Yaw
0.243,-0.646,1.073,-11.252,-3.106,-49.236,Yaw
0.808,-0.033,0.969,-20.895,-5.539,183.689,Yaw
0.919,0.054,1.061,-22.794,2.914,286.685,Yaw
0.716,0.296,1.092,-33.049,-13.991,286.685,Yaw
-0.427,0.503,1.021,-85.645,-21.604,286.685,Yaw
-1.017,0.522,0.722,-36.260,-27.667,286.685,Yaw
-0.212,0.037,0.984,13.160,-13.055,92.811,Yaw
-0.405,0.069,1.056,9.188,-4.331,43.452,Yaw
-0.658,0.755,0.854,16.222,15.365,-221.375,Yaw
0.140,0.655,0.979,76.493,15.636,-286.685,Yaw
1.249,-0.377,1.115,23.275,8.321,-286.685,Yaw
0.743,-0.005,0.982,11.489,-6.274,-262.220,Yaw
0.065,-0.020,1.046,10.605,-9.284,-205.791,Yaw
0.039,-0.253,1.074,-3.474,-19.276,-142.783,Yaw
-0.089,0.183,1.079,-32.121,-30.468,-132.702,Yaw
-0.133,-0.173,0.863,-28.184,1.881,-64.531,Yaw
0.280,-0.246,1.040,-35.438,-0.411,-52.456,Yaw
0.638,-0.260,0.906,-50.610,-1.050,25.594,Yaw
0.097,-0.152,1.108,-42.193,-14.262,165.550,Yaw
0.052,-0.017,0.756,-42.499,-18.392,202.204,Yaw
0.476,0.081,0.850,49.385,-13.265,286.685,Yaw
0.086,-0.375,1.467,-0.280,-15.680,286.685,Yaw
0.151,0.092,0.841,-69.221,-33.276,286.685,Yaw
-0.163,0.352,0.901,-43.321,-43.645,286.685,Yaw
-0.754,0.228,1.036,-16.975,-32.463,172.191,Yaw
-0.892,-0.342,1.018,-0.070,-6.011,-74.585,Yaw
-0.770,0.845,0.610,20.808,43.347,-286.685,Yaw
0.200,0.762,0.804,111.466,43.601,-286.685,Yaw
1.089,0.341,1.691,105.446,16.817,-286.685,Yaw
1.102,-0.119,1.100,-2.949,4.244,-132.536,Yaw
0.238,0.010,1.022,-13.370,1.601,40.749,Yaw
-0.003,-0.208,1.139,-23.835,1.960,55.772,Yaw
0.422,-0.322,0.895,-52.299,3.159,114.966,Yaw
0.414,-0.330,1.039,-38.666,-28.385,286.624,Yaw
-0.764,0.253,0.904,-22.208,-47.373,286.685,Yaw
-0.992,0.126,0.871,-3.544,-33.408,286.685,Yaw
-0.421,0.072,1.014,16.188,-7.026,109.489,Yaw
-0.247,0.382,1.064,3.675,18.436,-168.893,Yaw
-0.566,0.988,0.804,51.853,26.766,-286.685,Yaw
0.133,0.880,1.086,101.027,12.530,-286.685,Yaw
1.329,-0.022,1.134,34.877,11.725,-286.685,Yaw
0.771,-0.311,1.044,9.809,-3.290,-204.724,Yaw
0.223,-0.367,1.001,-3.281,-2.914,-68.801,Yaw
0.413,-0.311,1.027,-11.401,-1.663,37.222,Yaw
0.829,-0.230,1.082,-12.591,-12.486,249.025,Yaw
0.073,0.366,1.003,-12.539,-32.734,286.685,Yaw
-0.736,0.195,0.977,-46.506,-10.246,286.685,Yaw
-0.824,0.133,0.822,-26.442,-7.131,257.101,Yaw
-0.371,0.217,0.991,18.034,-4.165,21.122,Yaw
0.277,0.125,1.075,12.757,4.856,-74.427,Yaw
-0.092,0.259,0.977,6.431,1.951,-117.162,Yaw
-0.010,0.127,1.022,11.436,3.281,-153.186,Yaw
0.257,-0.140,1.077,4.515,8.444,-152.163,Yaw
0.389,-0.178,1.062,-10.334,7.254,-55.580,Yaw
0.515,-0.019,0.962,-1.487,-4.996,34.536,Yaw
0.356,-0.188,1.072,-3.360,-13.501,104.037,Yaw
-0.119,-0.103,1.089,-20.615,-23.844,181.764,Yaw
-0.549,-0.016,0.905,-22.216,-18.296,171.211,Yaw
-0.413,0.049,0.919,8.733,-12.845,24.885,Yaw
-0.380,0.047,1.013,15.286,-1.444,-42.726,Yaw
-1.190,0.573,0.887,30.826,8.706,-247.721,Yaw
-0.435,0.925,1.045,62.807,23.546,-286.685,Yaw
1.330,0.281,1.003,9.546,-11.471,-286.685,Yaw
1.680,0.211,0.981,-7.744,-3.832,-272.816,Yaw
0.347,0.240,0.988,-12.521,5.845,-46.419,Yaw
0.147,0.042,0.961,-34.589,22.138,56.647,Yaw
0.553,-0.439,1.104,3.754,21.980,247.852,Yaw
1.120,0.265,1.484,39.182,-50.505,286.685,Yaw
-0.407,0.423,0.956,-58.196,-19.302,286.685,Yaw
-1.274,0.541,0.773,-31.509,-19.311,286.685,Yaw
-0.176,0.074,1.079,21.061,-11.462,16.958,Yaw
-0.148,0.086,1.185,11.655,-1.321,-66.456,Yaw
0.210,0.446,0.945,-0.429,10.771,-208.364,Yaw
0.305,0.272,0.987,23.109,-3.159,-286.685,Yaw
0.383,-0.077,1.037,23.975,-6.536,-286.685,Yaw
0.263,-0.120,1.024,19.058,-11.953,-281.592,Yaw
-0.215,-0.064,1.011,8.409,-9.940,-248.211,Yaw
-0.184,-0.068,1.013,2.240,1.523,-246.383,Yaw
0.058,-0.102,1.075,-13.134,5.863,-174.869,Yaw
0.011,0.192,1.250,-32.926,-8.733,-201.329,Yaw
0.171,-0.032,1.066,12.189,-2.459,-175.473,Yaw
0.238,-0.132,1.053,-15.531,-2.118,-58.581,Yaw
0.077,-0.058,1.099,-28.840,-8.575,1.321,Yaw
0.397,-0.351,1.009,-38.447,-9.047,37.153,Yaw
0.627,0.017,0.959,-19.836,-15.785,266.560,Yaw
0.575,0.091,1.021,1.400,-25.804,286.685,Yaw
-0.075,0.512,0.955,-13.073,-38.482,286.685,Yaw
-0.573,0.506,1.192,-7.455,-47.845,286.685,Yaw
-0.672,0.212,0.934,-14.403,-16.292,180.057,Yaw
-0.716,-0.034,1.088,12.486,-1.584,-52.334,Yaw
-0.583,0.556,0.827,36.138,13.528,-285.128,Yaw
-0.039,0.543,1.077,70.831,16.196,-286.685,Yaw
1.017,-0.019,1.155,40.740,2.940,-286.685,Yaw
0.466,-0.128,1.044,11.034,-5.215,-137.646,Yaw
0.000,0.166,1.023,2.004,-5.162,-56.018,Yaw
0.431,-0.024,1.148,-12.521,1.050,-37.039,Yaw
0.911,-0.104,1.108,-34.300,4.550,213.010,Yaw
-0.037,-0.164,1.092,-51.310,-12.171,286.685,Yaw
-0.402,-0.251,0.973,-42.385,-50.487,286.685,Yaw
-0.504,0.026,0.924,-53.025,-33.049,286.685,Yaw
-0.698,0.064,0.896,-10.990,-17.972,215.967,Yaw
-0.631,-0.040,1.096,9.432,-3.701,-29.601,Yaw
-0.901,0.835,0.740,14.805,12.057,-270.935,Yaw
-0.288,0.984,0.760,59.894,34.912,-286.685,Yaw
0.811,0.430,1.273,77.473,20.720,-286.685,Yaw
0.839,-0.094,1.082,16.782,6.580,-286.685,Yaw
0.045,0.448,1.001,27.843,-9.021,-286.685,Yaw
0.239,0.452,1.080,30.782,-11.436,-286.685,Yaw
0.835,0.014,1.020,28.858,-3.080,-283.491,Yaw
0.807,-0.592,1.155,6.046,-12.801,34.860,Yaw
0.235,-0.432,1.140,-23.214,-20.239,286.536,Yaw
0.367,-0.233,1.097,-60.357,-35.621,286.685,Yaw
-0.263,0.206,1.321,-87.290,1.304,286.685,Yaw
-0.153,0.190,0.681,-70.831,-26.311,286.685,Yaw
-0.419,0.191,1.023,19.897,-40.075,286.685,Yaw
-0.493,0.229,1.041,-1.129,-18.716,246.137,Yaw
-0.121,0.222,1.027,7.875,-8.374,39.524,Yaw
-0.474,0.510,1.060,9.642,14.280,-240.914,Yaw
-0.006,0.300,0.944,29.103,35.805,-286.685,Yaw
0.132,0.388,1.054,55.580,25.209,-286.685,Yaw
0.512,0.300,1.049,63.306,-0.639,-286.685,Yaw
0.908,-0.350,1.122,22.663,8.453,-286.685,Yaw
0.350,-0.490,1.011,-8.680,-8.899,-82.871,Yaw
0.388,-0.286,1.008,-21.726,-8.794,39.174,Yaw
0.642,-0.358,1.088,-32.139,-27.029,192.062,Yaw
0.750,0.081,0.638,2.056,-17.045,286.685,Yaw
-0.346,0.404,0.920,-71.295,-4.751,286.685,Yaw
-0.499,0.375,0.752,-40.075,-21.263,286.685,Yaw
-0.299,0.073,0.982,26.460,-19.513,194.294,Yaw
0.062,-0.027,1.134,12.801,-7.534,91.192,Yaw
-0.376,0.247,1.017,-10.544,-0.061,-31.194,Yaw
-0.563,0.604,0.938,-6.597,14.341,-244.326,Yaw
0.051,0.353,1.148,41.493,18.769,-286.685,Yaw
0.460,0.013,1.048,40.880,10.203,-286.685,Yaw
0.358,-0.148,1.040,34.213,-13.195,-286.685,Yaw
0.251,-0.063,1.055,16.704,-5.145,-286.685,Yaw
0.583,-0.452,1.019,-4.707,-0.831,-137.629,Yaw
0.552,-0.447,1.170,-30.476,-10.544,92.173,Yaw
0.480,0.079,1.283,-61.722,-16.608,274.251,Yaw
0.463,0.031,0.582,-56.368,-23.511,286.685,Yaw
0.041,0.391,1.003,8.409,-26.600,286.685,Yaw
-0.450,0.126,1.004,-17.535,-22.549,286.685,Yaw
-0.537,0.372,0.983,-6.379,-13.694,137.856,Yaw
-0.147,0.121,1.052,0.149,-3.439,-4.130,Yaw
-0.565,0.460,0.961,7.936,9.896,-200.795,Yaw
-0.064,0.357,0.953,44.231,25.725,-286.685,Yaw
0.114,0.349,1.085,43.794,20.011,-286.685,Yaw
0.274,0.186,0.993,41.309,4.349,-286.685,Yaw
0.455,0.082,1.047,30.984,9.608,-286.685,Yaw
0.703,-0.260,1.000,17.701,-2.441,-284.541,Yaw
0.600,-0.577,1.057,-17.833,-12.250,-4.681,Yaw
0.554,-0.179,1.236,-44.021,-32.025,178.456,Yaw
0.474,0.177,0.896,29.426,-27.046,286.685,Yaw
0.001,0.231,1.254,-18.935,5.469,286.685,Yaw
-0.322,0.225,0.888,-53.384,-14.438,286.685,Yaw
-0.342,0.344,0.959,-14.158,-28.236,286.685,Yaw
-0.354,0.136,0.961,7.000,-10.649,197.068,Yaw
-0.025,0.002,1.074,12.670,-10.596,79.345,Yaw
-0.175,0.221,1.046,-6.492,1.759,-2.564,Yaw
-0.391,0.463,0.968,-9.748,13.685,-124.530,Yaw
-0.186,0.387,1.011,41.746,18.760,-286.685,Yaw
0.107,0.341,1.118,32.077,16.231,-286.685,Yaw
0.302,0.242,0.934,29.584,21.823,-286.685,Yaw
0.371,0.132,1.036,32.533,-2.118,-286.685,Yaw
0.770,-0.405,0.992,8.680,0.271,-286.038,Yaw
0.675,-0.676,1.026,2.993,-8.916,-103.224,Yaw
0.467,-0.529,0.912,-40.215,-18.200,175.105,Yaw
0.367,0.007,1.285,29.872,-26.801,286.571,Yaw
0.168,0.361,1.108,-19.495,-21.761,286.685,Yaw
-0.303,0.380,0.943,-62.256,-9.214,286.685,Yaw
-0.680,0.510,1.023,-14.507,-21.070,252.306,Yaw
-0.142,0.352,0.921,3.369,-4.305,52.334,Yaw
-0.477,0.271,1.062,21.140,-1.435,-90.545,Yaw
-0.409,0.486,1.009,23.188,19.757,-277.130,Yaw
0.138,0.220,0.984,27.361,14.315,-286.685,Yaw
0.392,-0.116,0.977,35.245,6.274,-286.685,Yaw
0.554,-0.203,1.071,11.865,2.336,-260.925,Yaw
0.350,-0.120,1.025,1.977,-5.259,-157.780,Yaw
0.174,-0.035,1.054,-22.846,-10.727,-50.321,Yaw
0.358,-0.153,1.091,-39.016,-7.446,41.755,Yaw
1.000,-0.238,0.746,-7.534,-17.343,226.590,Yaw
0.312,0.381,1.133,31.885,-28.718,286.685,Yaw
-0.594,0.272,1.050,-54.136,-19.189,286.685,Yaw
-0.659,0.162,0.904,-31.483,-26.670,286.685,Yaw
-0.430,0.213,0.961,-1.470,-8.934,126.604,Yaw
-0.423,0.392,0.996,14.262,5.145,-78.654,Yaw
-0.410,0.511,1.017,31.500,24.369,-286.283,Yaw
-0.150,0.549,1.067,35.647,25.305,-286.685,Yaw
0.500,0.154,0.993,51.415,5.014,-286.685,Yaw
0.780,-0.132,1.050,15.820,1.094,-286.685,Yaw
0.372,-0.116,1.036,11.235,-4.769,-259.691,Yaw
0.206,-0.020,0.969,7.271,-7.770,-191.572,Yaw
0.085,-0.101,1.076,-30.468,-13.983,-48.002,Yaw
0.770,-0.369,1.099,21.884,-2.398,158.497,Yaw
0.641,0.076,1.037,-17.517,-25.130,286.685,Yaw
0.199,0.519,1.179,-11.830,-13.974,286.685,Yaw
-0.535,0.355,1.011,-60.743,-15.417,286.685,Yaw
-0.643,0.331,0.793,-21.394,-21.507,229.617,Yaw
-0.258,0.221,1.009,20.379,1.426,-2.747,Yaw
-0.331,0.372,1.073,23.214,8.304,-185.281,Yaw
-0.274,0.496,1.012,26.110,26.854,-286.685,Yaw
0.276,0.186,0.916,38.981,14.945,-286.685,Yaw
0.852,-0.223,1.174,34.860,-6.195,-286.685,Yaw
0.594,-0.344,1.117,24.045,-12.320,-255.019,Yaw
0.164,-0.046,1.031,23.608,-16.301,-219.616,Yaw
0.003,-0.089,1.008,-21.656,-39.305,-147.315,Yaw
0.294,-0.226,0.934,-14.569,0.236,48.169,Yaw
0.426,-0.128,1.104,15.645,10.141,260.943,Yaw
0.210,-0.155,1.113,-0.752,6.081,286.685,Yaw
-0.144,0.037,1.158,-34.545,-1.671,286.685,Yaw
-0.303,0.230,0.919,-27.142,-0.262,286.685,Yaw
-0.059,0.104,0.975,-15.470,2.642,268.538,Yaw
0.211,-0.154,0.982,-9.012,-7.858,272.291,Yaw
-0.123,-0.018,1.126,-9.756,-16.905,261.004,Yaw
-0.177,0.386,0.976,-22.575,-9.310,114.301,Yaw
-0.384,0.609,0.728,-7.350,3.500,-135.923,Yaw
-0.159,0.213,1.062,25.532,9.485,-223.633,Yaw
0.230,0.243,0.941,29.663,8.802,-286.685,Yaw
0.169,0.238,1.048,42.315,-12.267,-286.685,Yaw
0.048,0.184,1.094,32.401,-10.054,-286.685,Yaw
0.159,-0.044,1.065,19.399,-4.261,-286.685,Yaw
0.376,-0.248,1.016,0.560,-2.109,-282.100,Yaw
0.401,-0.214,1.195,-34.694,-4.673,-33.757,Yaw
0.544,-0.603,0.933,-19.329,-15.164,115.518,Yaw
0.484,-0.075,1.069,-16.126,-22.890,255.360,Yaw
0.370,0.068,1.031,-30.686,-7.840,286.685,Yaw
-0.022,0.364,0.964,-65.984,-16.459,286.685,Yaw
-0.174,0.425,0.822,-42.280,-27.247,281.461,Yaw
-0.876,0.423,0.879,21.927,-5.390,97.291,Yaw
-0.453,0.364,1.106,48.309,10.150,-136.089,Yaw
-0.028,0.314,1.099,42.866,7.035,-286.685,Yaw
0.215,0.122,0.992,34.134,-0.700,-286.685,Yaw
0.673,-0.490,1.146,35.140,-11.078,-276.474,Yaw
0.229,-0.383,1.065,8.111,-10.028,-85.872,Yaw
0.249,-0.275,1.045,-5.766,-13.020,23.538,Yaw
0.330,-0.206,1.027,-23.056,-8.251,190.934,Yaw
0.451,0.329,1.398,-94.762,-0.814,276.832,Yaw
0.209,0.114,0.882,-97.029,-36.041,286.685,Yaw
-0.056,0.399,0.655,-29.505,-39.594,286.685,Yaw
-0.184,0.253,0.765,80.115,-30.756,283.413,Yaw
-0.366,-0.054,1.233,26.565,-13.020,186.253,Yaw
-0.077,0.051,1.038,-1.715,-11.541,120.085,Yaw
-0.207,-0.009,1.043,2.380,-12.355,50.120,Yaw
-0.628,0.303,0.959,7.577,5.941,-169.785,Yaw
-0.427,0.639,0.953,32.506,21.761,-286.685,Yaw
0.349,0.387,1.022,72.135,21.061,-286.685,Yaw
0.461,-0.118,1.093,37.118,3.141,-286.685,Yaw
0.331,-0.046,1.074,8.820,2.196,-286.685,Yaw
0.398,-0.086,1.062,3.868,1.155,-285.705,Yaw
0.626,-0.466,0.960,-15.374,-2.888,-140.087,Yaw
0.815,-0.672,0.902,0.726,-1.321,76.554,Yaw
0.682,-0.127,1.134,-3.902,-21.525,286.247,Yaw
0.222,0.455,1.020,-13.379,-17.771,286.685,Yaw
-0.356,0.347,1.090,-38.710,-22.181,286.685,Yaw
-0.500,0.229,0.905,-15.312,-17.491,237.615,Yaw
-0.507,0.188,0.951,9.730,-9.765,38.106,Yaw
-0.116,0.113,1.011,23.511,-11.550,7.665,Yaw
-0.038,0.053,1.045,20.064,-4.655,-47.757,Yaw
0.199,-0.386,0.953,-12.408,19.180,-64.496,Yaw
0.241,-0.173,0.953,35.149,-21.271,4.156,Yaw
-0.030,-0.310,1.046,7.814,-3.307,35.674,Yaw
0.041,-0.192,1.088,-14.438,0.472,153.667,Yaw
0.208,-0.052,1.054,-10.360,-1.006,235.550,Yaw
0.264,0.109,0.980,-14.481,-3.159,234.404,Yaw
0.126,0.112,1.028,-15.129,-6.562,199.902,Yaw
-0.147,0.212,0.999,-23.397,-2.415,137.025,Yaw
-0.472,0.286,0.963,-24.255,3.561,-24.439,Yaw
-0.602,0.587,1.012,1.347,24.876,-286.685,Yaw
-0.179,0.678,0.895,42.884,25.795,-286.685,Yaw
0.321,0.242,1.042,59.658,19.757,-286.685,Yaw
0.670,-0.170,1.172,42.586,-2.651,-286.685,Yaw
0.791,-0.450,1.064,11.839,-1.111,-254.310,Yaw
0.387,-0.568,1.046,2.966,-5.267,-55.886,Yaw
0.593,-0.401,1.070,-20.029,-10.369,153.291,Yaw
0.663,0.006,0.886,-60.147,-11.812,285.810,Yaw
0.402,0.246,1.007,-44.144,-22.593,286.685,Yaw
-0.292,0.420,0.974,-50.584,-28.333,286.685,Yaw
-1.082,0.552,0.870,-20.528,-12.145,188.913,Yaw
-0.642,0.588,1.012,42.394,11.996,-166.303,Yaw
-0.201,0.440,1.118,63.682,10.342,-286.685,Yaw
0.367,0.238,0.967,55.842,-2.896,-286.685,Yaw
0.394,-0.083,1.039,31.194,-4.532,-286.685,Yaw
0.398,-0.326,1.058,14.875,2.310,-267.085,Yaw
0.419,-0.256,1.050,-9.432,-5.661,-93.879,Yaw
0.154,-0.001,1.108,-31.955,-17.334,-27.108,Yaw
0.492,-0.086,1.056,-40.722,-17.675,77.070,Yaw
0.710,0.068,1.142,51.196,-14.752,283.745,Yaw
0.134,0.231,1.374,-20.212,-13.002,286.685,Yaw
-0.284,0.074,0.923,-68.442,-6.580,286.685,Yaw
-0.557,0.281,0.919,-21.385,-22.032,286.676,Yaw
-0.091,0.285,0.966,2.415,-6.335,106.470,Yaw
-0.188,0.200,1.046,1.916,6.037,-54.871,Yaw
-0.590,0.583,0.967,6.492,19.241,-223.510,Yaw
0.069,0.385,0.920,37.940,42.700,-286.685,Yaw
0.663,-0.346,1.109,42.210,1.689,-286.685,Yaw
0.496,-0.334,1.035,27.265,-15.706,-271.302,Yaw
0.074,0.029,1.041,16.266,-13.781,-258.641,Yaw
0.134,-0.039,1.043,6.160,-7.359,-199.719,Yaw
0.557,-0.365,1.058,-21.157,-12.364,-43.208,Yaw
0.613,-0.398,0.691,-32.804,-10.710,188.624,Yaw
0.550,0.391,1.134,47.705,-30.083,286.685,Yaw
-0.404,0.202,1.103,-57.312,7.315,286.685,Yaw
-0.439,-0.034,0.881,-40.232,-19.311,286.685,Yaw
-0.354,0.332,0.994,-8.951,-13.510,257.346,Yaw
-0.314,0.557,0.896,-1.794,-5.889,128.380,Yaw
-0.531,0.404,0.963,18.165,14.936,-210.857,Yaw
-0.155,0.543,1.051,46.734,25.961,-286.685,Yaw
0.202,0.134,0.887,43.225,10.868,-286.685,Yaw
0.733,-0.183,1.130,57.435,-13.554,-286.685,Yaw
0.674,-0.411,1.056,19.364,-7.455,-266.149,Yaw
0.176,-0.194,1.039,2.144,-8.706,-29.382,Yaw
0.186,-0.246,1.107,-24.850,-13.834,105.997,Yaw
0.539,-0.213,1.121,-33.854,-16.800,180.040,Yaw
0.677,0.058,0.750,-20.396,-25.812,286.440,Yaw
-0.268,0.382,1.392,-9.529,-23.153,286.685,Yaw
-0.585,0.138,0.896,-33.338,-19.749,286.685,Yaw
-0.652,0.295,0.923,-7.744,-14.289,219.292,Yaw
-0.415,0.357,1.017,11.209,1.549,-23.888,Yaw
-0.360,0.616,0.988,26.574,17.010,-276.640,Yaw
0.001,0.677,1.098,51.905,24.194,-286.685,Yaw
0.560,0.177,0.894,31.325,16.669,-286.685,Yaw
0.729,-0.425,1.151,27.878,0.157,-286.685,Yaw
0.553,-0.339,1.034,13.405,-9.240,-228.497,Yaw
0.278,-0.164,1.036,-0.262,-13.790,-41.851,Yaw
0.278,-0.224,1.101,-22.032,-24.202,80.780,Yaw
0.609,-0.384,1.004,-66.404,-10.719,228.594,Yaw
0.520,0.167,1.226,-29.251,-28.726,286.685,Yaw
-0.269,0.543,0.943,-80.054,-33.180,286.685,Yaw
-0.602,0.576,0.752,-37.292,-33.941,286.685,Yaw
-0.660,0.361,1.103,43.015,-9.940,144.699,Yaw
-0.037,0.095,1.114,23.782,1.855,-42.866,Yaw
-0.517,0.628,1.024,11.935,14.262,-197.488,Yaw
-0.476,0.892,0.900,38.089,24.675,-286.685,Yaw
0.459,0.163,1.081,75.005,16.809,-286.685,Yaw
1.198,-0.606,1.169,34.659,2.765,-286.685,Yaw
0.467,-0.514,1.043,20.151,-13.265,-182.665,Yaw
0.052,-0.087,1.033,11.533,-16.100,-92.969,Yaw
0.166,-0.031,1.048,-29.916,-31.763,-11.506,Yaw
0.737,-0.531,0.887,-34.283,-10.824,165.331,Yaw
0.479,0.432,1.126,-16.188,-9.118,286.685,Yaw
0.160,0.609,0.849,-35.088,-0.262,286.685,Yaw
-0.571,0.218,0.945,-44.231,-15.330,286.685,Yaw
-0.431,0.091,0.980,-11.165,-15.960,231.201,Yaw
-0.101,0.167,0.997,1.400,-8.278,94.561,Yaw
-0.024,0.043,1.036,2.713,-5.119,10.841,Yaw
-0.582,0.418,0.970,10.255,8.496,-157.413,Yaw
-0.147,0.351,0.935,48.667,21.350,-286.685,Yaw
0.634,-0.031,1.027,59.045,3.517,-286.685,Yaw
0.634,-0.263,1.237,39.393,-13.160,-286.685,Yaw
0.216,-0.130,1.023,11.454,-11.988,-281.619,Yaw
0.395,-0.379,0.973,-17.430,-12.880,-173.049,Yaw
0.836,-0.331,1.242,-30.782,2.940,138.206,Yaw
0.981,-0.002,0.768,-9.424,-2.651,283.071,Yaw
0.050,0.323,1.047,-51.284,-8.592,286.685,Yaw
-0.338,0.381,0.793,-48.169,-26.425,286.685,Yaw
-0.586,0.231,1.005,5.600,-26.583,275.704,Yaw
-0.187,0.240,1.000,-1.908,-5.565,110.215,Yaw
-0.542,0.420,1.086,-2.800,4.585,-69.457,Yaw
-0.267,0.647,0.917,22.593,21.464,-286.685,Yaw
0.199,0.363,0.968,41.143,36.619,-286.685,Yaw
0.612,-0.096,1.084,51.896,19.583,-286.685,Yaw
0.482,-0.169,1.168,27.816,-9.004,-286.685,Yaw
0.327,-0.071,1.072,19.618,-6.423,-286.151,Yaw
0.270,-0.201,1.005,8.969,-6.160,-185.404,Yaw
0.409,-0.407,1.005,-3.500,-3.264,-63.044,Yaw
0.841,-0.398,0.799,-40.906,-15.864,161.026,Yaw
0.435,0.008,1.123,-4.585,-21.805,286.685,Yaw
-0.062,0.305,0.960,-69.930,-0.446,286.685,Yaw
-0.365,0.513,0.886,-65.783,-14.823,286.685,Yaw
-0.627,0.421,0.915,-14.201,-4.454,231.271,Yaw
-0.255,0.222,1.029,11.392,1.601,-36.951,Yaw
-0.501,0.565,1.045,24.500,12.233,-247.354,Yaw
-0.355,0.598,1.015,32.095,39.471,-286.685,Yaw
0.320,0.270,0.977,40.521,23.126,-286.685,Yaw
0.854,-0.154,1.348,51.004,-14.464,-286.685,Yaw
0.549,-0.128,1.049,24.106,-5.066,-286.685,Yaw
0.348,-0.084,1.006,26.460,-5.294,-286.685,Yaw
0.402,-0.359,0.917,0.446,-14.665,-143.482,Yaw
0.662,-0.379,1.234,-32.436,-28.691,154.709,Yaw
0.599,0.128,0.887,-21.210,-32.305,286.685,Yaw
0.269,0.413,1.055,6.912,-23.083,286.685,Yaw
-0.328,0.330,0.883,-64.295,0.096,286.685,Yaw
-0.446,0.256,1.094,14.989,-14.560,286.685,Yaw
-0.078,-0.191,1.051,2.109,-14.892,286.685,Yaw
-0.112,-0.000,1.055,4.445,-21.061,285.652,Yaw
-0.247,0.539,1.022,13.370,-24.596,106.671,Yaw
-0.410,0.789,0.912,-23.975,33.495,-271.022,Yaw
0.272,0.063,1.195,41.265,21.875,-286.685,Yaw
0.382,-0.107,1.043,31.150,6.773,-286.685,Yaw
-0.094,0.302,0.976,30.730,-14.105,-286.685,Yaw
0.021,0.329,1.039,24.430,1.724,-286.685,Yaw
0.691,-0.147,1.030,13.081,3.386,-286.685,Yaw
0.712,-0.456,1.002,1.768,-1.374,-222.408,Yaw
0.561,-0.466,1.146,1.846,-9.494,72.616,Yaw
0.400,-0.195,1.032,-22.846,-32.638,238.534,Yaw
0.559,0.091,0.955,-9.441,-28.901,286.685,Yaw
0.481,0.224,1.116,-25.716,-6.545,286.685,Yaw
-0.106,0.513,0.950,-55.195,-24.115,286.685,Yaw
-0.551,0.405,0.960,-17.194,-21.665,286.685,Yaw
-0.434,0.209,1.007,4.218,-7.919,101.946,Yaw
0.039,-0.005,1.059,7.140,-6.597,7.534,Yaw
-0.652,0.136,1.032,-4.471,2.826,-57.382,Yaw
-0.280,0.576,0.828,16.380,24.071,-286.195,Yaw
0.239,0.204,1.122,62.064,30.188,-286.685,Yaw
0.331,0.015,1.177,38.045,12.346,-286.685,Yaw
0.203,0.266,1.095,26.066,-7.359,-286.685,Yaw
0.373,0.093,1.005,16.712,-10.316,-286.685,Yaw
0.477,-0.284,0.940,21.359,9.993,-280.411,Yaw
0.532,-0.889,1.097,-10.649,3.132,-59.798,Yaw
0.599,-0.425,1.103,-25.130,-30.503,101.360,Yaw
0.547,-0.018,1.034,-12.863,-34.326,286.659,Yaw
0.156,0.312,1.115,-9.774,1.601,286.685,Yaw
-0.078,0.351,1.008,-41.090,3.693,286.685,Yaw
-0.197,0.324,0.947,-13.816,-19.145,286.685,Yaw
-0.370,0.215,0.996,-8.164,-12.565,201.346,Yaw
-0.106,0.158,1.007,2.293,-5.171,20.991,Yaw
-0.317,0.221,1.029,-0.621,2.371,-37.415,Yaw
-0.390,0.413,0.922,16.765,28.919,-236.084,Yaw
0.157,0.110,1.080,43.916,16.581,-286.685,Yaw
0.422,-0.059,1.038,35.569,-1.129,-286.685,Yaw
0.195,0.066,1.148,27.230,-11.970,-286.685,Yaw
0.119,0.123,1.028,8.374,-2.030,-286.685,Yaw
0.388,-0.116,0.993,-14.726,-9.021,-273.586,Yaw
0.481,-0.715,0.876,-47.994,-21.219,-93.467,Yaw
0.388,-0.298,1.077,23.800,1.776,73.964,Yaw
0.461,-0.281,0.989,-9.091,-18.112,184.712,Yaw
0.408,0.105,0.999,6.011,-14.420,286.685,Yaw
0.143,0.245,1.114,10.797,-1.260,286.685,Yaw
-0.236,0.370,1.055,-34.458,-0.569,286.685,Yaw
-0.363,0.086,0.900,-27.676,-15.094,286.685,Yaw
-0.275,-0.019,1.000,-4.979,-16.835,268.564,Yaw
-0.333,0.727,1.052,-3.973,-12.084,58.756,Yaw
-0.690,0.805,0.938,4.287,16.940,-279.510,Yaw
0.157,0.170,1.085,49.910,25.462,-286.685,Yaw
0.324,0.083,1.079,31.194,2.039,-286.685,Yaw
0.176,0.299,1.122,30.345,-8.470,-286.685,Yaw
0.417,0.073,1.043,19.101,7.026,-286.685,Yaw
0.761,-0.483,1.015,1.881,-4.331,-262.911,Yaw
0.577,-0.526,1.082,-23.625,-20.580,25.673,Yaw
0.677,-0.111,0.947,18.436,-23.048,280.350,Yaw
0.369,0.291,1.154,11.996,-32.550,286.685,Yaw
-0.077,0.235,1.377,-3.649,-16.520,286.685,Yaw
-0.134,0.244,0.986,-62.528,-16.730,286.685,Yaw
-0.416,0.398,0.947,-18.515,-28.796,286.685,Yaw
-0.536,0.179,0.978,2.555,-24.692,195.825,Yaw
-0.091,-0.012,1.010,19.950,-21.175,116.874,Yaw
-0.128,0.359,1.098,9.940,-10.570,66.194,Yaw
-0.446,0.717,0.846,-38.062,39.830,-255.019,Yaw
-0.095,0.523,0.821,31.308,33.443,-286.685,Yaw
0.022,0.460,1.121,62.274,31.806,-286.685,Yaw
0.421,0.395,1.117,33.626,19.889,-286.685,Yaw
0.699,0.026,1.031,18.034,14.858,-286.685,Yaw
1.120,-0.569,0.961,2.485,-6.886,-267.286,Yaw
0.755,-0.660,1.051,-20.247,-16.468,-65.196,Yaw
0.513,-0.572,0.819,-96.355,-78.986,179.734,Yaw
0.148,0.377,0.624,55.029,7.280,259.438,Yaw
0.155,-0.065,1.074,50.557,16.039,286.685,Yaw
0.530,-0.379,1.286,-74.506,-28.586,286.685,Yaw
-0.138,0.730,0.531,-99.829,-44.739,286.685,Yaw
-0.878,0.395,0.970,11.786,-43.068,272.335,Yaw
-0.328,-0.012,0.972,15.190,0.971,42.499,Yaw
-0.099,0.128,1.091,3.509,6.090,26.670,Yaw
-0.111,0.289,0.971,1.076,19.390,-96.022,Yaw
-0.016,-0.025,0.925,29.505,27.081,-212.039,Yaw
0.150,0.083,0.991,62.991,-16.861,-286.685,Yaw
-0.134,0.237,1.061,83.956,-44.196,-286.685,Yaw
-0.051,0.179,0.947,37.704,-8.164,-286.685,Yaw
0.178,-0.009,0.988,27.029,24.911,-286.685,Yaw
0.563,-0.041,1.013,-0.779,-5.644,-286.641,Yaw
0.736,-0.057,1.058,-22.593,-8.199,-206.369,Yaw
0.469,-0.316,1.171,-11.392,-4.786,55.746,Yaw
0.523,-0.267,1.130,-67.944,-62.116,184.809,Yaw
0.861,-0.192,1.038,-38.518,-16.931,286.685,Yaw
0.735,0.170,1.099,-58.914,-35.140,286.685,Yaw
0.176,0.612,0.978,-51.835,-59.763,286.685,Yaw
-0.154,0.577,0.599,-9.021,-71.986,286.685,Yaw
-0.271,0.592,1.043,54.486,-46.261,286.685,Yaw
-0.360,0.139,0.967,-13.405,-7.017,250.486,Yaw
-0.523,0.174,1.092,-1.006,-7.534,95.200,Yaw
-0.059,-0.157,0.956,-0.298,-6.037,-1.111,Yaw
-0.365,-0.185,1.043,0.087,-5.635,-41.877,Yaw
-1.105,0.167,1.381,-16.083,16.765,-219.109,Yaw
-0.159,0.734,0.811,8.899,60.699,-286.685,Yaw
0.243,0.877,0.896,123.786,16.389,-286.685,Yaw
0.383,1.008,1.704,63.123,29.610,-286.685,Yaw
1.023,0.417,0.832,11.323,18.296,-286.685,Yaw
1.058,-0.239,1.094,-0.306,4.034,-170.791,Yaw
0.256,-0.001,0.987,0.954,-8.365,-9.756,Yaw
0.117,0.180,1.035,15.864,-11.769,27.843,Yaw
0.608,-0.057,1.027,-10.500,-19.399,94.036,Yaw
0.678,0.163,0.902,-35.752,-24.789,286.685,Yaw
-0.235,0.272,1.222,-45.640,-2.616,286.685,Yaw
-0.286,-0.144,0.983,-66.272,-14.227,286.685,Yaw
-0.036,0.051,0.919,-52.202,-21.070,286.685,Yaw
-0.069,0.146,0.974,-11.778,-28.525,286.685,Yaw
-0.252,0.207,1.062,9.153,-29.173,270.314,Yaw
-0.181,0.123,0.998,6.151,-15.006,152.714,Yaw
-0.030,-0.118,1.014,16.914,-16.389,143.456,Yaw
0.035,-0.070,0.976,16.931,-17.955,183.286,Yaw
-0.145,0.015,1.027,25.375,-23.257,138.714,Yaw
-0.091,0.001,1.086,-4.725,1.899,0.403,Yaw
-1.029,0.127,1.193,-30.065,19.897,-150.727,Yaw
-0.730,0.792,0.895,-34.702,59.990,-286.685,Yaw
0.390,1.469,0.858,66.692,61.469,-286.685,Yaw
0.886,1.214,0.955,120.435,31.211,-286.685,Yaw
0.691,0.257,1.378,75.162,-6.405,-286.685,Yaw
0.476,0.260,1.140,24.675,0.849,-286.685,Yaw
1.229,-0.398,1.029,8.908,-2.056,-273.945,Yaw
0.650,-0.650,1.114,5.294,-7.070,-55.860,Yaw
-0.013,0.066,0.998,9.135,-1.584,1.024,Yaw
0.138,0.003,1.003,-0.735,-1.164,3.509,Yaw
0.659,-0.467,1.114,-28.166,-12.565,122.710,Yaw
0.831,-0.513,1.169,-80.710,-38.185,286.685,Yaw
0.517,0.357,1.008,-69.379,-21.805,286.685,Yaw
0.201,0.503,1.017,-54.854,-40.906,286.685,Yaw
0.424,0.245,0.847,-54.469,-57.899,286.685,Yaw
0.508,0.507,0.713,42.560,-63.752,286.685,Yaw
-0.578,0.562,1.416,35.263,-63.149,286.685,Yaw
-0.452,0.129,1.139,-1.706,-33.215,273.700,Yaw
-0.246,0.076,1.003,-1.837,-18.392,146.107,Yaw
-0.208,0.018,1.024,4.541,-14.858,90.256,Yaw
-0.012,0.119,0.976,8.050,-14.656,46.121,Yaw
-0.655,0.040,1.115,-7.298,1.400,-76.746,Yaw
-0.534,0.316,0.972,-28.079,31.552,-285.679,Yaw
-0.364,0.624,0.913,25.454,37.459,-286.685,Yaw
-0.065,1.091,0.914,68.372,32.200,-286.685,Yaw
0.578,0.856,0.954,70.709,38.833,-286.685,Yaw
0.841,0.053,1.051,31.570,26.425,-286.685,Yaw
0.886,-0.214,1.122,11.139,0.735,-286.685,Yaw
0.502,-0.688,0.905,-17.929,3.955,-189.849,Yaw
0.136,-0.189,1.044,7.954,-3.203,-39.209,Yaw
0.171,-0.077,0.991,1.592,-9.056,-11.349,Yaw
0.332,-0.178,1.043,-50.496,-27.239,122.710,Yaw
0.821,-0.270,0.896,-64.076,-30.240,257.451,Yaw
0.357,0.840,0.908,12.215,-11.533,286.685,Yaw
-0.565,-0.040,0.935,-41.002,-6.081,286.685,Yaw
-0.117,-0.307,0.833,-44.643,-4.270,286.685,Yaw
0.271,0.131,0.953,-17.964,-22.794,286.685,Yaw
-0.303,0.288,1.042,7.394,-26.329,286.230,Yaw
-0.148,0.126,1.031,12.005,-18.454,181.178,Yaw
0.048,0.045,1.017,3.071,-11.270,90.151,Yaw
0.045,0.213,1.031,-11.909,-3.159,49.096,Yaw
-0.433,0.044,1.025,-15.627,4.830,-45.045,Yaw
-0.371,0.344,0.964,-5.793,15.164,-258.011,Yaw
-0.468,0.754,0.989,26.819,35.035,-286.685,Yaw
0.100,1.138,0.842,71.750,30.397,-286.685,Yaw
0.900,0.082,1.061,67.926,8.995,-286.685,Yaw
0.622,-0.303,1.093,21.201,-5.390,-286.685,Yaw
0.662,-0.173,1.028,2.476,-6.562,-285.180,Yaw
0.236,-0.490,1.021,-22.365,-3.307,-52.430,Yaw
0.082,-0.051,1.050,-6.650,-4.427,30.380,Yaw
0.521,-0.157,1.102,-26.854,-19.968,108.535,Yaw
0.792,-0.166,1.007,-42.271,-16.459,282.896,Yaw
0.561,0.134,1.001,-55.186,-14.761,286.685,Yaw
0.154,0.435,0.930,-27.956,-37.853,286.685,Yaw
-0.456,0.274,1.172,-30.529,-38.159,286.685,Yaw
-0.342,0.146,0.968,-33.924,-24.456,285.224,Yaw
-0.405,0.273,1.003,-16.817,-26.110,213.124,Yaw
-0.235,0.078,1.017,-7.560,-13.046,74.445,Yaw
0.009,-0.062,1.002,4.506,-13.212,45.465,Yaw
-0.056,0.145,1.018,-5.128,-3.098,-6.282,Yaw
-0.836,0.424,0.965,-3.596,18.874,-152.101,Yaw
-0.319,0.660,0.913,58.476,31.763,-286.685,Yaw
0.208,0.609,1.040,93.887,20.221,-286.685,Yaw
0.580,0.294,1.209,51.958,10.701,-286.685,Yaw
0.637,-0.027,1.070,21.149,10.106,-286.685,Yaw
0.609,-0.278,1.084,13.274,-4.602,-286.475,Yaw
0.479,-0.325,1.098,-16.118,-0.586,-83.808,Yaw
0.238,-0.176,1.013,-3.649,-2.730,-1.697,Yaw
0.230,-0.134,1.035,-9.660,-5.521,15.304,Yaw
0.806,-0.334,1.073,-41.772,-19.924,174.720,Yaw
0.594,0.037,1.011,-35.341,-13.029,286.685,Yaw
0.311,0.239,0.996,-25.261,-26.267,286.685,Yaw
0.030,0.445,1.009,-17.841,-28.954,286.685,Yaw
-0.166,0.097,0.953,-46.769,-20.554,286.685,Yaw
-0.174,0.067,0.949,-30.371,-21.499,278.040,Yaw
-0.334,0.234,0.981,-12.136,-26.609,164.194,Yaw
-0.498,0.357,0.944,-5.854,-13.186,59.885,Yaw
-0.730,0.136,1.040,4.795,1.400,-73.202,Yaw
-0.287,0.555,0.921,34.597,21.499,-286.414,Yaw
-0.007,0.576,0.913,70.359,23.844,-286.685,Yaw
0.080,0.431,1.040,81.620,11.366,-286.685,Yaw
0.455,0.084,1.153,32.533,10.325,-286.685,Yaw
0.609,-0.039,1.063,25.970,7.682,-286.685,Yaw
1.172,-0.556,0.976,15.899,-3.579,-134.225,Yaw
0.034,0.008,1.016,4.480,-0.438,-0.385,Yaw
0.179,-0.023,1.014,-2.109,-4.970,12.101,Yaw
0.720,-0.257,1.017,-36.181,-24.964,131.740,Yaw
0.895,-0.262,1.045,-27.895,-10.010,286.685,Yaw
0.537,0.225,1.085,-22.636,-11.506,286.685,Yaw
-0.037,0.253,0.986,-67.427,-22.584,286.685,Yaw
0.265,0.358,0.897,-60.585,-32.751,286.685,Yaw
0.057,0.344,0.961,-22.391,-55.318,286.685,Yaw
-0.270,0.365,1.015,-7.052,-57.514,286.685,Yaw
-0.297,0.303,1.028,1.015,-27.300,220.570,Yaw
-0.113,-0.040,1.009,-4.287,-7.543,106.680,Yaw
0.018,-0.088,0.990,0.936,-10.141,76.099,Yaw
-0.011,-0.193,1.029,8.190,-15.873,100.914,Yaw
-0.043,0.035,1.048,-0.543,-10.071,66.868,Yaw
-0.445,-0.114,1.098,-14.578,0.018,-5.477,Yaw
-1.571,0.217,1.033,-47.145,46.235,-275.231,Yaw
-0.552,1.253,0.933,-17.692,87.168,-286.685,Yaw
0.255,1.817,0.855,107.599,75.478,-286.685,Yaw
1.419,0.724,1.106,137.471,37.896,-286.685,Yaw
1.732,-0.676,1.244,31.115,10.456,-286.685,Yaw
0.767,-0.651,1.070,10.640,-3.168,-212.844,Yaw
0.207,-0.408,0.995,-1.181,-1.461,-21.192,Yaw
0.391,-0.256,1.090,-13.746,-5.084,71.067,Yaw
0.706,-0.472,1.269,-51.607,-12.810,243.495,Yaw
1.090,0.023,1.001,-87.272,-21.271,286.685,Yaw
0.699,0.625,0.875,-45.763,-51.424,286.685,Yaw
0.187,0.380,0.915,-48.449,-60.821,286.685,Yaw
0.121,0.434,1.103,-15.251,-83.501,286.685,Yaw
-0.088,0.523,0.861,-2.056,-53.104,286.685,Yaw
-0.302,0.378,1.032,19.784,-29.934,286.606,Yaw
-0.102,0.086,1.138,-13.405,-8.916,215.792,Yaw
0.004,0.035,1.039,4.349,10.019,187.819,Yaw
-0.049,0.117,1.036,14.376,12.609,195.230,Yaw
-0.205,0.024,0.934,16.608,5.233,182.175,Yaw
-0.221,-0.099,1.003,9.249,-5.093,136.456,Yaw
-0.104,-0.107,0.980,5.749,-1.067,102.156,Yaw
-0.032,-0.137,0.999,2.205,-1.803,81.970,Yaw
-0.117,-0.130,1.006,8.698,-3.868,98.630,Yaw
-0.156,-0.071,0.976,3.474,-4.988,83.501,Yaw
-0.162,-0.083,1.007,-2.520,-7.201,54.092,Yaw
-0.188,0.059,1.010,-5.434,-8.505,17.237,Yaw
-1.166,0.214,1.070,-19.276,-12.731,-63.053,Yaw
-1.121,0.853,0.845,-61.478,-3.719,-286.685,Yaw
0.119,0.972,1.429,14.919,22.015,-286.685,Yaw
0.778,0.289,1.103,-10.535,62.904,-286.685,Yaw
0.363,0.688,0.979,52.176,18.891,-286.685,Yaw
0.522,0.760,0.774,108.929,-9.083,-286.685,Yaw
0.403,0.440,1.219,57.076,17.220,-286.685,Yaw
0.713,0.119,0.960,3.062,49.612,-286.685,Yaw
0.873,-0.391,1.146,-9.800,27.974,-286.685,Yaw
0.210,-0.210,1.114,0.052,-2.879,-208.827,Yaw
-0.223,0.533,0.807,-6.702,0.761,-218.409,Yaw
0.535,-0.128,0.970,24.517,-3.019,-205.958,Yaw
0.423,-0.252,1.017,-3.439,-3.815,-70.613,Yaw
-0.003,0.053,1.001,-12.871,-5.451,0.490,Yaw
0.017,0.011,1.040,-19.504,-5.827,0.928,Yaw
0.328,-0.215,1.022,-20.991,-9.319,12.198,Yaw
0.845,-0.388,1.079,-42.438,-21.446,194.583,Yaw
0.952,-0.064,0.909,-25.629,-16.048,286.685,Yaw
0.086,0.558,1.497,10.885,-38.281,286.685,Yaw
-0.071,0.295,0.977,-59.561,-35.472,286.685,Yaw
0.143,0.468,0.868,-49.210,-30.345,286.685,Yaw
0.005,0.506,1.059,-22.260,-48.396,286.685,Yaw
-0.267,0.260,0.995,-10.587,-25.935,222.416,Yaw
-0.178,0.087,0.996,7.446,-23.791,171.553,Yaw
-0.146,-0.053,1.036,-2.424,-7.516,80.570,Yaw
0.005,-0.116,0.993,-5.653,-3.666,26.635,Yaw
0.019,-0.143,0.997,-3.745,-2.415,13.834,Yaw
-0.025,-0.109,1.006,-3.168,-2.993,12.871,Yaw
-0.021,-0.121,1.001,-2.118,-5.460,-0.717,Yaw
-0.842,0.225,1.092,-20.571,14.105,-151.944,Yaw
-0.706,0.769,0.927,-14.341,61.443,-286.685,Yaw
-0.083,0.977,0.905,40.469,75.652,-286.685,Yaw
0.355,0.865,0.886,120.295,44.459,-286.685,Yaw
0.843,0.011,1.479,91.893,14.752,-286.685,Yaw
1.119,-0.418,1.097,13.667,4.165,-286.685,Yaw
0.820,-0.549,1.084,-6.510,-0.009,-201.390,Yaw
0.164,-0.031,1.063,-5.661,-4.008,0.639,Yaw
0.690,-0.342,1.069,-21.849,-0.858,106.978,Yaw
0.976,0.107,1.171,-40.521,-12.792,286.685,Yaw
0.527,0.599,0.796,-56.201,-23.923,286.685,Yaw
-0.501,0.685,1.115,-29.190,-29.671,286.685,Yaw
-0.351,-0.030,0.974,-33.976,-19.504,283.342,Yaw
-0.161,-0.072,0.995,-25.007,-26.941,242.174,Yaw
-0.348,0.173,0.925,-24.824,-23.511,190.759,Yaw
-0.099,-0.034,0.943,-10.833,-4.392,14.481,Yaw
-0.666,0.117,1.020,10.859,-5.285,-60.200,Yaw
-0.326,0.550,0.956,31.413,17.666,-286.685,Yaw
-0.047,0.492,0.924,55.230,17.850,-286.685,Yaw
0.399,-0.025,1.006,71.330,0.831,-286.685,Yaw
0.628,-0.116,1.121,21.647,15.566,-286.685,Yaw
0.421,-0.274,1.075,4.121,-1.566,-178.351,Yaw
0.294,-0.186,1.026,0.131,-8.741,-107.791,Yaw
0.236,-0.316,1.194,-15.873,10.299,31.246,Yaw
0.990,0.161,1.047,-14.429,-11.244,248.246,Yaw
0.167,0.048,1.087,-49.700,-10.115,286.685,Yaw
-0.077,0.228,0.979,-66.168,-18.760,286.685,Yaw
-0.361,0.301,0.891,-24.386,-28.271,286.685,Yaw
-0.416,-0.052,0.992,-7.350,-19.285,160.702,Yaw
-0.214,-0.017,0.983,-0.472,-13.895,83.160,Yaw
0.061,0.079,0.977,-5.259,-7.359,35.525,Yaw
-0.152,-0.120,1.078,-8.531,-0.788,-6.694,Yaw
-0.479,0.341,0.933,1.339,14.131,-199.990,Yaw
-0.371,0.376,0.912,47.451,19.985,-286.685,Yaw
-0.067,0.435,0.937,75.854,11.069,-286.685,Yaw
0.244,0.167,1.205,66.666,4.909,-286.685,Yaw
0.374,0.084,1.112,54.031,13.720,-286.685,Yaw
0.835,0.171,1.015,32.987,-5.924,-272.099,Yaw
0.414,-0.177,1.096,-15.899,-7.840,-21.656,Yaw
0.184,-0.104,1.086,-6.396,-3.929,39.646,Yaw
-0.094,0.293,1.007,-25.384,-10.570,84.919,Yaw
-0.063,0.099,1.001,-46.952,-25.183,38.237,Yaw
0.135,0.028,1.007,-28.875,-11.252,23.896,Yaw
0.598,0.096,1.011,-8.505,-6.528,111.353,Yaw
0.724,0.182,1.027,-0.096,-10.946,286.685,Yaw
-0.177,0.005,1.126,-25.042,-20.746,286.685,Yaw
-0.388,0.001,1.020,-44.651,-27.615,286.685,Yaw
-0.529,0.075,0.879,-22.698,-20.081,286.685,Yaw
-0.255,-0.121,1.007,-1.207,-12.976,207.113,Yaw
0.016,-0.035,0.978,5.259,-13.589,124.250,Yaw
0.090,0.105,1.046,-0.525,-10.745,98.306,Yaw
-0.282,-0.142,0.989,-26.959,12.049,-35.612,Yaw
-0.296,0.222,0.944,-7.026,23.441,-237.720,Yaw
-0.350,0.503,0.908,37.371,18.979,-286.685,Yaw
-0.089,0.473,0.946,63.569,15.899,-286.685,Yaw
0.322,0.318,1.291,64.732,11.148,-286.685,Yaw
0.742,0.223,0.907,36.033,15.479,-286.685,Yaw
0.475,-0.240,1.054,19.128,0.280,-188.738,Yaw
0.433,-0.296,1.010,21.665,-3.666,-108.421,Yaw
0.148,-0.050,1.015,-0.543,-5.556,8.111,Yaw
0.631,-0.027,1.097,-28.534,-11.637,183.461,Yaw
0.920,0.169,0.979,-56.429,-33.005,286.685,Yaw
0.241,0.597,1.228,-33.862,-1.461,286.685,Yaw
-0.403,0.240,1.010,-61.775,-23.004,286.685,Yaw
-0.512,0.186,0.916,-23.188,-17.465,269.220,Yaw
-0.308,0.107,0.997,4.366,-15.137,101.132,Yaw
-0.008,-0.016,1.021,11.314,-13.536,30.441,Yaw
0.051,-0.028,1.052,7.105,-10.483,0.368,Yaw
-0.771,0.259,0.932,-9.739,10.526,-76.081,Yaw
-0.327,0.214,0.992,33.749,22.514,-286.685,Yaw
-0.199,0.318,1.060,43.829,26.233,-286.685,Yaw
0.174,0.491,0.990,56.026,19.994,-286.685,Yaw
0.361,0.353,1.130,14.980,5.880,-286.685,Yaw
0.613,-0.407,1.318,49.245,19.206,-260.339,Yaw
0.507,-0.311,1.032,23.362,-4.909,-192.570,Yaw
0.102,0.087,0.978,9.686,-7.840,-71.155,Yaw
0.180,0.021,1.022,-6.633,-5.407,3.850,Yaw
0.680,-0.185,1.084,-10.990,-5.898,172.077,Yaw
0.630,-0.038,1.243,-36.391,-21.805,286.685,Yaw
0.208,0.688,1.012,-33.066,-0.359,286.685,Yaw
-0.321,0.155,0.925,-55.571,-1.461,286.685,Yaw
-0.197,0.061,0.862,-34.248,-11.445,272.807,Yaw
-0.135,0.080,1.035,-12.932,-17.614,248.798,Yaw
-0.265,-0.027,0.985,-2.047,-20.020,191.065,Yaw
-0.024,-0.009,0.978,4.655,-11.734,40.276,Yaw
-0.001,-0.077,0.967,-11.847,4.480,0.289,Yaw
-0.123,-0.168,1.020,-10.754,1.794,-7.927,Yaw
-0.503,-0.022,0.952,-7.840,6.948,-124.784,Yaw
-0.486,0.106,0.890,25.891,16.923,-286.685,Yaw
-0.315,0.346,0.886,59.876,10.903,-286.685,Yaw
0.140,0.441,1.404,77.989,6.519,-286.685,Yaw
0.678,0.350,1.015,25.007,4.559,-286.685,Yaw
0.306,0.229,0.989,28.149,-2.975,-277.865,Yaw
0.377,0.044,1.002,0.831,-9.966,-201.758,Yaw
0.189,-0.048,1.029,-4.025,-9.179,-97.204,Yaw
0.026,0.041,1.040,-12.679,-10.001,-14.831,Yaw
0.088,0.044,0.954,-29.575,-22.444,1.566,Yaw
0.204,0.120,0.977,6.895,2.188,58.266,Yaw
0.378,0.033,1.018,16.056,7.954,199.614,Yaw
0.601,-0.017,1.104,-14.333,-11.366,286.685,Yaw
0.145,0.556,0.996,-13.554,-4.961,286.685,Yaw
-0.316,-0.122,0.993,-34.431,-11.821,286.685,Yaw
-0.442,-0.251,0.990,-37.048,-14.744,286.239,Yaw
-0.302,-0.070,0.971,-23.555,-6.116,220.185,Yaw
-0.050,0.221,0.990,-4.865,-5.609,73.264,Yaw
-0.441,-0.018,1.055,-3.876,0.228,-40.504,Yaw
-0.492,0.142,0.855,6.878,10.325,-256.970,Yaw
-0.110,0.219,0.981,35.971,15.120,-286.685,Yaw
0.043,0.291,1.079,46.322,6.624,-286.685,Yaw
0.052,0.123,1.039,24.299,-3.526,-286.685,Yaw
0.507,0.335,0.970,13.422,-6.247,-283.911,Yaw
0.566,-0.122,1.072,18.121,-3.386,-206.701,Yaw
-0.102,0.157,1.002,11.988,-5.451,-98.175,Yaw
0.117,-0.019,1.008,9.494,-5.302,-72.573,Yaw
0.029,-0.033,1.021,-6.291,-6.799,0.507,Yaw
0.236,0.228,0.990,-7.753,-3.316,41.965,Yaw
0.455,-0.016,1.135,-10.850,-8.033,242.025,Yaw
0.321,0.162,0.934,-13.099,-3.868,286.685,Yaw
-0.121,0.233,1.090,-6.169,-4.655,286.685,Yaw
-0.222,-0.035,0.976,-33.504,-1.759,286.685,Yaw
-0.187,-0.099,0.973,-23.345,-7.858,286.685,Yaw
-0.173,0.060,0.981,-11.620,-7.901,203.035,Yaw
-0.051,0.108,0.952,-3.237,-8.908,62.440,Yaw
-0.022,0.033,1.070,0.228,-4.051,9.809,Yaw
-0.680,0.099,0.940,-6.860,5.285,-110.250,Yaw
-0.201,0.346,0.912,31.115,13.956,-286.685,Yaw
0.206,0.319,1.012,48.011,3.666,-286.685,Yaw
0.206,0.048,1.071,21.840,-1.977,-286.685,Yaw
0.071,0.194,1.011,17.649,-8.584,-286.685,Yaw
0.560,-0.359,1.382,44.424,19.259,-255.202,Yaw
0.348,-0.216,1.045,16.599,-5.425,-106.067,Yaw
-0.036,0.065,0.992,12.618,-5.880,-64.059,Yaw
-0.056,0.177,1.002,-1.496,-3.981,-19.810,Yaw
0.268,0.004,1.015,-6.904,-4.988,14.411,Yaw
0.397,-0.011,1.053,-10.684,-10.071,157.736,Yaw
0.471,0.166,0.932,-28.805,-25.900,277.707,Yaw
-0.090,0.362,1.050,0.560,6.423,286.685,Yaw
-0.225,0.109,1.071,-18.778,-3.351,286.685,Yaw
-0.066,-0.074,1.022,-18.077,-8.715,286.685,Yaw
-0.039,-0.160,0.972,-20.913,-12.127,286.685,Yaw
-0.333,0.109,0.934,-6.510,-12.722,255.281,Yaw
-0.008,0.036,1.012,13.046,-13.099,61.609,Yaw
0.053,0.031,1.030,3.010,-3.981,5.189,Yaw
0.025,-0.031,1.003,3.544,-4.086,1.881,Yaw
0.029,-0.012,1.048,-1.312,-3.290,-0.289,Yaw
-0.466,0.221,0.984,-17.500,9.363,-92.942,Yaw
-0.290,0.215,0.963,0.306,19.198,-286.685,Yaw
0.147,0.073,0.957,35.324,5.705,-286.685,Yaw
0.267,0.101,1.095,27.204,-1.173,-286.685,Yaw
0.036,0.077,1.088,11.270,-9.564,-286.685,Yaw
0.102,0.119,0.940,25.882,-0.919,-281.951,Yaw
0.257,-0.040,1.062,37.651,3.168,-226.555,Yaw
0.117,-0.185,1.041,9.301,-3.727,-48.037,Yaw
0.433,-0.181,1.093,-20.702,-14.087,75.355,Yaw
0.389,-0.057,1.108,-59.876,-50.680,238.954,Yaw
0.157,0.206,0.923,-16.030,-16.415,286.668,Yaw
-0.038,0.287,0.981,8.890,-1.829,286.685,Yaw
-0.018,0.153,1.076,-16.021,-2.713,285.574,Yaw
-0.109,0.006,1.030,-26.119,-0.403,269.150,Yaw
-0.233,-0.162,0.900,-26.049,-0.245,249.174,Yaw
-0.180,-0.002,0.964,1.680,-6.790,131.189,Yaw
0.141,-0.030,1.026,7.044,-5.451,53.961,Yaw
0.056,0.008,1.003,4.795,-4.218,12.932,Yaw
-0.115,-0.162,1.010,-7.298,4.471,-36.173,Yaw
-0.492,0.152,0.993,-7.341,9.363,-135.826,Yaw
-0.371,0.398,0.801,24.955,18.218,-286.685,Yaw
0.182,0.356,0.996,60.533,8.453,-286.685,Yaw
0.485,0.111,1.160,12.714,-0.735,-286.685,Yaw
0.165,0.206,1.077,12.898,0.761,-257.346,Yaw
0.105,0.067,0.988,12.653,7.298,-185.719,Yaw
0.241,-0.155,0.976,17.124,4.174,-122.299,Yaw
0.367,-0.285,1.060,14.709,-0.026,-48.772,Yaw
0.321,0.069,1.023,3.281,-4.139,65.581,Yaw
0.666,0.014,1.065,-9.494,-11.007,257.915,Yaw
0.564,0.109,1.047,-19.600,-13.895,286.685,Yaw
-0.149,0.287,1.118,-35.000,-21.805,286.685,Yaw
-0.450,0.250,0.935,-42.665,-16.940,286.685,Yaw
-0.547,0.060,0.979,-19.267,-3.439,250.294,Yaw
-0.112,-0.024,0.975,0.035,-5.731,48.414,Yaw
-0.192,-0.109,1.086,-1.470,-2.503,-9.389,Yaw
-0.955,0.276,0.862,11.611,9.984,-233.100,Yaw
-0.113,0.350,0.943,52.719,19.836,-286.685,Yaw
0.472,0.202,1.204,26.434,12.092,-286.685,Yaw
0.146,0.318,1.065,11.366,3.553,-286.685,Yaw
0.934,0.637,0.620,-12.031,4.340,-282.284,Yaw
0.343,-0.246,1.057,3.010,-0.481,-120.969,Yaw
0.271,-0.207,1.046,15.374,0.464,-26.425,Yaw
0.201,0.005,1.018,2.686,-5.924,5.582,Yaw
0.456,0.104,0.985,-4.436,-12.757,79.695,Yaw
0.597,0.246,1.053,-3.211,-9.179,272.326,Yaw
0.480,0.416,1.125,-12.994,-18.209,286.685,Yaw
-0.237,0.287,1.137,-41.055,-27.230,286.685,Yaw
-0.541,0.035,0.911,-38.089,-21.849,286.685,Yaw
-0.793,-0.128,0.943,-6.939,-13.965,242.664,Yaw
-0.069,-0.026,1.033,19.093,-18.716,44.345,Yaw
0.046,-0.021,1.031,10.797,-12.110,37.826,Yaw
-0.343,-0.156,1.016,-8.286,2.144,-23.844,Yaw
-0.541,0.081,0.993,-11.821,19.451,-210.271,Yaw
-0.249,0.300,0.912,19.276,28.298,-286.685,Yaw
-0.054,0.359,1.047,36.356,23.170,-286.685,Yaw
0.106,0.508,1.208,35.875,4.637,-286.685,Yaw
0.664,0.383,0.981,-5.556,0.079,-286.685,Yaw
0.557,-0.320,0.999,35.053,7.709,-204.951,Yaw
0.278,-0.222,1.018,21.350,-0.770,-91.717,Yaw
-0.040,-0.023,1.004,5.145,-4.760,-12.626,Yaw
0.048,0.043,0.993,0.096,-4.707,3.474,Yaw
0.470,-0.018,1.079,-1.295,-4.952,108.920,Yaw
0.613,0.086,1.033,-10.377,-5.968,277.664,Yaw
0.351,0.184,1.030,-19.355,-7.560,286.685,Yaw
-0.103,0.281,0.963,-34.580,-18.445,286.685,Yaw
-0.496,0.172,0.879,8.339,-30.336,286.685,Yaw
-0.531,0.082,1.025,28.997,-26.136,234.806,Yaw
0.006,0.028,1.069,14.236,-11.296,42.901,Yaw
-0.196,0.055,1.070,-10.229,5.154,0.105,Yaw
-0.606,0.281,0.967,-48.965,42.656,-197.260,Yaw
-0.313,0.369,0.860,-16.441,44.257,-286.685,Yaw
0.276,0.474,1.061,33.880,24.281,-286.685,Yaw
0.256,0.197,1.040,37.931,-3.010,-286.685,Yaw
0.408,0.187,1.035,24.255,-2.170,-286.685,Yaw
0.578,0.056,1.031,20.186,-6.580,-286.685,Yaw
0.446,-0.272,1.201,25.244,-18.532,-95.743,Yaw
0.057,-0.095,0.998,9.538,-3.001,-0.910,Yaw
0.363,-0.193,1.020,-6.536,-8.068,67.147,Yaw
0.552,-0.207,1.122,-12.512,-13.711,172.760,Yaw
0.441,0.337,1.015,-28.245,-20.090,286.685,Yaw
0.262,0.715,1.095,-4.497,-3.220,286.685,Yaw
0.110,0.010,1.105,-54.206,-9.818,286.685,Yaw
-0.104,0.014,0.937,-57.689,-29.312,286.685,Yaw
-0.597,0.205,0.877,-25.839,-30.406,286.685,Yaw
-0.569,0.227,1.004,4.839,-13.816,124.652,Yaw
0.034,0.064,1.074,6.510,-7.026,13.895,Yaw
-0.206,-0.126,1.037,-1.514,-4.296,-12.267,Yaw
-0.168,0.039,0.955,3.605,1.216,-153.598,Yaw
0.026,-0.029,0.976,21.586,-1.374,-234.133,Yaw
-0.442,0.390,1.055,22.942,0.061,-269.211,Yaw
-0.617,0.774,0.891,15.488,20.921,-286.685,Yaw
0.143,0.745,0.996,67.244,21.429,-286.685,Yaw
0.908,0.225,0.852,22.514,10.710,-286.685,Yaw
0.942,-0.539,1.136,31.054,7.193,-162.846,Yaw
0.231,-0.307,1.038,6.711,-1.295,-23.590,Yaw
-0.084,0.015,1.044,0.989,-8.627,49.053,Yaw
0.136,-0.022,1.083,-17.500,-14.980,81.725,Yaw
0.486,-0.032,1.007,-39.025,-25.638,179.349,Yaw
0.570,-0.064,0.959,-11.821,-15.943,282.914,Yaw
0.339,0.284,0.958,11.672,-9.179,286.685,Yaw
-0.042,0.357,0.952,-56.586,-5.381,286.685,Yaw
-0.223,0.244,0.990,-32.270,-15.951,286.685,Yaw
-0.328,0.054,0.918,-9.441,-22.671,282.581,Yaw
-0.321,0.031,1.039,17.719,-27.484,145.224,Yaw
0.059,0.016,0.994,2.564,-8.321,51.791,Yaw
-0.003,0.023,1.036,-6.195,-0.228,10.150,Yaw
-0.209,-0.093,1.050,-15.426,4.883,-25.952,Yaw
-0.641,0.363,0.908,-15.488,18.594,-226.065,Yaw
-0.260,0.330,0.925,35.647,24.806,-286.685,Yaw
0.114,0.262,1.007,54.775,24.850,-286.685,Yaw
0.356,0.094,1.166,41.694,6.650,-286.685,Yaw
0.658,0.420,1.048,3.299,2.695,-286.685,Yaw
0.734,-0.314,1.111,24.036,-4.716,-140.788,Yaw
0.106,-0.095,0.962,-2.791,-4.707,7.464,Yaw
0.315,-0.208,1.061,-0.892,-4.559,38.955,Yaw
0.616,-0.135,1.050,-19.792,-10.054,199.658,Yaw
0.710,0.426,1.024,-16.056,-8.111,286.685,Yaw
-0.156,0.592,1.233,-45.316,-12.688,286.685,Yaw
-0.448,0.293,0.986,-48.449,-23.695,286.685,Yaw
-0.463,0.101,0.908,-5.932,-30.581,236.057,Yaw
-0.529,-0.062,0.972,8.146,-16.222,82.110,Yaw
-0.020,0.034,1.120,23.555,-21.840,0.315,Yaw
-0.875,0.329,0.986,4.165,-3.920,-83.493,Yaw
-0.588,0.328,0.964,11.261,31.754,-286.685,Yaw
0.430,0.287,1.203,46.182,29.759,-286.685,Yaw
0.305,0.469,1.069,13.641,10.342,-286.685,Yaw
0.223,0.483,1.029,12.766,1.356,-286.685,Yaw
0.635,-0.445,0.981,-11.629,9.310,-239.671,Yaw
0.513,-0.523,1.010,0.700,-4.419,-57.208,Yaw
0.591,-0.219,1.010,-4.944,-5.653,59.833,Yaw
0.750,-0.128,1.067,-7.184,-12.784,212.905,Yaw
0.648,0.273,1.126,-3.911,-6.142,286.685,Yaw
-0.045,0.515,1.279,-37.993,-14.017,286.685,Yaw
-0.495,0.358,0.889,-49.455,-24.308,286.685,Yaw
-0.707,0.339,0.910,-16.529,-27.843,273.087,Yaw
-0.078,-0.093,0.956,-0.796,-6.457,18.629,Yaw
-0.773,0.260,0.962,1.759,1.269,-57.208,Yaw
-0.410,0.254,0.908,45.080,11.060,-286.230,Yaw
0.052,0.106,1.041,47.224,17.167,-286.685,Yaw
0.522,0.069,1.106,18.778,10.360,-286.685,Yaw
0.253,0.202,1.031,9.231,3.439,-273.578,Yaw
0.326,0.023,1.023,2.537,-1.977,-216.773,Yaw
0.471,-0.201,1.146,-18.366,-3.719,-127.067,Yaw
0.742,-0.296,1.122,20.948,-4.244,85.960,Yaw
0.675,0.083,1.070,-6.195,-15.864,285.591,Yaw
-0.048,0.289,1.248,-30.616,-16.170,286.685,Yaw
-0.325,0.275,1.062,-57.321,-20.886,286.685,Yaw
-0.614,0.374,0.870,-28.849,-19.670,238.324,Yaw
-0.028,-0.085,0.945,0.271,-4.025,7.140,Yaw
-0.743,0.317,0.957,13.300,-5.320,-69.886,Yaw
-1.090,0.550,0.914,36.435,7.805,-272.291,Yaw
0.290,0.411,1.218,66.920,26.968,-286.685,Yaw
1.146,-0.004,1.133,15.041,9.677,-286.685,Yaw
0.452,-0.149,1.039,10.999,-6.799,-177.459,Yaw
0.273,-0.153,1.053,2.231,-10.596,-117.302,Yaw
0.195,-0.089,1.084,4.585,-1.671,7.472,Yaw
0.658,-0.371,0.949,-15.706,-12.898,105.464,Yaw
0.672,0.210,1.048,-1.225,-11.585,286.046,Yaw
0.382,0.537,0.979,-17.850,-10.439,286.685,Yaw
-0.207,0.316,0.996,-54.749,-9.231,286.685,Yaw
-0.399,0.157,0.914,-21.306,-26.302,268.992,Yaw
-0.515,0.040,0.961,1.330,-17.605,115.150,Yaw
-0.002,-0.025,0.962,4.008,-10.649,19.722,Yaw
-0.676,0.068,0.922,-14.044,6.431,-28.061,Yaw
-0.818,0.444,0.857,38.062,17.167,-283.203,Yaw
0.180,0.301,1.317,61.276,18.567,-286.685,Yaw
0.642,0.239,1.083,27.816,15.706,-286.685,Yaw
0.794,0.164,1.059,10.579,-1.846,-286.685,Yaw
0.466,-0.331,0.965,-6.379,-1.094,-156.756,Yaw
0.129,0.063,1.015,0.989,-6.571,-43.741,Yaw
-0.010,0.035,1.014,-14.831,-4.673,16.179,Yaw
0.545,0.028,1.001,-7.630,-8.977,94.570,Yaw
0.620,-0.106,1.145,-4.996,-5.267,285.766,Yaw
0.024,0.280,1.192,-26.460,-17.019,286.685,Yaw
-0.287,0.299,1.061,-58.091,-23.013,286.685,Yaw
-0.683,0.203,0.855,-31.500,-23.529,285.582,Yaw
-0.395,0.026,0.965,-2.756,-7.070,102.419,Yaw
-0.190,-0.035,1.057,12.276,-4.847,-3.517,Yaw
-0.523,0.222,0.934,6.685,8.199,-166.696,Yaw
-0.745,0.538,0.896,43.181,18.191,-286.633,Yaw
0.807,0.107,1.166,34.606,18.524,-286.685,Yaw
0.441,0.387,1.022,18.042,5.040,-286.650,Yaw
0.243,0.133,1.054,11.366,-2.870,-267.663,Yaw
0.262,0.145,0.996,-6.108,1.715,-253.846,Yaw
0.373,-0.277,1.067,6.387,-5.460,-94.474,Yaw
0.455,-0.164,0.958,-7.438,-4.156,22.417,Yaw
0.750,-0.135,1.047,2.039,-6.807,263.515,Yaw
0.554,0.143,1.162,-6.948,-7.009,286.685,Yaw
-0.228,0.375,1.040,-40.320,-13.204,286.685,Yaw
-0.615,0.224,0.839,-43.697,-12.565,286.668,Yaw
-0.624,0.205,0.897,-3.640,-9.467,119.079,Yaw
-0.107,0.056,1.060,12.530,-9.249,23.100,Yaw
-0.162,-0.141,1.015,7.858,-3.395,-3.246,Yaw
-0.640,-0.015,1.006,-0.980,4.576,-100.441,Yaw
-0.480,0.381,0.995,-6.282,19.337,-285.670,Yaw
0.213,0.497,1.015,-0.674,21.052,-286.685,Yaw
0.144,0.657,0.916,15.015,19.320,-286.685,Yaw
0.112,0.348,0.904,52.290,12.985,-286.685,Yaw
0.673,-0.119,1.177,11.305,-0.359,-286.685,Yaw
0.853,-0.414,0.974,2.774,5.119,-217.928,Yaw
0.597,-0.150,0.951,13.528,-10.290,-4.786,Yaw
0.645,-0.120,1.011,16.651,-13.265,246.006,Yaw
0.600,-0.027,1.133,4.182,-4.900,286.685,Yaw
0.000,0.181,1.087,-39.156,-21.105,286.685,Yaw
-0.660,0.572,0.871,-55.361,-7.823,286.685,Yaw
-0.673,0.229,0.922,-9.441,-4.988,248.176,Yaw
-0.290,0.014,0.992,18.603,-16.161,43.794,Yaw
-0.800,-0.109,0.999,21.866,-13.081,-50.435,Yaw
-0.872,0.248,0.949,3.325,21.411,-286.562,Yaw
0.353,0.445,1.119,21.726,24.815,-286.685,Yaw
0.821,0.410,1.018,3.824,-4.812,-286.685,Yaw
0.629,0.328,1.017,-9.205,-0.551,-241.859,Yaw
0.108,-0.221,0.988,-11.865,8.190,-70.936,Yaw
0.366,0.191,1.098,-23.397,-5.294,-11.288,Yaw
0.644,0.272,0.706,9.975,-11.769,128.678,Yaw
0.671,0.284,0.915,71.391,-7.709,274.698,Yaw
0.424,-0.105,1.142,-14.009,-13.396,286.685,Yaw
-0.196,0.211,1.044,-16.923,-57.120,286.685,Yaw
-0.771,0.384,0.846,11.646,-45.124,286.685,Yaw
-1.184,0.153,0.909,17.124,-17.955,221.104,Yaw
-0.353,-0.336,1.056,2.328,7.227,58.581,Yaw
-0.499,-0.107,1.081,-26.757,23.993,41.921,Yaw
-0.879,0.529,0.813,-39.944,47.530,-277.392,Yaw
0.141,0.435,0.845,30.371,45.859,-286.685,Yaw
0.310,0.386,1.167,47.862,7.814,-286.685,Yaw
0.965,0.319,1.022,9.783,0.884,-286.685,Yaw
0.764,0.083,1.091,6.440,-12.670,-254.441,Yaw
0.133,0.034,0.790,-17.316,-0.639,-201.101,Yaw
0.227,0.183,1.002,12.574,-6.685,-120.243,Yaw
0.476,-0.075,1.002,10.325,-2.686,42.018,Yaw
0.620,-0.012,1.090,5.504,-1.855,282.861,Yaw
0.455,0.002,1.066,-16.257,-13.073,286.685,Yaw
-0.369,0.175,1.072,-35.070,-26.548,286.685,Yaw
-0.718,0.093,0.870,-22.312,-18.392,286.685,Yaw
-0.651,-0.125,1.019,-14.507,3.159,222.372,Yaw
-0.099,-0.247,1.000,-21.726,6.799,172.804,Yaw
-0.692,0.264,1.045,-27.895,12.679,90.326,Yaw
-0.421,0.463,0.817,9.555,20.834,-245.822,Yaw
0.328,0.204,1.121,53.961,18.541,-286.685,Yaw
0.498,0.173,1.121,32.375,10.351,-286.685,Yaw
0.690,0.110,1.083,8.050,5.609,-213.535,Yaw
0.297,0.107,1.003,-9.432,-5.005,-126.840,Yaw
0.358,0.265,1.006,-0.849,-9.406,-110.154,Yaw
0.585,0.095,0.664,49.070,-8.312,-38.929,Yaw
0.156,-0.188,1.165,14.262,-14.324,131.810,Yaw
0.136,-0.295,1.041,4.182,-34.379,282.730,Yaw
-0.164,-0.079,0.963,-3.605,-40.880,286.685,Yaw
-0.682,0.181,1.046,-12.906,-16.888,286.685,Yaw
-0.716,-0.179,0.952,-47.189,31.159,205.704,Yaw
-0.317,-0.140,0.917,-18.375,20.685,67.401,Yaw
-1.028,0.346,0.933,13.528,2.152,-229.556,Yaw
-0.957,0.821,0.847,35.901,18.576,-286.685,Yaw
0.606,0.731,1.116,43.654,25.708,-286.685,Yaw
1.175,0.469,1.157,23.888,-9.896,-286.685,Yaw
0.448,0.412,1.052,17.552,-16.433,-284.568,Yaw
0.327,0.130,0.946,6.519,-3.019,-175.665,Yaw
0.123,0.004,0.994,4.690,-3.115,-51.301,Yaw
0.089,-0.041,1.005,1.085,-3.596,13.632,Yaw
0.497,0.015,0.975,-18.734,-8.444,165.786,Yaw
0.554,-0.025,0.975,-7.455,3.027,281.592,Yaw
0.488,-0.070,1.043,-24.054,-14.595,286.685,Yaw
-0.226,0.054,1.112,-60.156,-11.944,286.685,Yaw
-0.429,-0.056,0.913,-62.974,-24.570,286.685,Yaw
-0.398,0.031,0.909,-41.081,-22.645,286.685,Yaw
-0.379,0.263,0.984,-19.574,-9.966,169.811,Yaw
-0.395,0.043,1.050,-15.330,9.476,-57.619,Yaw
-0.639,0.606,0.834,14.542,29.706,-286.204,Yaw
0.027,0.583,0.744,87.719,26.941,-286.685,Yaw
0.344,0.054,1.549,127.207,-21.061,-286.685,Yaw
0.698,0.022,1.047,24.343,10.316,-286.685,Yaw
0.411,0.017,0.999,5.863,-3.964,-273.438,Yaw
0.383,0.389,0.942,9.083,-2.293,-202.116,Yaw
0.227,0.037,1.049,0.359,1.033,-10.264,Yaw
0.584,0.187,1.041,3.062,-7.359,130.541,Yaw
0.374,0.112,1.059,-23.546,-20.720,286.685,Yaw
-0.251,0.365,1.250,-40.460,-13.755,286.685,Yaw
-0.276,0.005,0.867,-44.494,-6.449,286.685,Yaw
-0.185,-0.249,1.017,-24.894,-7.787,282.100,Yaw
-0.274,-0.274,0.995,-22.978,-12.198,255.631,Yaw
-0.307,-0.077,0.949,-16.476,-13.475,209.274,Yaw
-0.154,0.072,1.020,-7.621,-11.331,100.940,Yaw
-0.181,-0.111,1.026,5.206,1.312,-49.201,Yaw
-0.411,0.159,1.017,9.214,6.125,-152.924,Yaw
-0.764,0.948,0.827,30.984,13.274,-280.087,Yaw
0.340,0.700,1.234,92.164,19.994,-286.685,Yaw
0.819,0.058,1.071,33.075,3.185,-286.685,Yaw
0.644,-0.184,1.014,14.805,-7.114,-286.685,Yaw
0.387,-0.248,0.727,-28.954,-9.765,-235.200,Yaw
0.071,-0.065,1.029,-4.043,-7.017,-42.805,Yaw
0.217,-0.057,1.028,-9.669,-8.899,9.249,Yaw
0.854,0.042,1.052,-13.449,-17.413,210.805,Yaw
0.685,0.335,1.106,-9.502,-20.353,286.685,Yaw
-0.244,0.478,1.191,-37.205,-1.111,286.685,Yaw
-0.540,-0.048,0.807,-65.677,-13.842,286.685,Yaw
-0.386,-0.087,0.937,-4.681,-15.050,203.857,Yaw
-0.179,-0.062,1.022,0.726,-8.619,110.320,Yaw
-0.168,0.128,1.057,-6.746,-3.763,31.920,Yaw
-0.674,0.137,1.005,-2.380,6.405,-91.175,Yaw
-0.219,0.299,0.909,40.338,18.611,-286.125,Yaw
0.196,0.203,1.068,58.231,13.694,-286.685,Yaw
0.158,0.155,1.145,32.401,-0.035,-286.685,Yaw
-0.008,0.170,0.991,18.760,-3.019,-286.685,Yaw
0.393,0.281,1.076,-13.274,-3.929,-286.685,Yaw
0.559,-0.256,0.918,26.425,8.767,-239.584,Yaw
0.356,-0.296,0.992,1.339,-9.993,-69.037,Yaw
0.458,-0.285,1.075,3.710,-7.298,91.831,Yaw
0.620,0.099,1.079,-16.809,-22.654,285.976,Yaw
0.290,0.316,1.063,-26.784,-18.086,286.685,Yaw
-0.203,0.261,1.050,-69.702,-6.335,286.685,Yaw
-0.332,0.117,0.762,-40.338,-20.151,286.624,Yaw
-0.496,0.048,1.136,28.403,-15.374,173.276,Yaw
-0.087,-0.010,1.028,15.435,-7.543,49.945,Yaw
-0.132,-0.129,1.012,-1.855,-4.331,-0.962,Yaw
-0.479,0.049,1.018,6.440,-1.829,-118.939,Yaw
-0.180,0.395,0.895,30.441,12.127,-268.135,Yaw
-0.035,0.445,1.050,52.518,7.280,-286.685,Yaw
0.199,0.214,1.088,23.503,2.074,-286.685,Yaw
0.412,0.039,0.937,-0.822,-0.788,-286.685,Yaw
0.481,-0.287,1.121,31.876,1.444,-209.659,Yaw
0.251,-0.273,1.056,7.193,-3.876,-97.195,Yaw
0.227,0.082,0.999,-9.914,-8.715,-25.401,Yaw
0.801,-0.023,1.051,-20.501,-17.509,145.443,Yaw
0.660,0.820,0.988,-12.740,-11.191,286.685,Yaw
0.178,0.832,1.419,-11.506,-6.554,286.685,Yaw
-0.530,-0.213,0.847,-87.859,-34.475,286.685,Yaw
-1.244,-0.215,0.832,-7.674,-33.862,249.156,Yaw
-0.251,-0.051,1.070,12.276,3.159,-22.216,Yaw
-0.208,0.007,0.956,2.949,8.636,-76.562,Yaw
-0.696,0.217,0.950,8.811,14.516,-203.796,Yaw
-0.180,0.520,0.920,50.400,26.128,-286.685,Yaw
0.355,0.421,1.089,67.454,13.309,-286.685,Yaw
0.378,0.252,1.239,29.426,3.045,-286.685,Yaw
0.506,0.197,1.047,14.315,-2.546,-286.685,Yaw
0.456,-0.309,0.938,30.083,13.799,-137.331,Yaw
0.305,-0.206,1.048,2.293,-4.909,-34.344,Yaw
0.362,0.025,0.985,2.835,-6.037,24.386,Yaw
0.611,-0.011,1.152,-21.542,-30.144,210.989,Yaw
0.336,0.169,1.061,-25.060,-24.430,286.685,Yaw
-0.226,0.252,1.077,-43.111,-8.076,286.685,Yaw
-0.345,0.057,0.856,-60.393,-10.754,286.685,Yaw
-0.476,0.054,0.933,-12.836,-15.951,286.598,Yaw
-0.176,-0.070,1.018,3.981,-9.800,136.666,Yaw
-0.009,-0.004,1.006,2.459,-7.700,60.716,Yaw
-0.421,0.010,1.037,0.105,-3.509,-78.286,Yaw
-0.596,0.393,0.928,9.328,20.615,-262.342,Yaw
0.219,0.348,1.011,49.053,26.661,-286.685,Yaw
0.492,0.016,1.145,40.355,6.545,-286.598,Yaw
0.304,0.066,1.033,21.534,-3.456,-265.598,Yaw
0.225,0.008,0.999,11.917,-7.420,-255.334,Yaw
0.295,-0.331,0.837,-12.854,-1.146,-142.992,Yaw
0.793,-0.230,1.139,7.910,-2.809,64.312,Yaw
0.809,0.007,1.092,-7.682,-17.404,286.685,Yaw
0.008,0.300,1.216,-42.079,-23.319,286.685,Yaw
-0.423,0.140,0.868,-70.429,-19.407,286.685,Yaw
-0.616,0.144,0.927,-13.493,-18.603,245.070,Yaw
-0.390,0.192,0.971,7.315,-3.229,21.035,Yaw
-0.835,0.205,1.060,4.392,7.656,-93.966,Yaw
-0.658,0.544,0.876,42.866,27.851,-286.685,Yaw
0.371,0.399,1.103,77.473,31.202,-286.685,Yaw
0.858,0.013,1.083,45.150,1.916,-286.685,Yaw
0.639,-0.111,1.049,18.147,0.438,-268.914,Yaw
0.270,-0.034,1.022,16.590,-7.000,-149.258,Yaw
0.063,-0.243,0.961,-36.969,-14.744,-7.140,Yaw
0.119,0.044,1.080,24.728,-7.271,17.001,Yaw
0.634,-0.197,1.036,-15.243,-11.174,89.154,Yaw
0.575,0.121,1.024,-18.392,-17.360,281.365,Yaw
0.083,0.525,1.146,-4.891,-9.887,286.685,Yaw
-0.341,0.267,1.041,-58.581,-11.637,286.685,Yaw
-0.358,0.009,0.886,-44.284,-12.854,266.849,Yaw
-0.323,-0.064,0.928,-6.142,-11.427,129.658,Yaw
-0.140,0.054,0.999,6.160,-5.950,25.725,Yaw
-0.045,-0.055,1.087,-2.896,0.149,-15.453,Yaw
-0.911,0.312,0.859,6.930,10.972,-164.211,Yaw
-0.178,0.294,0.981,68.399,11.279,-286.685,Yaw
0.710,0.120,1.186,33.976,5.189,-286.685,Yaw
0.724,-0.055,1.037,16.879,-4.113,-263.480,Yaw
0.257,0.063,1.006,4.655,-6.904,-177.774,Yaw
0.040,0.070,1.122,24.202,11.419,-14.849,Yaw
0.610,-0.056,1.067,-34.799,-27.099,68.241,Yaw
0.784,0.188,1.002,-9.065,-20.212,283.483,Yaw
0.106,0.370,1.251,-2.616,-8.881,286.685,Yaw
-0.235,-0.002,0.901,-75.941,-10.605,286.685,Yaw
-0.538,0.087,0.822,-21.192,-21.350,280.052,Yaw
-0.466,0.027,0.965,15.094,-8.759,100.433,Yaw
-0.011,-0.106,1.030,17.666,-11.305,32.655,Yaw
-0.538,0.025,1.000,0.481,1.164,-40.854,Yaw
-0.540,0.295,0.875,15.006,23.747,-262.019,Yaw
-0.097,0.306,0.953,54.486,24.255,-286.685,Yaw
0.586,-0.010,1.169,45.194,11.664,-286.685,Yaw
0.199,-0.042,1.075,10.316,-0.403,-251.562,Yaw
0.199,0.259,0.841,-9.669,-0.779,-230.606,Yaw
0.232,0.187,1.095,21.026,1.339,-178.071,Yaw
0.326,-0.161,1.022,-0.717,-4.961,-97.834,Yaw
0.870,0.010,0.925,-6.265,-10.045,56.560,Yaw
0.655,0.219,1.040,0.709,-15.374,285.285,Yaw
0.309,0.347,1.125,-18.882,-24.176,286.685,Yaw
-0.361,0.105,0.969,-43.978,-23.310,286.685,Yaw
-0.603,0.033,0.933,-20.737,-18.970,264.582,Yaw
-0.431,0.130,0.940,-10.561,0.822,77.753,Yaw
-0.121,0.096,1.037,3.517,-2.852,-27.711,Yaw
-0.922,0.201,0.894,10.570,8.278,-176.899,Yaw
-0.159,0.195,0.973,39.961,29.715,-286.685,Yaw
0.484,0.136,1.304,29.715,11.471,-286.685,Yaw
0.445,0.294,1.028,9.791,-0.656,-286.685,Yaw
0.493,0.377,0.873,-8.347,-6.265,-279.834,Yaw
0.356,-0.165,1.078,21.525,5.084,-103.408,Yaw
0.014,0.016,0.974,4.008,-2.467,-1.374,Yaw
0.470,-0.074,1.083,-8.986,-11.139,81.314,Yaw
0.744,0.148,1.050,-11.699,-17.859,261.608,Yaw
0.249,0.421,1.036,-9.249,-18.926,286.685,Yaw
-0.401,0.142,0.886,-48.493,-10.220,286.685,Yaw
-0.600,0.072,0.920,-17.316,-11.165,234.089,Yaw
-0.314,0.046,0.955,0.061,-4.296,78.356,Yaw
-0.320,0.003,1.095,0.429,-2.485,3.693,Yaw
-0.702,0.226,0.817,4.480,18.812,-205.441,Yaw
-0.215,0.303,1.102,40.145,25.366,-286.685,Yaw
0.412,0.220,1.166,22.619,10.955,-286.685,Yaw
0.185,0.284,1.052,18.708,-2.004,-286.685,Yaw
0.430,0.127,0.722,-11.716,-5.976,-281.085,Yaw
0.426,-0.074,1.155,34.589,17.299,-152.355,Yaw
0.425,-0.237,1.024,1.837,-9.546,-55.475,Yaw
0.509,0.078,1.051,-14.525,-25.541,86.660,Yaw
0.609,0.052,1.044,-2.984,-16.354,281.794,Yaw
0.009,0.109,1.211,4.366,-22.269,286.685,Yaw
-0.471,0.037,1.125,-36.549,-19.539,286.685,Yaw
-0.766,-0.001,0.892,-41.737,-0.989,280.516,Yaw
-0.123,0.026,1.021,-2.336,-1.426,90.221,Yaw
-0.145,0.053,1.026,-4.742,1.986,13.142,Yaw
-0.691,0.280,0.974,-6.633,7.787,-92.811,Yaw
-0.246,0.537,0.832,35.980,29.995,-286.685,Yaw
0.644,0.124,1.206,40.434,13.659,-286.685,Yaw
0.379,0.145,0.995,23.476,-4.323,-286.685,Yaw
0.182,0.334,1.144,15.566,-8.890,-286.685,Yaw
0.339,-0.001,1.227,49.201,13.300,-217.525,Yaw
0.305,-0.149,0.994,14.149,-2.030,-124.530,Yaw
0.191,-0.181,0.991,7.210,-5.399,-11.637,Yaw
0.329,-0.045,1.013,-2.301,-10.561,61.206,Yaw
0.595,-0.081,1.084,-8.619,-12.679,272.913,Yaw
0.306,0.286,0.988,-23.931,-17.500,286.685,Yaw
-0.194,0.185,1.034,-61.845,0.604,286.685,Yaw
-0.380,0.212,0.966,-52.780,-10.946,286.685,Yaw
-0.474,0.175,0.972,-10.614,-11.900,185.342,Yaw
-0.013,0.105,1.025,7.306,-10.736,24.395,Yaw
-0.820,0.310,0.834,1.444,10.167,-144.979,Yaw
-0.213,0.293,0.935,35.123,20.064,-286.606,Yaw
0.403,0.128,1.090,44.748,11.323,-286.685,Yaw
0.268,0.061,1.124,31.824,-9.686,-286.685,Yaw
0.210,0.087,0.970,30.214,-0.875,-286.685,Yaw
0.274,0.131,1.119,30.704,-0.796,-280.927,Yaw
0.527,-0.351,1.081,25.900,6.020,-83.143,Yaw
0.505,-0.086,1.035,-2.345,-9.371,66.141,Yaw
0.416,0.086,1.022,-20.930,-20.108,283.911,Yaw
0.107,0.173,1.048,-43.619,-26.976,286.685,Yaw
-0.387,-0.083,0.904,-53.725,1.207,286.151,Yaw
-0.425,0.165,0.886,-19.311,-5.906,121.231,Yaw
-0.117,0.105,1.021,-0.962,3.089,-22.024,Yaw
-0.551,0.277,0.964,9.502,4.375,-97.484,Yaw
-0.289,0.188,0.886,35.026,14.770,-283.246,Yaw
0.290,0.185,1.230,36.619,4.445,-286.685,Yaw
0.330,0.043,1.007,20.309,4.261,-286.685,Yaw
0.396,0.164,0.868,9.555,1.041,-271.189,Yaw
0.256,-0.056,1.044,15.934,-1.190,-122.229,Yaw
0.110,-0.135,1.011,-0.394,-5.425,-19.259,Yaw
0.525,0.006,1.026,-4.323,-6.895,64.067,Yaw
0.592,0.027,1.151,-26.198,-21.157,209.913,Yaw
0.206,0.419,0.911,-20.930,-16.389,286.685,Yaw
-0.267,0.075,1.212,-33.740,-2.004,286.685,Yaw
-0.192,-0.183,0.918,-40.845,-11.252,286.685,Yaw
-0.140,0.042,0.996,-27.878,-14.262,286.659,Yaw
-0.283,-0.023,0.971,-17.474,-11.288,215.128,Yaw
-0.093,0.023,0.983,4.392,-11.533,64.969,Yaw
-0.618,0.023,1.058,13.650,-9.712,-89.512,Yaw
-0.509,0.546,0.894,11.760,22.470,-266.586,Yaw
0.426,0.405,1.037,54.276,21.105,-286.685,Yaw
0.338,-0.091,1.162,45.806,-2.809,-286.685,Yaw
0.211,-0.149,1.048,11.681,-6.921,-286.685,Yaw
0.147,0.192,0.991,-15.278,-11.935,-286.685,Yaw
0.218,0.068,1.076,19.049,-1.697,-246.960,Yaw
0.204,-0.125,1.047,14.989,3.911,-117.539,Yaw
0.401,-0.179,0.970,-9.721,-10.972,10.824,Yaw
0.611,-0.148,1.074,-12.408,-16.529,127.059,Yaw
0.447,0.307,0.950,0.788,-11.891,286.685,Yaw
-0.264,0.381,1.257,-34.055,-11.602,286.685,Yaw
-0.392,-0.075,0.817,-52.430,-8.304,286.685,Yaw
-0.597,0.062,0.934,-22.811,-5.731,275.573,Yaw
0.008,0.063,1.017,4.594,-5.294,97.230,Yaw
-0.002,0.005,1.021,5.836,-6.650,49.805,Yaw
-0.569,0.200,0.991,6.948,-1.820,-56.752,Yaw
-0.661,0.393,0.906,14.752,15.417,-255.106,Yaw
0.304,0.299,0.995,45.106,25.786,-286.685,Yaw
0.281,0.104,1.106,30.888,-4.235,-286.685,Yaw
0.128,0.233,1.022,18.279,-5.057,-286.685,Yaw
0.369,0.246,0.991,-3.876,-9.389,-286.685,Yaw
0.425,-0.204,1.236,50.943,24.124,-152.967,Yaw
0.240,-0.171,0.994,1.452,-5.119,7.306,Yaw
0.516,-0.254,1.159,-16.327,-20.676,144.988,Yaw
0.486,-0.004,1.012,-35.000,-37.607,280.770,Yaw
0.075,0.386,0.944,-3.115,-1.925,286.685,Yaw
-0.416,0.174,0.921,-49.254,2.721,286.685,Yaw
-0.328,0.210,0.902,-13.807,-5.968,137.069,Yaw
-0.115,0.133,0.984,6.878,-4.051,40.092,Yaw
-0.103,0.041,1.039,0.341,0.744,-7.927,Yaw
-0.664,0.237,0.896,9.074,10.806,-130.708,Yaw
-0.136,0.266,1.078,47.871,8.627,-286.685,Yaw
0.249,0.178,1.173,39.559,-2.310,-286.685,Yaw
0.685,0.096,1.118,38.290,12.819,-286.685,Yaw
0.348,-0.047,1.099,18.235,-11.165,-151.419,Yaw
0.145,-0.062,1.023,7.289,-3.894,-97.353,Yaw
0.140,-0.059,1.001,5.154,-4.961,-29.304,Yaw
0.199,-0.061,1.017,-10.964,-8.733,5.932,Yaw
0.441,-0.133,1.065,-18.611,-23.651,138.364,Yaw
0.424,-0.039,0.966,-36.006,-29.593,286.685,Yaw
0.138,0.242,0.940,-8.382,-12.014,286.685,Yaw
-0.146,0.215,1.010,-15.540,0.569,286.685,Yaw
-0.221,0.062,1.052,-28.420,-1.067,285.180,Yaw
-0.290,0.127,0.983,-16.958,-9.485,210.394,Yaw
-0.371,0.198,0.966,-6.738,-5.066,34.256,Yaw
-0.249,0.144,0.998,5.469,-1.584,-26.504,Yaw
-0.346,0.270,0.954,16.476,14.079,-174.807,Yaw
0.036,0.114,1.031,37.765,11.778,-286.685,Yaw
0.216,-0.045,1.076,34.002,-5.302,-286.685,Yaw
0.153,0.203,1.006,8.164,-4.077,-286.685,Yaw
0.222,0.135,1.030,13.738,-6.055,-286.685,Yaw
0.283,-0.118,1.108,40.320,22.601,-199.526,Yaw
0.375,-0.261,1.033,9.065,-6.335,-36.566,Yaw
0.302,-0.055,1.037,-4.463,-6.457,40.022,Yaw
0.576,-0.115,1.168,-29.269,-31.920,248.570,Yaw
0.391,0.175,1.005,-9.765,-24.483,286.685,Yaw
-0.131,0.358,1.140,-9.940,-4.532,286.685,Yaw
-0.442,0.097,0.947,-56.464,-2.800,286.685,Yaw
-0.441,0.344,0.925,-7.604,-7.910,122.850,Yaw
-0.258,0.141,1.055,4.883,-1.365,-21.525,Yaw
-0.553,0.332,0.950,13.641,17.036,-201.766,Yaw
-0.183,0.293,0.943,45.623,19.968,-286.685,Yaw
0.506,-0.035,1.232,53.401,-5.233,-286.685,Yaw
0.514,-0.198,1.050,25.830,-0.788,-286.659,Yaw
0.193,0.051,1.132,-6.475,-12.329,-224.822,Yaw
0.098,0.080,0.993,35.018,12.364,-140.928,Yaw
0.275,-0.165,1.039,10.649,-1.181,-64.006,Yaw
0.499,-0.207,1.061,-13.344,-9.835,51.319,Yaw
0.529,-0.273,1.154,-61.486,-53.174,243.023,Yaw
0.345,0.269,0.912,-17.132,-24.054,286.685,Yaw
-0.171,0.459,1.086,-4.506,-5.477,286.685,Yaw
-0.509,0.179,0.910,-41.720,-1.601,250.014,Yaw
-0.419,0.170,0.914,-3.176,1.864,12.189,Yaw
-0.076,0.042,0.965,13.939,2.284,-33.591,Yaw
-0.106,0.003,0.971,25.638,-1.234,-85.356,Yaw
-0.383,0.019,1.007,32.839,-0.621,-174.816,Yaw
-0.225,0.143,1.050,28.840,13.020,-286.685,Yaw
0.311,0.018,1.017,23.196,12.871,-286.685,Yaw
0.564,0.017,1.075,12.653,1.934,-238.831,Yaw
-0.017,0.228,0.993,10.815,-6.869,-172.611,Yaw
0.082,0.077,0.999,13.886,-1.768,-124.390,Yaw
0.356,-0.303,1.020,-6.720,-8.006,-38.439,Yaw
0.571,-0.151,1.155,-22.138,-18.349,116.874,Yaw
0.513,-0.083,0.937,-45.649,-50.732,286.685,Yaw
0.174,0.223,0.960,-4.016,-13.939,286.685,Yaw
-0.265,0.289,1.038,-33.836,0.822,286.685,Yaw
-0.638,0.426,0.970,-25.349,-2.608,215.871,Yaw
-0.602,0.470,0.966,8.715,12.075,-79.266,Yaw
-0.406,0.450,0.815,56.744,19.022,-280.411,Yaw
-0.083,0.139,1.320,66.360,1.260,-286.685,Yaw
0.540,-0.027,1.070,45.833,19.486,-286.685,Yaw
1.024,-0.120,0.748,21.455,9.590,-278.163,Yaw
0.440,-0.112,1.087,9.328,-11.217,-62.921,Yaw
0.063,0.014,1.026,6.773,-10.238,-19.670,Yaw
0.123,0.019,0.966,-2.432,-8.864,15.540,Yaw
0.447,-0.126,1.055,-15.225,-12.311,119.945,Yaw
0.518,-0.257,1.179,-50.706,-36.094,286.283,Yaw
0.365,0.353,0.887,-51.809,-40.565,286.685,Yaw
-0.224,0.610,0.979,-15.549,-3.999,286.685,Yaw
-0.540,0.272,0.883,-24.019,-4.970,279.212,Yaw
-0.310,0.231,1.025,12.337,-0.306,61.224,Yaw
0.047,-0.117,1.051,11.445,-3.815,10.570,Yaw
0.046,-0.046,1.016,3.001,-4.384,-5.924,Yaw
-0.088,0.113,0.995,-1.540,1.601,-38.159,Yaw
-0.269,0.166,0.925,4.471,11.743,-175.577,Yaw
-0.458,0.208,0.996,22.426,8.514,-283.272,Yaw
-0.036,0.362,1.285,42.201,0.087,-286.685,Yaw
0.447,0.130,0.995,33.171,12.241,-286.685,Yaw
0.736,-0.270,1.062,29.741,-0.901,-241.973,Yaw
0.389,-0.205,0.977,14.315,-5.644,-96.618,Yaw
0.135,-0.049,1.030,-6.423,-9.310,16.896,Yaw
0.385,-0.058,1.050,-8.321,-11.279,84.446,Yaw
0.313,-0.082,1.159,-53.909,-49.612,243.758,Yaw
-0.565,0.372,1.029,-71.269,-34.090,235.331,Yaw
-0.709,0.453,0.727,-37.170,8.435,-79.747,Yaw
0.142,0.146,0.987,39.804,24.701,-213.115,Yaw
0.327,0.066,1.084,29.671,33.416,-225.943,Yaw
0.273,-0.114,1.057,42.560,34.702,-187.320,Yaw
0.320,-0.199,1.035,8.155,-1.426,-106.838,Yaw
0.088,-0.026,1.034,2.179,-6.554,-25.086,Yaw
0.422,-0.286,1.000,-0.866,-12.898,46.830,Yaw
0.706,-0.271,1.048,-1.295,-10.421,167.387,Yaw
0.463,0.067,1.085,-47.285,-48.037,286.685,Yaw
0.354,0.487,0.929,0.087,-11.576,286.685,Yaw
-0.371,0.461,1.119,-40.320,-4.086,286.685,Yaw
-0.387,0.293,0.872,-53.743,-13.519,286.685,Yaw
-0.755,0.781,0.882,-21.298,-4.839,135.669,Yaw
-0.877,0.821,0.886,30.021,20.808,-262.552,Yaw
0.383,0.176,1.157,72.397,18.559,-286.685,Yaw
0.615,-0.249,1.223,33.443,3.763,-286.685,Yaw
0.688,-0.262,1.099,12.495,-9.844,-286.685,Yaw
0.233,-0.089,1.027,-8.041,-26.442,-282.354,Yaw
0.009,-0.012,1.200,12.801,6.633,-10.028,Yaw
0.015,-0.032,1.080,-10.561,-6.510,-6.186,Yaw
0.447,-0.051,0.935,-17.946,-11.366,22.802,Yaw
0.792,0.088,1.035,10.229,-4.226,215.530,Yaw
0.462,0.244,1.105,1.207,-5.399,286.685,Yaw
-0.212,0.414,1.256,-26.416,-14.613,286.685,Yaw
-0.535,-0.041,0.902,-45.894,-28.962,286.685,Yaw
-0.643,0.117,0.913,-22.479,-10.745,218.164,Yaw
-0.645,0.481,0.981,-2.293,6.335,-20.948,Yaw
-0.796,0.816,0.953,11.515,30.538,-235.830,Yaw
-0.230,0.594,1.080,80.159,29.802,-286.685,Yaw
0.791,-0.087,1.236,44.993,3.920,-286.685,Yaw
0.805,-0.132,1.043,24.430,-0.595,-286.685,Yaw
0.671,-0.040,0.994,34.405,-8.514,-276.439,Yaw
0.024,0.087,1.084,-9.030,-8.873,-4.331,Yaw
0.340,-0.039,1.002,-8.785,-3.990,14.700,Yaw
0.722,-0.130,1.045,-28.061,-22.409,207.445,Yaw
0.643,0.010,1.015,-25.996,-28.087,286.685,Yaw
0.175,0.446,0.957,6.869,-9.432,286.685,Yaw
-0.485,0.235,1.161,-39.340,-0.341,286.685,Yaw
-0.460,0.067,0.923,-37.485,-12.906,278.154,Yaw
-0.546,0.308,0.909,-14.254,-13.746,148.295,Yaw
-0.491,0.330,0.961,0.919,5.250,-42.096,Yaw
-0.633,0.389,0.942,43.531,13.073,-275.756,Yaw
0.107,0.186,1.268,59.036,3.850,-286.685,Yaw
0.325,0.143,1.073,24.237,11.410,-286.685,Yaw
0.543,0.022,1.056,19.093,7.332,-286.685,Yaw
0.631,-0.125,0.741,-2.275,0.604,-219.791,Yaw
-0.024,-0.044,0.980,-5.495,-1.190,-10.132,Yaw
0.123,-0.070,1.021,-2.362,-2.704,9.179,Yaw
0.617,-0.179,1.046,-10.745,-10.658,107.301,Yaw
0.805,0.083,1.039,-19.801,-20.562,286.685,Yaw
0.300,0.612,1.115,-12.408,-9.284,286.685,Yaw
-0.358,0.351,1.275,-46.673,-10.010,286.685,Yaw
-0.628,-0.022,0.848,-51.704,-27.423,286.685,Yaw
-0.707,0.298,0.964,-10.833,-14.560,127.776,Yaw
-0.528,0.547,0.934,7.840,15.269,-109.786,Yaw
-0.457,0.651,0.934,30.581,26.600,-263.568,Yaw
0.049,0.170,1.147,69.650,20.554,-286.685,Yaw
0.523,-0.011,1.172,41.904,-3.806,-286.685,Yaw
0.584,-0.163,1.063,17.019,0.420,-286.685,Yaw
0.508,-0.206,1.053,12.224,-3.098,-277.060,Yaw
0.173,-0.023,1.146,10.132,-1.706,-1.015,Yaw
0.220,-0.155,1.018,-5.574,-9.039,33.232,Yaw
0.470,-0.160,1.036,-14.061,-16.993,153.729,Yaw
0.570,0.021,0.941,-10.868,-16.100,258.422,Yaw
0.502,0.520,1.079,-0.840,-13.676,286.685,Yaw
-0.252,0.412,1.052,-61.346,-16.118,286.685,Yaw
-0.946,0.230,0.806,-32.987,-28.507,286.685,Yaw
-0.748,0.016,0.922,-0.411,-8.724,175.551,Yaw
0.049,0.016,1.022,0.192,7.945,21.936,Yaw
-0.490,0.445,1.006,2.721,7.289,-86.354,Yaw
-0.250,0.362,0.941,46.909,23.896,-286.685,Yaw
0.195,0.109,1.150,60.025,17.938,-286.685,Yaw
0.480,-0.000,1.158,34.851,-4.935,-286.685,Yaw
0.243,0.138,1.084,15.190,-3.404,-286.685,Yaw
0.293,0.339,1.120,4.506,-5.924,-286.685,Yaw
0.461,-0.391,1.058,-9.153,3.920,-160.536,Yaw
0.337,-0.365,0.964,-1.820,-2.564,-37.327,Yaw
0.705,-0.184,1.058,-3.535,-13.956,139.143,Yaw
0.456,0.177,0.943,-16.538,-19.784,286.685,Yaw
0.123,0.383,1.002,-11.812,-15.234,286.685,Yaw
-0.456,0.187,1.164,-37.520,-7.026,286.685,Yaw
-0.703,0.215,0.885,-47.722,-6.597,178.850,Yaw
-0.744,0.587,0.877,18.147,7.009,-74.296,Yaw
-0.545,0.448,0.998,52.605,12.399,-250.180,Yaw
-0.141,-0.065,1.217,50.951,-1.365,-286.685,Yaw
0.428,0.127,1.085,21.726,12.950,-286.685,Yaw
0.963,-0.026,1.009,21.315,5.486,-286.685,Yaw
0.462,-0.306,1.045,3.351,-8.663,-92.251,Yaw
0.244,-0.163,0.999,-4.970,-4.349,28.420,Yaw
0.479,-0.193,1.000,-8.566,-10.972,124.749,Yaw
0.594,0.093,1.094,-21.980,-20.659,286.265,Yaw
0.361,0.405,1.069,-21.017,-23.503,286.685,Yaw
-0.083,0.475,1.041,-33.801,-6.974,286.685,Yaw
-0.409,0.027,0.892,-51.800,-15.330,286.685,Yaw
-0.548,0.104,0.916,-17.491,-17.386,185.273,Yaw
-0.366,0.233,0.988,1.400,-8.890,56.368,Yaw
-0.892,0.477,0.896,7.508,0.814,-90.790,Yaw
-0.378,0.530,0.847,52.658,27.886,-286.685,Yaw
0.450,0.006,1.289,63.420,0.044,-286.685,Yaw
0.678,-0.079,1.058,29.505,5.749,-286.685,Yaw
0.506,-0.151,1.086,18.060,-2.257,-263.804,Yaw
0.112,-0.038,1.082,13.274,0.385,-35.210,Yaw
0.150,-0.073,1.041,-0.551,-3.045,7.096,Yaw
0.511,-0.137,1.065,-8.855,-9.931,125.440,Yaw
0.683,0.077,1.031,-27.948,-22.960,275.695,Yaw
0.175,0.590,1.039,-9.188,-10.220,286.685,Yaw
-0.444,0.086,1.012,-59.246,-7.831,286.685,Yaw
-0.658,-0.032,0.975,-51.397,-15.435,176.015,Yaw
-0.585,0.371,0.814,-5.443,-6.282,11.358,Yaw
-0.676,0.532,0.911,48.694,20.475,-261.747,Yaw
0.060,0.114,1.230,73.946,5.731,-286.685,Yaw
0.363,-0.093,1.068,28.954,9.669,-286.685,Yaw
0.614,-0.239,1.063,14.770,3.675,-286.685,Yaw
0.622,-0.084,0.984,-13.580,-2.100,-140.262,Yaw
0.001,0.048,0.987,-8.111,-6.177,-39.296,Yaw
0.000,0.111,1.030,-5.329,-6.939,-19.233,Yaw
0.091,-0.028,0.996,-13.930,-7.201,2.082,Yaw
0.720,-0.094,1.050,-2.905,-11.174,107.082,Yaw
0.437,0.195,1.121,-10.176,-24.106,286.177,Yaw
0.164,0.287,1.002,-3.911,-12.600,286.685,Yaw
-0.349,0.102,1.018,-4.620,-15.269,286.685,Yaw
-0.382,-0.081,0.832,-31.483,-5.810,227.141,Yaw
-0.335,0.244,0.951,0.201,-5.372,81.016,Yaw
-0.364,0.104,1.058,4.139,3.351,-60.979,Yaw
-0.640,0.264,0.864,23.538,16.065,-249.883,Yaw
-0.149,0.360,1.246,31.981,10.307,-286.685,Yaw
0.684,0.233,1.081,22.435,12.259,-286.685,Yaw
0.814,0.082,1.004,22.269,3.334,-267.776,Yaw
0.343,-0.076,1.045,15.724,-7.271,-151.804,Yaw
0.084,0.010,1.000,2.818,-4.156,-58.572,Yaw
0.341,0.144,0.976,-15.155,-6.799,12.924,Yaw
0.503,0.092,1.053,-28.157,-29.820,196.779,Yaw
0.500,0.016,1.038,-25.795,-24.404,286.650,Yaw
0.109,0.168,0.968,2.730,-16.844,286.685,Yaw
-0.506,0.228,1.254,-7.858,-9.870,286.685,Yaw
-0.447,-0.118,0.913,-26.241,-9.642,255.902,Yaw
-0.467,0.060,0.900,-6.816,-9.153,138.329,Yaw
-0.335,0.179,1.066,10.220,-5.591,-0.429,Yaw
-1.026,0.469,0.757,28.245,16.389,-272.335,Yaw
0.064,0.325,1.364,30.301,20.895,-286.685,Yaw
0.518,0.369,1.052,14.735,10.071,-286.685,Yaw
0.596,0.189,1.114,19.145,0.613,-284.436,Yaw
0.279,-0.102,1.014,13.011,0.761,-156.511,Yaw
0.165,-0.069,1.012,5.171,-2.467,-68.416,Yaw
0.142,-0.095,1.004,-1.610,-4.471,-21.586,Yaw
0.712,-0.059,0.989,-5.836,-7.262,76.842,Yaw
0.554,0.015,1.126,-49.805,-49.481,285.364,Yaw
0.483,0.222,0.995,-8.260,-17.798,286.685,Yaw
-0.194,0.438,1.120,7.551,-13.387,286.685,Yaw
-0.502,0.026,0.794,-53.130,-8.199,286.685,Yaw
-0.554,0.011,0.914,-17.421,-7.936,167.352,Yaw
-0.545,0.328,1.000,8.671,2.249,-76.694,Yaw
-0.958,0.501,0.819,32.952,17.929,-277.830,Yaw
0.278,0.389,1.501,63.744,14.735,-286.685,Yaw
0.792,0.236,1.039,18.734,9.056,-286.685,Yaw
0.638,0.185,1.029,0.350,-2.940,-229.355,Yaw
0.382,-0.232,1.048,13.291,-0.079,-89.714,Yaw
0.045,0.030,1.005,-3.579,-2.275,-6.851,Yaw
0.246,-0.006,1.061,-13.773,-13.764,18.209,Yaw
0.402,-0.063,0.996,-16.642,-19.434,108.439,Yaw
0.553,-0.036,0.912,2.074,-14.105,222.661,Yaw
0.232,0.191,1.072,-6.081,-19.110,286.685,Yaw
-0.308,0.444,1.288,-4.865,-14.954,286.685,Yaw
-0.383,0.178,0.949,-40.827,-8.050,280.621,Yaw
-0.510,-0.110,0.878,-22.794,-9.222,199.719,Yaw
-0.188,-0.019,0.977,8.295,-5.101,47.854,Yaw
-0.834,0.207,0.936,10.106,1.654,-66.351,Yaw
-1.296,0.632,0.837,43.522,29.540,-286.685,Yaw
0.241,0.406,1.296,43.654,19.871,-286.685,Yaw
0.888,0.381,1.029,3.832,7.901,-286.685,Yaw
0.586,0.162,1.043,17.483,-3.509,-228.637,Yaw
0.223,0.062,1.016,10.036,8.164,-116.751,Yaw
0.355,-0.006,0.965,5.241,4.025,-64.225,Yaw
0.687,0.054,0.955,2.161,-11.191,75.504,Yaw
0.580,0.047,1.157,-11.988,-22.286,282.082,Yaw
0.506,0.199,1.025,-18.979,-22.138,286.685,Yaw
-0.157,0.606,1.244,-17.640,-25.349,286.685,Yaw
-0.556,0.134,0.994,-47.924,-25.147,286.685,Yaw
-0.775,0.031,0.929,-19.705,-15.645,286.633,Yaw
-0.680,-0.121,0.970,-1.059,-6.160,112.385,Yaw
-0.691,0.120,1.040,2.957,-3.763,-0.717,Yaw
-1.013,0.543,0.805,22.566,22.269,-286.466,Yaw
0.289,0.554,1.112,56.324,44.940,-286.685,Yaw
0.647,0.425,1.135,24.850,7.481,-286.685,Yaw
0.693,0.339,1.024,16.782,1.400,-286.685,Yaw
0.442,0.067,0.960,-0.805,0.271,-252.962,Yaw
0.398,-0.084,1.026,5.338,-2.879,-102.147,Yaw
0.495,0.026,1.004,3.850,-10.894,33.626,Yaw
0.657,-0.007,0.994,-9.686,-27.886,186.611,Yaw
0.529,0.089,1.172,-3.797,-9.179,286.685,Yaw
-0.274,0.338,1.263,-43.697,-23.774,286.685,Yaw
-0.488,0.076,0.845,-65.634,-18.121,286.685,Yaw
-0.774,0.156,0.858,-34.764,-12.267,249.734,Yaw
-0.541,0.285,0.990,10.806,-1.872,-16.004,Yaw
-0.643,0.161,0.922,42.586,10.789,-271.119,Yaw
-0.018,0.174,1.094,56.542,17.763,-286.685,Yaw
0.388,0.215,1.260,30.354,11.786,-286.685,Yaw
0.261,0.540,1.018,23.809,8.120,-286.685,Yaw
0.770,0.425,0.938,20.965,6.799,-284.279,Yaw
0.484,-0.214,1.014,4.988,3.106,-77.499,Yaw
0.201,-0.017,1.006,2.993,0.411,-10.710,Yaw
0.593,-0.063,0.995,5.023,-9.861,57.986,Yaw
0.913,0.041,1.142,-15.295,-23.380,277.821,Yaw
0.583,0.570,0.979,-25.830,-22.750,286.685,Yaw
-0.481,0.585,1.255,-73.911,-19.740,286.685,Yaw
-0.768,0.179,0.809,-62.571,-29.452,286.685,Yaw
-0.827,0.286,0.872,2.957,-13.641,120.925,Yaw
-0.391,0.133,1.147,23.039,4.366,-63.446,Yaw
-0.975,0.406,0.900,18.471,14.735,-217.149,Yaw
-0.325,0.478,0.944,67.690,32.226,-286.685,Yaw
0.708,0.216,1.168,39.086,17.106,-286.685,Yaw
0.760,0.108,1.130,29.111,8.278,-286.685,Yaw
0.724,0.426,0.970,19.014,4.016,-275.581,Yaw
0.287,-0.143,1.025,0.674,-0.105,-30.853,Yaw
0.595,-0.054,1.024,3.666,-7.341,53.244,Yaw
0.767,-0.011,1.134,-15.986,-27.379,263.340,Yaw
0.640,0.195,1.107,-39.882,-35.306,286.685,Yaw
-0.393,0.691,1.406,-53.349,-12.871,286.685,Yaw
-0.704,0.082,0.867,-76.414,-22.400,286.685,Yaw
-0.571,0.142,0.713,-5.381,-15.269,114.048,Yaw
-0.266,0.030,1.048,39.025,-5.014,-5.819,Yaw
-0.940,0.301,1.013,28.472,8.295,-159.189,Yaw
-0.543,0.510,0.946,67.637,28.639,-286.685,Yaw
0.598,0.316,1.099,25.917,24.019,-286.685,Yaw
0.998,0.214,1.128,23.538,12.583,-286.685,Yaw
0.851,-0.157,1.034,0.254,0.350,-158.182,Yaw
0.148,-0.069,0.989,-4.174,-3.229,0.788,Yaw
0.492,-0.005,1.052,-0.140,-10.719,72.109,Yaw
0.769,-0.004,1.017,-21.551,-26.968,196.429,Yaw
0.553,0.473,1.061,-12.189,-20.370,286.685,Yaw
-0.296,0.590,1.261,-65.030,-9.424,286.685,Yaw
-0.699,0.040,0.826,-63.254,-31.710,286.685,Yaw
-0.932,0.024,0.807,-12.337,-32.786,254.030,Yaw
-0.159,-0.029,1.039,18.016,-5.959,28.254,Yaw
-0.325,-0.129,1.022,6.510,-4.209,-23.485,Yaw
-1.163,0.629,0.775,15.759,23.774,-272.974,Yaw
-0.177,0.545,0.926,58.984,41.195,-286.685,Yaw
0.791,0.191,1.346,44.713,14.324,-286.685,Yaw
0.420,0.350,1.023,18.638,3.588,-286.685,Yaw
0.571,0.080,0.957,0.901,5.302,-252.140,Yaw
0.528,-0.135,1.073,14.105,1.067,-160.510,Yaw
0.544,-0.159,0.973,6.869,-3.797,-4.340,Yaw
0.744,0.008,1.060,-5.416,-17.964,252.788,Yaw
0.559,0.213,1.079,-27.930,-23.065,286.685,Yaw
-0.234,0.540,1.371,-47.985,-20.309,286.685,Yaw
-0.439,0.231,0.804,-68.635,-19.276,286.685,Yaw
-0.699,-0.013,0.921,-11.270,-14.962,213.255,Yaw
-0.238,0.001,1.042,4.401,-5.714,35.359,Yaw
-0.908,0.128,1.056,1.855,-0.875,-71.094,Yaw
-0.601,0.622,0.762,46.524,27.169,-286.685,Yaw
0.687,0.251,1.283,70.035,22.698,-286.685,Yaw
0.631,0.134,1.064,19.075,2.957,-286.685,Yaw
0.422,0.174,1.002,19.372,-1.925,-271.871,Yaw
0.192,0.111,0.995,-8.033,-6.790,-156.345,Yaw
0.518,-0.226,1.055,9.240,-2.082,-26.985,Yaw
0.805,0.075,1.035,0.840,-12.609,173.329,Yaw
0.668,0.274,1.071,-5.722,-14.910,286.685,Yaw
0.122,0.231,1.296,-46.987,-21.210,286.685,Yaw
-0.327,0.113,0.816,-67.734,-35.770,286.685,Yaw
-1.027,0.160,0.915,-26.565,-17.456,245.726,Yaw
-0.534,0.209,0.947,-5.504,-3.412,59.938,Yaw
-0.841,0.120,1.066,10.544,-0.525,-92.908,Yaw
-0.672,0.566,0.808,47.696,21.263,-286.685,Yaw
0.390,0.295,1.132,71.908,27.606,-286.685,Yaw
0.836,0.059,1.195,33.530,14.079,-286.685,Yaw
0.354,0.112,1.026,18.620,0.928,-285.443,Yaw
0.217,0.261,1.041,2.004,-4.034,-197.426,Yaw
0.344,-0.218,1.091,9.660,7.577,-67.156,Yaw
0.572,-0.030,1.071,-4.541,-4.681,10.465,Yaw
0.815,0.110,0.997,3.150,-14.123,265.510,Yaw
0.320,0.331,1.073,-21.026,-17.071,286.685,Yaw
-0.293,0.127,0.926,-72.590,-21.192,286.685,Yaw
-0.478,0.121,0.834,-49.306,-25.200,286.685,Yaw
-0.702,0.097,0.939,-12.547,-11.506,162.741,Yaw
-0.056,0.103,1.067,4.996,-6.545,19.014,Yaw
-1.049,0.540,0.813,2.231,9.800,-149.678,Yaw
-0.423,0.415,0.903,48.344,26.784,-286.685,Yaw
0.398,-0.012,1.179,63.376,21.534,-286.685,Yaw
0.505,0.028,1.103,22.872,0.569,-286.685,Yaw
0.336,0.199,1.045,13.974,-1.872,-286.685,Yaw
0.246,0.458,1.089,5.836,-1.689,-272.536,Yaw
0.477,-0.270,1.091,19.740,5.784,-103.294,Yaw
0.583,-0.228,0.969,-1.820,-6.650,28.840,Yaw
0.677,-0.064,1.028,-2.546,-11.252,266.297,Yaw
0.527,0.235,1.085,-22.715,-17.264,286.685,Yaw
-0.140,0.439,1.162,-50.864,-5.451,286.685,Yaw
-0.447,0.159,0.832,-58.721,-20.554,286.685,Yaw
-0.611,0.193,0.924,-9.984,-13.073,176.068,Yaw
-0.044,0.125,0.973,4.594,-6.011,9.109,Yaw
-0.864,0.443,1.058,13.484,-3.378,-81.191,Yaw
-0.327,0.245,0.987,54.775,24.299,-286.685,Yaw
0.399,0.048,1.112,43.085,12.364,-286.685,Yaw
0.627,0.058,1.135,31.001,-0.166,-286.685,Yaw
0.616,-0.028,1.056,13.484,-2.739,-255.238,Yaw
0.278,0.024,1.055,-2.599,-5.294,-89.276,Yaw
0.467,-0.175,1.070,17.596,-2.625,48.746,Yaw
0.924,-0.187,1.109,1.601,-10.579,263.699,Yaw
0.573,0.510,1.108,-28.000,-22.680,286.685,Yaw
0.015,0.262,1.052,-86.091,-17.736,286.685,Yaw
-0.647,0.316,0.801,-47.031,-39.594,286.685,Yaw
-1.077,0.227,0.925,-20.431,-8.059,99.321,Yaw
-0.738,0.211,1.024,11.244,-4.970,-51.135,Yaw
-0.701,0.608,0.822,43.487,14.971,-286.685,Yaw
0.107,0.254,1.082,76.764,22.951,-286.685,Yaw
0.572,0.021,1.311,47.241,16.179,-286.685,Yaw
0.570,0.120,1.028,18.690,7.954,-286.685,Yaw
0.509,0.031,1.050,4.515,-3.273,-215.206,Yaw
0.202,-0.341,1.033,-24.509,1.531,-41.423,Yaw
0.271,0.002,1.075,-7.551,-8.172,30.914,Yaw
0.785,-0.038,1.013,-10.001,-11.051,177.660,Yaw
0.715,0.284,1.115,-11.760,-13.099,286.685,Yaw
-0.192,0.366,1.099,-69.160,-15.724,286.685,Yaw
-0.423,0.351,0.898,-56.446,-28.779,286.685,Yaw
-0.813,0.255,0.878,-14.648,-24.833,263.034,Yaw
-0.135,-0.051,0.985,10.194,-9.660,3.220,Yaw
-1.033,0.427,0.930,15.488,1.732,-133.262,Yaw
-0.648,0.504,0.895,47.889,33.049,-286.685,Yaw
0.188,0.313,1.098,57.155,33.416,-286.685,Yaw
0.485,0.168,1.108,35.324,2.004,-286.685,Yaw
0.634,0.089,1.043,14.542,1.383,-286.685,Yaw
0.534,0.042,1.018,-1.085,-2.126,-187.915,Yaw
0.268,-0.499,0.864,-36.540,-5.906,-69.702,Yaw
0.452,-0.128,1.027,8.785,-8.540,34.239,Yaw
0.815,-0.055,1.082,-1.628,-10.623,242.148,Yaw
0.605,0.268,1.162,-26.198,-23.651,286.685,Yaw
-0.076,0.355,1.111,-49.621,-13.204,286.685,Yaw
-0.534,0.209,0.867,-62.195,-24.465,286.685,Yaw
-0.845,0.194,0.889,-10.579,-15.514,167.606,Yaw
-0.282,0.038,1.033,13.536,-3.474,-19.372,Yaw
-0.633,0.224,1.012,24.474,-1.059,-105.595,Yaw
-0.454,0.175,0.951,50.173,16.503,-286.186,Yaw
0.255,0.082,1.118,33.924,15.120,-286.685,Yaw
0.255,0.349,0.995,19.906,10.159,-286.685,Yaw
0.468,0.150,1.106,14.875,-2.152,-286.685,Yaw
0.622,-0.014,0.975,-16.984,0.525,-180.600,Yaw
0.180,-0.041,1.056,-1.671,-0.315,-25.970,Yaw
0.152,-0.001,1.040,-17.535,-10.850,4.034,Yaw
0.426,-0.113,0.968,-7.411,-8.706,59.710,Yaw
0.775,-0.075,1.007,16.739,-7.403,275.608,Yaw
0.164,0.407,1.099,-23.406,-17.097,286.685,Yaw
-0.208,0.392,1.205,-66.185,-17.806,286.685,Yaw
-0.520,0.302,0.858,-53.331,-21.892,286.685,Yaw
-0.692,0.137,0.937,-18.007,-13.807,180.539,Yaw
-0.881,0.340,0.965,8.776,-2.144,-82.224,Yaw
-0.685,0.321,0.898,52.972,16.004,-286.685,Yaw
-0.199,0.300,0.980,84.228,9.756,-286.685,Yaw
0.378,0.158,1.069,32.322,7.429,-286.685,Yaw
0.880,0.125,1.054,-0.779,-1.697,-283.570,Yaw
0.778,0.166,0.993,-20.720,1.339,-63.612,Yaw
-0.004,0.053,1.026,-5.329,-1.347,2.730,Yaw
0.312,0.112,0.962,-13.886,-8.068,17.841,Yaw
0.770,0.239,0.954,13.379,0.315,198.765,Yaw
0.764,0.248,1.164,-17.290,-13.746,286.685,Yaw
-0.380,0.356,1.355,-49.009,-21.849,286.685,Yaw
-1.000,-0.094,0.836,-90.484,-33.880,286.685,Yaw
-0.376,0.039,0.665,-23.310,-5.434,130.716,Yaw
0.144,-0.009,1.151,38.325,5.057,1.330,Yaw
-0.212,-0.203,1.163,3.246,7.534,-14.962,Yaw
-0.849,0.069,1.037,-10.351,5.311,-139.913,Yaw
-0.526,0.405,0.719,34.326,24.754,-286.685,Yaw
-0.216,0.522,1.211,136.526,9.599,-286.685,Yaw
0.302,0.368,1.221,51.380,8.488,-286.685,Yaw
0.987,0.342,0.818,-21.718,0.613,-286.475,Yaw
0.666,0.075,1.071,7.954,1.960,-114.380,Yaw
0.534,0.157,0.951,-7.630,-1.706,61.381,Yaw
0.697,0.205,1.087,-4.760,-13.361,240.301,Yaw
0.634,0.376,0.954,-3.745,-9.328,286.685,Yaw
-0.451,0.432,1.215,-49.385,-9.494,286.685,Yaw
-0.663,-0.120,0.833,-59.981,-26.626,286.685,Yaw
-0.800,-0.045,0.829,-18.638,-28.166,284.165,Yaw
-0.162,0.128,0.967,8.759,-11.734,100.459,Yaw
-0.328,0.033,1.087,-0.166,0.595,-12.390,Yaw
-0.803,0.393,0.924,-1.339,23.170,-229.539,Yaw
-0.221,0.546,0.774,46.681,28.254,-286.685,Yaw
-0.117,0.329,1.106,63.026,4.620,-286.685,Yaw
0.415,0.435,1.123,19.442,11.436,-286.685,Yaw
0.788,0.252,0.983,-0.788,-3.727,-286.685,Yaw
0.423,-0.092,0.797,-21.070,0.070,-240.494,Yaw
0.431,-0.248,1.098,14.927,-7.989,-102.270,Yaw
0.302,-0.107,0.995,4.506,-2.047,-0.586,Yaw
0.708,-0.147,1.063,-16.433,-8.251,151.410,Yaw
0.718,-0.031,1.121,-22.986,-15.015,284.900,Yaw
0.060,0.364,1.084,-19.128,-12.504,286.685,Yaw
-0.544,0.122,1.132,-73.115,-14.026,286.685,Yaw
-0.197,0.289,0.731,-65.231,-19.171,220.167,Yaw
-0.088,0.141,0.832,-17.439,-7.849,142.188,Yaw
0.081,-0.182,1.045,48.265,-11.165,131.679,Yaw
-0.255,0.151,1.044,-9.756,-14.114,111.860,Yaw
-0.542,-0.113,0.988,1.111,-4.463,-37.695,Yaw
-0.455,-0.095,1.003,-1.558,4.559,-143.307,Yaw
0.037,0.279,1.035,12.434,14.070,-256.909,Yaw
-0.115,0.502,0.903,40.618,19.136,-286.239,Yaw
0.126,0.456,0.863,72.914,14.026,-286.685,Yaw
0.688,0.020,1.146,34.300,-4.392,-286.685,Yaw
0.480,-0.344,1.057,-3.832,-2.152,-188.501,Yaw
0.336,-0.281,1.014,-2.756,1.601,-51.607,Yaw
0.521,-0.108,0.962,-1.531,-6.379,21.779,Yaw
0.779,-0.192,0.997,3.535,-9.179,134.391,Yaw
0.562,0.168,1.099,-1.908,-11.804,286.685,Yaw
-0.093,0.169,1.185,-39.541,-14.403,286.685,Yaw
-0.562,0.318,0.924,-58.704,-25.961,286.685,Yaw
-0.747,0.441,0.929,-51.660,-18.550,227.561,Yaw
-1.088,0.500,0.982,34.528,20.309,-133.464,Yaw
-0.499,0.498,1.096,66.640,15.312,-286.685,Yaw
0.667,0.213,1.159,39.340,10.876,-286.685,Yaw
0.878,0.010,1.088,12.644,-2.056,-286.685,Yaw
0.252,-0.035,1.025,1.986,-3.806,-286.685,Yaw
0.339,-0.018,0.825,-5.976,8.733,-226.765,Yaw
0.458,-0.343,1.008,-3.876,1.330,-50.514,Yaw
0.620,-0.227,0.953,-2.467,0.446,26.679,Yaw
0.870,-0.193,0.964,-3.447,-15.015,239.619,Yaw
0.462,0.464,1.099,-6.160,-13.528,286.685,Yaw
-0.347,0.526,1.206,-32.533,-10.071,286.685,Yaw
-0.539,0.298,0.896,-47.040,-11.576,286.685,Yaw
-0.651,0.420,0.884,-7.166,-14.472,234.246,Yaw
-0.088,-0.029,1.049,7.359,-6.431,6.633,Yaw
-0.830,0.378,0.889,0.683,9.310,-104.020,Yaw
-0.326,0.451,0.938,34.615,12.092,-282.196,Yaw
-0.010,0.280,1.162,47.784,-4.174,-286.685,Yaw
0.467,0.140,1.090,22.916,-2.196,-286.685,Yaw
0.366,0.039,1.071,0.928,-8.015,-286.685,Yaw
0.502,0.387,0.999,-6.090,-6.230,-286.685,Yaw
0.412,-0.090,1.091,16.161,-9.975,-103.635,Yaw
0.414,-0.187,0.960,-3.500,-3.299,20.212,Yaw
1.062,-0.296,1.011,-18.524,-11.165,216.011,Yaw
0.830,0.306,1.183,-23.896,-19.924,286.685,Yaw
-0.293,0.776,1.149,-49.403,-15.610,286.685,Yaw
-0.634,0.213,0.787,-67.804,-21.263,286.685,Yaw
-0.110,0.032,0.684,20.983,-18.847,192.850,Yaw
-0.475,0.059,1.366,48.851,-14.656,145.320,Yaw
-0.284,-0.037,1.027,-2.896,-2.249,-4.086,Yaw
-1.054,0.539,0.872,17.343,17.150,-266.280,Yaw
0.032,0.759,0.956,63.980,7.219,-286.685,Yaw
0.785,0.405,1.199,45.596,1.794,-286.685,Yaw
0.569,-0.027,1.067,12.565,-6.597,-286.685,Yaw
0.526,0.344,0.963,-1.592,-3.141,-286.379,Yaw
0.534,-0.159,1.096,11.331,-8.566,-109.357,Yaw
0.377,-0.284,1.012,-3.588,-2.179,-15.015,Yaw
0.836,-0.327,1.054,-4.218,-10.377,140.070,Yaw
0.672,0.346,1.085,-35.805,-31.229,286.685,Yaw
-0.058,0.764,0.977,-40.670,-16.555,286.685,Yaw
-0.677,0.209,1.148,-57.846,-17.596,286.685,Yaw
-0.501,0.005,0.780,-40.889,-18.567,243.416,Yaw
-0.567,0.375,0.907,36.846,-2.319,50.208,Yaw
-0.929,0.455,1.000,24.430,20.099,-207.734,Yaw
-0.609,0.530,0.938,62.650,17.999,-286.685,Yaw
0.360,0.406,1.161,55.221,0.945,-286.685,Yaw
1.127,0.069,1.046,18.620,2.231,-286.685,Yaw
0.456,-0.218,1.041,10.850,-7.219,-159.066,Yaw
-1.963,0.908,0.233,119.857,-103.486,-286.685,Shake
-1.203,0.798,0.235,105.980,-124.740,-286.685,Shake
0.287,0.603,0.345,156.756,-87.386,-286.685,Shake
1.855,-0.227,1.369,195.195,0.149,-286.685,Shake
1.999,-1.119,1.709,66.981,55.466,-120.418,Shake
1.999,-0.854,1.356,-41.729,18.419,274.864,Shake
1.471,0.186,0.883,-58.896,-16.144,286.685,Shake
0.198,1.526,1.487,-150.351,-171.587,286.685,Shake
-1.999,1.238,0.242,-119.315,-94.238,286.685,Shake
-1.999,1.473,-0.613,-12.399,284.821,180.145,Shake
-1.999,1.079,-0.334,78.514,110.967,-152.259,Shake
-1.985,0.977,0.598,112.236,-182.586,-286.685,Shake
-0.782,0.884,0.913,112.586,-100.179,-286.685,Shake
1.113,0.010,1.754,123.130,-21.070,-286.685,Shake
1.955,-0.665,1.970,46.156,95.725,-281.925,Shake
1.999,-0.925,0.970,-69.466,94.754,-101.596,Shake
1.904,-0.694,0.532,-43.374,23.284,225.444,Shake
1.250,0.128,0.787,-65.914,-85.024,286.685,Shake
0.800,1.144,1.155,-113.855,-164.701,286.685,Shake
-1.950,1.815,0.304,-115.999,-73.071,286.685,Shake
-1.999,1.400,-0.721,25.279,167.641,268.634,Shake
-1.999,1.407,0.572,90.676,-34.842,-196.105,Shake
-1.999,1.347,0.719,18.708,-122.701,-286.685,Shake
-1.256,1.147,0.107,-8.102,-92.750,-286.685,Shake
0.599,1.047,0.481,142.739,-50.759,-286.685,Shake
1.999,-1.190,1.999,154.236,2.179,-286.615,Shake
1.999,-1.456,1.999,-108.920,-14.542,237.755,Shake
1.999,0.695,0.944,-206.465,-24.701,286.685,Shake
0.437,1.996,1.517,-237.562,-140.551,286.685,Shake
-1.999,1.998,-0.349,-139.484,65.327,286.685,Shake
-1.999,1.535,-1.283,-17.097,223.633,154.980,Shake
-1.999,1.387,-0.579,89.259,-44.214,-170.161,Shake
-1.997,1.332,0.160,123.786,-98.919,-286.685,Shake
-0.499,1.205,0.562,202.676,-29.251,-286.685,Shake
1.297,-0.004,1.999,261.739,56.831,-286.685,Shake
1.999,-1.244,1.999,94.518,104.186,-278.005,Shake
1.999,-0.955,1.395,-99.531,76.300,123.646,Shake
1.553,-0.114,0.915,-111.073,55.072,286.685,Shake
0.879,1.146,1.309,-188.702,-124.014,286.685,Shake
-1.383,1.817,0.882,-204.899,-194.723,286.685,Shake
-1.999,1.779,-1.230,-75.486,168.184,285.101,Shake
-1.999,1.439,-0.580,126.840,66.412,-146.947,Shake
-1.999,1.435,0.458,148.706,-116.812,-286.685,Shake
-1.356,1.465,0.355,177.214,-112.604,-286.685,Shake
0.928,1.221,0.965,263.856,-91.997,-286.685,Shake
1.999,-1.329,1.999,180.101,122.369,-285.486,Shake
1.999,-0.853,1.810,-170.117,88.996,222.670,Shake
1.880,0.647,1.025,-196.420,37.161,286.685,Shake
1.069,1.694,1.349,-242.830,-94.229,286.685,Shake
-1.796,1.998,0.767,-266.682,-242.673,286.685,Shake
-1.999,1.986,-1.307,-81.497,22.960,271.871,Shake
-1.999,1.593,-0.409,137.340,-139.799,-128.984,Shake
-1.999,1.227,0.556,204.549,-38.911,-286.685,Shake
-1.859,1.187,0.893,255.010,162.584,-286.685,Shake
0.186,0.844,1.999,286.685,285.793,-286.685,Shake
1.815,-0.950,1.999,66.745,235.891,-286.685,Shake
1.959,-0.799,1.990,-173.688,166.635,-115.491,Shake
1.696,-0.473,1.740,-208.617,284.883,170.065,Shake
0.741,0.205,1.160,-286.685,286.685,280.026,Shake
0.792,1.582,-1.002,-286.685,284.987,286.685,Shake
-1.891,1.998,-1.998,-248.570,-235.235,261.249,Shake
-1.999,1.759,-1.998,86.039,-286.685,-169.943,Shake
-1.513,1.273,-1.842,154.857,-285.758,-286.685,Shake
-1.256,0.975,-0.658,285.688,-286.685,-286.685,Shake
-0.043,0.924,1.038,286.685,-252.744,-286.685,Shake
1.925,-1.104,1.999,286.221,-40.022,-275.345,Shake
1.904,-1.094,1.999,-95.567,155.890,63.709,Shake
1.126,-0.249,1.999,-257.670,286.685,281.076,Shake
0.297,0.373,0.929,-286.685,286.685,286.685,Shake
0.231,1.281,-0.143,-286.685,286.685,286.685,Shake
0.738,1.885,-1.987,-286.685,286.685,286.685,Shake
0.645,1.790,-1.998,-268.047,286.685,286.685,Shake
-0.742,1.259,-1.998,-71.146,283.281,276.124,Shake
0.106,1.155,-1.998,57.164,-247.704,-115.439,Shake
-0.019,1.091,-1.719,227.133,-286.685,-63.035,Shake
-1.326,0.685,-0.727,286.685,-286.685,-3.999,Shake
-1.790,0.435,-0.014,286.685,-286.685,-92.829,Shake
-1.240,0.042,0.829,286.685,-286.685,-286.326,Shake
0.458,-1.347,1.999,263.174,-281.059,-274.085,Shake
0.184,-0.612,1.999,-155.549,221.253,73.132,Shake
0.081,0.497,1.683,-286.685,286.685,128.389,Shake
0.482,1.473,1.077,-286.685,286.685,136.614,Shake
1.563,1.998,-0.464,-286.685,286.388,193.480,Shake
1.080,1.998,-1.998,-286.685,-6.641,286.685,Shake
-1.189,1.963,-0.581,-161.315,-286.685,275.975,Shake
-0.990,1.770,-1.255,-84.700,-286.685,26.583,Shake
-0.634,1.323,-1.332,81.541,-286.685,-31.745,Shake
-1.039,1.265,-0.427,283.605,-286.685,6.046,Shake
-1.999,1.135,0.717,286.685,-111.895,-68.819,Shake
-1.999,1.013,1.791,283.036,17.500,-286.685,Shake
-1.998,0.668,1.999,146.484,-34.090,-286.685,Shake
-0.888,0.333,1.442,-46.489,-201.766,-286.685,Shake
0.306,-0.014,1.296,-208.696,-265.983,-286.685,Shake
0.887,0.447,1.087,-286.685,-220.281,-210.193,Shake
0.663,1.793,0.121,-286.685,-259.980,199.211,Shake
-0.463,1.998,-0.509,-286.685,-286.685,286.650,Shake
-1.891,1.636,-1.068,-183.706,-239.137,286.685,Shake
-1.999,1.365,-1.998,5.023,40.530,175.018,Shake
-1.999,1.187,-1.304,285.276,-103.381,-216.755,Shake
-1.899,1.332,0.066,286.685,-159.434,-286.685,Shake
-0.579,1.517,1.490,286.685,-260.837,-286.685,Shake
1.501,-0.918,1.999,286.239,-153.694,-286.685,Shake
0.856,-1.400,1.999,-171.010,214.699,-286.160,Shake
0.409,-0.903,1.999,-280.490,107.520,-197.295,Shake
0.835,-0.423,1.351,-286.685,-143.719,-102.725,Shake
1.177,0.461,0.180,-286.685,-286.685,225.444,Shake
0.714,1.105,-0.654,-212.109,-26.618,286.685,Shake
-1.305,1.998,-1.998,-81.279,258.685,286.685,Shake
-1.999,1.504,-1.834,236.399,247.074,286.685,Shake
-1.999,1.211,-0.453,286.685,17.185,-55.519,Shake
-1.477,1.520,-0.249,286.685,-221.217,-286.685,Shake
0.741,1.283,0.278,286.685,-286.685,-286.685,Shake
1.019,-0.228,1.961,286.685,-37.336,-89.775,Shake
0.756,-0.314,1.146,266.429,191.931,281.610,Shake
0.446,0.155,0.965,226.292,66.132,286.685,Shake
-0.075,0.187,1.567,123.970,-38.605,286.685,Shake
-0.571,0.709,1.999,-36.741,-17.990,286.685,Shake
-1.590,1.213,1.999,-259.184,54.994,286.685,Shake
-1.999,1.708,1.702,-286.685,182.893,250.180,Shake
-1.999,1.840,1.139,-286.685,279.825,27.405,Shake
-1.942,1.998,-0.090,-286.685,286.685,-255.614,Shake
-1.775,1.644,-1.085,-265.247,197.864,-286.685,Shake
-1.485,1.328,-0.115,50.811,211.479,-286.685,Shake
-1.431,1.355,0.482,171.500,286.685,-286.685,Shake
-0.969,1.650,0.211,213.701,283.001,-286.685,Shake
0.387,1.694,0.021,286.685,197.697,-286.685,Shake
1.140,0.566,0.503,286.685,141.295,-286.685,Shake
0.808,-0.332,0.795,286.685,128.310,-191.818,Shake
0.538,-0.773,1.770,286.685,89.723,-116.848,Shake
1.308,-1.592,1.999,172.996,-51.651,-57.645,Shake
1.999,-1.144,1.999,-148.085,-194.758,225.242,Shake
1.976,0.681,1.999,-286.685,-44.651,286.685,Shake
1.546,1.907,1.533,-286.685,72.765,286.685,Shake
0.407,1.998,1.001,-286.685,-8.374,286.685,Shake
-1.999,1.998,-0.667,-285.443,-263.489,286.685,Shake
-1.999,1.933,-1.449,-74.725,-114.573,283.911,Shake
-1.999,1.687,-1.366,184.905,-286.685,26.040,Shake
-1.999,1.649,-0.699,286.598,-280.499,-189.306,Shake
-1.852,1.566,1.403,286.685,-66.570,-286.685,Shake
-0.187,1.213,1.999,283.491,65.975,-286.685,Shake
1.301,-0.633,1.999,87.990,19.941,-286.685,Shake
1.603,-1.076,1.999,-230.965,36.759,-254.555,Shake
1.798,-0.753,1.975,-286.685,94.675,-51.188,Shake
1.755,0.568,1.720,-286.685,103.941,268.712,Shake
0.866,1.998,0.556,-286.685,-8.216,286.685,Shake
-0.187,1.998,-1.998,-286.685,36.514,286.685,Shake
-1.437,1.998,-1.998,-154.656,61.609,286.685,Shake
-1.799,1.998,-1.627,228.086,-82.775,284.961,Shake
-1.999,1.921,-0.792,286.685,-175.227,22.138,Shake
-1.999,1.810,0.258,286.685,-286.685,-267.916,Shake
-1.957,1.457,0.806,286.685,-286.685,-286.685,Shake
-0.960,0.799,1.799,286.685,-275.616,-286.685,Shake
-0.033,-0.394,1.999,278.845,31.946,-286.685,Shake
0.188,-0.831,1.999,2.441,70.779,-283.106,Shake
0.466,-0.649,1.999,-181.842,84.927,-168.849,Shake
0.631,-0.171,1.927,-286.685,108.570,-116.340,Shake
0.589,0.836,1.069,-286.685,177.818,115.719,Shake
0.950,1.914,0.466,-286.685,230.318,213.273,Shake
0.741,1.998,-1.998,-286.685,-83.904,286.659,Shake
-0.578,1.993,-1.998,-281.120,-286.685,286.685,Shake
-1.333,1.524,-0.864,21.569,-237.291,225.444,Shake
-1.595,1.010,-0.952,100.310,-214.848,60.620,Shake
-1.999,0.688,-0.755,240.607,-143.115,-46.926,Shake
-1.999,0.083,0.710,286.685,63.245,-247.179,Shake
-1.999,-0.459,1.592,278.793,118.764,-286.685,Shake
-1.983,-0.602,0.762,167.046,67.340,-286.685,Shake
-0.833,0.075,0.232,170.231,-85.505,-286.685,Shake
0.860,0.527,-0.493,186.935,-155.129,-286.685,Shake
1.879,0.790,-0.270,286.685,-32.996,-91.717,Shake
1.237,0.310,0.683,286.685,49.971,165.130,Shake
0.735,-0.081,1.140,233.511,23.564,286.685,Shake
0.523,0.425,0.740,53.139,-154.499,286.685,Shake
-0.529,0.067,1.999,71.838,-286.685,286.685,Shake
-0.823,0.370,1.999,41.116,-284.401,286.685,Shake
-1.542,0.616,1.999,-266.989,187.285,286.685,Shake
-1.999,0.598,1.538,-286.685,286.685,286.283,Shake
-1.999,0.844,0.430,-286.685,286.685,46.856,Shake
-1.999,1.076,0.088,-286.685,286.685,-142.791,Shake
-1.949,1.551,-0.494,-253.908,237.283,-285.985,Shake
-0.594,1.617,-1.298,-11.121,0.446,-286.685,Shake
0.143,1.564,-0.888,236.810,42.945,-286.685,Shake
0.718,1.456,-0.228,286.685,235.148,-286.685,Shake
1.032,1.262,0.352,286.685,234.719,-275.555,Shake
1.199,0.555,1.400,286.685,119.674,-82.801,Shake
1.624,-1.327,1.999,286.685,-244.755,145.163,Shake
0.800,-0.763,0.499,93.914,-196.849,252.674,Shake
0.529,0.002,0.982,-36.146,-25.235,212.538,Shake
-1.388,0.391,1.999,-105.919,-217.306,286.685,Shake
-1.999,0.298,1.851,-263.655,-35.350,285.670,Shake
-1.951,0.188,0.334,-276.203,261.144,56.971,Shake
-0.983,0.120,0.518,-211.741,286.685,-121.607,Shake
-0.503,0.029,0.407,-141.925,267.759,-153.834,Shake
-0.586,-0.071,0.102,-85.741,108.762,-136.526,Shake
-0.255,-0.227,0.180,-25.253,228.961,-153.667,Shake
-0.223,-0.338,-0.105,33.932,286.685,-125.361,Shake
0.173,-0.440,0.218,141.951,217.980,-117.372,Shake
0.847,-0.766,0.479,148.304,-20.974,-14.682,Shake
1.057,-0.796,0.700,100.887,-73.272,135.581,Shake
-0.028,-0.098,0.759,16.791,-65.590,286.685,Shake
-1.607,0.252,0.450,-8.164,-45.220,286.685,Shake
-1.999,0.212,0.110,6.274,20.484,194.906,Shake
-1.688,0.039,0.296,16.013,-44.030,62.213,Shake
-0.956,0.088,0.011,10.307,-263.996,-21.971,Shake
-1.999,0.259,0.156,61.390,-279.720,-46.926,Shake
-1.998,0.305,0.119,52.474,-163.345,-285.189,Shake
-0.354,0.396,-0.417,70.525,-186.489,-286.685,Shake
1.370,0.063,0.764,264.022,-65.266,-286.633,Shake
1.991,-1.579,1.999,206.246,113.820,51.643,Shake
0.755,-0.505,1.999,-191.634,-47.232,286.685,Shake
0.142,0.185,1.707,-284.253,-120.304,286.685,Shake
-1.802,0.796,0.949,-286.598,4.060,286.685,Shake
-1.999,0.891,-0.937,-192.089,268.739,208.723,Shake
-1.999,0.724,-0.818,-13.073,142.704,-167.667,Shake
-1.532,0.577,-0.271,88.550,-8.750,-286.685,Shake
-0.750,0.553,-0.086,141.995,-8.584,-286.685,Shake
0.477,0.437,0.375,255.106,17.421,-286.685,Shake
1.994,-1.038,1.999,284.506,119.621,-226.852,Shake
1.989,-1.411,1.999,-56.639,102.200,152.381,Shake
1.551,-0.325,1.673,-207.296,75.915,286.055,Shake
0.893,0.404,0.988,-228.156,49.893,286.685,Shake
0.259,1.527,1.116,-269.027,-134.426,286.685,Shake
-1.979,1.870,0.013,-225.137,-126.779,286.685,Shake
-1.999,1.659,-0.943,-115.491,-1.383,286.685,Shake
-1.999,1.120,-0.786,61.014,-35.814,46.261,Shake
-1.999,0.771,-0.071,162.741,-96.224,-236.154,Shake
-1.355,0.446,0.769,235.244,-88.209,-286.685,Shake
-0.294,0.319,1.882,243.819,-30.721,-286.685,Shake
0.788,-0.381,1.999,178.342,107.809,-286.685,Shake
1.604,-0.777,1.999,-68.355,160.974,-169.960,Shake
1.419,-0.004,1.267,-248.089,31.850,194.206,Shake
1.287,0.856,0.815,-286.685,-93.870,286.685,Shake
0.264,1.998,0.697,-286.685,-221.769,286.685,Shake
-1.999,1.998,-1.091,-219.319,-178.307,286.685,Shake
-1.999,1.454,-1.640,31.281,28.910,-2.791,Shake
-1.999,1.220,-0.278,240.371,-127.356,-284.716,Shake
-1.647,0.981,0.657,286.685,-28.411,-286.685,Shake
-0.283,0.708,1.814,286.685,-66.325,-286.685,Shake
1.150,-0.195,1.999,217.333,-14.254,-286.685,Shake
1.999,-1.126,1.999,-86.223,128.520,-208.171,Shake
1.993,-0.715,1.653,-206.518,58.844,258.151,Shake
1.329,0.439,1.032,-250.206,31.176,286.685,Shake
0.910,1.986,0.833,-286.685,-94.386,286.685,Shake
-1.672,1.998,0.155,-228.174,-164.290,286.685,Shake
-1.999,1.914,-1.454,-30.205,70.507,280.962,Shake
-1.999,1.448,-1.259,128.179,-6.991,58.940,Shake
-1.854,1.046,-0.424,286.598,-143.255,-219.450,Shake
-0.763,0.878,0.763,286.685,28.858,-286.685,Shake
-0.680,0.698,1.999,286.685,284.777,-204.531,Shake
-1.129,0.313,1.999,276.456,286.685,-158.322,Shake
-1.186,0.077,1.999,66.780,286.685,-174.370,Shake
-0.241,0.115,1.677,-155.059,91.184,-189.884,Shake
0.361,0.805,1.070,-286.685,-118.921,-121.739,Shake
0.753,1.714,-0.186,-286.685,-214.839,-5.136,Shake
-0.585,1.905,-0.630,-286.685,-286.685,108.500,Shake
-1.918,1.622,-1.419,-277.217,-240.179,110.058,Shake
-1.999,1.157,-1.719,-36.864,-31.028,-97.247,Shake
-1.993,0.772,-0.727,198.380,-64.872,-283.325,Shake
-1.530,0.559,0.674,286.685,20.930,-286.685,Shake
-0.864,0.474,1.288,286.685,11.042,-286.685,Shake
0.340,-0.297,1.999,286.685,-140.980,-286.685,Shake
1.609,-1.474,1.999,66.894,-97.484,-280.682,Shake
1.632,-0.872,1.731,-192.246,6.073,58.039,Shake
1.083,-0.292,1.436,-283.220,45.684,284.550,Shake
0.610,0.776,1.187,-286.685,-1.181,286.685,Shake
-0.345,1.998,0.714,-286.685,-123.926,286.685,Shake
-1.999,1.998,-1.187,-264.889,-168.061,286.685,Shake
-1.999,1.438,-1.035,-18.121,-88.769,162.137,Shake
-1.938,1.116,-0.640,83.738,-177.152,-15.068,Shake
-1.879,0.615,-0.282,199.719,-139.396,-121.441,Shake
-1.613,0.353,0.549,286.545,-28.017,-261.179,Shake
-1.209,0.108,1.778,286.685,91.787,-286.685,Shake
-0.616,-0.508,1.999,266.980,232.776,-286.685,Shake
0.096,-1.008,1.999,122.859,263.979,-285.854,Shake
1.000,-0.838,1.999,-126.158,-26.372,-75.591,Shake
0.921,0.300,1.290,-286.283,-25.174,173.600,Shake
0.701,1.633,0.572,-286.685,-47.355,286.685,Shake
-0.446,1.998,-0.167,-286.685,-143.859,286.685,Shake
-1.999,1.768,-1.229,-186.550,-116.340,270.392,Shake
-1.999,1.227,-1.261,56.709,-41.895,-51.669,Shake
-1.724,0.908,-0.757,178.981,-165.742,-222.994,Shake
-1.208,0.485,0.227,283.684,-161.901,-286.685,Shake
-0.603,-0.030,1.772,286.685,12.127,-286.685,Shake
-0.400,-0.551,1.999,286.606,107.870,-278.819,Shake
-0.237,-1.078,1.999,18.944,184.363,-250.268,Shake
0.649,-0.765,1.995,-200.296,-87.369,-180.758,Shake
0.911,0.094,1.535,-286.650,-254.529,34.737,Shake
0.906,1.590,0.965,-286.685,-286.440,280.682,Shake
-0.404,1.998,0.169,-286.685,-258.108,286.685,Shake
-1.999,1.738,-1.206,-145.014,-62.178,286.685,Shake
-1.999,1.080,-1.055,77.840,-31.465,135.354,Shake
-1.999,0.636,-0.701,241.281,-87.054,-99.199,Shake
-1.969,0.613,-0.051,286.685,-39.690,-286.598,Shake
-0.986,0.777,1.769,286.685,-15.575,-286.685,Shake
-0.011,-0.166,1.999,285.880,65.747,-286.685,Shake
0.974,-0.901,1.999,-1.094,134.076,-252.114,Shake
1.408,-0.605,1.888,-199.789,-25.226,-6.160,Shake
1.165,-0.061,1.468,-272.125,-37.100,166.539,Shake
0.958,1.325,0.990,-286.685,-85.654,286.685,Shake
-0.276,1.998,0.467,-286.685,-204.356,286.685,Shake
-1.999,1.809,-0.948,-167.011,-140.796,286.685,Shake
-1.999,1.124,-1.149,42.595,53.454,92.601,Shake
-1.999,0.907,-0.721,178.894,-21.420,-111.860,Shake
-1.525,0.683,0.326,286.580,-87.019,-286.685,Shake
-0.114,0.576,1.743,286.685,-88.664,-286.685,Shake
0.933,-0.362,1.999,281.103,92.890,-276.596,Shake
0.826,-0.812,1.999,75.906,219.144,-70.096,Shake
0.831,-0.393,1.928,-189.849,44.791,69.370,Shake
0.785,0.566,1.283,-286.685,-47.434,236.950,Shake
0.291,1.925,0.539,-286.685,-32.384,286.685,Shake
-1.129,1.990,-0.635,-283.622,-77.866,286.685,Shake
-1.999,1.657,-1.459,-24.386,-20.834,257.731,Shake
-1.999,1.242,-0.842,193.200,-0.429,-103.819,Shake
-1.711,0.906,0.209,285.985,-105.114,-286.685,Shake
-0.385,0.656,1.598,286.685,-117.145,-286.685,Shake
0.184,0.143,1.999,219.809,50.164,-286.685,Shake
0.234,-0.397,1.999,109.025,153.755,-226.949,Shake
0.612,-0.599,1.999,-59.500,173.792,-8.969,Shake
0.351,0.027,1.668,-229.845,53.847,169.286,Shake
0.370,0.588,1.375,-286.685,-92.435,258.851,Shake
-0.146,1.440,0.526,-286.685,-111.081,286.685,Shake
-1.251,1.529,-0.598,-278.679,-73.894,286.685,Shake
-1.999,1.150,-1.192,-80.929,-6.641,242.113,Shake
-1.999,0.758,-1.005,156.117,6.073,9.135,Shake
-1.991,0.588,-0.446,286.685,-22.767,-205.380,Shake
-1.275,0.492,0.792,286.685,-36.549,-285.547,Shake
-0.245,0.332,1.799,286.685,-17.194,-286.685,Shake
0.379,-0.258,1.999,224.717,107.590,-286.151,Shake
0.383,-0.592,1.999,38.824,135.258,-118.790,Shake
0.368,-0.383,1.905,-87.482,74.856,-9.712,Shake
0.434,0.171,1.535,-245.236,16.327,113.908,Shake
0.651,1.493,1.176,-286.685,-5.635,276.264,Shake
-0.582,1.998,-0.508,-286.685,-96.250,286.685,Shake
-1.855,1.998,-1.472,-272.694,-165.253,286.685,Shake
-1.999,1.806,-1.761,-5.863,10.946,177.511,Shake
-1.999,1.420,-1.144,227.894,-45.325,-103.950,Shake
-1.490,1.167,0.092,286.685,-138.932,-285.425,Shake
-0.633,0.916,1.595,286.685,-102.944,-286.685,Shake
-0.181,-0.023,1.999,286.685,46.681,-286.685,Shake
-0.003,-0.651,1.999,186.217,126.823,-225.601,Shake
0.334,-0.680,1.999,-118.738,47.197,-55.746,Shake
0.433,0.005,1.996,-282.966,-98.464,86.896,Shake
0.869,1.429,1.617,-286.685,-147.822,255.640,Shake
0.408,1.998,1.007,-286.685,-155.934,286.685,Shake
-1.306,1.998,-0.899,-286.685,-66.894,286.685,Shake
-1.999,1.896,-1.619,-130.051,93.301,276.168,Shake
-1.999,1.380,-1.294,140.044,-65.721,22.951,Shake
-1.885,1.063,-0.505,286.685,-100.625,-208.372,Shake
-1.428,0.986,0.184,286.685,-93.879,-286.571,Shake
-0.344,1.162,1.627,286.685,-96.731,-286.685,Shake
0.372,0.095,1.999,286.685,102.419,-281.321,Shake
-0.080,-0.718,1.999,58.415,286.283,-66.815,Shake
-0.178,-0.474,1.999,-120.400,195.440,21.866,Shake
0.003,0.205,1.685,-273.551,64.838,50.312,Shake
0.538,1.284,1.122,-286.685,82.469,124.075,Shake
0.052,1.998,-0.780,-286.685,27.737,264.355,Shake
-0.936,1.998,-1.340,-285.985,-189.000,259.796,Shake
-1.356,1.921,-1.529,-90.571,-84.901,196.717,Shake
-1.555,1.491,-1.524,136.824,-94.071,39.926,Shake
-1.619,1.191,-0.899,286.685,-140.700,-97.414,Shake
-1.381,1.069,0.410,286.685,-80.036,-222.775,Shake
-1.224,0.924,1.994,286.685,-16.747,-211.120,Shake
-1.430,-0.102,1.999,256.996,111.484,-223.930,Shake
-0.986,-0.344,1.999,-82.731,0.298,-250.241,Shake
-0.357,-0.039,1.977,-277.025,-54.941,-242.690,Shake
0.393,0.654,1.471,-286.685,-82.180,-137.060,Shake
0.616,1.422,1.456,-286.685,-150.001,12.591,Shake
-0.067,1.998,0.114,-286.685,-168.306,238.551,Shake
-1.424,1.998,-1.759,-285.337,-86.126,284.209,Shake
-1.999,1.538,-1.676,-41.002,-62.178,134.059,Shake
-1.999,1.228,-1.398,229.836,-63.822,-62.930,Shake
-1.999,1.085,-0.918,286.685,-34.239,-207.769,Shake
-1.636,1.399,0.454,286.685,-8.995,-286.685,Shake
-0.392,1.197,1.999,286.685,-57.304,-286.685,Shake
0.883,-1.488,1.999,193.314,226.380,-233.660,Shake
0.418,-1.125,1.999,-250.959,254.923,-12.469,Shake
-0.458,-0.091,1.720,-286.685,28.289,80.124,Shake
-0.579,0.971,0.917,-286.685,-43.452,51.284,Shake
-0.815,1.573,-1.759,-286.685,52.841,133.289,Shake
-1.552,1.592,-1.998,-139.291,6.519,106.041,Shake
-1.506,1.515,-1.661,248.561,3.351,-53.603,Shake
-0.339,1.297,-0.535,286.685,-46.987,-190.190,Shake
0.823,0.970,0.469,286.685,-110.390,-167.492,Shake
1.332,0.114,1.999,286.685,-18.760,123.900,Shake
0.683,-0.316,1.999,249.594,12.583,286.685,Shake
-1.689,0.537,1.999,-215.915,-70.131,286.685,Shake
-1.484,0.737,1.865,-286.685,25.104,277.147,Shake
-1.955,1.167,0.987,-286.685,155.846,173.985,Shake
-1.999,1.821,0.416,-286.685,249.454,57.452,Shake
-1.999,1.866,-1.168,-286.685,193.576,-233.117,Shake
-1.684,1.661,-1.515,-65.363,29.032,-286.685,Shake
-0.947,1.537,-0.856,173.679,137.086,-286.685,Shake
-0.489,1.480,-0.482,286.685,176.794,-286.685,Shake
0.513,1.399,0.511,286.685,167.939,-286.685,Shake
1.186,0.719,1.398,286.685,150.806,-239.829,Shake
0.829,-0.885,1.999,286.685,9.249,43.601,Shake
0.611,-1.013,1.999,21.359,-134.444,191.643,Shake
0.633,-0.355,1.729,-126.595,-139.589,275.389,Shake
0.175,0.221,1.992,-178.456,-114.021,286.685,Shake
-1.441,1.191,1.906,-286.685,62.213,286.685,Shake
-1.999,1.221,0.179,-286.685,240.398,286.685,Shake
-1.999,1.097,-0.341,-286.554,286.659,76.746,Shake
-1.999,1.079,-0.556,-196.525,286.361,-143.955,Shake
-1.696,1.375,-1.310,-6.326,89.574,-286.685,Shake
-0.491,1.578,-0.753,203.114,2.503,-286.685,Shake
0.535,1.519,-0.036,286.685,121.695,-286.685,Shake
1.372,1.217,0.332,286.685,121.336,-286.685,Shake
1.728,0.318,1.111,286.685,129.342,-97.729,Shake
0.770,-0.692,1.999,286.685,100.450,219.914,Shake
0.185,-0.835,1.999,36.312,-104.589,286.685,Shake
-0.273,-0.174,1.999,-60.410,-230.072,286.685,Shake
-1.506,0.439,1.984,-285.941,-55.396,286.685,Shake
-1.999,0.629,0.489,-286.685,257.609,286.685,Shake
-1.999,0.763,-1.032,-185.290,281.540,49.140,Shake
-1.999,0.944,-1.091,-40.740,171.509,-228.821,Shake
-1.406,1.092,-0.329,122.036,16.100,-286.685,Shake
0.248,0.999,0.387,218.890,104.011,-286.685,Shake
1.863,-0.238,1.929,286.606,130.331,-285.749,Shake
1.999,-1.483,1.999,-20.335,165.760,42.682,Shake
1.870,-0.388,1.902,-247.389,98.936,250.364,Shake
1.151,0.709,0.862,-286.685,24.841,286.685,Shake
0.191,1.952,0.798,-286.685,-114.774,286.685,Shake
-1.786,1.998,-1.500,-278.985,-51.966,286.685,Shake
-1.999,1.897,-1.998,-85.768,98.927,283.640,Shake
-1.999,1.493,-1.229,135.319,-89.425,13.466,Shake
-1.999,1.219,-0.397,208.967,-208.792,-265.650,Shake
-1.716,1.060,0.059,275.135,-168.096,-286.685,Shake
-0.326,0.955,1.062,286.685,-143.902,-286.685,Shake
0.711,0.324,1.947,286.685,-123.734,-286.685,Shake
1.960,-1.266,1.999,205.240,-41.974,-279.501,Shake
1.999,-0.532,1.999,-154.105,4.174,140.359,Shake
1.521,0.468,1.178,-286.685,143.981,286.685,Shake
1.106,1.367,1.003,-286.685,-11.681,286.685,Shake
-0.394,1.998,0.910,-286.685,-154.989,286.685,Shake
-1.999,1.998,-1.895,-263.804,12.381,286.685,Shake
-1.999,1.762,-1.559,44.100,55.221,105.131,Shake
-1.999,1.603,-0.352,200.602,-101.019,-246.575,Shake
-1.999,1.620,0.095,234.010,-40.399,-286.685,Shake
-1.320,1.748,0.533,286.466,14.858,-286.685,Shake
0.511,1.616,1.243,286.685,-88.743,-286.685,Shake
1.999,-0.185,1.999,286.353,-131.819,-286.685,Shake
1.999,-1.339,1.999,-18.497,14.823,-65.677,Shake
1.999,-0.249,1.876,-245.613,94.465,268.704,Shake
1.705,1.225,1.043,-286.685,73.491,286.685,Shake
-0.105,1.998,1.387,-286.685,-207.673,286.685,Shake
-1.999,1.998,-1.844,-215.005,-73.684,286.685,Shake
-1.999,1.667,-1.527,69.939,65.494,-5.364,Shake
-1.999,1.113,-0.014,125.449,-177.730,-243.766,Shake
-0.555,0.304,0.721,120.768,-165.349,-286.685,Shake
0.974,-0.703,1.897,123.716,60.209,-243.215,Shake
0.556,-0.862,1.514,-32.856,52.439,29.304,Shake
0.274,-0.440,0.982,-119.814,-34.256,153.090,Shake
-0.456,0.202,0.746,-151.708,-44.371,226.240,Shake
-1.660,0.540,-0.316,-107.389,-36.330,179.786,Shake
-0.496,0.169,0.500,51.651,-14.499,21.639,Shake
-0.711,0.081,0.816,34.965,95.812,59.185,Shake
-1.019,-0.143,0.739,-37.389,61.469,7.858,Shake
-0.623,0.026,0.815,-64.356,-68.005,-33.539,Shake
-0.469,-0.053,0.399,-58.179,-125.020,33.119,Shake
-0.603,-0.528,0.396,61.311,-14.858,42.682,Shake
-1.547,-0.841,-0.248,134.829,61.451,-31.552,Shake
-1.543,-1.176,-0.210,-64.426,-61.871,110.049,Shake
-1.227,-0.919,-0.009,-70.298,-196.717,286.641,Shake
0.415,0.080,0.646,-76.239,-286.685,286.685,Shake
1.698,1.630,1.999,-135.992,-250.197,286.685,Shake
1.999,1.674,1.999,-42.604,21.376,99.540,Shake
1.379,0.838,1.605,87.019,-21.910,-244.090,Shake
-0.297,-0.218,1.211,76.344,19.434,-286.685,Shake
-1.180,-0.970,0.426,-7.210,247.783,-286.685,Shake
-1.963,-1.326,-0.185,-5.014,286.685,-286.685,Shake
-1.975,-1.577,-0.338,15.829,213.238,-217.350,Shake
-1.532,-1.109,-0.439,-52.211,-39.795,159.014,Shake
0.306,0.205,0.674,-101.736,-286.685,286.685,Shake
1.952,1.423,1.999,-157.684,-286.318,286.685,Shake
1.999,1.256,1.999,-75.661,-84.674,219.292,Shake
1.210,0.633,1.541,110.276,95.139,-260.654,Shake
-0.289,-0.496,1.171,155.820,64.838,-286.685,Shake
-1.824,-1.157,0.041,15.330,277.576,-286.685,Shake
-1.617,-1.521,-0.258,50.654,286.685,-286.685,Shake
-1.999,-1.640,-0.792,-65.984,81.699,11.113,Shake
-0.984,-1.045,-0.094,-28.691,-286.003,242.550,Shake
0.251,-0.381,0.445,-52.045,-286.685,286.685,Shake
1.999,0.423,1.524,-69.213,-286.685,286.685,Shake
1.999,1.442,1.544,-56.210,-282.424,286.685,Shake
1.922,1.093,1.319,65.030,-3.194,-87.876,Shake
0.814,-0.079,1.014,20.484,16.923,-286.685,Shake
-0.741,-0.612,1.077,-0.945,-19.679,-286.685,Shake
-0.677,-0.538,0.797,-47.836,-12.215,-286.685,Shake
-0.613,-1.156,0.895,-162.085,278.084,-286.685,Shake
-1.757,-1.017,-0.024,-276.229,286.685,-286.685,Shake
-0.906,-0.570,0.062,-286.685,286.685,-174.475,Shake
-0.899,-0.288,0.951,-286.685,286.685,-125.457,Shake
-1.299,-0.243,1.281,-194.066,286.685,-285.836,Shake
-1.190,-0.214,1.245,-0.551,286.685,-224.595,Shake
-0.822,-0.728,0.172,58.870,286.685,-197.864,Shake
-0.454,-1.028,-0.479,139.904,286.685,-86.039,Shake
-0.127,-1.368,-0.937,104.090,264.224,2.091,Shake
0.016,-1.348,-1.008,-46.217,168.184,9.783,Shake
0.087,-1.208,-0.884,-133.402,109.060,-5.136,Shake
0.026,-1.058,-0.945,-183.732,15.592,24.587,Shake
-0.220,-0.636,-1.116,-192.640,-279.650,160.755,Shake
-0.421,0.166,-0.061,-280.849,-286.685,245.289,Shake
-1.029,1.082,1.999,-286.685,-174.930,193.970,Shake
-1.529,1.132,1.960,-72.485,266.000,36.006,Shake
-0.438,-0.482,0.681,286.685,286.685,-127.024,Shake
1.470,-1.288,-1.154,286.685,286.685,-116.113,Shake
0.725,-1.999,-1.667,260.654,270.025,-75.381,Shake
0.965,-1.591,-1.399,-30.494,-208.565,62.816,Shake
0.688,-1.282,-1.136,-103.670,-286.685,182.831,Shake
-0.225,-0.905,-1.056,-130.515,-286.685,137.673,Shake
-1.307,-0.568,-0.119,-261.818,-286.685,-12.364,Shake
-1.690,-0.478,1.053,-286.685,-161.761,5.285,Shake
-1.753,0.162,1.100,-204.111,189.788,7.639,Shake
-0.699,0.089,0.451,63.910,286.685,97.405,Shake
0.364,-0.769,-0.200,252.096,286.685,123.874,Shake
1.999,-1.070,-1.525,285.959,286.685,163.581,Shake
1.063,-1.573,-1.421,-20.317,-88.305,2.494,Shake
1.321,-1.111,-1.131,-192.666,-286.685,9.030,Shake
0.470,-0.774,-1.116,-209.738,-286.685,69.099,Shake
-0.238,-0.564,-0.754,-263.331,-286.685,58.362,Shake
-0.106,-0.802,0.650,-286.685,-286.685,209.458,Shake
0.275,0.196,1.925,-268.809,-286.685,286.685,Shake
-0.123,0.833,1.999,-144.410,-286.685,263.288,Shake
0.174,0.256,1.999,21.192,27.965,7.963,Shake
-0.589,0.173,1.206,98.271,286.685,-204.383,Shake
-0.771,-0.267,0.369,215.180,286.685,-284.524,Shake
0.460,-0.793,0.017,237.676,286.685,-192.071,Shake
1.555,-0.646,-0.724,286.685,286.685,-6.457,Shake
1.927,-0.543,-1.861,256.979,282.074,109.751,Shake
0.036,-1.036,-1.321,-27.020,-286.615,-43.864,Shake
-0.132,-0.774,-1.415,-101.412,-286.685,174.186,Shake
0.343,-0.540,-0.161,-173.792,-286.685,286.685,Shake
0.057,-0.127,1.999,-282.345,-286.685,286.685,Shake
-0.456,0.135,1.999,-286.370,-273.910,154.184,Shake
-0.429,0.104,1.982,128.240,286.685,-95.130,Shake
-0.468,-0.134,0.685,114.520,286.685,-153.046,Shake
0.404,-0.611,0.017,225.374,286.685,-67.734,Shake
1.999,-0.304,-1.889,286.659,286.685,79.179,Shake
1.469,-0.699,-1.998,97.317,38.500,106.173,Shake
0.848,-0.638,-1.840,-154.700,-286.685,95.226,Shake
0.057,-0.792,-0.106,-147.438,-286.685,286.685,Shake
0.337,-0.631,1.999,-286.291,-286.685,286.685,Shake
0.130,0.868,1.999,-216.230,-115.736,156.126,Shake
-0.258,0.240,1.999,77.402,286.685,-192.780,Shake
-0.593,-0.156,1.054,88.410,286.685,-212.441,Shake
-0.049,-0.428,0.263,136.054,286.685,-122.316,Shake
1.365,-0.350,-0.963,286.685,286.685,46.375,Shake
1.627,-0.335,-1.832,195.510,275.669,166.390,Shake
0.435,-0.697,-1.217,-65.257,-206.185,-70.823,Shake
0.063,-0.489,-1.292,-95.427,-286.685,42.639,Shake
-0.125,-0.466,-0.104,-106.391,-286.685,261.161,Shake
0.512,-0.548,1.938,-205.721,-286.685,286.685,Shake
0.583,0.213,1.999,-189.551,-240.572,109.104,Shake
0.577,0.046,1.948,218.566,286.685,-117.294,Shake
-0.438,0.054,1.032,-62.274,286.685,-286.685,Shake
-0.920,-0.258,0.529,-28.753,286.685,-286.685,Shake
0.497,-0.545,0.050,174.554,286.685,-126.814,Shake
1.893,-0.028,-1.264,220.693,286.230,208.967,Shake
0.683,-0.333,-1.624,-9.564,-210.499,141.531,Shake
-0.031,-0.523,-1.080,-113.094,-286.685,100.739,Shake
-0.006,-0.341,0.208,-57.426,-286.685,286.318,Shake
0.155,-0.304,1.997,-132.991,-286.685,286.685,Shake
1.141,0.442,1.999,22.059,-256.314,239.549,Shake
0.663,0.228,1.823,234.062,260.549,-8.295,Shake
-0.484,0.066,0.920,21.604,236.268,-232.242,Shake
-0.735,-0.056,0.774,-169.750,286.685,-245.735,Shake
-0.907,-0.221,-0.181,-211.943,286.685,-189.621,Shake
-0.270,-0.240,0.136,101.106,286.685,-196.201,Shake
1.695,0.198,-1.150,153.860,286.685,-26.241,Shake
-0.580,-0.508,-1.088,43.400,-286.685,256.786,Shake
-0.708,-0.816,0.578,91.997,-286.685,286.685,Shake
0.417,0.689,1.999,-25.716,-272.930,286.685,Shake
0.054,0.403,1.982,118.536,286.685,-89.346,Shake
-0.601,-0.088,0.567,173.355,286.685,-269.290,Shake
-1.122,-0.352,-0.388,-30.310,171.841,-106.006,Shake
-0.792,-0.101,0.380,-114.870,-123.952,-53.077,Shake
-0.552,-0.089,0.193,-65.327,-143.062,-73.754,Shake
-0.794,-0.415,0.507,90.711,38.736,-100.048,Shake
-1.414,-0.178,0.488,49.857,90.335,-27.484,Shake
-1.011,-0.153,0.738,6.702,16.704,-70.805,Shake
-0.940,-0.052,0.909,2.152,-69.361,-126.647,Shake
-0.420,-0.146,0.188,1.173,-128.345,-89.915,Shake
-0.709,-0.136,0.287,4.427,-69.808,-52.588,Shake
-0.459,-0.219,0.238,12.390,-47.005,1.645,Shake
-0.886,0.090,0.669,75.696,-158.541,35.394,Shake
-1.995,0.229,0.648,31.404,-68.215,-42.053,Shake
-1.821,0.263,0.473,15.076,-52.036,-188.562,Shake
-1.383,0.172,0.684,18.970,-178.465,-286.685,Shake
0.113,-0.115,0.484,9.310,-272.904,-286.685,Shake
1.999,-0.848,1.203,64.759,-228.839,-284.576,Shake
1.999,-1.077,1.549,14.858,38.342,-82.215,Shake
1.997,-0.291,1.007,-56.114,76.650,286.125,Shake
0.721,0.849,1.254,-74.463,-65.695,286.685,Shake
-1.999,1.599,0.692,-70.420,28.612,286.685,Shake
-1.999,1.432,-0.655,-65.581,253.977,277.314,Shake
-1.999,1.271,-0.193,82.285,33.906,-98.683,Shake
-1.999,0.973,0.653,109.865,-28.577,-286.685,Shake
-0.628,0.765,0.635,114.118,-11.909,-286.685,Shake
1.076,0.586,0.939,166.679,-87.168,-286.685,Shake
1.999,-0.798,1.999,139.807,64.969,-286.571,Shake
1.999,-1.080,1.465,-41.396,169.269,66.526,Shake
1.779,-0.041,0.996,-92.969,-6.204,286.685,Shake
1.038,0.532,1.124,-112.368,-102.217,286.685,Shake
-0.609,1.591,1.336,-131.040,-159.364,286.685,Shake
-1.999,1.571,-0.244,-41.834,70.980,286.685,Shake
-1.999,1.379,-0.064,88.226,19.530,-43.033,Shake
-1.999,1.351,0.792,84.219,-50.575,-286.685,Shake
-1.957,1.461,0.843,43.295,41.361,-286.685,Shake
-0.421,1.465,0.931,87.929,155.601,-286.685,Shake
1.958,1.112,1.999,193.401,227.246,-286.685,Shake
1.999,-0.259,1.999,125.781,144.410,-263.174,Shake
1.999,-1.082,1.999,-47.696,9.730,109.279,Shake
1.979,0.531,1.312,-214.025,-6.256,286.685,Shake
0.801,1.619,1.430,-258.125,-126.717,286.685,Shake
-1.342,1.998,0.449,-222.985,-201.180,286.685,Shake
-1.999,1.692,-0.690,-127.382,43.050,286.685,Shake
-1.999,1.259,-0.800,33.976,71.304,64.619,Shake
-1.999,1.060,0.216,118.904,-14.621,-250.836,Shake
-1.859,1.043,0.543,120.890,6.151,-286.685,Shake
-0.549,0.995,0.745,163.266,-6.492,-286.685,Shake
1.756,0.066,1.999,213.544,103.863,-286.685,Shake
1.999,-1.168,1.999,-21.070,152.443,-247.975,Shake
1.999,-0.601,1.765,-160.939,18.532,188.641,Shake
1.999,0.144,1.275,-204.872,-103.723,286.685,Shake
0.768,1.422,1.198,-239.741,-222.845,286.685,Shake
-1.937,1.793,0.287,-143.824,-217.971,286.685,Shake
-1.999,1.684,-0.643,15.243,-5.031,286.685,Shake
-1.999,1.524,-0.589,117.757,-33.171,124.136,Shake
-1.999,1.286,-0.348,175.648,-22.846,-39.165,Shake
-1.999,1.097,0.381,254.284,74.996,-282.424,Shake
-1.038,0.728,1.500,286.685,44.923,-286.685,Shake
-0.037,0.462,1.999,265.589,55.510,-286.685,Shake
1.864,-0.620,1.999,164.133,127.610,-286.685,Shake
1.999,-1.159,1.999,-112.586,140.070,-130.909,Shake
1.999,-0.325,1.427,-272.177,27.545,231.096,Shake
1.677,1.282,0.893,-286.685,-173.898,286.685,Shake
0.312,1.998,0.904,-284.121,-226.678,286.685,Shake
-1.999,1.998,-1.024,-142.870,42.210,286.685,Shake
-1.999,1.848,-1.429,68.232,74.296,239.242,Shake
-1.999,1.618,-0.831,213.789,-85.391,-42.184,Shake
-1.999,1.406,-0.016,283.596,-77.096,-199.684,Shake
-1.957,0.946,1.075,255.281,-77.997,-286.685,Shake
-0.959,0.526,1.431,202.107,-124.346,-286.685,Shake
0.721,-0.120,1.999,186.550,-55.606,-286.685,Shake
1.999,-1.414,1.999,-15.382,-27.554,-264.906,Shake
1.999,-1.037,1.999,-212.039,-73.062,-8.925,Shake
1.725,0.122,1.186,-286.685,-124.259,264.372,Shake
1.497,1.727,1.027,-286.685,-270.139,286.685,Shake
-1.858,1.998,0.633,-281.181,-285.854,286.685,Shake
-1.999,1.998,-0.860,-187.871,-114.459,286.318,Shake
-1.999,1.742,-0.895,-7.823,-118.073,-75.469,Shake
-1.999,1.295,0.014,90.895,-214.786,-286.685,Shake
-1.497,1.064,0.894,183.986,-39.655,-286.685,Shake
-0.207,0.950,1.711,242.226,-13.869,-286.685,Shake
1.960,0.082,1.999,244.755,68.110,-286.685,Shake
1.999,-1.367,1.999,-28.271,220.404,-249.445,Shake
1.999,-0.690,1.426,-145.600,135.704,177.240,Shake
1.879,-0.194,1.241,-156.109,60.305,286.685,Shake
1.238,0.635,1.244,-209.344,-41.125,286.685,Shake
0.077,1.988,1.364,-281.418,-207.515,286.685,Shake
-1.999,1.998,-0.516,-193.191,-63.201,286.685,Shake
-1.999,1.520,-1.124,16.275,105.726,145.906,Shake
-1.999,1.308,-0.565,118.081,29.260,-71.199,Shake
-1.978,1.037,0.416,185.080,-29.041,-282.546,Shake
-1.066,0.783,0.980,207.533,39.069,-286.685,Shake
0.132,0.379,1.602,270.638,67.576,-286.685,Shake
1.135,-0.223,1.999,278.329,109.769,-286.685,Shake
1.999,-1.106,1.999,43.365,131.723,-209.790,Shake
1.772,-0.683,1.433,-134.768,66.754,65.783,Shake
1.226,-0.127,1.201,-197.277,-23.739,265.361,Shake
1.000,0.472,1.134,-255.824,-115.168,286.685,Shake
-0.195,1.739,1.114,-285.495,-217.805,286.685,Shake
-1.999,1.800,-0.712,-161.315,-32.261,286.685,Shake
-1.999,1.340,-0.856,33.469,103.749,99.225,Shake
-1.999,1.055,-0.049,129.614,-38.421,-199.229,Shake
-1.973,0.885,0.436,158.305,-40.399,-286.685,Shake
-1.005,0.634,0.812,186.051,11.506,-286.685,Shake
0.741,0.053,1.855,228.349,23.861,-286.685,Shake
1.999,-1.007,1.999,103.539,129.771,-256.288,Shake
1.999,-1.080,1.998,-41.125,145.985,81.016,Shake
1.547,-0.410,1.269,-150.027,58.354,226.152,Shake
0.979,0.355,1.254,-209.256,-112.639,286.685,Shake
-0.517,1.473,1.252,-262.448,-238.910,286.685,Shake
-1.999,1.707,-0.852,-168.508,28.945,286.685,Shake
-1.999,1.482,-1.265,-35.236,135.310,200.926,Shake
-1.999,1.253,-0.318,118.702,5.241,-89.933,Shake
-1.999,1.049,0.117,157.307,-15.435,-285.259,Shake
-1.107,0.887,0.454,199.386,-33.932,-286.685,Shake
-0.027,0.705,0.997,250.425,-62.195,-286.685,Shake
1.877,-0.313,1.999,263.690,-10.115,-286.685,Shake
1.999,-1.186,1.999,-11.340,132.265,-7.350,Shake
1.899,-0.077,1.405,-219.529,23.809,286.659,Shake
1.287,0.622,1.322,-247.756,-123.637,286.685,Shake
-0.772,1.823,1.383,-275.853,-199.229,286.685,Shake
-1.999,1.943,-0.941,-192.946,132.038,286.685,Shake
-1.999,1.584,-1.116,16.249,63.219,74.865,Shake
-1.999,1.430,-0.024,121.537,-23.362,-236.889,Shake
-1.929,1.155,0.280,130.384,-8.295,-286.685,Shake
-0.722,0.878,0.600,153.834,-44.572,-286.685,Shake
0.847,0.290,1.368,212.590,-14.823,-286.685,Shake
1.999,-0.942,1.999,171.658,142.065,-230.029,Shake
1.999,-0.998,1.999,42.140,201.994,73.622,Shake
1.498,-0.278,1.536,-137.288,22.671,286.676,Shake
0.660,0.683,1.509,-223.318,-190.199,286.685,Shake
-1.236,1.679,0.624,-243.924,-78.942,286.685,Shake
-1.999,1.877,-0.433,-184.319,89.311,286.685,Shake
-1.999,1.660,-0.967,-9.118,67.200,172.550,Shake
-1.999,1.497,-0.183,99.811,-33.495,-198.091,Shake
-1.669,1.278,0.380,118.160,-67.139,-286.685,Shake
-0.881,1.005,0.587,123.183,-87.841,-286.685,Shake
0.251,0.383,1.002,165.235,-48.064,-286.685,Shake
1.826,-0.545,1.885,189.061,45.150,-286.177,Shake
1.999,-0.993,1.999,53.322,139.536,-14.350,Shake
1.811,-0.665,1.803,-75.224,90.029,189.402,Shake
1.089,0.177,1.372,-207.086,-93.809,286.685,Shake
0.211,1.291,1.229,-256.944,-156.572,286.685,Shake
-1.999,1.940,0.016,-212.135,-7.219,286.685,Shake
-1.999,1.820,-0.762,-115.789,109.331,286.466,Shake
-1.999,1.524,-0.693,55.528,52.684,18.218,Shake
-1.999,1.312,0.146,141.986,-23.319,-273.945,Shake
-1.294,1.100,0.635,155.671,-20.606,-286.685,Shake
-0.570,0.860,0.782,175.525,-42.429,-286.685,Shake
0.726,0.266,1.292,208.950,-26.276,-286.685,Shake
1.999,-0.900,1.999,176.645,114.467,-256.655,Shake
1.993,-0.890,1.985,-50.103,124.355,152.119,Shake
1.435,-0.327,1.546,-204.041,-100.467,286.685,Shake
0.866,0.600,1.370,-239.811,-184.135,286.685,Shake
-1.033,1.591,0.779,-243.784,-97.396,286.685,Shake
-1.999,1.813,-0.450,-155.741,96.863,286.685,Shake
-1.999,1.596,-0.757,-0.438,27.781,72.817,Shake
-1.999,1.422,-0.370,82.495,-23.389,-143.973,Shake
-1.801,1.198,0.345,144.288,-20.169,-286.685,Shake
-0.683,0.855,0.746,159.635,-32.786,-286.685,Shake
0.561,0.247,1.184,195.204,-12.784,-286.685,Shake
1.660,-0.472,1.849,205.852,56.595,-286.685,Shake
1.999,-1.070,1.999,85.662,185.080,-42.271,Shake
1.471,-0.631,1.743,-91.893,77.245,236.574,Shake
0.959,0.217,1.490,-227.544,-138.285,286.685,Shake
0.512,0.964,1.452,-272.501,-194.670,286.685,Shake
-1.471,1.945,0.662,-273.228,-105.700,286.685,Shake
-1.999,1.920,-0.495,-156.984,60.585,286.422,Shake
-1.999,1.680,-0.866,16.739,75.924,-42.271,Shake
-1.999,1.664,-0.327,144.008,-28.315,-286.685,Shake
-1.713,1.661,0.561,168.044,-36.409,-286.685,Shake
-0.375,1.509,0.690,179.139,-2.310,-286.685,Shake
1.564,1.182,1.470,270.979,32.646,-286.685,Shake
1.999,-1.003,1.999,218.383,208.898,-263.375,Shake
1.999,-1.139,1.999,-29.663,236.040,107.091,Shake
1.681,0.155,1.281,-231.359,125.702,286.685,Shake
1.153,1.187,1.504,-283.019,-149.774,286.685,Shake
-0.919,1.998,1.196,-286.466,-250.434,286.685,Shake
-1.999,1.998,-0.455,-227.867,101.736,286.685,Shake
-1.999,1.978,-1.022,-46.025,64.374,184.083,Shake
-1.999,1.763,-0.215,75.696,-90.694,-216.527,Shake
-1.986,1.637,0.421,110.119,-48.099,-286.685,Shake
-0.721,1.464,0.719,137.917,-55.291,-286.685,Shake
0.371,1.187,1.028,172.655,-31.972,-286.685,Shake
1.759,0.491,1.747,220.255,96.198,-286.685,Shake
1.999,-0.711,1.999,131.381,201.591,-284.603,Shake
1.999,-0.959,1.927,-115.938,88.550,81.393,Shake
1.999,-0.100,1.422,-211.111,43.426,283.806,Shake
1.535,1.100,1.269,-272.300,-42.779,286.685,Shake
-1.095,1.998,1.121,-286.256,-213.246,286.685,Shake
-1.999,1.979,-0.609,-174.116,2.293,286.685,Shake
-1.999,1.715,-0.797,-75.399,75.644,230.615,Shake
-1.999,1.450,-0.511,42.761,-32.568,-65.783,Shake
-1.999,1.310,0.013,127.339,6.099,-286.685,Shake
-1.097,1.099,0.614,169.680,-58.739,-286.685,Shake
-0.084,0.836,0.831,187.092,-84.350,-286.685,Shake
1.807,0.029,1.753,240.345,0.472,-286.685,Shake
1.999,-1.248,1.999,83.309,179.629,-130.428,Shake
1.999,-0.436,1.798,-138.696,212.616,281.540,Shake
1.583,0.242,1.378,-210.796,102.891,286.685,Shake
0.686,1.198,1.332,-275.695,-137.025,286.685,Shake
-1.507,1.946,0.592,-274.059,-155.741,286.685,Shake
-1.999,1.998,-0.791,-174.326,64.339,286.685,Shake
-1.999,1.842,-1.162,24.465,66.185,86.765,Shake
-1.999,1.689,-0.704,127.286,-0.569,-175.350,Shake
-1.898,1.520,0.305,194.836,-75.740,-286.685,Shake
-0.690,1.174,0.837,207.305,-95.576,-286.685,Shake
0.056,0.645,1.317,231.849,-30.205,-286.685,Shake
1.351,0.172,1.744,259.805,48.860,-286.685,Shake
1.999,-0.839,1.999,163.984,165.121,-235.296,Shake
1.999,-0.826,1.973,-95.769,141.146,165.086,Shake
1.530,0.370,1.403,-257.696,1.628,286.685,Shake
0.853,1.063,1.212,-286.685,-103.101,286.685,Shake
-1.384,1.995,0.537,-285.031,-119.507,286.685,Shake
-1.999,1.885,-0.777,-167.790,57.173,286.685,Shake
-1.999,1.601,-1.006,13.265,48.046,-20.991,Shake
-1.999,1.475,-0.377,94.054,-57.068,-247.012,Shake
-1.893,1.332,0.406,120.846,-99.488,-286.685,Shake
-0.694,1.222,0.635,133.901,-44.914,-286.685,Shake
0.515,0.818,0.976,195.387,-23.266,-286.685,Shake
1.350,0.437,1.525,239.732,19.539,-286.685,Shake
1.999,-0.886,1.999,148.488,123.007,-259.779,Shake
1.999,-0.763,1.921,-141.916,104.729,182.840,Shake
1.688,0.559,1.168,-248.710,15.374,286.685,Shake
1.088,1.173,1.160,-271.784,-98.079,286.685,Shake
-1.369,1.993,0.799,-260.584,-219.345,286.685,Shake
-1.999,1.798,-0.701,-106.890,59.342,286.685,Shake
-1.999,1.427,-0.788,48.510,124.766,60.874,Shake
-1.999,1.240,-0.292,107.590,-52.588,-272.545,Shake
-1.976,1.234,0.313,115.789,-81.734,-286.685,Shake
-0.650,1.261,0.650,144.856,-62.659,-286.685,Shake
0.839,0.747,1.174,192.474,-41.195,-286.685,Shake
1.774,0.103,1.805,222.941,101.132,-286.685,Shake
1.999,-0.640,1.999,163.389,196.779,-261.625,Shake
1.999,-1.060,1.941,-116.882,135.415,111.790,Shake
1.768,0.166,1.251,-235.025,-19.600,286.685,Shake
1.110,1.112,1.451,-266.962,-167.641,286.685,Shake
0.166,1.968,1.926,-284.139,-249.296,286.685,Shake
-1.999,1.985,-0.146,-222.477,-26.688,286.685,Shake
-1.999,1.422,-0.687,-67.611,198.686,117.941,Shake
-1.999,1.291,-0.363,4.664,-66.745,-165.541,Shake
-1.999,1.416,-0.129,71.759,-40.040,-286.685,Shake
-1.768,1.593,0.457,111.143,13.160,-286.685,Shake
-0.316,1.630,0.824,171.727,78.566,-286.685,Shake
1.774,0.885,1.476,234.465,13.519,-286.685,Shake
1.999,-0.296,1.976,174.484,104.589,-273.814,Shake
1.999,-1.233,1.999,-25.734,87.124,44.467,Shake
1.972,0.217,1.555,-224.779,76.711,286.685,Shake
1.260,0.960,1.229,-264.828,-34.519,286.685,Shake
0.989,1.615,1.322,-286.685,-213.762,286.685,Shake
-1.546,1.998,0.851,-272.650,-238.359,286.685,Shake
-1.999,1.940,-0.682,-157.684,70.674,286.685,Shake
-1.999,1.677,-0.969,-3.946,56.840,25.778,Shake
-1.999,1.632,-0.242,108.054,-70.997,-280.691,Shake
-1.999,1.631,0.333,148.872,-16.520,-286.685,Shake
-0.998,1.593,0.678,190.242,9.704,-286.685,Shake
0.623,1.383,1.268,275.800,68.749,-286.685,Shake
1.999,-0.176,1.999,281.671,166.294,-286.685,Shake
1.999,-1.542,1.999,58.695,116.882,-55.353,Shake
1.999,-0.476,1.526,-213.027,66.159,253.173,Shake
1.653,0.410,1.071,-219.284,-23.791,286.685,Shake
1.038,1.198,1.313,-235.279,-201.915,286.685,Shake
-0.521,1.791,1.342,-244.484,-242.428,286.685,Shake
-1.999,1.807,-0.215,-160.527,-6.431,286.685,Shake
-1.999,1.548,-0.577,-56.053,68.618,147.980,Shake
-1.999,1.528,-0.389,42.123,-10.693,-154.201,Shake
-1.999,1.431,0.257,114.826,-1.523,-286.685,Shake
-1.359,1.264,0.431,138.110,-8.514,-286.685,Shake
0.084,0.958,0.705,216.886,43.540,-286.685,Shake
1.807,0.187,1.941,286.685,128.424,-286.685,Shake
1.999,-1.276,1.999,98.018,185.299,-170.450,Shake
1.999,-0.969,1.999,-89.766,141.575,80.666,Shake
1.865,-0.160,1.373,-207.069,25.882,286.291,Shake
1.383,0.493,1.263,-256.541,-142.634,286.685,Shake
0.223,1.927,1.583,-286.685,-269.981,286.685,Shake
-1.913,1.998,0.690,-281.566,-203.648,286.685,Shake
-1.999,1.730,-0.536,-148.006,98.359,286.440,Shake
-1.999,1.561,-0.352,-43.330,-11.690,72.651,Shake
-1.999,1.485,-0.315,61.609,27.099,-241.010,Shake
-1.999,1.440,0.073,133.901,61.057,-286.685,Shake
-1.549,1.384,0.502,206.587,85.234,-286.685,Shake
-0.319,1.619,0.868,274.006,81.253,-286.685,Shake
1.215,1.228,1.675,286.685,42.044,-286.685,Shake
1.999,0.338,1.999,286.606,77.534,-286.685,Shake
1.999,-0.973,1.999,95.489,109.524,-233.249,Shake
1.999,-0.673,1.713,-135.747,46.226,87.745,Shake
1.792,-0.081,1.396,-211.557,46.305,286.685,Shake
1.519,0.290,1.291,-249.883,-41.466,286.685,Shake
1.034,1.491,1.230,-286.685,-190.050,286.685,Shake
-1.605,1.998,1.192,-285.582,-286.685,286.685,Shake
-1.999,1.646,-0.926,-96.582,71.479,286.422,Shake
-1.999,1.263,-0.158,62.169,86.783,32.655,Shake
-1.999,1.133,0.088,40.661,-78.619,-89.679,Shake
-1.999,1.060,-0.048,75.696,-9.004,-276.045,Shake
-1.631,0.975,0.496,165.025,61.635,-286.685,Shake
-0.897,0.714,0.836,208.189,65.607,-286.685,Shake
0.334,0.406,1.133,239.785,43.181,-286.685,Shake
1.472,-0.208,1.977,255.553,110.766,-286.685,Shake
1.999,-1.307,1.999,20.370,134.391,-102.952,Shake
1.999,-0.437,1.390,-244.230,60.174,231.770,Shake
1.847,0.133,0.827,-263.891,-87.185,286.685,Shake
1.333,1.224,1.211,-232.111,-280.726,286.685,Shake
-1.277,1.998,1.305,-224.175,-279.405,286.685,Shake
-1.999,1.927,-0.957,-94.080,146.361,286.685,Shake
-1.999,1.408,-0.938,20.003,98.989,123.253,Shake
-1.999,1.141,0.173,86.861,-130.708,-221.489,Shake
-1.910,0.911,0.613,68.871,-49.647,-286.685,Shake
-0.764,0.794,0.435,104.650,-1.295,-286.685,Shake
0.234,0.734,0.787,177.258,9.608,-286.685,Shake
1.850,-0.139,1.978,242.139,120.838,-286.685,Shake
1.999,-1.431,1.999,15.243,124.128,-177.975,Shake
1.999,-0.632,1.193,-151.909,47.127,199.806,Shake
1.588,-0.229,1.102,-158.034,-13.711,286.685,Shake
1.255,0.639,1.445,-217.665,-135.861,286.685,Shake
0.154,1.998,1.556,-286.685,-205.205,286.685,Shake
-1.999,1.998,-0.684,-227.579,37.188,286.685,Shake
-1.999,1.954,-1.094,-65.188,202.562,285.932,Shake
-1.999,1.581,-0.551,66.448,36.382,-26.075,Shake
-1.999,1.474,-0.059,119.035,-56.490,-286.177,Shake
-1.456,1.443,0.410,179.935,-17.483,-286.685,Shake
-0.412,1.242,0.702,251.143,18.856,-286.685,Shake
0.257,1.279,1.225,286.685,75.854,-286.685,Shake
1.644,0.539,1.999,286.685,126.569,-286.685,Shake
1.999,-1.241,1.999,147.919,63.385,-241.867,Shake
1.999,-0.852,1.986,-205.879,73.719,147.997,Shake
1.999,0.109,1.496,-285.294,63.184,286.685,Shake
1.316,1.228,1.278,-286.685,-11.812,286.685,Shake
-0.674,1.998,0.852,-286.685,-105.893,286.685,Shake
-1.999,1.998,-1.834,-239.601,137.655,286.685,Shake
-1.999,1.671,-1.567,10.159,175.035,122.728,Shake
-1.999,1.475,-1.329,49.928,-58.791,-132.029,Shake
-1.999,1.314,-0.740,146.072,-185.973,-286.685,Shake
-1.284,1.146,0.188,229.635,-78.277,-286.685,Shake
-0.177,0.914,0.684,283.124,-67.996,-286.685,Shake
0.874,0.533,1.444,286.685,-41.834,-286.685,Shake
1.999,-1.126,1.999,179.515,91.122,-281.759,Shake
1.999,-0.977,1.996,-173.075,-1.479,45.334,Shake
1.901,-0.107,1.045,-237.029,-78.689,283.456,Shake
1.528,0.411,1.040,-218.951,-227.780,286.685,Shake
0.644,1.870,1.401,-243.792,-286.676,286.685,Shake
-1.999,1.998,-0.032,-173.154,-118.291,286.685,Shake
-1.999,1.835,-1.180,4.069,125.764,286.519,Shake
-1.999,1.495,-0.460,157.465,-60.261,19.801,Shake
-1.999,1.311,0.110,178.990,-102.025,-235.891,Shake
-1.787,1.119,0.721,170.538,-111.598,-286.685,Shake
-0.317,0.896,1.207,228.182,11.524,-286.685,Shake
0.932,0.225,1.999,262.036,135.494,-286.685,Shake
1.779,-1.019,1.999,64.251,27.519,-284.410,Shake
1.999,-0.931,1.944,-120.584,10.360,-107.459,Shake
1.899,-0.366,1.328,-237.615,65.074,210.866,Shake
1.279,0.432,1.162,-286.685,-28.087,286.685,Shake
1.084,1.965,1.098,-286.685,-247.275,286.685,Shake
-1.596,1.998,-0.026,-286.212,-262.448,286.685,Shake
-1.999,1.943,-1.610,-39.095,63.096,286.379,Shake
-1.999,1.566,-0.741,137.839,-39.690,19.451,Shake
-1.999,1.385,-0.108,169.995,-157.089,-277.883,Shake
-1.883,1.205,0.362,236.128,-121.853,-286.685,Shake
-0.894,1.017,1.259,272.668,-51.354,-286.685,Shake
0.445,0.640,1.999,286.685,79.651,-286.685,Shake
1.943,-0.788,1.999,171.798,21.446,-286.685,Shake
1.999,-1.055,1.999,-108.999,44.502,-94.089,Shake
1.999,-0.630,1.535,-219.135,133.954,162.566,Shake
1.513,0.147,1.123,-285.163,101.745,286.685,Shake
1.277,1.307,0.852,-286.685,-114.275,286.685,Shake
-0.440,1.998,0.841,-286.685,-284.121,286.685,Shake
-1.999,1.998,-0.369,-164.649,-84.473,286.685,Shake
-1.999,1.913,-1.313,-27.624,55.283,265.449,Shake
-1.999,1.642,-0.694,145.548,-87.579,-66.036,Shake
-1.999,1.368,0.282,239.488,-104.501,-286.527,Shake
-1.607,1.085,1.351,274.199,8.059,-286.685,Shake
-0.955,0.968,1.660,263.130,76.484,-286.685,Shake
0.386,0.496,1.999,246.566,67.576,-286.685,Shake
1.578,-0.670,1.999,123.410,-9.721,-286.685,Shake
1.999,-1.014,1.999,-89.775,19.049,-81.882,Shake
1.971,-0.574,1.684,-224.079,83.414,237.414,Shake
1.297,0.314,1.072,-286.685,56.446,286.685,Shake
1.082,1.588,0.953,-286.685,-189.184,286.685,Shake
-1.299,1.998,0.571,-286.685,-286.685,286.685,Shake
-1.999,1.994,-1.154,-115.395,5.653,286.685,Shake
-1.999,1.678,-1.212,17.308,82.302,149.572,Shake
-1.999,1.488,-0.338,135.791,-108.509,-162.277,Shake
-1.987,1.272,0.314,181.982,-71.479,-286.685,Shake
-1.156,0.990,0.929,224.577,-44.065,-286.685,Shake
-0.292,0.804,1.312,244.300,-24.596,-286.685,Shake
1.031,0.098,1.967,243.101,27.878,-286.685,Shake
1.999,-1.040,1.999,74.637,106.558,-267.557,Shake
1.999,-0.844,1.873,-148.356,91.341,91.770,Shake
1.641,-0.314,1.427,-220.246,64.978,263.953,Shake
1.155,0.416,1.123,-281.715,-76.326,286.685,Shake
0.798,1.718,1.142,-286.685,-249.401,286.685,Shake
-1.892,1.998,0.020,-259.490,-223.274,286.685,Shake
-1.999,1.998,-0.921,-57.943,69.099,284.638,Shake
-1.999,1.746,-0.589,41.239,-24.780,150.167,Shake
-1.999,1.492,-0.272,127.067,-109.882,-97.746,Shake
-1.999,1.409,0.415,233.161,-19.819,-286.685,Shake
-1.240,1.110,1.411,275.328,-7.892,-286.685,Shake
-0.435,0.849,1.843,259.595,18.366,-286.685,Shake
0.680,0.338,1.999,200.174,23.249,-286.685,Shake
1.692,-0.593,1.999,128.958,42.516,-286.685,Shake
1.999,-1.019,1.999,-118.256,119.280,-68.906,Shake
1.996,-0.537,1.710,-241.876,132.230,158.244,Shake
1.488,0.424,0.848,-286.685,81.725,286.685,Shake
1.019,1.914,0.615,-286.685,-41.930,286.685,Shake
-1.976,1.998,-0.413,-286.283,-171.465,286.685,Shake
-1.999,1.998,-1.705,-51.800,28.210,253.671,Shake
-1.999,1.684,-1.203,93.310,-11.113,4.506,Shake
-1.999,1.362,-0.260,169.426,-131.250,-248.736,Shake
-1.721,1.037,0.298,213.474,-106.435,-286.685,Shake
-1.130,0.816,0.988,262.185,-7.779,-286.685,Shake
-0.356,0.733,1.558,286.685,27.659,-286.685,Shake
0.853,-0.043,1.999,276.299,20.816,-286.685,Shake
1.939,-1.121,1.999,54.924,-11.804,-258.011,Shake
1.999,-0.773,1.999,-236.399,44.879,80.911,Shake
1.585,-0.114,1.699,-286.685,55.589,286.676,Shake
1.096,0.864,1.142,-286.685,-67.401,286.685,Shake
0.266,1.998,0.805,-286.685,-233.747,286.685,Shake
-1.999,1.998,-1.571,-257.320,-111.921,286.685,Shake
-1.999,1.760,-1.392,11.611,28.823,202.107,Shake
-1.999,1.590,-1.009,106.006,-85.776,12.941,Shake
-1.999,1.423,-0.549,206.658,-92.768,-252.542,Shake
-1.665,1.080,0.511,286.685,-52.334,-286.685,Shake
-0.885,0.868,1.733,286.685,-9.065,-286.685,Shake
-0.040,0.482,1.999,286.685,12.644,-286.685,Shake
1.239,-0.614,1.999,158.568,-19.171,-286.685,Shake
1.999,-1.039,1.999,-80.150,32.498,-145.696,Shake
1.595,-0.458,1.739,-267.872,104.755,167.038,Shake
1.178,0.066,1.268,-286.685,80.019,282.564,Shake
0.987,1.164,0.941,-286.685,-108.876,286.685,Shake
-0.307,1.998,0.378,-286.685,-286.379,286.685,Shake
-1.999,1.998,-1.423,-161.639,-160.081,286.685,Shake
-1.999,1.541,-0.949,35.140,-85.155,186.629,Shake
-1.999,1.374,-0.824,107.459,-186.655,41.624,Shake
-1.999,1.263,-0.469,253.934,-120.400,-207.042,Shake
-1.580,1.128,1.349,286.685,-15.523,-286.685,Shake
-0.899,0.533,1.999,286.685,85.146,-286.685,Shake
-0.266,-0.242,1.999,106.418,-10.552,-286.685,Shake
0.641,-0.617,1.761,-54.320,-125.204,-286.685,Shake
1.562,-0.860,1.943,-67.410,-45.439,-146.423,Shake
1.426,-0.313,1.636,-265.230,116.576,179.471,Shake
1.028,0.947,1.003,-286.685,6.431,286.685,Shake
0.715,1.937,0.781,-286.685,-258.536,286.685,Shake
-1.736,1.998,-0.534,-286.239,-273.849,286.685,Shake
-1.999,1.858,-1.286,-75.784,0.394,280.901,Shake
-1.999,1.501,-0.977,99.374,-114.476,51.853,Shake
-1.999,1.336,-0.402,234.474,-125.037,-203.481,Shake
-1.984,1.225,0.191,286.685,-57.969,-286.685,Shake
-1.117,1.077,1.918,286.685,-11.812,-286.685,Shake
-0.011,0.250,1.999,281.951,73.666,-286.685,Shake
0.603,-0.428,1.999,104.029,21.621,-286.685,Shake
1.048,-0.779,1.999,-1.864,7.980,-191.249,Shake
1.626,-0.751,1.999,-139.116,67.760,1.164,Shake
1.131,0.093,1.447,-286.685,98.954,261.949,Shake
0.852,1.330,1.020,-286.685,-76.204,286.685,Shake
0.112,1.998,0.175,-286.685,-247.030,286.685,Shake
-1.999,1.998,-1.236,-279.265,-161.149,286.685,Shake
-1.999,1.758,-1.451,-30.879,15.566,195.405,Shake
-1.999,1.541,-0.926,132.221,-105.402,-92.067,Shake
-1.944,1.438,-0.180,246.715,-106.146,-286.606,Shake
-1.225,1.128,0.910,286.685,-49.403,-286.685,Shake
-0.722,0.896,1.674,286.685,12.504,-286.685,Shake
0.172,0.252,1.999,286.685,105.192,-286.685,Shake
1.197,-0.764,1.999,147.096,13.921,-286.685,Shake
1.998,-1.006,1.999,-62.099,-29.470,-59.649,Shake
1.635,-0.559,1.935,-205.363,43.199,154.324,Shake
0.964,0.286,1.374,-286.685,44.397,286.685,Shake
0.795,1.571,1.038,-286.685,-142.966,286.685,Shake
-1.384,1.998,0.001,-286.685,-217.219,286.685,Shake
-1.999,1.998,-1.157,-145.119,-24.964,286.641,Shake
-1.999,1.539,-1.002,-24.062,-21.927,164.675,Shake
-1.999,1.288,-0.780,111.055,-120.225,-55.685,Shake
-1.898,1.056,-0.317,256.830,-63.709,-267.094,Shake
-1.366,0.914,1.009,286.685,3.973,-286.685,Shake
-0.962,0.593,1.999,286.685,102.471,-286.685,Shake
-0.126,0.050,1.999,263.935,117.740,-286.685,Shake
0.808,-0.728,1.999,16.966,-28.586,-286.668,Shake
1.630,-0.730,1.999,-146.842,-65.800,-57.216,Shake
1.410,0.026,1.514,-286.449,36.330,231.595,Shake
1.003,0.813,1.087,-286.685,-14.376,286.685,Shake
0.121,1.998,0.590,-286.685,-177.660,286.685,Shake
-1.999,1.998,-1.405,-268.721,-134.400,286.685,Shake
-1.999,1.667,-1.502,19.014,15.811,165.734,Shake
-1.999,1.486,-0.911,136.780,-88.707,-31.343,Shake
-1.999,1.292,-0.115,226.511,-129.535,-279.790,Shake
-1.517,1.090,0.738,285.749,-46.463,-286.685,Shake
-0.399,0.896,1.764,286.685,5.688,-286.685,Shake
0.488,0.385,1.999,257.005,12.976,-286.685,Shake
1.698,-0.911,1.999,135.249,-13.239,-284.664,Shake
1.984,-0.915,1.999,-141.943,82.145,34.947,Shake
1.181,-0.020,1.367,-284.926,110.705,278.486,Shake
0.916,0.445,1.070,-286.685,-68.688,286.685,Shake
0.696,1.839,1.075,-286.685,-234.876,286.685,Shake
-1.953,1.998,-0.369,-285.066,-246.768,286.685,Shake
-1.999,1.855,-1.617,-42.394,46.917,265.764,Shake
-1.999,1.598,-0.979,178.833,-69.904,-64.120,Shake
-1.999,1.413,-0.195,256.209,-119.026,-235.121,Shake
-1.531,1.061,0.754,286.685,-2.940,-286.685,Shake
-1.023,0.776,1.853,286.685,37.634,-286.685,Shake
0.100,0.061,1.999,230.904,32.725,-286.685,Shake
0.727,-0.341,1.999,50.050,-44.809,-286.685,Shake
1.514,-0.857,1.873,3.902,-16.686,-210.525,Shake
1.665,-0.660,1.955,-167.720,104.991,101.684,Shake
1.134,0.263,1.276,-286.685,74.051,286.685,Shake
0.985,1.116,0.882,-286.685,-135.459,286.685,Shake
-0.231,1.998,0.658,-286.685,-260.619,286.685,Shake
-1.999,1.998,-1.162,-223.230,-118.353,286.685,Shake
-1.999,1.570,-1.350,10.430,22.654,145.110,Shake
-1.999,1.346,-0.547,160.598,-145.084,-140.018,Shake
-1.937,1.095,0.311,250.486,-87.780,-286.685,Shake
-1.323,0.939,1.030,286.685,1.024,-286.685,Shake
-0.623,0.606,1.857,286.685,104.353,-286.685,Shake
0.279,-0.139,1.999,234.404,100.082,-286.685,Shake
0.903,-0.907,1.999,43.347,-33.355,-274.024,Shake
1.798,-0.885,1.999,-73.036,-33.626,-71.995,Shake
1.319,-0.235,1.432,-241.141,47.556,228.340,Shake
0.858,0.763,1.100,-286.685,-44.406,286.685,Shake
0.593,1.998,0.929,-286.685,-262.054,286.685,Shake
-1.909,1.998,-0.292,-286.492,-245.227,286.685,Shake
-1.999,1.854,-1.187,-81.533,35.542,269.666,Shake
-1.999,1.453,-0.811,88.393,-99.251,-18.987,Shake
-1.999,1.255,-0.093,197.943,-95.874,-243.731,Shake
-1.625,1.032,0.765,285.600,7.227,-286.685,Shake
-1.026,0.740,1.319,286.685,26.416,-286.685,Shake
-0.085,0.189,1.999,285.443,45.710,-286.685,Shake
0.491,-0.389,1.999,150.894,44.914,-286.685,Shake
1.200,-0.813,1.999,-18.042,-14.184,-240.249,Shake
1.725,-0.766,1.757,-127.768,-20.685,-31.045,Shake
1.336,-0.121,1.382,-254.940,-0.481,255.833,Shake
0.953,1.090,1.176,-286.685,-122.841,286.685,Shake
0.510,1.989,0.842,-286.685,-281.496,286.685,Shake
-1.999,1.998,-0.546,-265.878,-195.878,286.685,Shake
-1.999,1.653,-1.329,-21.411,81.349,236.320,Shake
-1.999,1.317,-0.586,145.110,-118.598,-66.369,Shake
-1.955,1.141,0.195,237.335,-94.124,-279.256,Shake
-1.614,1.015,0.699,286.685,52.185,-286.685,Shake
-0.778,0.913,1.691,286.685,73.955,-286.685,Shake
0.140,0.225,1.999,272.020,117.565,-286.685,Shake
0.758,-0.666,1.999,66.894,50.557,-286.598,Shake
1.376,-1.063,1.999,-129.885,2.047,-77.901,Shake
1.443,-0.477,1.622,-274.435,69.396,126.893,Shake
1.159,0.736,0.743,-286.685,64.120,286.685,Shake
-0.120,1.965,0.003,-286.685,-49.849,286.685,Shake
-1.881,1.998,-1.140,-213.054,-89.198,286.685,Shake
-1.999,1.641,-1.417,-19.407,-46.506,253.330,Shake
-1.999,1.428,-0.889,141.356,-96.092,-82.644,Shake
-1.871,1.140,-0.162,207.725,-174.851,-286.685,Shake
-1.067,0.793,0.657,270.629,-127.706,-286.685,Shake
-0.238,0.486,1.722,268.555,0.875,-286.685,Shake
0.433,-0.020,1.999,278.101,73.658,-286.685,Shake
1.476,-1.213,1.999,86.170,-11.568,-279.326,Shake
1.965,-0.920,1.999,-216.309,52.482,16.800,Shake
1.300,-0.023,1.244,-286.685,92.260,272.169,Shake
1.059,0.632,0.878,-286.685,37.564,286.685,Shake
0.081,1.995,0.572,-286.685,-134.680,286.685,Shake
-1.999,1.998,-1.501,-277.594,-123.909,286.685,Shake
-1.999,1.617,-1.321,-14.656,-37.179,201.337,Shake
-1.999,1.471,-1.207,85.277,-87.342,79.581,Shake
-1.999,1.350,-0.888,239.041,-50.015,-146.265,Shake
-1.954,1.079,0.427,286.685,-30.074,-286.676,Shake
-1.473,0.768,1.941,286.685,30.853,-286.685,Shake
-0.731,0.424,1.999,280.674,15.269,-286.685,Shake
0.922,-0.560,1.999,176.330,-69.650,-286.685,Shake
1.702,-0.973,1.999,-50.138,-24.150,-121.441,Shake
1.086,-0.344,1.625,-264.547,101.360,124.154,Shake
0.830,0.103,0.978,-286.685,37.214,253.768,Shake
0.808,1.057,0.812,-286.685,-110.635,286.685,Shake
-0.839,1.960,-0.138,-286.685,-261.065,286.685,Shake
-1.999,1.737,-1.407,-194.871,-135.030,286.685,Shake
-1.999,1.287,-1.304,28.884,-80.955,143.413,Shake
-1.999,1.262,-1.086,196.350,-132.300,-109.550,Shake
-1.999,1.098,0.042,282.249,-154.114,-250.548,Shake
-1.453,0.642,1.326,286.685,-65.590,-286.685,Shake
-0.368,0.041,1.999,285.897,-42.577,-286.685,Shake
0.407,-0.722,1.999,109.393,1.470,-286.685,Shake
1.038,-0.945,1.996,-11.961,9.721,-139.195,Shake
1.342,-0.778,1.944,-134.584,69.099,44.161,Shake
1.007,-0.081,1.419,-284.716,51.231,262.448,Shake
0.912,1.207,1.072,-286.685,-159.486,286.685,Shake
0.182,1.957,0.717,-286.685,-235.419,286.685,Shake
-1.999,1.998,-1.086,-246.951,-77.586,286.685,Shake
-1.999,1.654,-1.452,0.429,33.609,212.371,Shake
-1.999,1.452,-0.614,182.910,-90.029,-68.670,Shake
-1.997,1.324,0.116,266.717,-46.743,-285.644,Shake
-1.602,1.094,0.651,286.685,-63.761,-286.685,Shake
-0.487,0.871,1.856,286.685,-108.386,-286.685,Shake
0.792,0.099,1.999,211.260,-48.615,-286.685,Shake
1.845,-0.973,1.999,49.420,26.897,-279.571,Shake
1.999,-1.060,1.999,-94.859,93.957,-63.411,Shake
1.474,-0.213,1.391,-272.335,124.136,255.946,Shake
1.088,0.903,0.765,-286.685,36.759,286.685,Shake
-0.731,1.998,-0.007,-286.685,-100.529,286.685,Shake
-1.999,1.998,-1.992,-138.600,15.137,286.580,Shake
-1.999,1.614,-1.579,59.588,12.399,114.783,Shake
-1.999,1.363,-0.306,168.621,-140.744,-235.174,Shake
-1.555,1.062,0.263,175.096,-136.649,-286.685,Shake
-0.810,0.817,0.772,228.209,-132.773,-286.685,Shake
0.676,0.306,1.589,248.106,-174.807,-286.685,Shake
1.922,-0.703,1.999,242.804,-121.695,-286.685,Shake
1.999,-1.171,1.999,-51.170,69.921,-31.264,Shake
1.511,-0.336,1.500,-202.807,231.411,277.830,Shake
0.588,0.172,1.101,-276.789,235.174,286.685,Shake
0.225,0.738,0.816,-286.685,161.665,286.685,Shake
-1.171,1.711,-0.493,-286.685,154.446,286.685,Shake
-1.999,1.753,-1.998,-154.761,108.728,262.019,Shake
-1.999,1.430,-1.305,77.088,-83.956,-60.743,Shake
-1.680,1.139,-0.644,128.319,-150.369,-283.036,Shake
-1.300,0.974,-0.208,185.098,-174.169,-286.685,Shake
-0.764,0.741,0.246,255.964,-166.171,-286.685,Shake
0.651,0.436,1.611,286.685,-155.269,-286.685,Shake
1.999,-1.298,1.999,221.699,30.284,-280.534,Shake
1.999,-0.893,1.988,-155.750,119.814,118.099,Shake
1.611,-0.306,1.442,-248.141,167.099,286.685,Shake
0.989,0.480,0.932,-285.784,106.059,286.685,Shake
0.375,1.976,0.779,-286.685,-81.935,286.685,Shake
-1.999,1.998,-1.234,-268.240,-147.674,286.685,Shake
-1.999,1.779,-1.924,21.560,54.556,186.357,Shake
-1.999,1.646,-1.092,171.824,-44.695,-71.418,Shake
-1.830,1.336,0.200,242.935,-151.016,-286.606,Shake
-1.223,0.852,1.098,263.419,-54.469,-286.685,Shake
-0.285,0.443,1.702,280.989,23.546,-286.685,Shake
0.322,-0.066,1.999,275.949,75.871,-286.685,Shake
1.288,-1.084,1.999,88.786,78.925,-274.846,Shake
1.560,-0.833,1.889,-159.967,112.787,15.767,Shake
1.050,-0.142,1.249,-285.434,170.258,247.704,Shake
0.781,0.489,0.985,-286.685,64.225,286.685,Shake
0.147,1.834,0.492,-286.685,-84.630,286.685,Shake
-1.983,1.998,-1.475,-286.003,-157.500,286.685,Shake
-1.999,1.680,-1.405,-60.585,-70.359,205.800,Shake
-1.999,1.441,-1.129,99.452,-116.970,-58.940,Shake
-1.999,1.378,-0.664,187.294,-135.415,-232.977,Shake
-1.567,1.077,0.417,283.806,-138.057,-286.685,Shake
-0.575,0.807,1.648,286.685,-118.834,-286.685,Shake
0.579,-0.136,1.999,260.601,-26.469,-286.685,Shake
1.565,-1.135,1.999,51.424,28.341,-271.075,Shake
1.785,-0.988,1.999,-97.003,60.025,-59.351,Shake
1.278,-0.364,1.483,-266.735,129.579,202.204,Shake
0.826,0.537,0.991,-286.685,23.529,286.685,Shake
0.268,1.970,0.630,-286.685,-176.505,286.685,Shake
-1.420,1.998,-0.760,-286.685,-166.688,286.685,Shake
-1.999,1.881,-1.741,-78.479,-6.956,286.685,Shake
-1.999,1.589,-1.340,153.492,-24.981,74.287,Shake
-1.999,1.371,-0.182,266.989,-115.281,-200.673,Shake
-1.582,0.892,0.703,286.685,-107.774,-286.685,Shake
-1.082,0.722,1.685,283.413,-76.912,-286.685,Shake
-0.024,-0.009,1.999,236.626,12.189,-286.685,Shake
1.419,-1.166,1.999,78.391,24.579,-283.859,Shake
1.491,-0.748,1.914,-149.730,13.422,45.377,Shake
1.051,-0.251,1.394,-284.961,29.811,246.689,Shake
0.847,0.706,0.912,-286.685,-33.854,286.685,Shake
0.065,1.942,0.596,-286.685,-183.986,286.685,Shake
-1.999,1.998,-1.576,-245.656,-62.930,286.685,Shake
-1.999,1.634,-1.571,41.125,25.270,155.356,Shake
-1.999,1.444,-0.812,156.739,-98.577,-24.369,Shake
-1.951,1.211,0.025,225.208,-110.845,-258.799,Shake
-1.483,0.837,0.739,275.765,-66.071,-286.685,Shake
-0.670,0.582,1.592,286.685,-55.597,-286.685,Shake
0.097,0.213,1.999,261.100,-50.199,-286.685,Shake
1.231,-0.757,1.999,120.146,-52.868,-286.685,Shake
1.926,-0.906,1.999,-71.426,-27.038,-54.504,Shake
1.238,-0.229,1.470,-244.064,49.604,237.510,Shake
0.949,0.377,1.188,-286.685,5.906,286.685,Shake
0.503,1.920,0.999,-286.685,-169.488,286.685,Shake
-1.992,1.998,-1.221,-273.551,-108.929,286.685,Shake
-1.999,1.687,-1.644,14.726,48.869,247.083,Shake
-1.999,1.437,-0.793,197.566,-123.664,-73.850,Shake
-1.999,1.329,-0.177,263.541,-115.342,-257.871,Shake
-1.445,1.128,0.882,286.685,-6.886,-286.685,Shake
-0.714,0.916,1.999,286.685,57.627,-286.685,Shake
0.113,0.055,1.999,246.120,111.808,-286.685,Shake
0.674,-0.461,1.999,50.969,31.456,-286.685,Shake
1.490,-0.996,1.999,-39.778,22.767,-202.475,Shake
1.522,-0.627,1.709,-260.785,65.704,101.351,Shake
0.872,0.532,0.925,-286.685,16.888,286.650,Shake
0.348,1.581,0.251,-286.685,-142.555,286.685,Shake
-1.596,1.927,-1.068,-286.685,-146.589,286.685,Shake
-1.999,1.441,-1.400,-85.995,-28.674,271.696,Shake
-1.999,1.108,-1.102,64.978,-58.389,30.056,Shake
-1.999,1.082,-0.878,186.988,-117.180,-216.064,Shake
-1.996,1.005,-0.254,286.685,-139.519,-286.685,Shake
-0.860,1.037,0.962,286.685,-154.551,-286.685,Shake
0.640,0.367,1.999,286.685,-76.055,-286.685,Shake
1.931,-1.359,1.999,87.500,15.155,-258.283,Shake
1.807,-0.716,1.999,-230.807,102.673,76.624,Shake
1.317,-0.248,1.614,-286.527,130.655,281.689,Shake
0.996,0.474,1.072,-286.685,44.485,286.685,Shake
0.337,1.986,1.116,-286.685,-176.435,286.685,Shake
-1.999,1.998,-1.695,-286.536,-138.084,286.685,Shake
-1.999,1.688,-1.590,-7.753,-20.562,245.131,Shake
-1.999,1.432,-0.970,98.674,-132.834,82.836,Shake
-1.999,1.303,-0.792,201.915,-115.062,-169.829,Shake
-1.766,1.190,0.273,286.685,-77.131,-286.685,Shake
-0.916,0.973,1.971,286.685,-84.516,-286.685,Shake
-0.158,0.279,1.999,286.003,-109.183,-286.685,Shake
1.172,-0.861,1.999,30.083,-69.300,-286.685,Shake
1.646,-0.908,1.972,-200.401,13.186,-167.650,Shake
1.370,-0.439,1.304,-285.591,44.651,103.154,Shake
1.136,0.019,0.867,-286.685,-19.933,279.046,Shake
0.797,1.064,0.791,-286.685,-122.080,286.685,Shake
-0.620,1.886,-0.128,-286.685,-212.336,286.685,Shake
-1.999,1.912,-1.587,-98.954,-39.419,286.685,Shake
-1.999,1.400,-0.894,118.326,-54.688,167.991,Shake
-1.999,1.275,-0.585,174.720,-139.974,-29.759,Shake
-1.999,1.132,0.075,255.885,-136.780,-281.374,Shake
-1.466,0.815,1.014,286.685,-98.560,-286.685,Shake
-0.480,0.615,1.781,286.685,-46.445,-286.685,Shake
0.753,-0.385,1.999,213.211,-48.414,-286.685,Shake
1.489,-1.060,1.999,50.243,-20.948,-286.046,Shake
1.777,-0.885,1.927,-118.676,80.448,-34.667,Shake
1.236,-0.403,1.491,-235.655,154.674,208.232,Shake
0.825,0.416,1.039,-286.685,63.893,286.685,Shake
0.723,1.268,0.832,-286.685,-67.865,286.685,Shake
-1.160,1.989,-0.491,-286.685,-199.780,286.685,Shake
-1.999,1.753,-1.522,-80.728,-10.448,286.685,Shake
-1.999,1.347,-1.038,101.798,-25.095,133.753,Shake
-1.999,1.260,-0.710,168.726,-93.056,-132.064,Shake
-1.948,1.091,0.035,256.585,-107.389,-271.355,Shake
-1.472,0.725,1.144,286.685,-79.660,-286.685,Shake
-0.694,0.472,1.999,279.842,-49.298,-286.685,Shake
0.436,-0.080,1.999,165.121,15.137,-286.685,Shake
1.355,-0.714,1.999,58.345,-24.430,-286.685,Shake
1.825,-0.979,1.999,-92.628,13.974,-96.740,Shake
1.324,-0.369,1.289,-283.290,91.114,189.604,Shake
0.752,0.592,0.789,-286.685,-15.575,286.685,Shake
0.458,1.549,0.666,-286.685,-183.356,286.685,Shake
-1.969,1.908,-1.376,-268.905,-163.354,286.685,Shake
-1.999,1.361,-1.348,30.118,48.449,245.560,Shake
-1.999,1.093,-0.515,130.594,-120.164,-30.091,Shake
-1.999,0.905,-0.154,153.055,-150.395,-269.570,Shake
-1.736,0.722,0.160,227.973,-123.594,-286.685,Shake
-0.591,0.664,1.017,282.922,-59.412,-286.685,Shake
0.624,0.158,1.999,286.685,23.677,-286.685,Shake
1.736,-1.040,1.999,98.280,26.845,-284.918,Shake
1.999,-0.893,1.869,-134.181,39.611,7.543,Shake
1.600,-0.439,1.467,-201.512,89.311,215.512,Shake
0.956,0.160,1.252,-276.622,20.142,286.685,Shake
0.754,1.401,1.139,-286.685,-142.450,286.685,Shake
-1.208,1.998,-0.061,-286.685,-205.091,286.685,Shake
-1.999,1.998,-1.551,-192.806,-30.835,286.685,Shake
-1.999,1.561,-1.366,73.474,70.963,215.617,Shake
-1.999,1.276,-0.538,187.171,-114.660,-51.118,Shake
-1.939,1.001,0.211,245.753,-81.673,-277.349,Shake
-1.266,0.657,1.325,286.685,-64.881,-286.685,Shake
-0.585,0.310,1.963,286.108,-46.463,-286.685,Shake
0.265,-0.465,1.999,173.128,15.111,-286.685,Shake
1.089,-0.849,1.868,-14.998,-30.809,-253.899,Shake
1.281,-0.710,1.572,-121.791,18.550,2.398,Shake
1.031,-0.428,1.394,-197.391,79.240,144.559,Shake
0.708,0.246,1.001,-286.440,30.231,284.069,Shake
0.526,1.333,0.860,-286.685,-151.917,286.685,Shake
-1.509,1.846,-0.458,-285.679,-137.471,286.685,Shake
-1.999,1.892,-1.355,-71.531,40.950,285.819,Shake
-1.999,1.505,-1.167,66.579,5.294,156.109,Shake
-1.999,1.320,-0.504,199.054,-96.880,-139.545,Shake
-1.695,1.121,0.246,276.552,-76.370,-286.685,Shake
-0.898,0.797,1.101,286.685,-40.679,-286.685,Shake
-0.229,0.517,1.950,286.685,-35.070,-286.685,Shake
0.516,-0.480,1.999,236.512,28.324,-286.685,Shake
1.383,-1.091,1.999,-28.201,24.911,-191.651,Shake
1.255,-0.592,1.577,-220.325,16.161,104.396,Shake
1.023,-0.135,1.169,-279.606,5.985,240.258,Shake
0.886,0.911,0.966,-286.685,-31.911,286.685,Shake
-1.131,1.658,0.102,-286.685,-84.332,286.685,Shake
-1.999,1.718,-1.789,-164.614,105.411,283.089,Shake
-1.999,1.333,-1.169,83.545,81.226,83.090,Shake
-1.999,1.045,-0.799,138.460,-3.570,-32.646,Shake
-1.999,1.004,-0.562,238.656,-63.945,-245.289,Shake
-1.325,0.827,0.327,286.685,-142.538,-286.685,Shake
-0.341,0.469,1.471,286.685,-157.990,-286.685,Shake
0.990,-0.498,1.999,249.288,-15.435,-286.685,Shake
1.555,-1.058,1.999,60.410,91.481,-208.259,Shake
1.136,-0.603,1.723,-183.820,153.029,129.273,Shake
0.587,-0.079,1.288,-272.064,58.459,277.445,Shake
0.310,0.874,1.139,-286.685,-141.715,286.685,Shake
-0.336,1.531,0.583,-286.685,-204.811,286.685,Shake
-1.999,1.784,-0.809,-268.371,-96.635,286.685,Shake
-1.999,1.570,-1.561,-50.487,77.613,199.001,Shake
-1.999,1.338,-0.917,143.798,-31.430,-66.841,Shake
-1.983,1.188,-0.280,251.484,-35.980,-265.090,Shake
-1.451,0.969,0.150,286.685,-19.810,-286.685,Shake
-0.894,0.743,1.421,286.685,38.710,-286.685,Shake
-0.385,0.107,1.999,286.685,74.463,-286.685,Shake
0.404,-0.693,1.999,104.020,18.349,-283.054,Shake
0.982,-0.772,1.999,-80.561,-30.013,-176.540,Shake
1.038,-0.432,1.547,-244.344,-18.279,50.470,Shake
0.826,0.232,1.019,-286.685,-38.798,232.610,Shake
0.457,1.415,0.690,-286.685,-159.049,286.685,Shake
-0.772,1.827,-0.207,-286.685,-186.428,286.685,Shake
-1.999,1.710,-1.879,-135.214,15.698,286.685,Shake
-1.999,1.419,-1.170,118.562,-64.312,113.838,Shake
-1.999,1.242,-0.484,219.511,-88.060,-106.820,Shake
-1.894,0.956,0.284,286.230,-91.840,-282.126,Shake
-1.563,0.769,1.100,286.685,-109.690,-286.685,Shake
-0.552,0.398,1.998,273.516,-98.245,-286.685,Shake
0.590,-0.319,1.999,149.826,-96.941,-286.685,Shake
1.521,-0.899,1.999,-5.871,-66.071,-241.036,Shake
1.608,-0.668,1.796,-170.091,53.357,60.200,Shake
1.282,-0.237,1.367,-260.085,64.925,232.557,Shake
0.909,0.803,0.970,-286.685,-67.191,286.685,Shake
-0.062,1.998,0.357,-286.685,-217.402,286.685,Shake
-1.999,1.998,-1.267,-161.438,-41.090,286.685,Shake
-1.999,1.696,-1.270,50.671,20.029,164.649,Shake
-1.999,1.383,-0.776,137.261,-74.016,-37.721,Shake
-1.999,1.163,-0.096,223.151,-53.165,-272.816,Shake
-1.506,0.938,1.092,286.685,-51.555,-286.685,Shake
-0.565,0.640,1.981,276.745,-15.479,-286.685,Shake
0.119,0.258,1.999,226.844,12.084,-286.685,Shake
1.383,-0.713,1.999,66.579,-5.241,-286.685,Shake
1.999,-1.008,1.999,-124.408,6.939,-75.880,Shake
1.621,-0.296,1.482,-286.668,98.787,234.386,Shake
1.274,0.552,0.902,-286.685,58.502,286.685,Shake
0.703,1.998,0.546,-286.685,-124.276,286.685,Shake
-1.990,1.998,-1.603,-258.353,-172.261,286.685,Shake
-1.999,1.826,-1.553,46.463,21.858,274.138,Shake
-1.999,1.571,-1.226,197.523,-102.200,-6.974,Shake
-1.999,1.377,-0.339,265.134,-120.732,-190.225,Shake
-1.894,1.177,0.759,286.685,-104.519,-286.685,Shake
-1.152,1.054,1.999,284.812,-99.872,-286.685,Shake
0.436,0.159,1.999,127.207,-159.827,-286.685,Shake
1.999,-1.207,1.999,-55.711,-144.428,-286.606,Shake
1.999,-1.215,1.996,-207.585,-57.925,-115.946,Shake
1.657,-0.312,1.484,-286.685,-1.846,220.587,Shake
1.128,0.706,1.124,-286.685,-51.704,286.685,Shake
0.344,1.968,0.235,-286.685,-139.974,286.685,Shake
-0.929,1.998,-1.701,-209.484,-14.805,286.685,Shake
-1.679,1.998,-1.187,-47.057,41.195,286.685,Shake
-1.999,1.704,-0.776,18.060,-182.122,267.776,Shake
-1.999,1.543,-1.225,149.905,-116.769,-44.380,Shake
-1.999,1.487,-0.163,286.685,-77.963,-283.413,Shake
-1.810,1.479,1.402,286.685,-149.520,-286.685,Shake
-0.866,1.267,1.995,286.685,-286.606,-286.685,Shake
0.862,0.192,1.999,209.440,-274.033,-286.685,Shake
1.999,-0.844,1.999,-114.713,-13.300,-286.685,Shake
1.999,-0.787,1.987,-211.619,192.316,-21.061,Shake
1.476,-0.160,1.179,-286.685,198.459,245.262,Shake
1.122,0.475,0.800,-286.685,93.940,286.685,Shake
0.566,1.707,0.622,-286.685,-105.192,286.685,Shake
-0.811,1.998,-1.089,-286.685,-157.798,286.685,Shake
-1.858,1.996,-1.535,-101.894,-48.037,286.685,Shake
-1.999,1.695,-1.373,48.536,-112.963,209.178,Shake
-1.999,1.521,-1.349,142.091,-157.850,3.517,Shake
-1.999,1.433,-0.453,286.073,-171.264,-264.119,Shake
-1.706,1.338,1.031,286.685,-181.475,-286.685,Shake
-0.433,0.937,1.999,286.685,-252.665,-286.685,Shake
0.940,-0.387,1.999,217.315,-115.518,-286.685,Shake
1.907,-0.951,1.999,-132.405,27.003,-272.974,Shake
1.999,-0.847,1.875,-245.227,138.469,-57.855,Shake
1.498,-0.158,1.433,-286.650,179.401,248.920,Shake
0.886,0.850,0.849,-286.685,40.950,286.685,Shake
0.207,1.852,-0.215,-286.685,-114.607,286.685,Shake
-1.914,1.998,-1.997,-275.634,-17.220,286.685,Shake
-1.999,1.624,-1.893,-6.562,71.881,176.269,Shake
-1.999,1.439,-1.127,107.196,-113.698,-226.476,Shake
-1.998,1.313,-0.567,164.089,-276.141,-286.685,Shake
-0.954,1.558,0.079,252.980,-259.026,-286.685,Shake
1.969,0.593,1.909,286.685,-281.304,-286.685,Shake
1.999,-1.502,1.999,222.443,-84.796,-285.574,Shake
1.999,-0.752,1.733,-153.440,97.702,191.739,Shake
1.585,-0.116,0.535,-133.901,178.150,286.685,Shake
0.904,0.493,0.826,-153.527,20.729,286.685,Shake
0.623,1.444,0.947,-204.741,-118.344,286.685,Shake
-1.999,1.991,-0.163,-165.314,-118.860,286.685,Shake
-1.999,1.613,-1.304,27.274,174.527,231.849,Shake
-1.999,1.382,-0.221,137.550,-60.891,-159.967,Shake
-1.999,1.279,0.476,119.849,-170.336,-286.685,Shake
-1.443,1.137,0.610,131.836,-132.641,-286.685,Shake
0.110,1.124,1.153,203.945,-55.956,-286.685,Shake
1.894,0.296,1.999,248.973,60.393,-286.685,Shake
1.999,-1.370,1.999,-61.906,152.521,-262.841,Shake
1.999,-0.950,1.553,-210.621,157.098,217.324,Shake
1.989,0.110,0.937,-215.985,200.182,286.685,Shake
1.454,1.017,0.774,-267.671,118.484,286.685,Shake
-0.293,1.998,0.345,-286.685,-72.826,286.685,Shake
-1.999,1.998,-0.853,-161.254,-103.915,286.685,Shake
-1.999,1.883,-1.294,-7.884,6.886,232.129,Shake
-1.999,1.522,-0.645,112.009,-60.673,-75.285,Shake
-1.999,1.326,0.142,140.341,-146.247,-286.633,Shake
-1.674,1.152,0.887,174.746,-148.068,-286.685,Shake
-0.497,1.138,1.488,213.727,-84.796,-286.685,Shake
1.425,0.382,1.999,224.026,-23.441,-286.685,Shake
1.999,-0.864,1.999,54.215,16.590,-286.685,Shake
1.999,-0.829,1.379,-116.804,68.311,-43.732,Shake
1.825,-0.594,1.130,-166.512,104.554,219.179,Shake
1.377,-0.180,1.044,-220.229,26.119,286.676,Shake
1.125,0.816,0.732,-286.589,-130.296,286.685,Shake
-0.747,1.998,0.666,-249.025,-215.775,286.685,Shake
-1.999,1.945,-0.953,-77.507,39.235,286.685,Shake
-1.999,1.404,-1.108,25.323,198.004,206.229,Shake
-1.999,1.127,-0.343,113.173,-33.495,-185.518,Shake
-1.806,0.933,0.157,104.326,-177.065,-286.685,Shake
-0.872,0.744,0.443,145.705,-117.941,-286.685,Shake
0.232,0.654,1.147,242.489,27.160,-286.685,Shake
0.871,0.353,1.977,280.604,146.904,-286.685,Shake
1.940,-0.883,1.999,139.300,97.711,-286.685,Shake
1.999,-0.942,1.731,-116.393,35.123,-28.875,Shake
1.756,-0.191,1.311,-183.890,90.186,282.931,Shake
1.186,0.257,1.255,-239.181,65.257,286.685,Shake
0.784,1.159,1.104,-286.685,-72.380,286.685,Shake
-1.359,1.998,0.198,-286.685,-218.610,286.685,Shake
-1.999,1.807,-0.731,-133.114,-71.741,286.685,Shake
-1.999,1.385,-0.796,-2.013,11.541,125.335,Shake
-1.999,1.249,-0.662,57.426,-49.481,-83.580,Shake
-1.999,1.135,0.076,136.622,-95.366,-286.685,Shake
-1.528,1.081,0.641,158.550,-91.586,-286.685,Shake
0.075,1.217,0.926,220.850,-79.817,-286.685,Shake
1.382,0.960,1.915,281.418,-0.936,-286.685,Shake
1.999,-1.170,1.999,126.166,106.304,-286.291,Shake
1.999,-0.817,1.559,-191.319,47.705,77.621,Shake
1.647,0.115,0.990,-215.320,54.556,286.685,Shake
1.197,0.466,0.832,-235.366,8.829,286.685,Shake
0.756,1.638,0.808,-259.087,-126.647,286.685,Shake
-1.999,1.998,-0.362,-196.980,-126.088,286.685,Shake
-1.999,1.646,-1.157,-0.691,99.864,279.134,Shake
-1.999,1.376,-0.795,116.025,11.812,-52.115,Shake
-1.999,1.065,0.027,122.168,-89.451,-241.946,Shake
-1.720,0.853,0.452,119.630,-145.163,-286.685,Shake
-0.697,0.729,0.901,168.674,-103.705,-286.685,Shake
0.446,0.452,1.702,241.474,67.436,-286.685,Shake
1.167,-0.028,1.999,224.577,146.125,-286.685,Shake
1.999,-1.001,1.999,-16.144,83.213,-274.295,Shake
1.999,-0.701,1.275,-189.158,32.375,107.441,Shake
1.551,0.121,1.036,-219.371,23.800,286.685,Shake
1.105,0.681,0.957,-267.269,-64.312,286.685,Shake
0.705,1.959,0.806,-286.685,-166.932,286.685,Shake
-1.999,1.998,-0.623,-195.256,-191.651,286.685,Shake
-1.999,1.693,-0.875,12.583,65.791,273.989,Shake
-1.999,1.418,-0.470,99.207,-62.204,35.158,Shake
-1.999,1.286,-0.107,132.029,-95.401,-154.473,Shake
-1.993,1.064,0.646,181.580,-98.105,-286.685,Shake
-0.971,0.811,1.214,152.924,-112.079,-286.685,Shake
0.552,0.462,1.417,157.736,-67.209,-286.685,Shake
1.579,-0.060,1.906,145.600,-25.253,-286.685,Shake
1.999,-1.125,1.999,32.182,44.476,-253.803,Shake
1.999,-0.717,1.393,-170.590,95.147,150.789,Shake
1.383,0.137,1.045,-232.890,90.064,286.685,Shake
1.129,0.677,0.922,-286.685,-32.568,286.685,Shake
0.123,1.989,0.464,-286.685,-142.039,286.685,Shake
-1.999,1.998,-1.001,-136.859,-75.784,286.685,Shake
-1.999,1.578,-1.066,51.231,90.405,188.729,Shake
-1.999,1.349,-0.359,138.390,-46.147,-155.356,Shake
-1.999,1.247,0.167,166.583,-89.390,-286.685,Shake
-1.429,1.000,0.693,185.456,-74.585,-286.685,Shake
-0.378,0.895,1.110,242.130,-6.659,-286.685,Shake
0.830,0.454,1.999,281.899,97.729,-286.685,Shake
1.580,-0.420,1.999,116.253,20.834,-286.685,Shake
1.999,-1.112,1.999,-57.715,3.640,-175.534,Shake
1.976,-0.570,1.410,-217.822,103.827,201.941,Shake
1.156,0.328,1.196,-286.335,91.796,286.685,Shake
0.724,1.043,1.062,-286.685,-31.474,286.685,Shake
-0.669,1.998,-0.097,-286.685,-112.831,286.685,Shake
-1.999,1.951,-1.561,-160.807,-29.619,286.685,Shake
-1.999,1.570,-1.300,48.947,11.812,159.303,Shake
-1.999,1.260,-0.774,113.802,-127.374,-167.878,Shake
-1.993,1.126,-0.200,174.825,-193.865,-286.685,Shake
-1.426,0.847,0.364,239.225,-166.145,-286.685,Shake
-0.397,0.690,1.508,286.685,-58.013,-286.685,Shake
0.853,-0.072,1.999,262.307,26.600,-286.685,Shake
1.990,-1.021,1.999,29.015,-57.435,-274.242,Shake
1.999,-0.989,1.923,-155.785,72.231,55.239,Shake
1.638,-0.358,1.414,-227.526,112.989,258.939,Shake
0.993,0.393,1.070,-286.685,12.714,286.685,Shake
0.518,1.599,0.702,-286.685,-140.831,286.685,Shake
-0.796,1.998,0.054,-269.001,-186.559,286.685,Shake
-1.999,1.968,-1.226,-102.637,-14.499,286.685,Shake
-1.999,1.441,-0.967,49.928,18.882,144.909,Shake
-1.999,1.211,-0.552,112.700,-122.981,-146.624,Shake
-1.955,1.019,0.193,184.634,-110.933,-286.685,Shake
-0.962,0.744,1.202,246.321,-109.804,-286.685,Shake
0.050,0.186,1.933,221.393,-61.092,-286.685,Shake
1.348,-0.405,1.999,165.340,-38.194,-286.685,Shake
1.999,-1.004,1.982,-14.534,27.632,-206.596,Shake
1.876,-0.694,1.569,-145.784,101.360,151.209,Shake
1.457,0.089,1.211,-258.685,106.199,286.685,Shake
1.162,0.814,0.907,-286.685,25.804,286.685,Shake
0.099,1.998,0.038,-286.685,-67.567,286.685,Shake
-1.999,1.998,-1.452,-136.894,5.066,286.685,Shake
-1.999,1.971,-1.839,91.761,94.465,263.104,Shake
-1.999,1.784,-1.250,218.514,-5.775,61.679,Shake
-1.999,1.562,0.046,286.685,-89.705,-227.264,Shake
-1.824,1.040,1.015,286.685,-145.075,-286.685,Shake
-0.965,0.753,1.922,211.400,-172.637,-286.685,Shake
0.190,0.315,1.879,98.070,-160.738,-286.685,Shake
1.526,-0.580,1.878,63.779,-108.509,-286.685,Shake
1.755,-0.953,1.983,-47.399,36.041,-153.676,Shake
1.662,-0.591,1.733,-256.410,74.419,143.124,Shake
1.350,0.074,1.191,-286.685,-42.201,286.685,Shake
0.782,1.532,0.806,-286.685,-157.693,286.685,Shake
-1.612,1.998,-1.014,-283.824,-158.751,286.685,Shake
-1.999,1.894,-1.587,-17.614,43.768,286.344,Shake
-1.999,1.564,-1.026,93.433,-94.281,60.506,Shake
-1.999,1.478,-0.961,125.239,-177.774,-157.001,Shake
-1.981,1.211,-0.143,236.311,-214.104,-286.685,Shake
-0.914,1.035,1.191,286.685,-126.315,-286.685,Shake
0.387,0.514,1.999,286.685,-16.791,-286.685,Shake
1.747,-0.802,1.999,101.588,-49.849,-286.685,Shake
1.999,-0.935,1.993,-108.027,-43.155,-131.346,Shake
1.979,-0.667,1.866,-167.545,131.101,124.889,Shake
1.212,-0.030,1.530,-286.318,128.599,286.676,Shake
0.887,0.990,0.929,-286.685,-94.692,286.685,Shake
0.488,1.998,0.186,-286.685,-264.591,286.685,Shake
-1.948,1.998,-1.385,-265.948,-158.042,286.685,Shake
-1.999,1.860,-1.479,-17.456,31.465,282.144,Shake
-1.999,1.614,-1.226,116.156,-113.706,-3.132,Shake
-1.999,1.500,-0.344,239.732,-177.345,-284.331,Shake
-1.841,1.308,0.576,286.685,-198.021,-286.685,Shake
-0.380,1.199,1.803,286.685,-181.256,-286.685,Shake
1.805,-0.249,1.999,280.411,-67.926,-286.685,Shake
1.999,-1.282,1.999,-117.784,82.950,-229.014,Shake
1.994,-0.605,1.660,-209.878,167.886,165.480,Shake
1.491,-0.214,1.456,-280.017,126.122,286.685,Shake
0.948,0.570,1.031,-286.685,19.539,286.685,Shake
-0.139,1.684,0.391,-286.685,-153.064,286.685,Shake
-1.953,1.984,-0.830,-229.976,-64.085,286.685,Shake
-1.999,1.766,-1.328,-70.359,12.670,267.592,Shake
-1.999,1.585,-1.213,34.528,-36.505,-21.201,Shake
-1.999,1.356,-0.682,156.607,-100.310,-207.497,Shake
-1.619,1.014,0.433,261.800,-134.908,-286.685,Shake
-0.842,0.662,1.417,286.685,-97.702,-286.685,Shake
0.139,0.421,1.999,274.628,18.016,-286.685,Shake
0.894,-0.144,1.999,163.310,59.763,-286.685,Shake
1.998,-0.738,1.999,-12.828,-1.242,-284.848,Shake
1.999,-0.893,1.884,-145.600,105.525,8.111,Shake
1.782,-0.050,1.344,-282.047,95.025,285.031,Shake
1.349,0.682,0.917,-286.685,-6.501,286.685,Shake
0.794,1.998,0.651,-286.685,-182.149,286.685,Shake
-1.999,1.998,-0.799,-260.566,-223.335,286.685,Shake
-1.999,1.838,-1.481,23.205,112.560,249.655,Shake
-1.999,1.562,-0.737,136.596,-70.018,-28.656,Shake
-1.999,1.224,-0.156,169.286,-158.148,-178.334,Shake
-1.919,0.823,0.681,235.200,-109.497,-286.685,Shake
-0.863,0.508,1.364,285.460,-67.191,-286.685,Shake
0.265,0.116,1.999,272.624,-13.458,-286.685,Shake
0.896,-0.293,1.999,102.970,65.363,-286.685,Shake
1.923,-0.848,1.999,-10.342,77.936,-248.841,Shake
1.942,-0.724,1.861,-181.020,115.342,91.000,Shake
1.239,0.094,1.323,-286.116,89.679,286.422,Shake
1.085,0.680,0.983,-286.685,-89.408,286.685,Shake
0.585,1.998,0.677,-286.685,-222.049,286.685,Shake
-1.999,1.998,-1.092,-271.644,-243.303,286.685,Shake
-1.999,1.732,-1.685,16.809,48.965,162.330,Shake
-1.999,1.557,-0.801,191.905,-109.174,-130.769,Shake
-1.999,1.352,0.111,266.254,-86.135,-286.685,Shake
-1.534,1.007,1.252,286.685,-60.016,-286.685,Shake
-0.336,0.668,1.998,286.685,-61.827,-286.685,Shake
0.912,-0.199,1.999,182.516,23.030,-286.685,Shake
1.815,-0.892,1.999,21.805,93.433,-243.014,Shake
1.998,-0.890,1.999,-152.880,105.149,23.240,Shake
1.314,-0.090,1.389,-285.801,127.024,281.059,Shake
0.847,1.045,0.869,-286.685,21.525,286.685,Shake
0.265,1.976,0.404,-286.685,-130.699,286.685,Shake
-1.999,1.998,-1.881,-272.204,-117.442,286.685,Shake
-1.999,1.711,-1.699,67.401,25.699,177.546,Shake
-1.999,1.430,-0.755,199.902,-67.200,-93.870,Shake
-1.999,1.179,0.023,265.816,-88.646,-284.121,Shake
-1.798,1.062,0.592,286.685,-65.669,-286.685,Shake
-0.820,0.926,1.807,286.685,-23.599,-286.685,Shake
0.179,0.124,1.999,284.349,42.368,-286.685,Shake
1.140,-0.712,1.999,30.853,69.571,-286.685,Shake
1.503,-0.765,1.999,-83.606,120.680,-203.604,Shake
1.194,-0.570,1.708,-253.680,248.710,48.300,Shake
0.918,-0.023,1.075,-286.685,184.966,201.792,Shake
0.752,1.059,0.308,-286.685,19.950,286.685,Shake
0.009,1.876,-0.761,-286.685,-124.521,286.685,Shake
-1.965,1.988,-1.998,-258.948,-250.337,286.685,Shake
-1.999,1.431,-1.733,4.392,-74.786,141.986,Shake
-1.999,1.204,-1.432,161.893,-152.871,-147.429,Shake
-1.997,0.882,-0.382,279.983,-286.650,-286.212,Shake
-1.503,0.889,0.289,286.685,-284.865,-286.685,Shake
-0.224,0.635,1.536,286.685,-275.100,-286.685,Shake
1.135,-0.529,1.999,280.228,-85.286,-286.685,Shake
1.999,-1.066,1.999,-111.186,25.882,-181.930,Shake
1.670,-0.263,1.775,-261.170,192.098,183.697,Shake
0.938,0.055,1.418,-286.685,187.180,286.685,Shake
0.572,0.621,0.890,-286.685,104.615,286.685,Shake
-0.246,1.789,-0.002,-286.685,-33.189,286.685,Shake
-1.978,1.998,-1.998,-264.836,-44.021,286.685,Shake
-1.999,1.500,-1.595,-3.098,-80.045,147.656,Shake
-1.999,1.373,-1.664,57.978,-126.534,-186.559,Shake
-1.999,1.229,-0.974,211.321,-214.130,-286.633,Shake
-1.240,1.123,0.313,286.685,-200.235,-286.685,Shake
0.422,0.801,1.921,286.685,-139.851,-286.685,Shake
1.999,-1.394,1.999,174.492,18.559,-286.641,Shake
1.999,-1.154,1.999,-217.779,80.579,3.036,Shake
1.740,-0.427,1.364,-239.628,147.928,188.370,Shake
1.045,0.018,1.133,-285.128,68.250,286.685,Shake
0.556,1.141,0.989,-286.685,-134.890,286.685,Shake
-0.427,1.841,0.268,-286.685,-163.188,286.685,Shake
-1.999,1.984,-1.563,-188.204,-3.815,286.685,Shake
-1.999,1.465,-0.891,3.019,-28.534,245.831,Shake
-1.999,1.267,-0.964,65.152,-156.984,-45.535,Shake
-1.999,1.134,-0.394,199.001,-137.681,-285.941,Shake
-1.527,0.863,0.357,286.685,-141.374,-286.685,Shake
-0.390,0.614,1.651,286.685,-84.289,-286.685,Shake
0.954,-0.581,1.999,260.671,68.626,-286.685,Shake
1.922,-1.166,1.999,-100.581,109.393,-137.086,Shake
1.429,-0.429,1.432,-281.242,78.558,144.690,Shake
1.337,0.025,0.973,-286.685,18.812,286.020,Shake
1.074,1.344,0.549,-286.685,-129.754,286.685,Shake
-1.533,1.998,-0.400,-262.272,-214.349,286.685,Shake
-1.999,1.745,-1.205,-37.791,-10.684,286.545,Shake
-1.999,1.418,-0.831,145.661,-28.656,54.985,Shake
-1.999,1.253,-0.125,214.209,-68.495,-153.606,Shake
-1.700,0.853,0.675,242.349,-100.415,-286.685,Shake
-0.697,0.404,1.409,251.842,-56.158,-286.685,Shake
-0.071,-0.140,1.804,195.842,97.948,-286.685,Shake
0.330,-0.562,1.999,97.003,118.562,-282.266,Shake
0.930,-0.937,1.999,-20.554,99.575,-167.256,Shake
0.826,-0.582,1.526,-199.281,51.625,24.666,Shake
0.743,-0.034,1.012,-286.650,2.634,150.351,Shake
0.799,0.543,0.856,-286.685,-136.710,286.081,Shake
-0.121,1.563,0.361,-286.685,-205.432,286.685,Shake
-1.999,1.829,-1.315,-211.969,-130.235,286.685,Shake
-1.999,1.291,-0.939,12.722,-77.980,197.435,Shake
-1.999,1.138,-0.668,141.444,-146.667,-23.923,Shake
-1.999,0.967,0.012,256.848,-129.176,-275.608,Shake
-1.583,0.770,0.758,286.685,-113.514,-286.685,Shake
-0.485,0.526,1.979,286.685,18.401,-286.685,Shake
0.551,-0.505,1.999,231.341,132.186,-286.685,Shake
1.431,-1.013,1.999,-59.701,97.991,-158.655,Shake
1.115,-0.471,1.511,-256.331,38.614,91.543,Shake
0.985,-0.026,1.121,-286.685,-1.864,191.992,Shake
0.938,1.050,0.826,-286.685,-112.429,286.685,Shake
-1.053,1.977,-0.278,-286.685,-158.217,286.685,Shake
-1.999,1.889,-1.657,-112.210,13.151,286.501,Shake
-1.999,1.630,-1.634,52.596,2.152,179.366,Shake
-1.999,1.429,-0.902,239.339,-68.171,-85.829,Shake
-1.678,1.142,0.256,286.685,-61.154,-277.314,Shake
-1.144,0.730,1.535,286.685,-8.304,-286.685,Shake
-0.956,0.449,1.999,286.685,48.300,-286.685,Shake
-0.435,-0.222,1.999,169.549,96.626,-286.685,Shake
0.974,-0.972,1.999,-20.440,-29.050,-278.854,Shake
1.380,-0.687,1.992,-240.992,17.062,-22.216,Shake
1.293,-0.203,1.416,-286.685,69.825,141.566,Shake
0.978,1.037,1.121,-286.685,37.678,286.685,Shake
-0.351,1.998,0.189,-286.685,-56.919,286.685,Shake
-1.737,1.998,-1.994,-284.716,-119.420,286.685,Shake
-1.951,1.834,-1.409,-72.537,-182.096,209.781,Shake
-1.999,1.635,-1.311,44.896,-160.773,68.793,Shake
-1.999,1.379,-1.093,230.492,-165.104,-161.639,Shake
-1.975,1.285,0.251,286.685,-130.182,-286.685,Shake
-0.783,1.183,1.832,286.685,-149.940,-286.685,Shake
0.537,-0.190,1.999,286.536,-189.971,-286.685,Shake
1.281,-1.085,1.999,-67.217,53.454,-262.710,Shake
1.406,-0.939,1.961,-237.195,115.036,-84.569,Shake
1.203,-0.348,1.508,-285.556,42.770,144.489,Shake
1.089,0.626,1.176,-286.685,-76.379,286.256,Shake
0.248,1.921,0.852,-286.685,-211.732,286.685,Shake
-1.251,1.998,-0.463,-286.685,-162.452,286.685,Shake
-1.999,1.959,-1.191,-160.842,0.245,286.685,Shake
-1.999,1.679,-0.935,24.386,-95.393,163.730,Shake
-1.999,1.423,-0.675,165.760,-94.500,-99.680,Shake
-1.999,1.317,-0.282,267.138,-75.784,-286.300,Shake
-1.514,1.164,0.883,286.685,-100.739,-286.685,Shake
-0.515,0.745,1.977,286.685,-92.006,-286.685,Shake
0.150,0.044,1.999,222.784,48.545,-286.685,Shake
1.283,-1.147,1.999,-13.536,95.996,-284.130,Shake
1.437,-1.045,1.989,-192.080,72.205,-125.107,Shake
1.340,-0.355,1.159,-286.466,5.180,105.543,Shake
1.216,0.415,0.949,-286.685,-74.848,280.516,Shake
0.349,1.693,0.966,-286.685,-180.180,286.685,Shake
-1.009,1.998,-0.095,-286.685,-135.958,286.685,Shake
-1.999,1.998,-1.371,-184.354,42.507,286.685,Shake
-1.999,1.886,-1.604,57.549,-43.549,142.861,Shake
-1.999,1.711,-1.017,268.931,-84.052,-109.637,Shake
-1.792,1.629,0.091,286.685,-42.228,-282.529,Shake
-1.393,1.444,1.204,286.685,-50.943,-286.685,Shake
-0.963,0.662,1.999,286.685,-78.146,-286.685,Shake
-0.433,-0.193,1.999,186.296,6.230,-286.685,Shake
0.871,-0.809,1.999,-9.765,15.645,-286.685,Shake
1.421,-1.069,1.999,-85.592,21.612,-210.350,Shake
1.403,-0.501,1.770,-278.198,125.221,67.891,Shake
1.047,0.423,1.012,-286.685,111.090,261.538,Shake
0.167,1.691,0.412,-286.685,-27.370,286.685,Shake
-0.431,1.998,-1.056,-286.685,-33.574,286.685,Shake
-1.783,1.998,-1.994,-226.275,-121.844,286.685,Shake
-1.999,1.838,-1.849,29.601,-49.761,135.039,Shake
-1.999,1.724,-1.474,208.364,-115.754,-162.557,Shake
-1.999,1.500,-0.220,286.685,-224.298,-286.685,Shake
-1.075,1.530,0.870,286.685,-258.177,-286.685,Shake
0.392,1.309,1.638,286.685,-286.685,-286.685,Shake
1.999,-1.545,1.999,244.562,-167.816,-286.685,Shake
1.999,-1.010,1.980,-275.538,93.424,20.685,Shake
1.636,-0.326,1.385,-269.999,86.170,276.378,Shake
1.317,0.441,1.210,-286.685,-98.840,286.685,Shake
1.085,1.628,0.876,-286.685,-238.954,286.685,Shake
-1.881,1.998,-0.660,-262.386,-224.613,286.685,Shake
-1.999,1.997,-1.363,-35.315,110.731,286.685,Shake
-1.999,1.628,-1.123,100.345,-110.040,75.845,Shake
-1.999,1.605,-0.764,196.744,-114.170,-150.500,Shake
-1.905,1.383,0.590,286.685,-65.266,-286.685,Shake
-1.046,1.082,1.440,286.685,-49.123,-286.685,Shake
0.246,0.732,1.999,277.707,-39.725,-286.685,Shake
1.316,-0.141,1.999,175.648,6.790,-286.685,Shake
1.999,-1.518,1.999,-62.772,84.131,-198.371,Shake
1.999,-0.330,1.487,-286.685,175.087,269.246,Shake
1.999,1.323,0.563,-286.685,139.991,286.685,Shake
1.743,1.998,1.051,-286.685,-102.926,286.685,Shake
-1.304,1.998,-0.391,-286.309,-137.471,286.685,Shake
-1.916,1.998,-1.301,-102.707,29.347,286.685,Shake
-1.798,1.998,-1.155,39.812,-105.061,286.685,Shake
-1.999,1.998,-1.255,243.539,-31.815,187.005,Shake
-1.999,1.998,-0.650,286.685,-40.626,-113.846,Shake
-1.768,1.793,0.723,286.685,-82.486,-275.791,Shake
-0.892,1.616,1.839,286.685,23.765,-286.685,Shake
-0.872,0.805,1.999,281.767,195.606,-286.685,Shake
-0.993,0.282,1.999,81.812,237.624,-286.685,Shake
-0.293,0.156,1.999,-70.018,102.393,-286.685,Shake
1.058,0.240,1.099,-285.224,5.495,-284.987,Shake
1.796,0.917,-0.057,-286.685,5.180,-51.896,Shake
0.691,1.806,-1.958,-286.685,-104.160,219.546,Shake
-0.958,1.983,-1.779,-247.861,-280.700,213.229,Shake
-1.752,1.834,-1.984,-91.761,-276.535,60.900,Shake
-1.986,1.591,-1.528,130.751,-286.239,-93.310,Shake
-1.999,1.447,-0.243,286.685,-155.794,-243.530,Shake
-1.954,1.214,1.456,286.685,-118.361,-286.685,Shake
0.226,0.106,1.999,281.068,-218.837,-286.685,Shake
1.705,-1.319,1.999,89.311,-93.012,-286.685,Shake
1.947,-1.181,1.999,-280.858,-39.550,-1.321,Shake
1.587,0.477,1.767,-286.685,-116.261,285.154,Shake
0.383,1.998,1.159,-286.685,-286.685,286.685,Shake
-1.999,1.998,-0.534,-286.685,-286.641,286.685,Shake
-1.999,1.998,-1.797,-141.146,-55.869,106.365,Shake
-1.999,1.998,-1.279,99.426,-126.857,-267.426,Shake
-1.963,1.830,0.153,279.676,-110.915,-286.685,Shake
0.436,1.084,1.975,286.685,-130.970,-286.685,Shake
1.999,-1.225,1.999,164.693,108.806,-286.659,Shake
1.999,-1.621,1.999,-57.566,174.807,-2.441,Shake
1.999,0.239,1.657,-228.296,18.743,286.685,Shake
-0.175,1.921,1.604,-286.685,-198.336,286.685,Shake
-1.999,1.998,-0.464,-273.402,-98.963,286.685,Shake
-1.999,1.998,-1.472,-46.559,71.348,22.785,Shake
-1.999,1.935,-0.974,88.900,-39.550,-268.170,Shake
-1.534,1.708,0.219,206.596,-74.366,-286.685,Shake
1.844,0.680,1.931,286.685,49.236,-286.685,Shake
1.999,-1.296,1.999,141.592,234.544,-185.605,Shake
1.999,-1.095,1.977,-119.219,169.724,224.367,Shake
1.616,0.567,1.403,-223.247,-66.071,286.685,Shake
-0.130,1.998,1.358,-277.497,-152.906,286.685,Shake
-1.999,1.998,-1.285,-165.865,129.360,286.685,Shake
-1.999,1.998,-1.647,93.817,81.139,184.949,Shake
-1.999,1.921,-0.621,238.604,-42.000,-39.638,Shake
-1.999,1.458,0.954,286.685,56.026,-286.685,Shake
-0.813,1.122,1.765,286.685,81.069,-286.685,Shake
0.633,0.296,1.999,286.685,278.539,-286.685,Shake
1.868,-1.305,1.999,147.613,286.685,-246.216,Shake
1.809,-0.788,1.999,-257.758,262.640,49.822,Shake
1.938,0.734,1.103,-286.685,-90.598,184.161,Shake
1.536,1.971,0.261,-286.685,-280.490,286.685,Shake
-1.084,1.998,-0.809,-286.685,-284.436,286.685,Shake
-1.999,1.998,-1.998,-208.967,-114.100,276.316,Shake
-1.999,1.998,-1.994,219.783,-17.028,-72.293,Shake
-1.999,1.993,0.742,286.685,-34.746,-286.685,Shake
-1.810,1.582,1.997,286.685,23.397,-286.685,Shake
0.366,0.132,1.999,286.685,75.040,-286.685,Shake
1.999,-1.690,1.999,-82.180,286.685,-146.423,Shake
1.169,0.334,1.729,-286.685,286.685,180.731,Shake
1.029,1.291,0.564,-286.685,286.685,169.059,Shake
1.301,1.998,-1.998,-286.685,254.485,165.944,Shake
-0.306,1.998,-1.998,-106.794,-173.871,33.539,Shake
-1.072,1.998,-1.998,157.762,-286.685,-124.399,Shake
-1.926,1.757,-0.712,286.685,-286.685,-250.810,Shake
-1.304,0.446,1.999,286.685,-285.320,-286.685,Shake
0.483,-1.533,1.999,283.535,-34.475,-286.283,Shake
1.392,-0.821,1.999,-239.400,279.160,3.334,Shake
0.164,0.612,1.409,-286.685,286.685,188.615,Shake
0.481,1.998,-1.860,-286.685,286.685,173.355,Shake
1.101,1.998,-1.998,-281.951,286.685,148.837,Shake
0.413,1.724,-1.998,40.373,169.304,147.026,Shake
1.039,1.312,-1.998,232.969,-286.685,-85.785,Shake
-0.939,1.273,-0.348,286.685,-286.685,-49.787,Shake
-1.609,0.998,1.985,286.685,-286.685,-215.827,Shake
-0.532,-0.877,1.999,281.636,-216.947,-237.055,Shake
0.265,-0.755,1.999,-106.969,286.685,-83.886,Shake
-0.440,0.657,1.519,-286.685,286.685,43.750,Shake
0.329,1.998,-1.444,-286.685,286.668,31.675,Shake
0.870,1.998,-1.998,-275.100,286.685,114.039,Shake
0.718,1.503,-1.998,-89.950,218.444,60.340,Shake
1.063,1.212,-1.998,144.681,-285.259,-24.264,Shake
-0.586,1.114,-1.255,286.685,-286.685,45.404,Shake
-1.323,0.759,-0.135,286.685,-286.685,-101.019,Shake
-1.192,0.260,1.307,286.685,-286.685,-272.746,Shake
0.952,-1.061,1.999,193.200,-286.685,-286.685,Shake
1.999,-1.023,1.999,-119.219,-286.685,-94.990,Shake
1.999,0.253,1.333,-286.615,-249.086,281.269,Shake
-0.082,1.923,1.414,-228.156,-286.046,286.685,Shake
-1.999,1.998,0.067,-153.886,-11.191,286.685,Shake
-1.999,1.529,-0.549,-114.327,88.725,238.201,Shake
-1.999,1.166,-0.186,47.145,-24.316,-142.048,Shake
-1.947,0.931,0.505,121.870,21.149,-286.685,Shake
-0.612,0.719,1.268,151.883,15.636,-286.685,Shake
1.885,-0.223,1.992,142.756,84.131,-286.685,Shake
1.999,-1.500,1.984,-79.573,226.564,-195.178,Shake
1.999,-0.338,1.252,-200.016,-82.346,281.776,Shake
1.723,0.890,1.533,-252.359,-282.047,286.685,Shake
0.179,1.998,1.537,-203.455,-274.733,286.685,Shake
-1.999,1.998,0.265,-147.035,206.806,286.685,Shake
-1.999,1.998,-0.648,-92.181,130.296,284.191,Shake
-1.999,1.855,-1.024,61.609,-145.898,26.495,Shake
-1.999,1.268,-0.937,234.867,-20.475,-170.940,Shake
-1.890,0.908,0.090,286.685,21.236,-286.685,Shake
-0.844,1.489,1.864,286.685,-51.616,-286.685,Shake
1.996,-0.160,1.999,285.740,133.928,-286.685,Shake
1.999,-1.063,1.999,-12.932,286.685,-244.212,Shake
1.355,-0.095,1.984,-286.685,23.135,149.765,Shake
1.163,1.571,0.938,-286.685,-201.898,284.900,Shake
-0.142,1.998,-0.122,-286.685,-244.685,286.685,Shake
-1.264,1.998,-0.804,-166.775,-56.481,286.685,Shake
-1.999,1.998,-0.934,-29.452,-100.914,279.589,Shake
-1.999,1.998,-0.979,159.600,-174.659,54.224,Shake
-1.999,1.762,-0.530,286.685,-67.253,-260.829,Shake
-1.753,1.998,1.324,286.685,-151.375,-286.685,Shake
0.564,1.435,1.999,286.685,-244.247,-286.685,Shake
1.837,0.253,1.999,204.663,-103.434,-286.685,Shake
1.999,-1.294,1.999,-122.132,103.416,-164.859,Shake
1.349,-0.500,1.731,-258.913,52.281,209.554,Shake
1.192,0.979,1.736,-286.685,-135.467,286.685,Shake
1.249,1.998,1.041,-286.685,-264.460,286.685,Shake
-1.204,1.998,-0.088,-286.685,-91.455,286.685,Shake
-1.999,1.998,-1.240,-145.154,189.070,286.685,Shake
-1.999,1.709,-1.220,61.504,-81.279,42.822,Shake
-1.999,1.102,-0.582,254.739,-50.164,-267.978,Shake
-1.064,1.000,0.525,286.685,-94.754,-286.685,Shake
0.893,0.276,1.942,286.685,-141.015,-286.685,Shake
1.999,-1.206,1.999,98.639,159.495,-131.276,Shake
-0.533,-0.342,1.546,-273.560,1.094,251.519,Shake
-1.420,0.361,0.091,-239.803,27.851,122.220,Shake
-0.946,0.738,0.058,-154.630,-1.750,26.337,Shake
-1.999,1.601,-0.235,-8.260,-40.443,-19.022,Shake
-0.217,0.205,0.675,-11.830,43.234,28.009,Shake
-0.654,-0.033,0.839,-47.653,59.211,20.536,Shake
-0.896,0.014,0.394,-40.591,73.658,4.996,Shake
-0.790,0.225,0.265,-2.126,43.838,7.919,Shake
-1.109,0.467,-0.197,45.868,-99.698,-4.506,Shake
-1.229,0.478,0.470,121.494,-178.185,-64.444,Shake
-0.855,0.084,0.851,92.584,-107.240,-103.311,Shake
0.387,-0.991,1.217,-82.556,66.868,7.236,Shake
-1.373,0.221,0.020,-33.696,-9.730,65.109,Shake
-1.009,0.025,0.635,15.269,26.976,8.689,Shake
-1.244,0.024,0.562,19.302,-0.919,0.630,Shake
-1.000,0.134,0.668,7.175,-30.397,-54.329,Shake
-0.811,0.039,0.789,-49.534,-10.868,-79.450,Shake
-1.063,-0.068,0.987,-195.055,140.665,-142.240,Shake
-0.467,-0.243,1.178,-221.708,286.685,-101.798,Shake
-0.683,-0.165,0.806,-153.011,286.685,-115.990,Shake
-0.217,-0.155,-1.407,-126.446,286.685,-75.950,Shake
-0.302,-0.277,-1.151,-82.880,244.256,-10.342,Shake
-0.154,0.023,-1.859,93.336,-273.691,197.864,Shake
0.557,0.119,-1.122,127.706,-286.685,266.079,Shake
0.749,-0.043,0.069,175.149,-286.685,286.685,Shake
0.138,-0.144,1.271,112.052,-286.685,286.685,Shake
0.933,0.855,1.945,106.960,-286.685,247.021,Shake
1.046,0.890,1.999,-251.107,85.304,-69.764,Shake
0.349,0.452,1.999,-286.685,286.685,-122.815,Shake
-0.248,0.044,1.348,-265.860,286.685,-73.378,Shake
0.781,-0.216,-0.478,79.730,286.685,-5.827,Shake
0.424,0.297,-1.998,81.244,175.989,-195.501,Shake
0.012,-0.452,-1.695,53.331,-286.685,28.009,Shake
-0.650,-0.834,0.882,177.712,-286.685,230.799,Shake
0.564,0.152,1.999,114.537,-286.064,286.685,Shake
0.078,0.877,1.999,-89.670,251.650,83.221,Shake
-0.864,0.103,1.457,-41.834,286.685,-206.693,Shake
-0.656,-0.267,1.102,4.209,286.685,-210.201,Shake
0.282,-0.285,-0.153,94.404,286.685,-188.746,Shake
0.976,-0.133,-1.780,285.136,286.685,-219.564,Shake
-0.631,-0.729,-1.998,2.844,-51.940,-164.754,Shake
-0.859,-1.300,-1.723,-37.450,-286.685,-15.829,Shake
0.755,-0.969,0.334,44.599,-286.685,286.685,Shake
1.071,0.921,1.650,227.981,-286.685,286.685,Shake
1.150,0.986,1.148,286.685,-286.685,269.876,Shake
0.675,0.509,1.811,199.106,-286.685,90.335,Shake
0.494,0.471,1.684,0.849,-269.780,75.609,Shake
0.661,0.810,1.683,-184.109,238.980,140.402,Shake
-0.265,0.686,1.651,-199.089,286.685,-77.971,Shake
-0.844,0.242,1.019,-131.425,286.685,-286.685,Shake
-0.209,-0.152,0.604,-115.395,286.685,-286.685,Shake
-0.153,0.217,-1.996,-1.409,259.096,-243.128,Shake
0.968,-0.004,-0.668,286.685,-286.685,125.256,Shake
0.092,0.106,1.917,286.685,-286.685,286.685,Shake
1.999,1.126,1.999,214.209,92.041,213.482,Shake
1.511,1.111,1.235,-112.656,286.685,0.324,Shake
0.214,0.307,0.775,-243.486,286.685,-286.685,Shake
-1.313,-0.709,0.613,-10.220,261.275,-286.685,Shake
-1.922,-1.350,-0.702,285.565,-251.711,3.185,Shake
-1.358,-1.129,-0.862,286.685,-286.685,257.950,Shake
0.030,-0.293,0.042,244.186,-286.685,286.685,Shake
1.999,1.080,1.673,-128.966,-92.067,286.685,Shake
1.999,1.885,1.999,-286.659,286.685,39.550,Shake
1.380,0.248,1.777,-25.681,286.685,-286.685,Shake
-0.007,-0.781,1.356,118.274,248.185,-286.685,Shake
-1.174,-1.972,-0.061,147.262,286.685,-286.685,Shake
-1.999,-1.868,-1.796,26.871,273.823,-121.643,Shake
-1.599,-1.488,-0.988,-62.458,-232.242,61.197,Shake
0.795,-1.065,0.825,-122.999,-286.685,286.685,Shake
1.999,1.470,1.999,89.670,-282.984,286.685,Shake
1.999,1.990,1.999,143.395,175.227,244.387,Shake
1.598,0.678,1.295,129.159,284.288,-269.745,Shake
0.010,-0.316,0.697,120.050,274.846,-286.685,Shake
-0.789,-1.255,0.199,88.620,286.685,-286.685,Shake
-0.812,-1.528,-0.650,85.942,286.685,-286.685,Shake
-1.586,-1.271,-1.998,-71.033,285.749,-220.684,Shake
-0.932,-0.658,-0.828,-204.706,-276.832,53.734,Shake
0.022,-0.099,1.734,-286.685,-286.685,228.681,Shake
0.364,-0.047,1.999,-286.685,167.554,90.825,Shake
-0.744,-0.290,1.871,-211.741,286.685,-135.870,Shake
-0.659,-0.586,0.994,16.573,286.685,-218.076,Shake
-0.505,-1.296,-0.050,186.891,286.685,-175.044,Shake
-0.359,-0.839,-1.180,224.096,286.685,43.575,Shake
-0.107,-0.937,-1.884,56.184,280.551,100.284,Shake
-0.011,-0.883,-1.602,-122.281,-93.940,164.290,Shake
-0.295,-0.320,-1.253,-98.674,-279.930,209.720,Shake
-0.443,0.024,0.759,-130.349,-286.685,266.997,Shake
-0.023,0.105,1.999,-286.685,-286.685,265.484,Shake
-0.246,0.477,1.999,86.249,262.176,48.737,Shake
0.618,-0.665,-0.286,286.659,286.685,-247.065,Shake
0.407,-0.862,-1.998,274.960,286.685,-286.685,Shake
-0.011,-1.558,-1.998,80.238,107.327,-280.516,Shake
-0.679,-1.338,-0.719,48.151,-286.685,-12.644,Shake
-0.803,-0.722,0.477,-49.551,-259.525,121.826,Shake
-1.606,-0.421,1.284,-227.491,-73.762,57.566,Shake
-1.621,-0.615,1.277,-163.669,-37.275,8.365,Shake
-1.258,-0.582,0.927,-17.421,-89.626,10.815,Shake
-0.474,-0.421,0.056,119.481,-138.967,65.266,Shake
-0.134,-0.056,-0.514,282.581,-142.643,204.304,Shake
-0.195,0.003,-0.479,286.685,-240.231,221.708,Shake
-0.315,-0.019,0.383,209.247,-286.685,179.594,Shake
-0.631,-0.093,1.360,-133.796,-174.702,60.104,Shake
-0.734,-0.579,1.088,-240.327,227.238,-255.771,Shake
-1.771,-0.799,0.594,-3.010,286.685,-286.685,Shake
-1.286,-0.644,-0.164,142.826,286.685,-179.401,Shake
-1.149,-0.114,0.374,-36.094,201.066,-54.635,Shake
-0.469,-0.209,0.550,-104.300,285.040,-57.417,Shake
-0.795,-0.515,0.102,187.845,286.685,8.592,Shake
-0.072,-0.912,-1.749,202.755,155.759,187.548,Shake
-0.294,-0.892,-1.593,177.800,-286.685,286.685,Shake
-0.050,-0.430,-0.122,75.801,-286.685,286.685,Shake
0.081,0.866,1.808,27.029,-286.685,199.815,Shake
-0.566,0.242,1.999,-163.809,-153.212,13.895,Shake
-0.845,-0.055,1.999,-228.742,147.105,38.771,Shake
-0.547,0.150,1.445,-182.420,286.685,30.634,Shake
-0.396,0.064,0.461,-88.673,286.685,40.661,Shake
0.658,-0.169,-1.836,107.144,286.685,56.053,Shake
0.838,-0.268,-1.998,31.491,171.211,90.186,Shake
-0.295,-0.658,-1.298,-109.629,-286.685,96.854,Shake
-0.225,0.137,1.861,57.925,-286.685,286.545,Shake
0.182,1.450,1.999,-250.854,-281.969,242.812,Shake
-0.067,0.736,1.999,104.169,286.685,-85.339,Shake
0.256,0.005,-0.323,277.060,286.685,-225.549,Shake
0.605,-1.156,-1.998,57.785,284.944,-198.363,Shake
0.112,-0.925,-1.916,4.113,-268.844,31.535,Shake
-1.069,-0.377,1.972,-99.942,-286.685,166.880,Shake
-0.968,0.030,1.999,-270.629,-286.414,106.321,Shake
-0.285,0.879,1.999,-42.236,113.934,9.590,Shake
0.080,0.103,0.445,217.385,286.685,-66.736,Shake
0.318,-0.894,-1.908,246.137,286.685,-124.661,Shake
0.317,-0.948,-1.998,-14.534,-76.755,73.850,Shake
0.260,-0.498,-0.583,-144.253,-286.685,131.057,Shake
-0.231,-0.781,1.999,-286.685,-286.685,188.449,Shake
0.161,0.214,1.999,-286.414,-283.658,172.384,Shake
0.309,0.533,1.999,141.479,228.217,-31.684,Shake
0.128,0.010,-0.213,201.548,286.685,-236.477,Shake
-0.349,-0.200,-1.805,231.534,286.685,-254.651,Shake
-0.184,-0.627,-1.985,175.962,-115.955,-4.174,Shake
-0.323,-0.500,0.485,55.055,-286.685,151.200,Shake
-0.016,0.254,1.999,-200.830,-286.685,223.361,Shake
0.362,0.478,1.999,-100.327,165.042,28.866,Shake
0.030,0.037,1.751,80.824,286.685,-123.139,Shake
-0.413,-0.064,-1.998,284.086,286.685,-196.840,Shake
0.653,-0.723,-1.998,114.126,-107.511,90.598,Shake
0.068,-0.362,0.900,-86.118,-286.685,191.354,Shake
0.206,0.374,1.999,-281.068,-286.396,105.936,Shake
0.417,0.318,1.999,-128.660,11.847,-30.424,Shake
-0.141,0.153,1.927,5.259,286.685,-120.129,Shake
-0.552,-0.126,-0.898,85.724,286.685,-139.265,Shake
-0.288,-0.583,-1.998,150.614,193.821,-112.875,Shake
-0.300,-0.851,-1.419,131.670,-107.371,82.985,Shake
-0.021,-0.363,0.695,-66.378,-285.486,237.738,Shake
0.206,0.119,1.999,-277.594,-286.685,256.445,Shake
0.686,0.615,1.999,-95.716,76.790,59.736,Shake
0.078,-0.001,1.488,8.260,286.685,-24.246,Shake
-0.158,-0.306,-0.104,180.652,286.685,-82.950,Shake
-0.328,-0.690,-1.679,285.714,286.685,-93.152,Shake
-0.105,-0.536,-1.998,286.685,237.781,-91.787,Shake
0.184,-0.501,-0.170,154.105,-286.291,163.704,Shake
0.325,0.858,1.999,-285.836,-286.685,286.685,Shake
0.504,1.495,1.999,-256.603,84.691,140.131,Shake
0.298,0.579,1.995,2.188,286.685,-204.855,Shake
-0.256,0.244,-1.077,120.120,286.685,-261.800,Shake
-0.092,-0.654,-1.589,80.885,111.064,-203.280,Shake
-0.366,-0.402,0.275,-32.235,-286.230,114.511,Shake
-0.523,0.303,1.912,-26.915,-237.816,155.855,Shake
-0.357,0.557,1.905,53.419,-13.204,36.995,Shake
-0.505,0.415,1.574,24.272,45.421,-31.771,Shake
-0.566,0.066,0.912,-11.725,106.960,-128.958,Shake
-0.583,-0.117,0.445,-101.701,89.635,-97.571,Shake
-0.448,0.006,0.337,-59.159,38.028,-72.923,Shake
-0.358,0.059,0.407,-43.732,-3.902,-36.496,Shake
-0.501,-0.033,0.790,-33.101,-47.127,5.486,Shake
-0.584,0.035,1.187,-25.279,-29.181,8.015,Shake
-0.724,0.121,1.132,-13.536,23.503,-5.582,Shake
-0.626,0.105,0.967,-30.590,35.096,-10.719,Shake
-0.588,0.094,0.859,-42.691,73.185,-26.897,Shake
-0.564,0.166,0.830,-45.447,94.124,-49.333,Shake
-0.743,-0.665,0.468,-11.637,147.035,-66.412,Shake
-0.582,-0.302,0.714,1.059,129.754,-32.550,Shake
-0.698,0.051,0.787,-19.801,88.183,-26.994,Shake
-0.993,-0.042,0.479,-23.835,212.065,-48.659,Shake
-1.999,0.017,-0.378,-24.544,147.210,47.530,Shake
-1.992,0.282,-0.147,76.904,51.721,-119.595,Shake
-1.254,0.072,0.361,171.054,-112.787,-280.814,Shake
0.130,-0.214,1.337,195.571,-257.215,-286.685,Shake
1.997,-1.471,1.999,-73.062,-261.809,-164.281,Shake
1.999,-1.051,1.317,-150.211,103.416,166.863,Shake
1.951,-0.064,1.307,-178.876,54.696,286.615,Shake
-0.602,1.932,0.937,-234.614,-188.492,286.685,Shake
-1.999,1.947,-1.506,-99.846,120.067,286.685,Shake
-1.999,1.747,-1.136,94.614,104.956,-30.634,Shake
-1.999,1.599,-0.327,211.934,-87.001,-284.384,Shake
-1.253,1.002,0.530,230.256,-123.060,-286.685,Shake
0.348,0.286,1.592,227.614,-117.495,-286.685,Shake
1.999,-1.411,1.999,115.229,137.979,-283.281,Shake
1.992,-1.465,1.999,-138.408,167.405,68.976,Shake
1.562,-0.697,1.504,-246.496,-81.716,263.253,Shake
1.315,0.911,0.878,-286.685,-181.536,286.685,Shake
-0.998,1.998,-0.174,-215.976,-159.171,286.685,Shake
-1.999,1.998,-1.307,-51.214,138.670,286.685,Shake
-1.999,1.942,-1.023,123.043,-28.892,71.199,Shake
-1.999,1.658,-0.577,223.834,-79.223,-146.475,Shake
-1.999,1.346,0.627,286.685,7.236,-286.685,Shake
-0.935,1.001,1.978,286.685,-8.033,-286.685,Shake
0.864,-0.064,1.999,259.158,1.995,-286.685,Shake
1.999,-1.074,1.999,59.526,106.452,-278.513,Shake
1.999,-0.891,1.979,-278.880,33.670,-27.265,Shake
1.998,0.275,0.974,-286.685,-122.054,254.756,Shake
1.411,1.977,0.971,-286.685,-236.941,286.685,Shake
-0.717,1.998,0.229,-286.055,-242.961,286.685,Shake
-1.999,1.998,-1.776,-126.621,25.296,286.685,Shake
-1.999,1.998,-1.324,100.984,-47.618,70.228,Shake
-1.999,1.826,-0.422,251.869,-125.151,-268.056,Shake
-1.728,1.344,0.690,286.685,-83.353,-286.685,Shake
-0.916,1.115,1.446,286.685,-74.287,-286.685,Shake
0.628,0.392,1.999,286.685,-70.639,-286.685,Shake
1.967,-1.077,1.999,118.904,6.335,-286.685,Shake
1.999,-1.206,1.999,-205.879,95.244,-124.723,Shake
1.999,-0.571,1.390,-285.801,55.493,165.375,Shake
1.994,1.206,0.762,-286.685,-87.098,286.685,Shake
0.235,1.998,0.450,-276.710,-168.385,286.685,Shake
-1.999,1.998,-1.466,-159.189,101.859,286.685,Shake
-1.999,1.998,-0.790,-31.850,-73.001,266.700,Shake
-1.999,1.875,-0.656,13.186,-172.524,121.074,Shake
-1.999,1.455,-0.893,142.800,-30.494,-167.300,Shake
-1.999,1.379,0.429,286.685,-1.383,-286.685,Shake
-0.828,1.383,1.866,286.685,-144.664,-286.685,Shake
0.646,1.075,1.999,230.204,-243.381,-286.685,Shake
1.999,-1.097,1.999,-42.857,-72.170,-286.685,Shake
1.999,-0.883,1.375,-286.685,110.854,71.190,Shake
1.999,0.457,0.940,-286.685,5.425,286.685,Shake
1.867,1.946,0.996,-286.685,-139.492,286.685,Shake
-1.583,1.998,-0.421,-285.766,-102.812,286.685,Shake
-1.999,1.998,-1.472,-144.008,33.189,286.685,Shake
-1.999,1.998,-1.124,14.376,-173.801,89.959,Shake
-1.999,1.772,-0.860,197.663,-93.704,-231.674,Shake
-1.999,1.642,0.067,286.685,-50.540,-286.685,Shake
-0.808,1.464,1.883,286.685,-103.198,-286.685,Shake
1.921,-0.852,1.999,285.443,-48.860,-286.685,Shake
1.957,-1.522,1.999,-27.528,152.932,-107.660,Shake
1.377,-1.191,1.763,-171.631,82.381,56.044,Shake
1.504,-0.603,1.706,-237.650,16.923,135.441,Shake
1.360,0.751,1.215,-286.685,-106.960,286.685,Shake
0.305,1.998,0.664,-286.685,-176.531,286.685,Shake
-1.999,1.998,-1.284,-256.069,-32.279,286.685,Shake
-1.999,1.998,-1.861,-106.549,72.336,167.064,Shake
-1.999,1.998,-1.281,136.299,-72.310,-68.784,Shake
-1.999,1.892,-0.222,281.680,-101.526,-286.685,Shake
-1.143,1.517,1.130,286.685,-114.354,-286.685,Shake
1.232,0.344,1.999,286.685,-168.770,-286.685,Shake
1.999,-1.364,1.999,249.655,52.316,-230.475,Shake
1.801,-1.554,1.999,-116.839,276.351,26.757,Shake
1.167,-0.816,1.815,-192.561,31.299,200.637,Shake
1.123,0.421,1.270,-286.685,-78.960,286.685,Shake
0.735,1.619,0.817,-286.685,-77.210,286.685,Shake
-1.712,1.998,-1.129,-267.059,57.321,286.685,Shake
-1.999,1.998,-1.998,-34.431,148.242,269.369,Shake
-1.999,1.998,-1.140,185.281,11.349,-109.471,Shake
-1.999,1.955,-0.231,248.159,-76.842,-286.685,Shake
-1.190,1.411,0.609,271.320,-192.622,-286.685,Shake
0.482,0.882,1.334,286.685,-218.977,-286.685,Shake
1.999,-1.377,1.999,234.789,40.906,-286.370,Shake
1.995,-1.176,1.998,-114.783,197.216,167.974,Shake
1.270,-0.422,1.500,-219.327,92.024,285.932,Shake
0.888,0.698,1.098,-286.685,-123.804,286.685,Shake
-1.061,1.998,-0.159,-272.641,-53.847,286.685,Shake
-1.999,1.998,-1.907,-105.919,145.005,286.685,Shake
-1.999,1.979,-1.361,141.146,47.574,-29.208,Shake
-1.999,1.748,-0.355,203.446,-48.729,-243.101,Shake
-1.503,1.347,0.410,212.074,-118.361,-286.685,Shake
-0.435,0.883,0.913,276.342,-121.048,-286.685,Shake
1.911,-0.411,1.999,284.769,43.111,-286.685,Shake
1.999,-1.395,1.999,-11.480,163.739,-74.463,Shake
1.957,-0.663,1.823,-151.576,91.280,278.022,Shake
1.038,0.307,1.246,-280.639,52.447,286.685,Shake
0.099,1.486,0.827,-286.685,6.562,286.685,Shake
-1.969,1.998,-1.022,-284.769,85.269,286.685,Shake
-1.999,1.998,-1.998,-75.600,109.585,265.221,Shake
-1.999,1.978,-1.645,84.499,41.388,29.435,Shake
-1.999,1.655,-0.676,173.320,-98.735,-259.009,Shake
-1.363,1.413,0.051,210.656,-180.259,-286.685,Shake
-0.219,0.936,0.691,277.043,-173.723,-286.685,Shake
1.050,-0.464,1.999,286.685,6.256,-286.685,Shake
1.999,-1.556,1.999,163.012,224.009,-250.390,Shake
1.902,-0.811,1.940,-184.774,127.942,190.295,Shake
0.877,0.326,1.266,-286.142,-74.287,286.685,Shake
0.292,1.532,0.753,-286.685,-123.611,286.685,Shake
-1.716,1.998,-0.616,-284.471,-36.382,286.685,Shake
-1.999,1.998,-1.998,-115.430,133.438,286.668,Shake
-1.999,1.709,-1.253,113.452,56.403,2.914,Shake
-1.999,1.430,-0.348,173.740,-99.444,-280.796,Shake
-1.266,1.164,0.217,217.936,-178.045,-286.685,Shake
-0.484,0.873,0.690,273.604,-126.691,-286.685,Shake
0.954,-0.087,1.887,286.676,24.789,-286.685,Shake
1.999,-1.386,1.999,103.906,175.499,-214.935,Shake
1.761,-0.627,1.956,-199.001,18.165,162.759,Shake
1.018,0.416,1.271,-286.685,-128.336,286.685,Shake
0.433,1.224,1.089,-286.685,-179.795,286.685,Shake
-1.569,1.998,-0.222,-286.685,-80.456,286.685,Shake
-1.999,1.998,-1.926,-178.167,150.281,286.685,Shake
-1.999,1.809,-1.493,65.739,121.266,80.762,Shake
-1.999,1.563,-0.478,196.875,-50.794,-274.899,Shake
-1.812,1.456,0.083,230.624,-138.469,-286.685,Shake
-0.516,1.131,0.384,267.129,-156.529,-286.685,Shake
1.384,0.234,1.615,286.685,-110.075,-286.685,Shake
1.999,-1.438,1.999,177.126,124.784,-219.634,Shake
1.965,-0.681,1.763,-161.070,158.524,250.075,Shake
1.254,-0.093,1.342,-245.691,37.879,286.685,Shake
0.275,0.932,1.107,-286.685,-125.186,286.685,Shake
-1.678,1.788,-0.083,-284.848,-54.364,286.685,Shake
-1.999,1.944,-1.486,-158.497,101.885,286.685,Shake
-1.999,1.692,-1.306,61.784,34.606,23.450,Shake
-1.999,1.476,-0.587,136.220,-40.425,-209.807,Shake
-1.834,1.284,0.018,168.210,-123.331,-286.685,Shake
-0.421,1.031,0.343,223.081,-122.194,-286.685,Shake
1.556,0.087,1.822,286.685,-2.161,-286.685,Shake
1.999,-1.531,1.999,115.771,210.367,-184.336,Shake
1.999,-1.042,1.977,-136.798,139.335,275.432,Shake
1.323,0.076,1.331,-278.906,-42.787,286.685,Shake
0.169,1.221,1.127,-286.685,-168.893,286.685,Shake
-1.983,1.997,-0.568,-237.904,-41.799,286.685,Shake
-1.999,1.998,-1.558,-75.959,81.874,285.705,Shake
-1.999,1.844,-1.383,63.472,36.549,110.696,Shake
-1.999,1.488,-0.426,173.136,-72.126,-241.885,Shake
-1.529,1.218,0.322,189.131,-131.924,-286.685,Shake
-0.175,0.780,0.981,229.469,-132.982,-286.685,Shake
0.986,-0.045,1.659,263.419,46.795,-286.685,Shake
1.695,-0.761,1.999,232.951,165.471,-286.554,Shake
1.999,-1.014,1.983,-6.309,153.318,3.378,Shake
1.242,-0.241,1.201,-170.406,21.166,279.422,Shake
0.689,0.503,1.082,-262.902,-110.408,286.685,Shake
-0.039,1.170,1.234,-285.075,-174.020,286.685,Shake
-1.999,1.736,-0.026,-278.154,-60.594,286.685,Shake
-1.999,1.628,-1.397,-121.660,106.680,270.174,Shake
-1.999,1.390,-0.812,105.980,74.743,-80.902,Shake
-1.999,1.111,0.290,191.564,-18.620,-286.326,Shake
-1.581,0.948,0.633,185.675,-53.594,-286.685,Shake
-0.421,0.714,0.692,189.438,-25.638,-286.685,Shake
0.818,0.287,1.464,247.048,57.662,-286.685,Shake
1.999,-1.333,1.999,208.154,199.220,-280.569,Shake
1.959,-0.915,1.947,-142.231,43.803,186.970,Shake
1.236,-0.007,1.382,-271.381,-12.661,286.510,Shake
0.539,0.850,1.049,-286.685,-135.529,286.685,Shake
-1.197,1.891,0.110,-286.685,-127.566,286.685,Shake
-1.999,1.903,-1.809,-135.476,112.691,286.685,Shake
-1.999,1.473,-1.460,94.728,84.516,98.298,Shake
-1.999,1.241,-0.661,170.643,-21.201,-122.518,Shake
-1.988,0.959,0.159,200.331,-110.224,-286.685,Shake
-0.797,0.569,0.378,222.311,-107.109,-286.685,Shake
1.128,-0.547,1.994,239.706,-36.330,-286.685,Shake
1.999,-1.472,1.999,51.826,141.977,-214.734,Shake
1.858,-0.988,1.617,-119.201,32.410,103.215,Shake
0.928,-0.210,1.108,-209.072,-104.685,282.573,Shake
0.367,0.786,1.060,-286.685,-147.849,286.685,Shake
-1.804,1.620,-0.376,-282.931,-53.007,286.685,Shake
-1.999,1.458,-1.983,-143.019,201.941,284.874,Shake
-1.999,1.254,-1.296,17.841,81.183,-62.982,Shake
-1.999,1.073,-0.428,101.631,-23.021,-236.539,Shake
-1.556,0.820,-0.324,176.584,-83.160,-286.685,Shake
-0.287,0.896,0.365,286.685,-83.300,-286.685,Shake
1.160,0.104,1.999,286.685,-42.061,-286.685,Shake
1.921,-1.373,1.999,226.572,41.886,-211.811,Shake
1.823,-0.907,1.978,-155.024,-54.792,68.854,Shake
1.207,0.083,1.013,-280.997,-73.658,285.932,Shake
0.522,1.319,1.083,-286.685,-116.830,286.685,Shake
-1.030,1.998,0.390,-286.606,-118.466,286.685,Shake
-1.999,1.805,-1.997,-119.158,144.305,286.685,Shake
-1.999,1.366,-1.263,135.704,112.963,58.966,Shake
-1.999,1.080,-0.249,175.901,-92.374,-211.715,Shake
-1.660,0.900,-0.184,161.700,-114.257,-286.685,Shake
-0.514,0.761,0.007,262.552,-108.622,-286.685,Shake
0.430,0.547,1.005,286.685,8.698,-286.685,Shake
1.872,-1.166,1.999,265.361,163.520,-286.685,Shake
1.999,-1.367,1.999,-83.493,58.599,-9.415,Shake
1.388,-0.407,1.264,-179.235,-78.137,256.034,Shake
1.007,-0.059,1.084,-247.870,-105.997,286.685,Shake
0.355,0.974,1.384,-286.405,-183.592,286.685,Shake
-1.803,1.660,-0.026,-275.152,-146.090,286.685,Shake
-1.999,1.591,-1.446,-122.640,157.334,286.685,Shake
-1.999,1.319,-0.918,78.794,87.649,90.379,Shake
-1.999,1.064,-0.341,145.688,-38.237,-177.266,Shake
-1.934,0.965,-0.146,171.684,-49.525,-286.685,Shake
-1.108,0.843,0.175,225.645,-41.781,-286.685,Shake
-0.112,0.611,0.740,270.217,-6.335,-286.685,Shake
0.749,-0.323,1.834,240.739,122.272,-286.685,Shake
1.296,-1.122,1.999,127.855,180.583,-149.774,Shake
1.497,-1.081,1.800,-3.150,71.479,56.971,Shake
1.103,-0.536,1.258,-157.036,-69.685,220.596,Shake
0.544,0.374,1.205,-248.447,-198.511,286.685,Shake
-1.202,1.313,0.438,-254.704,-179.182,286.685,Shake
-1.999,1.417,-0.676,-146.064,0.691,286.685,Shake
-1.999,1.302,-1.127,-40.679,179.699,268.328,Shake
-1.999,1.050,-0.610,73.071,60.550,-47.189,Shake
-1.999,0.924,-0.109,138.066,-54.364,-285.731,Shake
-1.457,0.820,0.121,168.280,-70.140,-286.685,Shake
-0.420,0.629,0.321,200.042,-40.119,-286.685,Shake
1.002,-0.041,1.503,234.378,17.141,-286.685,Shake
1.999,-1.181,1.999,144.454,73.246,-235.384,Shake
1.999,-0.635,1.691,-116.725,-11.664,224.385,Shake
1.215,0.045,1.327,-221.393,-52.981,286.685,Shake
0.441,0.905,1.376,-285.390,-187.241,286.685,Shake
-1.474,1.746,0.584,-274.636,-194.652,286.685,Shake
-1.999,1.808,-0.960,-137.550,94.264,286.685,Shake
-1.999,1.676,-1.091,-50.811,162.286,261.677,Shake
-1.999,1.414,-0.730,81.471,17.631,-95.016,Shake
-1.999,1.274,-0.127,152.206,-47.408,-286.685,Shake
-1.021,1.080,0.305,206.631,-38.640,-286.685,Shake
-0.199,0.836,0.934,268.616,10.885,-286.685,Shake
1.275,-0.043,1.806,282.301,68.478,-286.685,Shake
1.999,-1.029,1.999,158.786,118.598,-237.781,Shake
1.997,-0.718,1.750,-99.698,23.844,169.549,Shake
1.392,-0.055,1.136,-240.669,-70.787,286.685,Shake
0.773,0.851,1.252,-264.416,-189.446,286.685,Shake
-1.352,1.732,0.608,-237.878,-215.337,286.685,Shake
-1.999,1.797,-0.705,-119.805,67.988,286.685,Shake
-1.999,1.629,-0.803,-20.160,105.796,194.539,Shake
-1.999,1.428,-0.639,34.151,0.805,-40.145,Shake
-1.999,1.249,-0.071,88.865,-27.475,-286.668,Shake
-1.454,1.041,0.264,134.549,-25.392,-286.685,Shake
-0.197,0.972,0.400,211.768,-26.644,-286.685,Shake
0.901,1.013,1.150,276.614,-2.844,-286.685,Shake
1.999,-0.927,1.999,248.771,120.925,-286.685,Shake
1.999,-1.011,1.962,-117.154,4.541,137.217,Shake
1.988,0.492,0.815,-282.651,-48.545,286.685,Shake
1.438,1.276,1.193,-284.559,-141.523,286.685,Shake
-0.523,1.998,1.911,-286.685,-229.215,286.685,Shake
-1.999,1.998,-1.365,-177.852,29.006,286.685,Shake
-1.999,1.997,-0.857,35.569,102.567,194.241,Shake
-1.999,1.769,-0.384,100.441,-21.472,22.067,Shake
-1.999,1.248,-0.172,134.400,16.791,-118.335,Shake
-1.997,0.902,0.502,163.555,38.185,-286.685,Shake
-1.197,0.555,0.913,159.224,9.161,-286.685,Shake
-0.531,0.458,1.066,216.326,81.812,-286.685,Shake
0.460,0.523,1.989,255.220,150.369,-286.685,Shake
1.449,-0.414,1.999,85.584,181.475,-286.685,Shake
1.999,-1.060,1.497,-169.732,-13.011,-227.071,Shake
1.999,-0.678,0.390,-256.707,-115.658,181.449,Shake
1.536,0.142,0.501,-271.670,-206.587,286.685,Shake
-0.863,1.998,1.467,-286.685,-267.251,286.685,Shake
-1.999,1.628,-1.868,-176.216,-169.706,286.685,Shake
-1.999,1.112,-0.695,86.188,66.211,-121.800,Shake
-1.746,0.753,0.040,107.677,41.895,-234.465,Shake
-1.831,0.675,0.171,75.311,-13.177,-284.506,Shake
-1.650,0.624,0.130,83.755,-32.174,-286.685,Shake
-0.506,0.626,0.417,137.428,-23.257,-286.685,Shake
0.654,0.562,1.066,185.614,112.744,-286.685,Shake
1.708,-0.076,1.542,181.807,198.503,-286.685,Shake
1.999,-1.467,1.951,77.595,115.124,-150.710,Shake
1.997,-1.112,1.363,-123.567,-79.205,177.783,Shake
1.156,-0.470,0.689,-179.681,-127.452,286.685,Shake
0.428,0.607,0.949,-235.322,-226.634,286.685,Shake
-0.400,1.939,1.487,-286.405,-286.685,286.685,Shake
-1.999,1.519,-1.460,-122.098,-72.004,286.685,Shake
-1.999,0.983,-1.151,118.046,240.923,-32.375,Shake
-1.892,0.506,0.196,196.420,-79.415,-225.636,Shake
-1.723,0.086,0.219,150.894,-38.876,-286.685,Shake
-1.219,0.166,0.116,164.771,29.645,-286.685,Shake
0.130,0.539,0.998,267.881,107.669,-286.685,Shake
1.763,-0.712,1.999,232.654,166.652,-286.685,Shake
1.999,-1.825,1.938,-109.751,-48.011,-147.674,Shake
1.999,-1.182,0.907,-229.206,-73.500,107.844,Shake
1.311,-0.353,0.615,-221.366,-72.923,286.685,Shake
0.416,0.843,0.959,-281.409,-214.393,286.685,Shake
-1.816,1.856,0.067,-265.913,-262.964,286.685,Shake
-1.999,1.189,-1.818,-27.335,39.393,250.512,Shake
-1.999,1.064,-1.013,103.548,74.113,-32.515,Shake
-1.849,0.661,-0.001,142.774,-123.034,-196.875,Shake
-1.897,0.276,0.024,130.419,-45.588,-278.941,Shake
-1.182,0.279,0.351,198.074,46.970,-286.685,Shake
-0.508,0.385,0.970,263.830,93.625,-286.685,Shake
0.688,-0.105,1.999,249.848,154.779,-286.685,Shake
1.999,-1.339,1.999,3.045,25.594,-282.179,Shake
1.999,-1.341,1.162,-169.584,-41.353,46.751,Shake
1.987,-0.909,0.710,-199.273,11.637,262.036,Shake
0.908,-0.081,0.898,-229.836,-119.525,286.685,Shake
0.247,1.707,1.245,-286.685,-284.419,286.685,Shake
-1.999,1.783,-1.161,-166.583,-193.288,286.685,Shake
-1.999,1.183,-1.290,67.944,132.484,62.939,Shake
-1.999,0.946,-0.323,147.962,7.787,-106.662,Shake
-1.948,0.497,0.160,114.223,-101.902,-195.090,Shake
-1.802,0.239,0.102,110.810,-13.108,-285.582,Shake
-0.791,0.176,0.545,171.727,37.765,-286.685,Shake
-0.102,0.172,1.051,222.696,115.588,-286.685,Shake
0.746,-0.242,1.999,194.723,164.150,-286.685,Shake
1.845,-1.150,1.999,51.791,89.250,-269.299,Shake
1.999,-1.467,1.366,-116.681,11.217,-12.285,Shake
1.982,-1.166,0.928,-190.549,-45.360,274.908,Shake
0.979,-0.335,0.890,-223.720,-128.048,286.685,Shake
0.300,1.320,1.248,-286.685,-280.884,286.685,Shake
-1.999,1.735,-0.635,-203.079,-225.339,286.685,Shake
-1.999,1.135,-1.353,46.279,114.537,102.060,Shake
-1.999,1.034,-0.329,150.220,-5.338,-165.673,Shake
-1.843,0.505,0.319,116.279,-87.955,-203.901,Shake
-1.920,0.236,0.237,80.815,-20.764,-281.584,Shake
-1.266,0.275,0.409,115.885,39.821,-286.685,Shake
-0.551,0.343,0.702,179.541,96.548,-286.685,Shake
0.346,0.273,1.418,208.486,155.383,-286.685,Shake
1.238,-0.274,1.999,162.881,246.251,-286.685,Shake
1.980,-0.956,1.958,16.109,194.320,-272.038,Shake
1.999,-1.266,1.345,-110.259,33.653,-33.976,Shake
1.999,-1.141,0.862,-138.792,-20.011,171.264,Shake
1.492,-0.529,0.902,-177.634,-178.439,286.685,Shake
0.900,0.761,1.080,-254.266,-245.586,286.685,Shake
-0.842,1.998,1.415,-286.650,-237.475,286.685,Shake
-1.999,1.998,-1.378,-206.579,-23.660,286.685,Shake
-1.999,1.501,-1.028,96.399,85.076,112.997,Shake
-1.999,1.110,0.321,150.413,-64.558,-90.825,Shake
-1.999,0.721,0.119,64.129,-102.401,-210.315,Shake
-1.987,0.534,0.122,82.101,-76.589,-286.685,Shake
-1.509,0.554,0.382,101.159,-29.636,-286.685,Shake
-0.081,0.753,1.011,207.900,3.421,-286.685,Shake
1.304,0.147,1.999,218.173,83.676,-286.685,Shake
1.999,-0.816,1.999,2.135,173.932,-286.685,Shake
1.999,-1.176,1.563,-91.709,132.440,-204.846,Shake
1.999,-1.273,0.956,-168.018,-2.371,86.056,Shake
1.516,-0.705,0.706,-191.126,-111.011,284.996,Shake
0.992,0.106,0.820,-220.150,-212.800,286.685,Shake
0.724,1.237,0.916,-259.122,-261.266,286.685,Shake
-1.885,1.998,0.087,-228.865,-204.225,286.685,Shake
-1.999,1.430,-1.491,-18.515,53.603,257.128,Shake
-1.999,1.220,-0.361,113.418,-31.640,37.616,Shake
-1.999,0.957,-0.070,107.494,-26.836,-83.405,Shake
-1.999,0.777,-0.003,118.151,-21.210,-203.376,Shake
-1.999,0.613,0.557,154.586,-11.821,-286.685,Shake
-1.107,0.692,0.972,190.951,19.460,-286.685,Shake
0.258,0.497,1.871,236.766,117.731,-286.685,Shake
0.955,-0.103,1.999,207.602,191.861,-286.685,Shake
1.837,-0.745,1.999,-9.266,149.747,-286.685,Shake
1.999,-1.173,1.505,-155.768,150.518,-150.859,Shake
1.612,-1.035,0.982,-217.158,109.471,69.554,Shake
0.917,-0.744,0.600,-267.978,16.065,198.756,Shake
0.743,-0.460,0.335,-286.685,-46.629,268.319,Shake
0.529,0.305,0.095,-286.685,-130.760,286.685,Shake
-0.208,1.678,-0.509,-286.685,-268.756,286.685,Shake
-1.965,1.652,-0.976,-195.580,-286.685,286.685,Shake
-1.999,1.198,-1.046,-19.311,-126.131,163.844,Shake
-1.999,1.031,-0.918,43.470,-85.610,-27.160,Shake
-1.999,0.763,-0.229,146.256,-193.436,-206.325,Shake
-1.999,0.394,0.521,164.019,-164.054,-286.685,Shake
-1.576,0.271,0.823,119.324,-136.080,-286.685,Shake
-0.082,0.332,1.626,179.077,-54.530,-286.685,Shake
0.831,-0.252,1.999,195.361,128.538,-286.685,Shake
1.697,-0.669,1.999,59.001,162.208,-283.946,Shake
1.999,-1.054,1.591,-131.040,253.890,-151.681,Shake
1.879,-1.068,1.114,-202.160,130.655,65.643,Shake
1.395,-0.759,0.660,-257.469,17.211,199.911,Shake
1.052,-0.457,0.422,-282.030,-44.678,279.772,Shake
0.838,0.332,0.235,-286.685,-138.250,286.685,Shake
-0.083,1.965,0.184,-286.685,-265.466,286.685,Shake
-1.999,1.940,-1.550,-136.229,-234.062,286.685,Shake
-1.999,1.403,-0.989,9.922,-20.134,163.607,Shake
-1.999,1.304,-0.825,72.205,-72.809,79.301,Shake
-1.999,0.980,-0.242,159.189,-125.160,-79.677,Shake
-1.999,0.617,0.549,185.762,-77.236,-282.730,Shake
-1.795,0.480,0.871,171.395,-64.820,-286.685,Shake
-0.856,0.657,1.008,189.936,-68.408,-286.685,Shake
0.789,0.310,1.980,210.682,28.858,-286.685,Shake
1.622,-0.234,1.999,100.476,157.509,-286.685,Shake
1.999,-0.854,1.558,-75.154,233.292,-265.790,Shake
1.998,-1.137,1.171,-121.363,185.378,-128.074,Shake
1.806,-1.161,0.708,-178.973,35.840,60.279,Shake
1.335,-0.859,0.403,-210.429,-76.598,245.577,Shake
0.985,-0.176,0.365,-251.072,-126.507,286.685,Shake
0.671,1.465,0.534,-286.685,-110.110,286.685,Shake
-0.984,1.998,0.221,-286.685,-75.644,286.685,Shake
-1.999,1.948,-1.923,-168.044,-55.116,286.685,Shake
-1.558,1.235,-0.565,-11.594,-83.081,183.400,Shake
-1.576,0.997,-0.299,11.725,-189.560,158.681,Shake
-1.999,0.904,-0.849,218.321,30.835,140.210,Shake
-1.999,0.908,-0.507,270.533,162.881,14.061,Shake
-1.992,0.702,0.644,286.685,178.771,-149.555,Shake
-1.721,0.194,1.023,277.462,93.949,-246.348,Shake
-1.482,0.075,1.146,256.130,-65.520,-286.685,Shake
-0.560,-0.197,1.405,196.490,-172.366,-286.685,Shake
0.388,-0.678,1.311,70.140,-56.674,-286.685,Shake
0.756,-1.036,1.146,-32.007,39.524,-278.320,Shake
1.150,-1.243,0.858,-156.345,-36.208,-113.628,Shake
1.197,-0.996,0.457,-269.763,-130.489,113.899,Shake
1.080,-0.076,0.047,-286.685,-186.795,272.755,Shake
0.173,1.769,0.568,-286.685,-285.092,286.685,Shake
-1.999,1.870,-1.173,-254.389,-204.969,286.685,Shake
-1.999,1.528,-1.378,-22.365,-1.671,77.438,Shake
-1.999,1.273,-0.402,124.757,-79.853,-74.086,Shake
-1.999,0.909,0.067,143.325,-76.195,-139.904,Shake
-1.999,0.581,0.183,123.550,-44.739,-276.211,Shake
-1.489,0.473,0.424,131.679,-57.549,-286.685,Shake
-0.447,0.485,0.480,142.669,-66.614,-286.685,Shake
0.318,0.482,0.670,194.014,-29.041,-286.685,Shake
1.263,0.041,1.719,253.094,135.179,-286.685,Shake
1.946,-1.355,1.999,58.686,228.113,-282.747,Shake
1.999,-1.487,1.058,-180.163,-1.776,-42.551,Shake
1.975,-1.113,0.431,-187.521,-61.145,144.602,Shake
1.106,-0.625,0.691,-145.049,-115.938,286.685,Shake
0.758,0.094,0.930,-198.791,-197.312,286.685,Shake
0.021,1.763,1.097,-264.950,-211.111,286.685,Shake
-1.999,1.860,-0.846,-215.635,-100.048,286.685,Shake
-1.999,1.482,-1.188,-82.294,-5.495,281.566,Shake
-1.999,1.341,-0.538,34.580,-69.755,91.044,Shake
-1.999,1.141,-0.455,84.411,-53.287,-89.162,Shake
-1.999,0.882,-0.024,149.651,-7.569,-272.720,Shake
-1.907,0.717,0.488,179.769,10.876,-286.685,Shake
-1.258,0.571,0.891,191.214,29.575,-286.685,Shake
-0.135,0.539,1.178,226.992,-12.425,-286.685,Shake
0.999,-0.109,1.999,198.485,45.045,-286.685,Shake
1.328,-0.635,1.937,65.406,85.479,-286.685,Shake
1.769,-1.013,1.278,-56.411,146.379,-245.665,Shake
1.869,-1.290,1.069,-109.384,147.009,-43.452,Shake
1.520,-1.184,0.741,-181.501,30.511,146.930,Shake
1.263,-0.899,0.576,-218.164,-47.241,261.546,Shake
0.943,-0.072,0.496,-276.124,-116.270,286.685,Shake
0.357,1.603,0.682,-286.685,-124.941,286.685,Shake
-1.974,1.998,-0.976,-286.685,-110.162,286.685,Shake
-1.999,1.426,-1.746,-57.794,-105.446,241.334,Shake
-1.999,1.313,-1.148,107.459,-83.213,-15.304,Shake
-1.999,1.043,-0.457,142.660,-106.234,-130.830,Shake
-1.999,0.644,0.022,166.023,-127.908,-250.390,Shake
-1.742,0.407,0.494,185.754,-86.301,-286.685,Shake
-0.849,0.397,1.038,252.394,-45.395,-286.685,Shake
-0.008,0.210,1.891,283.946,44.231,-286.685,Shake
0.729,-0.749,1.999,172.384,149.450,-286.685,Shake
1.300,-1.096,1.975,-78.435,158.095,-281.260,Shake
1.554,-1.213,1.189,-181.326,96.066,-108.771,Shake
1.401,-1.168,0.891,-255.570,48.930,69.808,Shake
1.091,-0.777,0.465,-285.670,-10.719,174.151,Shake
0.867,-0.102,0.153,-286.685,-63.525,286.641,Shake
0.590,1.049,0.414,-286.685,-77.613,286.685,Shake
-0.082,1.975,0.094,-286.685,-105.324,286.685,Shake
-1.802,1.998,-1.983,-281.269,-137.725,286.685,Shake
-1.999,1.859,-1.994,16.730,-79.039,243.766,Shake
-1.999,1.581,-1.253,170.739,-90.869,-30.319,Shake
-1.845,1.226,-0.531,244.046,-182.009,-226.021,Shake
-1.897,0.839,0.226,286.685,-161.166,-286.685,Shake
-1.771,0.832,0.679,286.685,-133.490,-286.685,Shake
-0.710,0.873,1.645,286.685,-184.634,-286.685,Shake
1.144,-0.352,1.999,259.420,-92.277,-286.685,Shake
1.961,-1.193,1.999,-74.366,50.278,-286.685,Shake
1.986,-1.371,1.182,-183.820,163.879,-73.360,Shake
1.483,-1.276,1.066,-217.735,140.280,86.293,Shake
0.844,-0.768,0.620,-286.685,-0.455,203.140,Shake
0.751,-0.009,0.303,-286.685,-104.169,286.580,Shake
0.391,1.282,0.360,-286.685,-186.340,286.685,Shake
-0.829,1.998,-0.473,-286.685,-215.189,286.685,Shake
-1.999,1.857,-1.998,-162.470,-164.780,286.685,Shake
-1.999,1.546,-1.573,67.016,5.250,87.552,Shake
-1.999,1.292,-0.830,168.822,-122.238,-144.340,Shake
-1.999,0.907,-0.253,216.904,-159.416,-285.267,Shake
-1.787,0.771,0.386,259.709,-107.441,-286.685,Shake
-0.867,0.906,0.968,286.685,-113.059,-286.685,Shake
0.090,0.846,1.643,286.685,-93.503,-286.685,Shake
1.108,-0.260,1.999,236.985,148.916,-286.685,Shake
1.736,-0.805,1.999,40.906,230.982,-286.650,Shake
1.999,-1.149,1.980,-97.003,247.485,-154.175,Shake
1.998,-1.260,1.765,-148.461,180.443,-21.236,Shake
1.473,-0.996,1.171,-223.956,81.673,133.884,Shake
0.845,-0.500,0.807,-269.474,11.988,228.795,Shake
0.349,-0.155,0.536,-286.685,-66.238,286.335,Shake
0.103,0.046,0.512,-286.685,-108.710,286.685,Shake
-0.547,0.929,0.326,-286.685,-74.130,286.685,Shake
-1.404,1.753,-1.634,-286.685,-18.279,286.685,Shake
-1.999,1.678,-1.998,-92.067,-23.520,283.272,Shake
-1.999,1.263,-1.686,71.286,40.574,-43.803,Shake
-1.999,1.062,-1.354,107.914,-121.485,-241.430,Shake
-1.806,0.787,-0.817,164.894,-258.204,-286.685,Shake
-1.356,0.761,-0.227,210.989,-118.353,-286.685,Shake
-0.518,0.875,0.218,256.830,-73.334,-286.685,Shake
0.477,0.807,0.912,286.685,-15.592,-286.685,Shake
0.925,0.227,1.794,286.685,139.475,-286.685,Shake
1.184,-0.624,1.999,188.974,243.661,-286.580,Shake
1.986,-0.773,1.901,-1.916,107.503,-213.762,Shake
1.999,-0.908,1.536,-41.676,20.116,-43.050,Shake
1.999,-1.043,1.544,-55.388,-14.892,74.410,Shake
1.724,-0.924,1.394,-125.379,-99.286,230.247,Shake
1.374,-0.480,1.105,-190.768,-159.241,286.685,Shake
0.951,0.223,0.974,-227.885,-181.580,286.685,Shake
0.664,0.875,1.012,-276.237,-181.598,286.685,Shake
-0.207,1.998,1.542,-286.685,-183.312,286.685,Shake
-1.999,1.998,-0.437,-277.165,-24.290,286.685,Shake
-1.999,1.812,-1.465,-104.659,207.270,273.420,Shake
-1.999,1.757,-0.579,22.496,36.278,87.299,Shake
-1.999,1.570,-0.794,1.663,-47.897,-151.209,Shake
-1.999,1.460,-0.952,38.281,-69.764,-283.342,Shake
-1.549,1.317,-0.494,151.357,-60.655,-286.685,Shake
-0.920,1.325,0.157,242.077,28.823,-286.685,Shake
-0.306,1.423,0.711,286.685,112.936,-286.685,Shake
0.331,1.232,1.059,286.685,151.051,-286.685,Shake
0.839,0.385,1.835,286.685,231.490,-286.685,Shake
1.206,-0.527,1.999,256.427,212.581,-286.685,Shake
1.779,-1.058,1.999,121.905,94.675,-218.680,Shake
1.999,-1.124,1.999,37.441,54.731,-75.390,Shake
1.958,-1.081,1.999,-67.366,10.833,33.845,Shake
1.645,-0.779,1.851,-171.246,-30.109,174.221,Shake
1.472,-0.446,1.492,-248.876,-114.441,286.221,Shake
1.161,0.155,1.243,-286.685,-148.199,286.685,Shake
0.893,0.664,1.212,-286.685,-168.586,286.685,Shake
0.506,1.829,1.518,-286.685,-209.921,286.685,Shake
-1.502,1.998,0.480,-286.685,-182.796,286.685,Shake
-1.556,1.998,-0.021,-286.685,-166.390,286.685,Shake
-1.978,1.998,-0.345,-238.298,-217.989,286.685,Shake
-1.999,1.998,-0.888,-122.631,-106.155,255.054,Shake
-1.999,1.998,-0.624,80.868,-96.058,-79.170,Shake
-1.999,1.708,0.194,215.250,-95.410,-285.810,Shake
-1.698,1.335,1.035,247.091,3.132,-286.685,Shake
-1.310,1.194,1.357,213.561,18.156,-286.685,Shake
-0.398,1.092,1.358,159.197,-14.420,-286.685,Shake
0.773,1.056,1.271,124.215,20.676,-286.685,Shake
1.538,0.583,1.832,112.866,220.999,-286.685,Shake
1.790,0.017,1.919,26.784,286.685,-286.685,Shake
1.999,-0.796,1.505,-35.368,254.975,-286.685,Shake
1.999,-1.229,0.769,-91.989,37.441,-105.525,Shake
1.999,-0.927,0.762,-88.725,-78.216,143.719,Shake
1.869,-0.644,0.916,-101.622,-170.083,285.066,Shake
1.482,-0.246,1.059,-122.929,-235.734,286.685,Shake
1.330,0.451,1.109,-159.819,-275.240,286.685,Shake
0.910,1.686,1.357,-187.434,-259.691,286.685,Shake
-1.287,1.998,1.178,-185.273,-183.234,286.685,Shake
-1.999,1.731,0.240,-165.060,-66.588,286.685,Shake
-1.271,1.938,0.515,-141.829,-109.253,286.685,Shake
-1.999,1.998,0.246,-81.961,-88.113,286.685,Shake
-1.999,1.998,-0.438,-37.126,3.019,27.081,Shake
-1.999,1.997,0.147,83.107,-72.695,-256.323,Shake
-1.999,1.853,0.541,125.405,-17.010,-286.685,Shake
-1.972,1.657,0.878,157.745,93.747,-286.685,Shake
-1.408,1.739,1.317,165.786,154.945,-286.685,Shake
-0.179,1.863,1.462,138.425,112.070,-286.685,Shake
0.825,1.699,1.249,125.755,13.606,-286.685,Shake
1.679,1.090,1.076,128.879,102.174,-286.685,Shake
1.827,0.465,1.671,142.494,286.685,-286.685,Shake
1.999,-0.299,1.911,79.879,286.685,-286.685,Shake
1.999,-0.741,1.456,9.861,102.060,-191.223,Shake
1.999,-0.853,1.150,-22.181,9.879,-30.301,Shake
1.999,-0.634,1.296,-41.860,-64.033,149.004,Shake
1.992,-0.354,1.317,-90.527,-101.176,276.876,Shake
1.880,-0.113,1.384,-121.284,-150.167,286.685,Shake
1.505,0.484,1.417,-171.509,-186.410,286.685,Shake
1.226,1.314,1.607,-217.306,-222.232,286.685,Shake
0.544,1.998,1.991,-261.809,-217.306,286.685,Shake
-1.832,1.998,0.501,-267.522,-73.938,286.685,Shake
-1.902,1.998,0.595,-225.050,-36.838,286.685,Shake
-1.999,1.998,0.330,-204.803,-76.808,286.685,Shake
-1.999,1.998,-0.139,-140.367,-34.020,212.686,Shake
-1.999,1.998,-0.343,-30.721,-47.215,-32.401,Shake
-1.999,1.998,-0.108,69.247,-8.908,-236.617,Shake
-1.999,1.998,0.178,116.795,17.824,-286.685,Shake
-1.758,1.984,0.596,177.695,81.051,-286.685,Shake
-0.992,1.997,1.129,214.314,153.510,-286.685,Shake
-0.454,1.945,1.445,217.271,125.895,-286.685,Shake
0.663,1.702,1.381,196.700,77.131,-286.685,Shake
1.474,0.902,1.255,180.932,73.868,-286.685,Shake
1.437,0.277,1.513,155.479,241.762,-286.685,Shake
1.732,-0.083,1.642,93.327,263.900,-286.685,Shake
1.995,-0.305,1.597,63.735,180.714,-286.685,Shake
1.999,-0.667,1.494,12.495,78.243,-208.941,Shake
1.999,-0.761,1.329,-43.785,47.399,-25.288,Shake
1.999,-0.544,1.095,-89.512,8.531,158.314,Shake
1.999,-0.371,1.054,-103.364,-53.217,262.867,Shake
1.871,0.006,1.214,-120.575,-167.370,286.685,Shake
1.512,0.540,1.401,-144.506,-243.504,286.685,Shake
1.139,1.296,1.616,-179.270,-271.478,286.685,Shake
0.891,1.947,1.752,-197.479,-259.656,286.685,Shake
-0.529,1.998,1.207,-196.770,-153.519,286.685,Shake
-1.266,1.998,0.984,-171.027,-96.285,286.685,Shake
-1.983,1.998,0.942,-173.110,-83.501,286.685,Shake
-1.999,1.998,0.585,-170.678,-33.959,286.685,Shake
-1.999,1.998,0.004,-85.059,-8.995,183.356,Shake
-1.999,1.998,-0.013,17.850,20.414,-52.430,Shake
-1.999,1.985,0.158,73.448,11.113,-271.539,Shake
-1.896,1.759,0.425,102.174,10.211,-286.685,Shake
-1.154,1.520,0.799,128.494,38.675,-286.685,Shake
-0.501,1.315,1.046,138.408,95.393,-286.685,Shake
0.166,1.095,0.999,142.660,127.855,-286.685,Shake
0.493,0.873,1.002,157.342,126.543,-286.685,Shake
0.667,0.552,0.999,159.495,182.971,-286.685,Shake
0.937,0.237,1.149,168.866,232.724,-286.685,Shake
1.266,-0.166,1.414,149.083,211.356,-286.685,Shake
1.525,-0.402,1.489,116.760,113.050,-286.685,Shake
1.999,-0.608,1.586,55.991,78.400,-271.836,Shake
1.999,-0.846,1.534,-10.684,72.546,-97.361,Shake
1.999,-0.707,1.307,-76.037,34.388,130.322,Shake
1.994,-0.496,1.191,-104.746,-40.022,285.206,Shake
1.682,-0.175,1.257,-135.327,-102.051,286.685,Shake
1.315,0.323,1.345,-178.553,-157.360,286.685,Shake
0.935,1.205,1.405,-234.938,-97.134,286.685,Shake
-0.252,1.998,1.243,-284.655,41.221,286.685,Shake
-1.012,1.998,0.057,-286.685,152.766,286.685,Shake
-1.674,1.998,0.529,-286.633,67.445,286.685,Shake
-1.999,1.998,-0.116,-286.685,-145.976,286.370,Shake
-1.999,1.998,-0.562,-218.488,-128.144,47.836,Shake
-1.997,1.993,-0.435,-90.186,-127.094,-56.219,Shake
-1.999,1.846,-0.339,-20.965,-60.261,-93.713,Shake
-1.999,1.657,-0.090,48.458,26.337,-271.556,Shake
-1.660,1.502,0.301,100.327,25.567,-286.685,Shake
-1.002,1.321,0.569,148.995,44.686,-286.685,Shake
-0.651,1.199,0.748,173.425,52.202,-286.685,Shake
0.026,1.079,0.834,192.596,70.438,-286.685,Shake
0.577,0.823,1.018,209.816,128.476,-286.685,Shake
0.855,0.366,1.329,219.354,226.765,-286.685,Shake
0.963,-0.029,1.628,196.044,266.061,-286.685,Shake
1.280,-0.366,1.739,113.680,212.275,-286.685,Shake
1.994,-0.735,1.628,39.156,89.696,-258.764,Shake
1.999,-0.942,1.506,-19.705,48.300,-81.183,Shake
1.999,-0.870,1.396,-61.285,34.851,47.022,Shake
1.843,-0.588,1.249,-111.711,-22.339,195.633,Shake
1.455,-0.288,1.069,-145.311,-122.010,286.685,Shake
1.153,0.041,1.117,-155.312,-208.696,286.685,Shake
0.890,0.484,1.247,-167.256,-264.967,286.685,Shake
0.752,0.886,1.381,-176.855,-277.121,286.685,Shake
-0.108,1.526,1.515,-187.819,-236.600,286.685,Shake
-1.126,1.384,1.124,-187.268,-167.641,286.685,Shake
-1.232,1.589,1.004,-178.762,-119.691,286.685,Shake
-1.999,1.973,0.962,-180.652,-75.591,286.685,Shake
-1.999,1.998,0.412,-139.160,-21.359,230.151,Shake
-1.999,1.998,-0.044,-50.365,4.401,58.301,Shake
-1.999,1.913,0.196,53.139,34.213,-132.580,Shake
-1.999,1.603,0.472,86.520,56.805,-283.360,Shake
-1.810,1.502,0.552,114.152,68.731,-286.685,Shake
-1.144,1.455,0.830,144.970,85.505,-286.685,Shake
-0.363,1.390,1.154,164.745,96.801,-286.685,Shake
0.313,1.220,1.069,149.678,113.041,-286.685,Shake
0.712,1.098,0.974,176.785,171.054,-286.685,Shake
1.220,0.670,1.404,231.105,263.891,-286.685,Shake
1.139,-0.128,1.996,223.598,286.685,-286.685,Shake
1.394,-0.481,1.999,91.158,233.415,-286.685,Shake
1.798,-0.632,1.895,0.910,124.285,-255.421,Shake
1.999,-0.808,1.667,-36.094,107.363,-153.090,Shake
1.999,-0.869,1.451,-93.817,57.706,29.382,Shake
1.758,-0.542,1.196,-148.076,-17.876,185.561,Shake
1.489,-0.309,1.183,-168.149,-94.456,286.405,Shake
1.218,-0.018,1.272,-180.889,-150.482,286.685,Shake
1.049,0.382,1.408,-218.531,-222.740,286.685,Shake
0.760,1.241,1.562,-262.141,-217.446,286.685,Shake
-0.283,1.930,1.276,-286.685,-126.271,286.685,Shake
-0.577,1.899,0.787,-252.577,-69.466,286.685,Shake
-1.227,1.909,1.146,-238.131,-106.365,286.685,Shake
-1.999,1.998,0.523,-269.631,-71.304,286.685,Shake
-1.999,1.998,-0.094,-201.609,-35.928,194.504,Shake
-1.999,1.998,0.053,-108.036,-80.588,130.130,Shake
-1.999,1.998,-0.082,-71.304,18.086,23.844,Shake
-1.999,1.998,-0.339,-0.472,46.646,-176.041,Shake
-1.888,1.998,0.132,101.448,10.824,-286.685,Shake
-1.388,1.847,0.689,182.665,56.893,-286.685,Shake
-1.173,1.720,1.019,227.430,121.301,-286.685,Shake
-0.597,1.629,1.384,225.146,117.863,-286.685,Shake
0.242,1.406,1.354,181.160,75.460,-286.685,Shake
0.978,1.075,1.279,154.201,83.213,-286.685,Shake
1.414,0.665,1.268,141.234,126.796,-286.685,Shake
1.606,0.107,1.353,117.320,224.473,-286.685,Shake
1.727,-0.259,1.313,69.431,253.102,-286.685,Shake
1.999,-0.584,1.169,44.100,144.261,-240.275,Shake
1.999,-0.827,1.142,13.501,6.641,-120.829,Shake
1.999,-0.838,1.047,-9.266,-34.475,-15.234,Shake
1.998,-0.637,1.005,-32.007,-57.033,137.217,Shake
1.722,-0.395,1.118,-50.181,-97.519,268.397,Shake
1.553,-0.209,1.227,-76.090,-157.316,286.685,Shake
1.399,0.189,1.359,-94.176,-190.645,286.685,Shake
1.226,0.760,1.512,-118.431,-224.551,286.685,Shake
0.825,1.709,1.647,-159.268,-169.006,286.685,Shake
-0.201,1.998,1.376,-177.844,-58.669,286.685,Shake
-1.153,1.766,0.751,-136.727,-48.860,286.685,Shake
-0.654,1.947,1.273,-126.980,-81.331,286.685,Shake
-1.989,1.998,1.032,-194.101,18.270,286.685,Shake
-1.999,1.998,0.226,-199.544,25.751,272.475,Shake
-1.999,1.998,-0.245,-101.456,-30.030,90.143,Shake
-1.999,1.998,-0.024,22.111,18.900,-150.141,Shake
-1.998,1.998,0.384,72.546,44.966,-286.685,Shake
-1.689,1.926,0.566,109.812,65.249,-286.685,Shake
-1.025,1.782,0.792,149.756,90.116,-286.685,Shake
-0.476,1.651,1.235,192.316,134.041,-286.685,Shake
0.010,1.497,1.316,183.260,156.161,-286.685,Shake
0.334,1.440,1.257,180.084,151.331,-286.685,Shake
0.831,1.197,1.359,186.891,160.414,-286.685,Shake
1.423,0.610,1.527,170.643,199.824,-286.685,Shake
1.840,-0.001,1.486,101.640,219.634,-286.685,Shake
1.999,-0.352,1.282,45.833,143.185,-285.285,Shake
1.999,-0.495,1.276,31.386,79.581,-211.890,Shake
1.999,-0.635,1.350,3.902,24.115,-68.259,Shake
1.999,-0.544,1.290,-45.815,-12.276,81.366,Shake
1.999,-0.340,1.149,-80.482,-59.911,232.794,Shake
1.819,-0.179,1.136,-92.216,-103.723,286.685,Shake
1.608,0.160,1.324,-105.376,-195.309,286.685,Shake
1.429,0.745,1.502,-125.895,-221.156,286.685,Shake
1.100,1.680,1.625,-172.086,-139.379,286.685,Shake
0.476,1.998,1.623,-203.971,-65.004,286.685,Shake
-0.970,1.998,0.546,-214.961,95.848,286.685,Shake
-0.599,1.998,0.118,-148.803,215.303,286.685,Shake
-1.208,1.998,0.335,-197.365,170.144,286.685,Shake
-1.999,1.998,-0.102,-242.533,114.152,286.685,Shake
-1.999,1.998,-0.400,-239.680,0.586,153.554,Shake
-1.705,1.998,-0.778,-194.915,-69.834,-87.412,Shake
-1.999,1.998,-0.762,-45.115,-33.539,-187.898,Shake
-1.999,1.998,-0.206,86.485,4.392,-286.685,Shake
-1.782,1.998,0.194,146.247,-13.939,-286.685,Shake
-1.166,1.998,0.744,214.086,18.060,-286.685,Shake
-0.514,1.919,1.138,237.449,77.236,-286.685,Shake
0.014,1.807,1.276,233.441,101.631,-286.685,Shake
0.455,1.763,1.255,237.116,94.964,-286.685,Shake
1.170,1.301,1.525,231.009,128.459,-286.685,Shake
1.654,0.414,1.580,185.150,185.465,-286.685,Shake
1.804,-0.086,1.463,81.874,217.096,-286.685,Shake
1.998,-0.211,1.387,41.886,180.268,-286.536,Shake
1.999,-0.443,1.349,20.046,106.391,-194.941,Shake
1.999,-0.633,1.376,-13.606,14.184,-33.565,Shake
1.999,-0.451,1.230,-55.055,-62.493,164.098,Shake
1.999,-0.236,1.268,-69.948,-93.966,280.866,Shake
1.999,0.207,1.552,-98.446,-177.371,286.685,Shake
1.999,1.007,1.774,-142.415,-193.856,286.685,Shake
1.813,1.998,1.926,-196.726,-101.859,286.685,Shake
0.687,1.998,1.847,-247.914,-16.914,286.685,Shake
-1.860,1.998,-0.125,-207.961,195.396,286.685,Shake
-0.269,1.998,-0.009,-100.923,286.685,286.685,Shake
-1.594,1.998,-0.164,-209.633,259.061,286.685,Shake
-1.999,1.998,-1.043,-286.685,15.033,229.434,Shake
-1.983,1.998,-1.382,-225.234,-152.495,-83.134,Shake
-1.626,1.998,-1.646,-95.226,-90.107,-87.631,Shake
-1.966,1.998,-1.178,117.565,13.414,-176.365,Shake
-1.747,1.959,-0.113,204.365,-14.578,-286.685,Shake
-1.148,1.784,0.281,212.984,-58.030,-286.685,Shake
-0.834,1.662,0.350,234.596,-60.419,-286.685,Shake
-0.426,1.352,0.692,284.777,-44.660,-286.685,Shake
-0.134,1.040,1.019,286.142,2.039,-286.685,Shake
0.309,0.803,1.317,286.571,41.134,-286.685,Shake
0.845,0.555,1.829,286.519,86.896,-286.685,Shake
1.497,-0.336,1.999,179.069,139.738,-286.685,Shake
1.999,-0.754,1.201,11.795,-5.198,-286.685,Shake
1.918,-0.906,1.097,2.756,-12.477,-148.750,Shake
1.630,-0.770,1.283,-36.111,21.586,-20.615,Shake
1.790,-0.686,1.418,-73.019,-3.605,37.984,Shake
1.999,-0.698,1.390,-139.606,-88.830,202.738,Shake
1.911,-0.066,1.217,-196.070,-114.607,286.685,Shake
1.392,0.877,1.405,-241.124,-127.418,286.685,Shake
0.848,1.870,1.667,-286.221,-125.834,286.685,Shake
-0.585,1.998,0.596,-286.685,17.955,286.685,Shake
-1.300,1.998,-1.992,-210.385,246.068,286.685,Shake
-1.001,1.998,0.027,-91.787,-72.581,286.685,Shake
-1.155,1.998,0.348,-209.256,-286.685,286.685,Shake
-1.999,1.998,-0.749,-239.732,-220.080,245.928,Shake
-1.999,1.998,-0.962,-37.257,-111.484,-41.580,Shake
-1.998,1.998,0.136,168.473,-116.366,-262.036,Shake
-1.818,1.728,0.999,220.027,-76.090,-286.685,Shake
-1.745,1.685,1.252,187.591,12.530,-286.685,Shake
-1.221,1.758,1.210,151.856,55.869,-286.685,Shake
-0.254,1.754,1.140,137.751,38.325,-286.685,Shake
0.567,1.573,0.942,118.116,-7.411,-286.685,Shake
1.163,0.994,0.657,87.955,35.254,-286.685,Shake
1.241,0.534,0.610,97.851,103.705,-286.685,Shake
1.315,0.007,0.811,111.536,195.090,-286.685,Shake
1.867,-0.439,1.076,80.658,193.130,-286.685,Shake
1.999,-0.750,1.397,48.370,104.982,-153.790,Shake
1.999,-0.867,1.557,0.709,20.081,3.141,Shake
1.999,-0.718,1.520,-55.764,-115.211,240.083,Shake
1.999,-0.205,1.636,-102.489,-198.231,286.685,Shake
1.519,0.498,1.754,-166.084,-221.812,286.685,Shake
0.655,1.529,1.999,-237.072,-219.091,286.685,Shake
-0.269,1.961,1.675,-284.471,-161.009,286.685,Shake
-0.327,1.993,0.810,-282.310,-62.493,286.685,Shake
-1.828,1.983,0.839,-232.111,-154.831,286.685,Shake
-1.883,1.750,0.082,-202.466,-59.202,286.685,Shake
-0.531,1.995,-0.137,-157.273,-111.073,265.151,Shake
-0.560,1.998,0.165,-120.277,-149.940,286.685,Shake
-1.999,1.998,-0.463,-53.830,-49.665,286.685,Shake
-1.999,1.998,-0.608,83.134,-69.842,55.064,Shake
-1.629,1.998,0.179,188.886,-159.311,-200.690,Shake
-1.226,1.804,0.551,229.031,-73.684,-286.685,Shake
-1.252,1.630,0.851,258.422,-46.961,-286.685,Shake
-1.050,1.377,1.366,266.735,26.189,-286.685,Shake
-0.518,1.017,1.610,238.613,70.149,-286.685,Shake
-0.073,0.674,1.703,187.714,-17.692,-286.685,Shake
0.169,0.469,1.442,106.173,-31.614,-286.685,Shake
0.553,0.402,1.064,54.049,19.189,-286.685,Shake
1.100,0.557,1.435,91.044,174.379,-286.685,Shake
1.870,-0.020,1.996,63.044,187.827,-286.685,Shake
1.999,-0.786,1.551,-47.521,4.786,-279.878,Shake
1.999,-1.185,0.391,-103.110,-57.627,-51.345,Shake
1.999,-0.662,1.033,-61.320,-147.875,278.101,Shake
1.760,-0.099,1.391,-108.675,-286.221,286.685,Shake
1.632,0.700,1.665,-139.352,-286.685,286.685,Shake
1.444,1.431,1.783,-156.424,-286.685,286.685,Shake
0.631,1.998,1.999,-166.801,-238.079,286.685,Shake
-1.999,1.998,0.292,-181.527,3.168,286.685,Shake
-0.918,1.998,0.985,-148.750,-124.889,286.685,Shake
-1.065,1.998,1.112,-203.298,-230.694,286.685,Shake
-1.999,1.998,0.215,-177.818,-89.390,286.685,Shake
-1.999,1.998,-0.066,-59.631,-51.791,128.389,Shake
-1.999,1.998,0.295,66.710,-62.309,-32.778,Shake
-1.999,1.998,0.561,135.494,19.302,-249.550,Shake
-1.817,1.956,0.845,158.393,16.826,-286.685,Shake
-1.247,1.761,1.317,171.544,50.697,-286.685,Shake
-0.658,1.616,1.504,146.107,79.853,-286.685,Shake
-0.213,1.473,1.474,97.344,99.549,-286.685,Shake
0.317,1.205,1.221,68.836,110.364,-286.685,Shake
0.672,0.982,1.056,79.861,136.386,-286.685,Shake
0.966,0.703,1.247,111.387,218.671,-286.685,Shake
1.200,0.217,1.546,110.171,260.811,-286.685,Shake
1.621,-0.175,1.474,56.018,226.406,-286.685,Shake
1.999,-0.592,0.919,-21.061,194.460,-284.034,Shake
1.999,-0.719,0.839,-7.884,138.268,-128.319,Shake
1.999,-0.731,1.088,-4.935,33.661,17.868,Shake
1.999,-0.721,1.115,-27.011,-50.671,104.571,Shake
1.902,-0.477,1.087,-62.466,-155.881,249.699,Shake
1.526,-0.074,1.202,-88.296,-212.756,286.685,Shake
1.283,0.358,1.334,-113.942,-275.021,286.685,Shake
1.206,0.804,1.452,-132.571,-286.685,286.685,Shake
1.119,1.764,1.568,-165.182,-265.527,286.685,Shake
0.158,1.998,1.453,-185.736,-171.089,286.685,Shake
-1.775,1.998,1.126,-137.585,-154.122,286.685,Shake
-1.343,1.998,1.597,-129.710,-156.861,286.685,Shake
-1.569,1.998,1.566,-183.855,-144.471,286.685,Shake
-1.999,1.998,0.825,-156.546,-22.391,286.046,Shake
-1.999,1.998,0.357,-79.765,4.550,27.239,Shake
-1.999,1.998,0.430,-20.685,-14.840,-183.391,Shake
-1.866,1.851,0.603,19.320,38.307,-265.816,Shake
-1.633,1.538,0.862,65.231,125.116,-286.685,Shake
-1.179,1.449,1.087,98.779,195.055,-286.685,Shake
-0.520,1.400,1.194,115.552,181.947,-286.685,Shake
-0.072,1.323,1.163,105.254,153.895,-286.685,Shake
0.480,1.060,0.927,72.310,145.565,-286.685,Shake
0.795,0.737,0.602,86.826,164.666,-286.685,Shake
0.969,0.391,0.741,160.773,268.922,-286.685,Shake
1.016,0.129,1.120,207.357,286.685,-286.685,Shake
1.164,-0.413,1.741,171.369,270.323,-286.685,Shake
1.924,-0.637,1.498,47.127,102.506,-285.924,Shake
1.999,-0.859,1.460,1.067,29.216,-160.134,Shake
1.999,-0.975,1.437,-24.220,0.455,-2.004,Shake
1.999,-0.719,1.325,-81.900,-97.186,231.569,Shake
1.883,-0.136,1.265,-125.991,-183.033,286.685,Shake
1.400,0.445,1.408,-143.553,-262.666,286.685,Shake
1.242,0.846,1.572,-160.396,-286.685,286.685,Shake
1.013,1.779,1.727,-172.804,-286.580,286.685,Shake
-0.482,1.998,1.222,-184.581,-164.062,286.685,Shake
-1.069,1.813,0.396,-109.436,-43.295,286.685,Shake
-0.702,1.998,0.932,-47.119,-49.219,286.685,Shake
-1.552,1.998,1.186,-78.479,0.096,286.685,Shake
-1.999,1.998,0.391,-158.279,3.640,285.574,Shake
-1.999,1.998,-0.189,-114.441,-93.266,29.811,Shake
-1.999,1.998,-0.183,-8.855,-59.955,-119.481,Shake
-1.999,1.991,0.093,48.318,-11.410,-210.551,Shake
-1.718,1.716,0.558,79.257,-13.422,-286.685,Shake
-1.205,1.595,0.799,108.728,17.570,-286.685,Shake
-0.620,1.430,1.143,143.955,86.503,-286.685,Shake
-0.264,1.243,1.349,156.056,121.599,-286.685,Shake
0.197,0.951,1.390,134.601,111.353,-286.685,Shake
0.517,0.655,1.175,92.164,59.544,-286.685,Shake
0.817,0.443,0.976,61.705,56.770,-286.685,Shake
1.120,0.278,1.000,68.268,120.995,-286.685,Shake
1.386,-0.001,1.395,85.076,278.399,-286.685,Shake
1.684,-0.189,1.664,35.586,280.647,-286.685,Shake
1.999,-0.360,1.501,-29.522,172.515,-286.519,Shake
1.999,-0.809,1.176,-53.506,77.910,-194.486,Shake
1.999,-0.999,1.003,-68.189,-0.604,115.141,Shake
1.999,-0.391,1.229,-107.319,-130.594,286.685,Shake
1.734,0.377,1.357,-149.835,-245.980,286.685,Shake
1.400,0.971,1.498,-177.109,-276.395,286.685,Shake
1.152,1.980,1.657,-195.160,-253.899,286.685,Shake
-0.824,1.998,1.003,-200.025,-108.272,286.685,Shake
-1.999,1.976,-0.847,-14.744,109.436,286.685,Shake
-0.764,1.766,0.229,103.941,133.709,286.685,Shake
-1.031,1.998,0.778,10.054,127.225,286.685,Shake
-1.999,1.998,0.153,-209.554,-47.827,274.129,Shake
-1.999,1.998,-0.552,-231.009,-180.521,-24.220,Shake
-1.999,1.998,-0.450,-86.949,-119.219,-132.799,Shake
-1.999,1.721,0.163,41.046,-11.944,-251.799,Shake
-1.882,1.585,0.521,64.811,-13.685,-286.685,Shake
-1.404,1.439,0.742,70.254,15.496,-286.685,Shake
-0.772,1.405,0.862,91.411,78.330,-286.685,Shake
-0.061,1.277,1.028,114.730,76.632,-286.685,Shake
0.356,1.116,1.001,102.043,59.439,-286.685,Shake
0.765,0.829,0.844,75.425,63.525,-286.685,Shake
1.195,0.476,0.842,78.173,123.410,-286.685,Shake
1.608,0.077,1.148,103.626,239.732,-286.685,Shake
1.830,-0.250,1.461,94.159,286.580,-286.685,Shake
1.999,-0.678,1.524,34.213,196.122,-239.785,Shake
1.999,-0.881,1.338,-22.006,22.872,-115.526,Shake
1.999,-0.787,1.142,-56.998,-46.016,66.640,Shake
1.999,-0.561,1.070,-76.300,-62.772,186.244,Shake
1.676,-0.200,1.149,-90.003,-126.420,286.676,Shake
1.438,0.084,1.229,-105.893,-235.637,286.685,Shake
1.259,0.578,1.390,-119.192,-286.685,286.685,Shake
1.166,1.083,1.535,-134.444,-286.668,286.685,Shake
0.615,1.994,1.700,-161.726,-215.539,286.685,Shake
-0.472,1.998,0.572,-182.464,-54.145,286.685,Shake
-1.274,1.998,0.853,-105.184,-99.365,286.685,Shake
-1.791,1.998,0.927,-89.022,-110.863,286.685,Shake
-1.999,1.998,0.958,-105.726,-6.764,286.685,Shake
-1.999,1.998,0.546,-157.885,-49.394,232.619,Shake
-1.999,1.998,-0.256,-112.473,-54.495,55.930,Shake
-1.999,1.998,-0.504,-27.405,-11.375,-78.872,Shake
-1.953,1.998,0.001,96.530,18.865,-275.581,Shake
-1.315,1.756,0.606,153.834,16.091,-286.685,Shake
-1.051,1.581,0.868,182.018,78.356,-286.685,Shake
-0.840,1.550,1.052,200.489,136.404,-286.685,Shake
-0.397,1.453,1.411,225.575,162.348,-286.685,Shake
0.242,1.187,1.539,211.951,60.305,-286.685,Shake
0.797,0.751,1.324,141.120,-3.929,-286.685,Shake
1.057,0.557,1.158,117.128,61.985,-286.685,Shake
1.195,0.275,1.464,134.006,245.796,-286.685,Shake
1.254,0.043,1.932,116.113,286.685,-286.685,Shake
1.825,-0.247,1.869,30.433,251.335,-286.685,Shake
1.999,-0.573,1.537,-13.764,137.716,-231.122,Shake
1.999,-0.912,1.213,-41.545,46.821,-78.059,Shake
1.999,-0.682,1.198,-74.865,-32.051,123.839,Shake
1.749,-0.365,1.112,-104.755,-131.075,247.170,Shake
1.443,-0.096,1.139,-112.691,-213.824,286.685,Shake
1.307,0.087,1.248,-116.200,-258.930,286.685,Shake
1.042,0.528,1.399,-140.026,-286.685,286.685,Shake
0.848,1.207,1.711,-155.085,-286.685,286.685,Shake
-0.441,1.804,1.952,-162.312,-240.275,286.685,Shake
